file_names,similar_0,similar_1,similar_2,similar_3,similar_4
shor_5.qasm,"{'map': {'0': 16, '1': 48, '2': 22, '3': 46, '4': 24, '5': 40, '6': 18, '7': 42, '8': 44, '9': 50, '10': 14, '12': 26}, 'arch': {'width': 13, 'height': 5, 'alg_qubits': [14, 40, 16, 42, 18, 44, 20, 46, 22, 48, 24, 50], 'magic_states': [1, 3, 5, 7, 9, 11, 25, 51, 63, 61, 59, 57, 55, 53, 13, 39]}, 'gates': [[9], [10], [12], [12, 10], [9, 12], [10, 9], [8], [6], [10], [6, 8], [10, 6], [8, 10], [6], [8, 6], [8], [6], [10], [10, 6], [8, 10], [6, 8], [7], [5], [6], [5, 7], [6, 5], [7, 6], [5], [7, 5], [7], [5], [6], [6, 5], [7, 6], [5, 7], [4], [0], [5], [0, 4], [5, 0], [4, 5], [0], [4, 0], [4], [0], [5], [5, 0], [4, 5], [0, 4], [2], [3], [0], [3, 2], [0, 3], [2, 0], [3], [2, 3], [2], [3], [0], [0, 3], [2, 0], [3, 2], [4], [0], [5], [0, 4], [5, 0], [4, 5], [0], [4, 0], [4], [0], [5], [5, 0], [4, 5], [0, 4], [7], [5], [6], [5, 7], [6, 5]]}","{'map': {'0': 24, '1': 22, '2': 50, '3': 42, '4': 14, '5': 46, '6': 40, '7': 44, '8': 48, '9': 16, '10': 20}, 'arch': {'width': 13, 'height': 5, 'alg_qubits': [14, 40, 16, 42, 18, 44, 20, 46, 22, 48, 24, 50], 'magic_states': [1, 3, 5, 7, 9, 11, 25, 51, 63, 61, 59, 57, 55, 53, 13, 39]}, 'gates': [[10], [5], [4], [4, 5], [10, 4], [5, 10], [9], [4], [3], [4, 9], [3, 4], [9, 3], [4], [9, 4], [9], [4], [3], [3, 4], [9, 3], [4, 9], [8], [3], [2], [3, 8], [2, 3], [8, 2], [3], [8, 3], [8], [3], [2], [2, 3], [8, 2], [3, 8], [7], [2], [1], [2, 7], [1, 2], [7, 1], [2], [7, 2], [7], [2], [1], [1, 2], [7, 1], [2, 7], [6], [1], [0], [1, 6], [0, 1], [6, 0], [1], [6, 1], [6], [1], [0], [0, 1], [6, 0], [1, 6], [7], [2], [1], [2, 7], [1, 2], [7, 1], [2], [7, 2], [7], [2], [1], [1, 2], [7, 1], [2, 7], [8], [3], [2], [3, 8], [2, 3]]}","{'map': {'0': 24, '1': 22, '2': 50, '3': 42, '4': 14, '5': 46, '6': 40, '7': 44, '8': 48, '9': 16, '10': 20}, 'arch': {'width': 13, 'height': 5, 'alg_qubits': [14, 40, 16, 42, 18, 44, 20, 46, 22, 48, 24, 50], 'magic_states': [1, 3, 5, 7, 9, 11, 25, 51, 63, 61, 59, 57, 55, 53, 13, 39]}, 'gates': [[10], [5], [4], [4, 5], [10, 4], [5, 10], [9], [4], [3], [4, 9], [3, 4], [9, 3], [4], [9, 4], [9], [4], [3], [3, 4], [9, 3], [4, 9], [8], [3], [2], [3, 8], [2, 3], [8, 2], [3], [8, 3], [8], [3], [2], [2, 3], [8, 2], [3, 8], [7], [2], [1], [2, 7], [1, 2], [7, 1], [2], [7, 2], [7], [2], [1], [1, 2], [7, 1], [2, 7], [6], [1], [0], [1, 6], [0, 1], [6, 0], [1], [6, 1], [6], [1], [0], [0, 1], [6, 0], [1, 6], [7], [2], [1], [2, 7], [1, 2], [7, 1], [2], [7, 2], [7], [2], [1], [1, 2], [7, 1], [2, 7], [8], [3], [2], [3, 8], [2, 3]]}","{'map': {'0': 18, '1': 50, '2': 22, '3': 46, '4': 16, '5': 20, '6': 40, '7': 44, '8': 14, '9': 42, '10': 24, '12': 26}, 'arch': {'width': 13, 'height': 5, 'alg_qubits': [14, 40, 16, 42, 18, 44, 20, 46, 22, 48, 24, 50], 'magic_states': [1, 3, 5, 7, 9, 11, 25, 51, 63, 61, 59, 57, 55, 53, 13, 39]}, 'gates': [[9], [10], [12], [12, 10], [9, 12], [10, 9], [7], [8], [10], [8, 7], [10, 8], [7, 10], [8], [7, 8], [7], [8], [10], [10, 8], [7, 10], [8, 7], [5], [6], [8], [6, 5], [8, 6], [5, 8], [6], [5, 6], [5], [6], [8], [8, 6], [5, 8], [6, 5], [4], [0], [6], [0, 4], [6, 0], [4, 6], [0], [4, 0], [4], [0], [6], [6, 0], [4, 6], [0, 4], [2], [3], [0], [3, 2], [0, 3], [2, 0], [3], [2, 3], [2], [3], [0], [0, 3], [2, 0], [3, 2], [4], [0], [6], [0, 4], [6, 0], [4, 6], [0], [4, 0], [4], [0], [6], [6, 0], [4, 6], [0, 4], [5], [6], [8], [6, 5], [8, 6]]}","{'map': {'0': 18, '1': 44, '2': 46, '3': 22, '4': 14, '5': 20, '6': 50, '7': 24, '8': 16, '9': 40, '10': 42}, 'arch': {'width': 13, 'height': 5, 'alg_qubits': [14, 40, 16, 42, 18, 44, 20, 46, 22, 48, 24, 50], 'magic_states': [1, 3, 5, 7, 9, 11, 25, 51, 63, 61, 59, 57, 55, 53, 13, 39]}, 'gates': [[5], [4, 5], [4], [5], [7], [7, 5], [4, 7], [5, 4], [6], [3], [5], [3, 6], [5, 3], [6, 5], [3], [6, 3], [6], [3], [5], [5, 3], [6, 5], [3, 6], [9], [8], [3], [8, 9], [3, 8], [9, 3], [8], [9, 8], [9], [8], [3], [3, 8], [9, 3], [8, 9], [6], [3], [5], [3, 6], [5, 3], [6, 5], [3], [6, 3], [6], [3], [5], [5, 3], [6, 5], [3, 6], [4], [5], [7], [5, 4], [7, 5], [4, 7], [5], [4, 5], [4], [5], [7], [7, 5], [4, 7], [5, 4], [2], [7], [10], [7, 2], [10, 7], [2, 10], [7], [2, 7], [2], [7], [10], [10, 7], [2, 10], [7, 2], [1], [10], [0]]}"
autobraid_1.qasm,"{'map': {'0': 10, '1': 34, '2': 30, '3': 28, '4': 16, '5': 32, '6': 12}, 'arch': {'width': 9, 'height': 5, 'alg_qubits': [10, 28, 12, 30, 14, 32, 16, 34], 'magic_states': [1, 3, 5, 7, 17, 35, 43, 41, 39, 37, 9, 27]}, 'gates': [[2], [1], [2, 4], [1, 2], [4, 1], [2], [4, 2], [4], [2], [1], [1, 2], [4, 1], [2, 4], [6], [5], [2], [5, 6], [2, 5], [6, 2], [5], [6, 5], [6], [5], [2], [2, 5], [6, 2], [5, 6], [4], [2], [1], [2, 4], [1, 2], [4, 1], [2], [4, 2], [4], [2], [1], [1, 2], [4, 1], [2, 4], [3], [1], [0], [1, 3], [0, 1], [3, 0], [1], [3, 1], [3], [1], [0], [0, 1], [3, 0], [1, 3], [4], [2], [1], [2, 4], [1, 2], [4, 1], [2], [4, 2], [4], [2], [1], [1, 2], [4, 1], [2, 4], [6], [5], [2], [5, 6], [2, 5], [6, 2], [5], [6, 5], [6], [5], [2], [2, 5]]}","{'map': {'0': 10, '1': 34, '2': 30, '3': 28, '4': 16, '5': 32, '6': 12}, 'arch': {'width': 9, 'height': 5, 'alg_qubits': [10, 28, 12, 30, 14, 32, 16, 34], 'magic_states': [1, 3, 5, 7, 17, 35, 43, 41, 39, 37, 9, 27]}, 'gates': [[2], [1], [2, 4], [1, 2], [4, 1], [2], [4, 2], [4], [2], [1], [1, 2], [4, 1], [2, 4], [6], [5], [2], [5, 6], [2, 5], [6, 2], [5], [6, 5], [6], [5], [2], [2, 5], [6, 2], [5, 6], [4], [2], [1], [2, 4], [1, 2], [4, 1], [2], [4, 2], [4], [2], [1], [1, 2], [4, 1], [2, 4], [3], [1], [0], [1, 3], [0, 1], [3, 0], [1], [3, 1], [3], [1], [0], [0, 1], [3, 0], [1, 3], [4], [2], [1], [2, 4], [1, 2], [4, 1], [2], [4, 2], [4], [2], [1], [1, 2], [4, 1], [2, 4], [6], [5], [2], [5, 6], [2, 5], [6, 2], [5], [6, 5], [6], [5], [2], [2, 5]]}","{'map': {'0': 12, '1': 10, '2': 28, '3': 30, '4': 34, '5': 14, '6': 32}, 'arch': {'width': 9, 'height': 5, 'alg_qubits': [10, 28, 12, 30, 14, 32, 16, 34], 'magic_states': [1, 3, 5, 7, 17, 35, 43, 41, 39, 37, 9, 27]}, 'gates': [[1, 2], [3], [1], [0], [1, 3], [0, 1], [3, 0], [1], [3, 1], [3], [1], [0], [0, 1], [3, 0], [1, 3], [4], [2], [1], [2, 4], [1, 2], [4, 1], [2], [4, 2], [4], [2], [1], [1, 2], [4, 1], [2, 4], [6], [5], [2], [5, 6], [2, 5], [6, 2], [5], [6, 5], [6], [5], [2], [2, 5], [6, 2], [5, 6], [4], [2], [1], [2, 4], [1, 2], [4, 1], [2], [4, 2], [4], [2], [1], [1, 2], [4, 1], [2, 4], [3], [1], [0], [1, 3], [0, 1], [3, 0], [1], [3, 1], [3], [1], [0], [0, 1], [3, 0], [1, 3], [4], [2], [1], [2, 4], [1, 2], [4, 1], [2], [4, 2], [4], [2]]}","{'map': {'0': 16, '1': 12, '2': 30, '3': 14, '4': 32, '5': 28, '6': 10, '7': 34}, 'arch': {'width': 9, 'height': 5, 'alg_qubits': [10, 28, 12, 30, 14, 32, 16, 34], 'magic_states': [1, 3, 5, 7, 17, 35, 43, 41, 39, 37, 9, 27]}, 'gates': [[2, 4], [3], [1], [0], [1, 3], [0, 1], [3, 0], [1], [3, 1], [3], [1], [0], [0, 1], [3, 0], [1, 3], [4], [2], [1], [2, 4], [1, 2], [4, 1], [2], [4, 2], [4], [2], [1], [1, 2], [4, 1], [2, 4], [6], [5], [2], [5, 6], [2, 5], [6, 2], [5], [6, 5], [6], [5], [2], [2, 5], [6, 2], [5, 6], [4], [2], [1], [2, 4], [1, 2], [4, 1], [2], [4, 2], [4], [2], [1], [1, 2], [4, 1], [2, 4], [0], [3], [7], [3, 0], [7, 3], [0, 7], [3], [0, 3], [0], [3], [7], [7, 3], [0, 7], [3, 0], [2], [1], [3], [1, 2], [3, 1], [2, 3], [1], [2, 1], [2], [1]]}","{'map': {'0': 16, '1': 12, '2': 30, '3': 14, '4': 32, '5': 28, '6': 10, '7': 34}, 'arch': {'width': 9, 'height': 5, 'alg_qubits': [10, 28, 12, 30, 14, 32, 16, 34], 'magic_states': [1, 3, 5, 7, 17, 35, 43, 41, 39, 37, 9, 27]}, 'gates': [[2, 4], [3], [1], [0], [1, 3], [0, 1], [3, 0], [1], [3, 1], [3], [1], [0], [0, 1], [3, 0], [1, 3], [4], [2], [1], [2, 4], [1, 2], [4, 1], [2], [4, 2], [4], [2], [1], [1, 2], [4, 1], [2, 4], [6], [5], [2], [5, 6], [2, 5], [6, 2], [5], [6, 5], [6], [5], [2], [2, 5], [6, 2], [5, 6], [4], [2], [1], [2, 4], [1, 2], [4, 1], [2], [4, 2], [4], [2], [1], [1, 2], [4, 1], [2, 4], [0], [3], [7], [3, 0], [7, 3], [0, 7], [3], [0, 3], [0], [3], [7], [7, 3], [0, 7], [3, 0], [2], [1], [3], [1, 2], [3, 1], [2, 3], [1], [2, 1], [2], [1]]}"
jku_suite_51.qasm,"{'map': {'0': 14, '1': 30, '2': 34, '3': 16, '4': 10, '5': 28, '6': 12, '7': 32}, 'arch': {'width': 9, 'height': 5, 'alg_qubits': [10, 28, 12, 30, 14, 32, 16, 34], 'magic_states': [1, 3, 5, 7, 17, 35, 43, 41, 39, 37, 9, 27]}, 'gates': [[0, 2], [1, 5], [0, 2], [1, 5], [2, 3], [0, 6], [1, 7], [4, 5], [2, 3], [0, 6], [1, 7], [4, 5], [3, 7], [4, 6], [1, 5], [0, 2], [3, 7], [4, 6], [1, 5], [0, 2], [4, 5], [2, 3], [0, 6], [1, 7], [4, 5], [2, 3], [0, 6], [1, 7], [4, 6], [3, 7], [4, 6], [3, 7]]}","{'map': {'0': 14, '1': 34, '2': 10, '3': 32, '4': 30, '5': 12, '6': 28, '7': 16}, 'arch': {'width': 9, 'height': 5, 'alg_qubits': [10, 28, 12, 30, 14, 32, 16, 34], 'magic_states': [1, 3, 5, 7, 17, 35, 43, 41, 39, 37, 9, 27]}, 'gates': [[0, 1], [5], [0, 5], [0], [5], [1], [1, 5], [0, 1], [5, 0], [2], [6], [5], [6, 2], [5, 6], [2, 5], [6], [2, 6], [2], [6], [5], [5, 6], [2, 5], [6, 2], [4], [3], [6], [3, 4], [6, 3], [4, 6], [3], [4, 3], [4], [3], [6], [6, 3], [4, 6], [3, 4], [2], [6], [5], [6, 2], [5, 6], [2, 5], [6], [2, 6], [2], [6], [5], [5, 6], [2, 5], [6, 2], [4], [1], [0], [1, 4], [0, 1], [4, 0], [1], [4, 1], [4], [1], [0], [0, 1], [4, 0], [1, 4], [5], [2], [1], [2, 5], [1, 2], [5, 1], [2], [5, 2], [5], [2], [1], [1, 2], [5, 1], [2, 5], [7], [6]]}","{'map': {'0': 32, '1': 34, '2': 10, '3': 16, '4': 12, '5': 30, '6': 28, '7': 14}, 'arch': {'width': 9, 'height': 5, 'alg_qubits': [10, 28, 12, 30, 14, 32, 16, 34], 'magic_states': [1, 3, 5, 7, 17, 35, 43, 41, 39, 37, 9, 27]}, 'gates': [[6, 2], [4], [3], [6], [3, 4], [6, 3], [4, 6], [3], [4, 3], [4], [3], [6], [6, 3], [4, 6], [3, 4], [2], [6], [5], [6, 2], [5, 6], [2, 5], [6], [2, 6], [2], [6], [5], [5, 6], [2, 5], [6, 2], [4], [1], [0], [1, 4], [0, 1], [4, 0], [1], [4, 1], [4], [1], [0], [0, 1], [4, 0], [1, 4], [5], [2], [1], [2, 5], [1, 2], [5, 1], [2], [5, 2], [5], [2], [1], [1, 2], [5, 1], [2, 5], [7], [6], [2], [6, 7], [2, 6], [7, 2], [6], [7, 6], [7], [6], [2], [2, 6], [7, 2], [6, 7], [5], [2], [1], [2, 5], [1, 2], [5, 1], [2], [5, 2], [5], [2]]}","{'map': {'0': 10, '1': 32, '2': 34, '3': 12, '4': 30, '5': 16, '6': 28}, 'arch': {'width': 9, 'height': 5, 'alg_qubits': [10, 28, 12, 30, 14, 32, 16, 34], 'magic_states': [1, 3, 5, 7, 17, 35, 43, 41, 39, 37, 9, 27]}, 'gates': [[3], [1], [6], [6, 1], [3, 6], [1, 3], [5], [0], [1], [0, 5], [1, 0], [5, 1], [0], [5, 0], [5], [0], [1], [1, 0], [5, 1], [0, 5], [2], [4], [0], [4, 2], [0, 4], [2, 0], [4], [2, 4], [2], [4], [0], [0, 4], [2, 0], [4, 2], [5], [0], [1], [0, 5], [1, 0], [5, 1], [0], [5, 0], [5], [0], [1], [1, 0], [5, 1], [0, 5], [5], [3], [6], [3, 5], [6, 3], [5, 6], [3], [5, 3], [5], [3], [6], [6, 3], [5, 6], [3, 5], [4], [0], [3], [0, 4], [3, 0], [4, 3], [0], [4, 0], [4], [0], [3], [3, 0], [4, 3], [0, 4], [1], [2], [0], [2, 1], [0, 2]]}","{'map': {'0': 16, '1': 34, '2': 30, '3': 12, '4': 14, '5': 32, '6': 10, '7': 28}, 'arch': {'width': 9, 'height': 5, 'alg_qubits': [10, 28, 12, 30, 14, 32, 16, 34], 'magic_states': [1, 3, 5, 7, 17, 35, 43, 41, 39, 37, 9, 27]}, 'gates': [[5], [3], [3, 5], [0, 3], [5, 0], [0], [5], [1], [5, 0], [1, 5], [0, 1], [5], [0, 5], [0], [5], [1], [1, 5], [0, 1], [5, 0], [1], [3], [5], [3, 1], [5, 3], [1, 5], [3], [1, 3], [1], [3], [5], [5, 3], [1, 5], [3, 1], [1], [3], [0], [3, 1], [0, 3], [1, 0], [3], [1, 3], [1], [3], [0], [0, 3], [1, 0], [3, 1], [7], [6], [4], [6, 7], [4, 6], [7, 4], [6], [7, 6], [7], [6], [4], [4, 6], [7, 4], [6, 7], [7], [6], [2], [6, 7], [2, 6], [7, 2], [6], [7, 6], [7], [6], [2], [2, 6], [7, 2], [6, 7], [2], [4], [6], [4, 2], [6, 4], [2, 6]]}"
autobraid_31.qasm,"{'map': {'0': 40, '1': 24, '2': 22, '3': 18, '4': 44, '5': 48, '6': 42, '7': 14, '8': 20, '9': 50, '10': 16}, 'arch': {'width': 13, 'height': 5, 'alg_qubits': [14, 40, 16, 42, 18, 44, 20, 46, 22, 48, 24, 50], 'magic_states': [1, 3, 5, 7, 9, 11, 25, 51, 63, 61, 59, 57, 55, 53, 13, 39]}, 'gates': [[5, 10], [9], [4], [3], [4, 9], [3, 4], [9, 3], [4], [9, 4], [9], [4], [3], [3, 4], [9, 3], [4, 9], [8], [3], [2], [3, 8], [2, 3], [8, 2], [3], [8, 3], [8], [3], [2], [2, 3], [8, 2], [3, 8], [7], [2], [1], [2, 7], [1, 2], [7, 1], [2], [7, 2], [7], [2], [1], [1, 2], [7, 1], [2, 7], [6], [1], [0], [1, 6], [0, 1], [6, 0], [1], [6, 1], [6], [1], [0], [0, 1], [6, 0], [1, 6], [7], [2], [1], [2, 7], [1, 2], [7, 1], [2], [7, 2], [7], [2], [1], [1, 2], [7, 1], [2, 7], [8], [3], [2], [3, 8], [2, 3], [8, 2], [3], [8, 3], [8], [3]]}","{'map': {'0': 40, '1': 24, '2': 22, '3': 18, '4': 44, '5': 48, '6': 42, '7': 14, '8': 20, '9': 50, '10': 16}, 'arch': {'width': 13, 'height': 5, 'alg_qubits': [14, 40, 16, 42, 18, 44, 20, 46, 22, 48, 24, 50], 'magic_states': [1, 3, 5, 7, 9, 11, 25, 51, 63, 61, 59, 57, 55, 53, 13, 39]}, 'gates': [[5, 10], [9], [4], [3], [4, 9], [3, 4], [9, 3], [4], [9, 4], [9], [4], [3], [3, 4], [9, 3], [4, 9], [8], [3], [2], [3, 8], [2, 3], [8, 2], [3], [8, 3], [8], [3], [2], [2, 3], [8, 2], [3, 8], [7], [2], [1], [2, 7], [1, 2], [7, 1], [2], [7, 2], [7], [2], [1], [1, 2], [7, 1], [2, 7], [6], [1], [0], [1, 6], [0, 1], [6, 0], [1], [6, 1], [6], [1], [0], [0, 1], [6, 0], [1, 6], [7], [2], [1], [2, 7], [1, 2], [7, 1], [2], [7, 2], [7], [2], [1], [1, 2], [7, 1], [2, 7], [8], [3], [2], [3, 8], [2, 3], [8, 2], [3], [8, 3], [8], [3]]}","{'map': {'0': 44, '1': 50, '2': 40, '3': 18, '4': 14, '5': 24, '6': 46, '7': 48, '8': 42, '9': 16, '10': 22}, 'arch': {'width': 13, 'height': 5, 'alg_qubits': [14, 40, 16, 42, 18, 44, 20, 46, 22, 48, 24, 50], 'magic_states': [1, 3, 5, 7, 9, 11, 25, 51, 63, 61, 59, 57, 55, 53, 13, 39]}, 'gates': [[10, 6], [5, 10], [6, 5], [4], [7], [6], [7, 4], [6, 7], [4, 6], [7], [4, 7], [4], [7], [6], [6, 7], [4, 6], [7, 4], [3], [8], [7], [8, 3], [7, 8], [3, 7], [8], [3, 8], [3], [8], [7], [7, 8], [3, 7], [8, 3], [2], [9], [8], [9, 2], [8, 9], [2, 8], [9], [2, 9], [2], [9], [8], [8, 9], [2, 8], [9, 2], [0], [1], [9], [1, 0], [9, 1], [0, 9], [1], [0, 1], [0], [1], [9], [9, 1], [0, 9], [1, 0], [2], [9], [8], [9, 2], [8, 9], [2, 8], [9], [2, 9], [2], [9], [8], [8, 9], [2, 8], [9, 2], [3], [8], [7], [8, 3], [7, 8], [3, 7], [8], [3, 8]]}","{'map': {'0': 18, '1': 50, '2': 22, '3': 46, '4': 16, '5': 20, '6': 40, '7': 44, '8': 14, '9': 42, '10': 24, '12': 26}, 'arch': {'width': 13, 'height': 5, 'alg_qubits': [14, 40, 16, 42, 18, 44, 20, 46, 22, 48, 24, 50], 'magic_states': [1, 3, 5, 7, 9, 11, 25, 51, 63, 61, 59, 57, 55, 53, 13, 39]}, 'gates': [[9], [10], [12], [12, 10], [9, 12], [10, 9], [7], [8], [10], [8, 7], [10, 8], [7, 10], [8], [7, 8], [7], [8], [10], [10, 8], [7, 10], [8, 7], [5], [6], [8], [6, 5], [8, 6], [5, 8], [6], [5, 6], [5], [6], [8], [8, 6], [5, 8], [6, 5], [4], [0], [6], [0, 4], [6, 0], [4, 6], [0], [4, 0], [4], [0], [6], [6, 0], [4, 6], [0, 4], [2], [3], [0], [3, 2], [0, 3], [2, 0], [3], [2, 3], [2], [3], [0], [0, 3], [2, 0], [3, 2], [4], [0], [6], [0, 4], [6, 0], [4, 6], [0], [4, 0], [4], [0], [6], [6, 0], [4, 6], [0, 4], [5], [6], [8], [6, 5], [8, 6]]}","{'map': {'0': 22, '1': 20, '2': 40, '3': 18, '4': 16, '5': 42, '6': 48, '7': 44, '8': 46, '9': 14, '10': 50}, 'arch': {'width': 13, 'height': 5, 'alg_qubits': [14, 40, 16, 42, 18, 44, 20, 46, 22, 48, 24, 50], 'magic_states': [1, 3, 5, 7, 9, 11, 25, 51, 63, 61, 59, 57, 55, 53, 13, 39]}, 'gates': [[8, 9], [7], [4], [5], [4, 7], [5, 4], [7, 5], [4], [7, 4], [7], [4], [5], [5, 4], [7, 5], [4, 7], [10], [9], [0], [9, 10], [0, 9], [10, 0], [9], [10, 9], [10], [9], [0], [0, 9], [10, 0], [9, 10], [1], [8], [9], [8, 1], [9, 8], [1, 9], [8], [1, 8], [1], [8], [9], [9, 8], [1, 9], [8, 1], [2], [7], [8], [7, 2], [8, 7], [2, 8], [7], [2, 7], [2], [7], [8], [8, 7], [2, 8], [7, 2], [3], [6], [7], [6, 3], [7, 6], [3, 7], [6], [3, 6], [3], [6], [7], [7, 6], [3, 7], [6, 3], [5], [4], [6], [4, 5], [6, 4], [5, 6], [4], [5, 4], [5], [4]]}"
autobraid_45.qasm,"{'map': {'0': 34, '1': 20, '2': 18, '3': 12, '4': 16, '5': 42, '6': 38, '7': 40, '8': 14}, 'arch': {'width': 11, 'height': 5, 'alg_qubits': [12, 34, 14, 36, 16, 38, 18, 40, 20, 42], 'magic_states': [1, 3, 5, 7, 9, 21, 43, 53, 51, 49, 47, 45, 11, 33]}, 'gates': [[4, 3], [4], [3], [6], [6, 3], [4, 6], [3, 4], [2], [6], [5], [6, 2], [5, 6], [2, 5], [6], [2, 6], [2], [6], [5], [5, 6], [2, 5], [6, 2], [5], [1], [0], [1, 5], [0, 1], [5, 0], [1], [5, 1], [5], [1], [0], [0, 1], [5, 0], [1, 5], [6], [2], [1], [2, 6], [1, 2], [6, 1], [2], [6, 2], [6], [2], [1], [1, 2], [6, 1], [2, 6], [8], [7], [2], [7, 8], [2, 7], [8, 2], [7], [8, 7], [8], [7], [2], [2, 7], [8, 2], [7, 8], [6], [2], [1], [2, 6], [1, 2], [6, 1], [2], [6, 2], [6], [2], [1], [1, 2], [6, 1], [2, 6], [5], [1], [0], [1, 5]]}","{'map': {'0': 18, '1': 40, '2': 42, '3': 20, '4': 34, '5': 36, '6': 12, '7': 16, '8': 14}, 'arch': {'width': 11, 'height': 5, 'alg_qubits': [12, 34, 14, 36, 16, 38, 18, 40, 20, 42], 'magic_states': [1, 3, 5, 7, 9, 21, 43, 53, 51, 49, 47, 45, 11, 33]}, 'gates': [[3], [6, 2], [3, 6], [2, 3], [6], [2, 6], [2], [6], [3], [3, 6], [2, 3], [6, 2], [2], [6], [4], [6, 2], [4, 6], [2, 4], [6], [2, 6], [2], [6], [4], [4, 6], [2, 4], [6, 2], [2], [6], [5], [6, 2], [5, 6], [2, 5], [6], [2, 6], [2], [6], [5], [5, 6], [2, 5], [6, 2], [5], [1], [0], [1, 5], [0, 1], [5, 0], [1], [5, 1], [5], [1], [0], [0, 1], [5, 0], [1, 5], [6], [2], [1], [2, 6], [1, 2], [6, 1], [2], [6, 2], [6], [2], [1], [1, 2], [6, 1], [2, 6], [8], [7], [2], [7, 8], [2, 7], [8, 2], [7], [8, 7], [8], [7], [2], [2, 7], [8, 2]]}","{'map': {'0': 12, '1': 40, '2': 42, '3': 38, '4': 34, '5': 20, '6': 14, '7': 36, '8': 16}, 'arch': {'width': 11, 'height': 5, 'alg_qubits': [12, 34, 14, 36, 16, 38, 18, 40, 20, 42], 'magic_states': [1, 3, 5, 7, 9, 21, 43, 53, 51, 49, 47, 45, 11, 33]}, 'gates': [[2, 7], [8, 2], [7], [8, 7], [8], [7], [2], [2, 7], [8, 2], [7, 8], [6], [2], [1], [2, 6], [1, 2], [6, 1], [2], [6, 2], [6], [2], [1], [1, 2], [6, 1], [2, 6], [0], [5], [1], [5, 0], [1, 5], [0, 1], [5], [0, 5], [0], [5], [1], [1, 5], [0, 1], [5, 0], [2], [6], [5], [6, 2], [5, 6], [2, 5], [6], [2, 6], [2], [6], [5], [5, 6], [2, 5], [6, 2], [4], [3], [6], [3, 4], [6, 3], [4, 6], [3], [4, 3], [4], [3], [6], [6, 3], [4, 6], [3, 4], [2], [6], [5], [6, 2], [5, 6], [2, 5], [6], [2, 6], [2], [6], [5], [5, 6], [2, 5], [6, 2], [0]]}","{'map': {'0': 40, '1': 14, '2': 36, '3': 38, '4': 34, '5': 12, '6': 16, '7': 42, '8': 20}, 'arch': {'width': 11, 'height': 5, 'alg_qubits': [12, 34, 14, 36, 16, 38, 18, 40, 20, 42], 'magic_states': [1, 3, 5, 7, 9, 21, 43, 53, 51, 49, 47, 45, 11, 33]}, 'gates': [[2], [7, 8], [2, 7], [8, 2], [7], [8, 7], [8], [7], [2], [2, 7], [8, 2], [7, 8], [6], [2], [1], [2, 6], [1, 2], [6, 1], [2], [6, 2], [6], [2], [1], [1, 2], [6, 1], [2, 6], [0], [5], [1], [5, 0], [1, 5], [0, 1], [5], [0, 5], [0], [5], [1], [1, 5], [0, 1], [5, 0], [2], [6], [5], [6, 2], [5, 6], [2, 5], [6], [2, 6], [2], [6], [5], [5, 6], [2, 5], [6, 2], [4], [3], [6], [3, 4], [6, 3], [4, 6], [3], [4, 3], [4], [3], [6], [6, 3], [4, 6], [3, 4], [2], [6], [5], [6, 2], [5, 6], [2, 5], [6], [2, 6], [2], [6], [5], [5, 6], [2, 5]]}","{'map': {'0': 40, '1': 14, '2': 36, '3': 38, '4': 34, '5': 12, '6': 16, '7': 42, '8': 20}, 'arch': {'width': 11, 'height': 5, 'alg_qubits': [12, 34, 14, 36, 16, 38, 18, 40, 20, 42], 'magic_states': [1, 3, 5, 7, 9, 21, 43, 53, 51, 49, 47, 45, 11, 33]}, 'gates': [[2], [7, 8], [2, 7], [8, 2], [7], [8, 7], [8], [7], [2], [2, 7], [8, 2], [7, 8], [6], [2], [1], [2, 6], [1, 2], [6, 1], [2], [6, 2], [6], [2], [1], [1, 2], [6, 1], [2, 6], [0], [5], [1], [5, 0], [1, 5], [0, 1], [5], [0, 5], [0], [5], [1], [1, 5], [0, 1], [5, 0], [2], [6], [5], [6, 2], [5, 6], [2, 5], [6], [2, 6], [2], [6], [5], [5, 6], [2, 5], [6, 2], [4], [3], [6], [3, 4], [6, 3], [4, 6], [3], [4, 3], [4], [3], [6], [6, 3], [4, 6], [3, 4], [2], [6], [5], [6, 2], [5, 6], [2, 5], [6], [2, 6], [2], [6], [5], [5, 6], [2, 5]]}"
jku_suite_0.qasm,"{'map': {'0': 52, '1': 24, '2': 18, '3': 46, '4': 50, '5': 22, '6': 28, '7': 58, '8': 56, '9': 48, '10': 26, '11': 16, '12': 20}, 'arch': {'width': 15, 'height': 5, 'alg_qubits': [16, 46, 18, 48, 20, 50, 22, 52, 24, 54, 26, 56, 28, 58], 'magic_states': [1, 3, 5, 7, 9, 11, 13, 29, 59, 73, 71, 69, 67, 65, 63, 61, 15, 45]}, 'gates': [[6, 7], [4, 6], [5], [7], [0], [7, 5], [0, 7], [5, 0], [7], [5, 7], [5], [7], [0], [0, 7], [5, 0], [7, 5], [6], [4], [7], [4, 6], [7, 4], [6, 7], [4], [6, 4], [6], [4], [7], [7, 4], [6, 7], [4, 6], [8], [3], [4], [3, 8], [4, 3], [8, 4], [3], [8, 3], [8], [3], [4], [4, 3], [8, 4], [3, 8], [9], [2], [3], [2, 9], [3, 2], [9, 3], [2], [9, 2], [9], [2], [3], [3, 2], [9, 3], [2, 9], [10], [1], [2], [1, 10], [2, 1], [10, 2], [1], [10, 1], [10], [1], [2], [2, 1], [10, 2], [1, 10], [12], [11], [1], [11, 12], [1, 11], [12, 1], [11], [12, 11], [12]]}","{'map': {'0': 48, '1': 28, '2': 50, '3': 54, '4': 56, '5': 46, '6': 20, '7': 52, '8': 22, '9': 26, '10': 16, '11': 24, '12': 58}, 'arch': {'width': 15, 'height': 5, 'alg_qubits': [16, 46, 18, 48, 20, 50, 22, 52, 24, 54, 26, 56, 28, 58], 'magic_states': [1, 3, 5, 7, 9, 11, 13, 29, 59, 73, 71, 69, 67, 65, 63, 61, 15, 45]}, 'gates': [[4], [0], [7], [7, 0], [4, 7], [0, 4], [2], [3], [0], [3, 2], [0, 3], [2, 0], [3], [2, 3], [2], [3], [0], [0, 3], [2, 0], [3, 2], [4], [0], [7], [0, 4], [7, 0], [4, 7], [0], [4, 0], [4], [0], [7], [7, 0], [4, 7], [0, 4], [5], [7], [9], [7, 5], [9, 7], [5, 9], [7], [5, 7], [5], [7], [9], [9, 7], [5, 9], [7, 5], [6], [9], [10], [9, 6], [10, 9], [6, 10], [9], [6, 9], [6], [9], [10], [10, 9], [6, 10], [9, 6], [8], [10], [12], [10, 8], [12, 10], [8, 12], [10], [8, 10], [8], [10], [12], [12, 10], [8, 12], [10, 8], [11], [12], [1], [12, 11], [1, 12]]}","{'map': {'0': 46, '1': 50, '2': 56, '3': 20, '4': 48, '5': 54, '6': 24, '7': 28, '8': 52, '9': 22, '10': 58, '11': 26, '12': 16}, 'arch': {'width': 15, 'height': 5, 'alg_qubits': [16, 46, 18, 48, 20, 50, 22, 52, 24, 54, 26, 56, 28, 58], 'magic_states': [1, 3, 5, 7, 9, 11, 13, 29, 59, 73, 71, 69, 67, 65, 63, 61, 15, 45]}, 'gates': [[0, 3], [2, 0], [3, 2], [4], [0], [5], [0, 4], [5, 0], [4, 5], [0], [4, 0], [4], [0], [5], [5, 0], [4, 5], [0, 4], [7], [5], [6], [5, 7], [6, 5], [7, 6], [5], [7, 5], [7], [5], [6], [6, 5], [7, 6], [5, 7], [8], [6], [10], [6, 8], [10, 6], [8, 10], [6], [8, 6], [8], [6], [10], [10, 6], [8, 10], [6, 8], [9], [10], [12], [10, 9], [12, 10], [9, 12], [10], [9, 10], [9], [10], [12], [12, 10], [9, 12], [10, 9], [11], [12], [1], [12, 11], [1, 12], [11, 1], [12], [11, 12], [11], [12], [1], [1, 12], [11, 1], [12, 11], [9], [10], [12], [10, 9], [12, 10], [9, 12], [10], [9, 10]]}","{'map': {'0': 16, '1': 56, '2': 24, '3': 54, '4': 58, '5': 22, '6': 18, '7': 52, '8': 20, '9': 28, '10': 46, '11': 50, '12': 26, '13': 48}, 'arch': {'width': 15, 'height': 5, 'alg_qubits': [16, 46, 18, 48, 20, 50, 22, 52, 24, 54, 26, 56, 28, 58], 'magic_states': [1, 3, 5, 7, 9, 11, 13, 29, 59, 73, 71, 69, 67, 65, 63, 61, 15, 45]}, 'gates': [[5, 10], [12], [11], [5], [11, 12], [5, 11], [12, 5], [11], [12, 11], [12], [11], [5], [5, 11], [12, 5], [11, 12], [10], [5], [4], [5, 10], [4, 5], [10, 4], [5], [10, 5], [10], [5], [4], [4, 5], [10, 4], [5, 10], [9], [4], [3], [4, 9], [3, 4], [9, 3], [4], [9, 4], [9], [4], [3], [3, 4], [9, 3], [4, 9], [8], [3], [2], [3, 8], [2, 3], [8, 2], [3], [8, 3], [8], [3], [2], [2, 3], [8, 2], [3, 8], [7], [2], [1], [2, 7], [1, 2], [7, 1], [2], [7, 2], [7], [2], [1], [1, 2], [7, 1], [2, 7], [0], [6], [13], [6, 0], [13, 6], [0, 13], [6], [0, 6], [0], [6]]}","{'map': {'0': 16, '1': 56, '2': 24, '3': 54, '4': 58, '5': 22, '6': 18, '7': 52, '8': 20, '9': 28, '10': 46, '11': 50, '12': 26, '13': 48}, 'arch': {'width': 15, 'height': 5, 'alg_qubits': [16, 46, 18, 48, 20, 50, 22, 52, 24, 54, 26, 56, 28, 58], 'magic_states': [1, 3, 5, 7, 9, 11, 13, 29, 59, 73, 71, 69, 67, 65, 63, 61, 15, 45]}, 'gates': [[5, 10], [12], [11], [5], [11, 12], [5, 11], [12, 5], [11], [12, 11], [12], [11], [5], [5, 11], [12, 5], [11, 12], [10], [5], [4], [5, 10], [4, 5], [10, 4], [5], [10, 5], [10], [5], [4], [4, 5], [10, 4], [5, 10], [9], [4], [3], [4, 9], [3, 4], [9, 3], [4], [9, 4], [9], [4], [3], [3, 4], [9, 3], [4, 9], [8], [3], [2], [3, 8], [2, 3], [8, 2], [3], [8, 3], [8], [3], [2], [2, 3], [8, 2], [3, 8], [7], [2], [1], [2, 7], [1, 2], [7, 1], [2], [7, 2], [7], [2], [1], [1, 2], [7, 1], [2, 7], [0], [6], [13], [6, 0], [13, 6], [0, 13], [6], [0, 6], [0], [6]]}"
jku_suite_47.qasm,"{'map': {'0': 18, '1': 44, '2': 24, '3': 40, '4': 42, '5': 20, '6': 48, '7': 46, '8': 22, '9': 16, '10': 50}, 'arch': {'width': 13, 'height': 5, 'alg_qubits': [14, 40, 16, 42, 18, 44, 20, 46, 22, 48, 24, 50], 'magic_states': [1, 3, 5, 7, 9, 11, 25, 51, 63, 61, 59, 57, 55, 53, 13, 39]}, 'gates': [[8], [9, 10], [8, 9], [10, 8], [9], [10, 9], [10], [9], [8], [8, 9], [10, 8], [9, 10], [5], [6], [0], [6, 5], [0, 6], [5, 0], [6], [5, 6], [5], [6], [0], [0, 6], [5, 0], [6, 5], [4], [7], [6], [7, 4], [6, 7], [4, 6], [7], [4, 7], [4], [7], [6], [6, 7], [4, 6], [7, 4], [3], [8], [7], [8, 3], [7, 8], [3, 7], [8], [3, 8], [3], [8], [7], [7, 8], [3, 7], [8, 3], [1], [2], [8], [2, 1], [8, 2], [1, 8], [2], [1, 2], [1], [2], [8], [8, 2], [1, 8], [2, 1], [3], [8], [7], [8, 3], [7, 8], [3, 7], [8], [3, 8], [3], [8], [7], [7, 8], [3, 7]]}","{'map': {'0': 20, '1': 46, '2': 14, '3': 16, '4': 22, '5': 44, '6': 42, '7': 40, '8': 18, '9': 48, '10': 24}, 'arch': {'width': 13, 'height': 5, 'alg_qubits': [14, 40, 16, 42, 18, 44, 20, 46, 22, 48, 24, 50], 'magic_states': [1, 3, 5, 7, 9, 11, 25, 51, 63, 61, 59, 57, 55, 53, 13, 39]}, 'gates': [[8], [9, 10], [8, 9], [10, 8], [9], [10, 9], [10], [9], [8], [8, 9], [10, 8], [9, 10], [5], [6], [0], [6, 5], [0, 6], [5, 0], [6], [5, 6], [5], [6], [0], [0, 6], [5, 0], [6, 5], [4], [7], [6], [7, 4], [6, 7], [4, 6], [7], [4, 7], [4], [7], [6], [6, 7], [4, 6], [7, 4], [3], [8], [7], [8, 3], [7, 8], [3, 7], [8], [3, 8], [3], [8], [7], [7, 8], [3, 7], [8, 3], [1], [2], [8], [2, 1], [8, 2], [1, 8], [2], [1, 2], [1], [2], [8], [8, 2], [1, 8], [2, 1], [3], [8], [7], [8, 3], [7, 8], [3, 7], [8], [3, 8], [3], [8], [7], [7, 8], [3, 7]]}","{'map': {'0': 18, '1': 50, '2': 22, '3': 46, '4': 16, '5': 20, '6': 40, '7': 44, '8': 14, '9': 42, '10': 24, '12': 26}, 'arch': {'width': 13, 'height': 5, 'alg_qubits': [14, 40, 16, 42, 18, 44, 20, 46, 22, 48, 24, 50], 'magic_states': [1, 3, 5, 7, 9, 11, 25, 51, 63, 61, 59, 57, 55, 53, 13, 39]}, 'gates': [[9], [10], [12], [12, 10], [9, 12], [10, 9], [7], [8], [10], [8, 7], [10, 8], [7, 10], [8], [7, 8], [7], [8], [10], [10, 8], [7, 10], [8, 7], [5], [6], [8], [6, 5], [8, 6], [5, 8], [6], [5, 6], [5], [6], [8], [8, 6], [5, 8], [6, 5], [4], [0], [6], [0, 4], [6, 0], [4, 6], [0], [4, 0], [4], [0], [6], [6, 0], [4, 6], [0, 4], [2], [3], [0], [3, 2], [0, 3], [2, 0], [3], [2, 3], [2], [3], [0], [0, 3], [2, 0], [3, 2], [4], [0], [6], [0, 4], [6, 0], [4, 6], [0], [4, 0], [4], [0], [6], [6, 0], [4, 6], [0, 4], [5], [6], [8], [6, 5], [8, 6]]}","{'map': {'0': 42, '1': 50, '2': 46, '3': 24, '4': 48, '5': 16, '6': 44, '7': 40, '8': 22, '9': 14, '10': 20}, 'arch': {'width': 13, 'height': 5, 'alg_qubits': [14, 40, 16, 42, 18, 44, 20, 46, 22, 48, 24, 50], 'magic_states': [1, 3, 5, 7, 9, 11, 25, 51, 63, 61, 59, 57, 55, 53, 13, 39]}, 'gates': [[10], [9], [8], [8, 9], [10, 8], [9, 10], [5], [6], [0], [6, 5], [0, 6], [5, 0], [6], [5, 6], [5], [6], [0], [0, 6], [5, 0], [6, 5], [4], [7], [6], [7, 4], [6, 7], [4, 6], [7], [4, 7], [4], [7], [6], [6, 7], [4, 6], [7, 4], [3], [8], [7], [8, 3], [7, 8], [3, 7], [8], [3, 8], [3], [8], [7], [7, 8], [3, 7], [8, 3], [1], [2], [8], [2, 1], [8, 2], [1, 8], [2], [1, 2], [1], [2], [8], [8, 2], [1, 8], [2, 1], [3], [8], [7], [8, 3], [7, 8], [3, 7], [8], [3, 8], [3], [8], [7], [7, 8], [3, 7], [8, 3], [4], [7], [6], [7, 4], [6, 7]]}","{'map': {'0': 42, '1': 50, '2': 46, '3': 24, '4': 48, '5': 16, '6': 44, '7': 40, '8': 22, '9': 14, '10': 20}, 'arch': {'width': 13, 'height': 5, 'alg_qubits': [14, 40, 16, 42, 18, 44, 20, 46, 22, 48, 24, 50], 'magic_states': [1, 3, 5, 7, 9, 11, 25, 51, 63, 61, 59, 57, 55, 53, 13, 39]}, 'gates': [[10], [9], [8], [8, 9], [10, 8], [9, 10], [5], [6], [0], [6, 5], [0, 6], [5, 0], [6], [5, 6], [5], [6], [0], [0, 6], [5, 0], [6, 5], [4], [7], [6], [7, 4], [6, 7], [4, 6], [7], [4, 7], [4], [7], [6], [6, 7], [4, 6], [7, 4], [3], [8], [7], [8, 3], [7, 8], [3, 7], [8], [3, 8], [3], [8], [7], [7, 8], [3, 7], [8, 3], [1], [2], [8], [2, 1], [8, 2], [1, 8], [2], [1, 2], [1], [2], [8], [8, 2], [1, 8], [2, 1], [3], [8], [7], [8, 3], [7, 8], [3, 7], [8], [3, 8], [3], [8], [7], [7, 8], [3, 7], [8, 3], [4], [7], [6], [7, 4], [6, 7]]}"
jku_suite_65.qasm,"{'map': {'0': 24, '1': 22, '2': 50, '3': 42, '4': 14, '5': 46, '6': 40, '7': 44, '8': 48, '9': 16, '10': 20}, 'arch': {'width': 13, 'height': 5, 'alg_qubits': [14, 40, 16, 42, 18, 44, 20, 46, 22, 48, 24, 50], 'magic_states': [1, 3, 5, 7, 9, 11, 25, 51, 63, 61, 59, 57, 55, 53, 13, 39]}, 'gates': [[10], [5], [4], [4, 5], [10, 4], [5, 10], [9], [4], [3], [4, 9], [3, 4], [9, 3], [4], [9, 4], [9], [4], [3], [3, 4], [9, 3], [4, 9], [8], [3], [2], [3, 8], [2, 3], [8, 2], [3], [8, 3], [8], [3], [2], [2, 3], [8, 2], [3, 8], [7], [2], [1], [2, 7], [1, 2], [7, 1], [2], [7, 2], [7], [2], [1], [1, 2], [7, 1], [2, 7], [6], [1], [0], [1, 6], [0, 1], [6, 0], [1], [6, 1], [6], [1], [0], [0, 1], [6, 0], [1, 6], [7], [2], [1], [2, 7], [1, 2], [7, 1], [2], [7, 2], [7], [2], [1], [1, 2], [7, 1], [2, 7], [8], [3], [2], [3, 8], [2, 3]]}","{'map': {'0': 24, '1': 22, '2': 50, '3': 42, '4': 14, '5': 46, '6': 40, '7': 44, '8': 48, '9': 16, '10': 20}, 'arch': {'width': 13, 'height': 5, 'alg_qubits': [14, 40, 16, 42, 18, 44, 20, 46, 22, 48, 24, 50], 'magic_states': [1, 3, 5, 7, 9, 11, 25, 51, 63, 61, 59, 57, 55, 53, 13, 39]}, 'gates': [[10], [5], [4], [4, 5], [10, 4], [5, 10], [9], [4], [3], [4, 9], [3, 4], [9, 3], [4], [9, 4], [9], [4], [3], [3, 4], [9, 3], [4, 9], [8], [3], [2], [3, 8], [2, 3], [8, 2], [3], [8, 3], [8], [3], [2], [2, 3], [8, 2], [3, 8], [7], [2], [1], [2, 7], [1, 2], [7, 1], [2], [7, 2], [7], [2], [1], [1, 2], [7, 1], [2, 7], [6], [1], [0], [1, 6], [0, 1], [6, 0], [1], [6, 1], [6], [1], [0], [0, 1], [6, 0], [1, 6], [7], [2], [1], [2, 7], [1, 2], [7, 1], [2], [7, 2], [7], [2], [1], [1, 2], [7, 1], [2, 7], [8], [3], [2], [3, 8], [2, 3]]}","{'map': {'0': 50, '1': 48, '2': 46, '3': 22, '4': 16, '5': 44, '6': 24, '7': 14, '8': 20, '9': 42, '10': 18}, 'arch': {'width': 13, 'height': 5, 'alg_qubits': [14, 40, 16, 42, 18, 44, 20, 46, 22, 48, 24, 50], 'magic_states': [1, 3, 5, 7, 9, 11, 25, 51, 63, 61, 59, 57, 55, 53, 13, 39]}, 'gates': [[7], [4], [5], [4, 7], [5, 4], [7, 5], [4], [7, 4], [7], [4], [5], [5, 4], [7, 5], [4, 7], [10], [9], [0], [9, 10], [0, 9], [10, 0], [9], [10, 9], [10], [9], [0], [0, 9], [10, 0], [9, 10], [1], [8], [9], [8, 1], [9, 8], [1, 9], [8], [1, 8], [1], [8], [9], [9, 8], [1, 9], [8, 1], [2], [7], [8], [7, 2], [8, 7], [2, 8], [7], [2, 7], [2], [7], [8], [8, 7], [2, 8], [7, 2], [3], [6], [7], [6, 3], [7, 6], [3, 7], [6], [3, 6], [3], [6], [7], [7, 6], [3, 7], [6, 3], [5], [4], [6], [4, 5], [6, 4], [5, 6], [4], [5, 4], [5], [4], [6]]}","{'map': {'0': 50, '1': 48, '2': 46, '3': 22, '4': 16, '5': 44, '6': 24, '7': 14, '8': 20, '9': 42, '10': 18}, 'arch': {'width': 13, 'height': 5, 'alg_qubits': [14, 40, 16, 42, 18, 44, 20, 46, 22, 48, 24, 50], 'magic_states': [1, 3, 5, 7, 9, 11, 25, 51, 63, 61, 59, 57, 55, 53, 13, 39]}, 'gates': [[7], [4], [5], [4, 7], [5, 4], [7, 5], [4], [7, 4], [7], [4], [5], [5, 4], [7, 5], [4, 7], [10], [9], [0], [9, 10], [0, 9], [10, 0], [9], [10, 9], [10], [9], [0], [0, 9], [10, 0], [9, 10], [1], [8], [9], [8, 1], [9, 8], [1, 9], [8], [1, 8], [1], [8], [9], [9, 8], [1, 9], [8, 1], [2], [7], [8], [7, 2], [8, 7], [2, 8], [7], [2, 7], [2], [7], [8], [8, 7], [2, 8], [7, 2], [3], [6], [7], [6, 3], [7, 6], [3, 7], [6], [3, 6], [3], [6], [7], [7, 6], [3, 7], [6, 3], [5], [4], [6], [4, 5], [6, 4], [5, 6], [4], [5, 4], [5], [4], [6]]}","{'map': {'0': 14, '1': 48, '2': 46, '3': 16, '4': 20, '5': 50, '6': 18, '7': 40, '8': 44, '9': 24, '10': 42}, 'arch': {'width': 13, 'height': 5, 'alg_qubits': [14, 40, 16, 42, 18, 44, 20, 46, 22, 48, 24, 50], 'magic_states': [1, 3, 5, 7, 9, 11, 25, 51, 63, 61, 59, 57, 55, 53, 13, 39]}, 'gates': [[3, 8], [7], [2], [1], [2, 7], [1, 2], [7, 1], [2], [7, 2], [7], [2], [1], [1, 2], [7, 1], [2, 7], [6], [1], [0], [1, 6], [0, 1], [6, 0], [1], [6, 1], [6], [1], [0], [0, 1], [6, 0], [1, 6], [7], [2], [1], [2, 7], [1, 2], [7, 1], [2], [7, 2], [7], [2], [1], [1, 2], [7, 1], [2, 7], [8], [3], [2], [3, 8], [2, 3], [8, 2], [3], [8, 3], [8], [3], [2], [2, 3], [8, 2], [3, 8], [9], [4], [3], [4, 9], [3, 4], [9, 3], [4], [9, 4], [9], [4], [3], [3, 4], [9, 3], [4, 9], [10], [5], [4], [5, 10], [4, 5], [10, 4], [5], [10, 5], [10], [5]]}"
quest_suite_20.qasm,"{'map': {'0': 14, '1': 30, '2': 34, '3': 16, '4': 10, '5': 28, '6': 12, '7': 32}, 'arch': {'width': 9, 'height': 5, 'alg_qubits': [10, 28, 12, 30, 14, 32, 16, 34], 'magic_states': [1, 3, 5, 7, 17, 35, 43, 41, 39, 37, 9, 27]}, 'gates': [[0, 2], [1, 5], [0, 2], [1, 5], [2, 3], [0, 6], [1, 7], [4, 5], [2, 3], [0, 6], [1, 7], [4, 5], [3, 7], [4, 6], [1, 5], [0, 2], [3, 7], [4, 6], [1, 5], [0, 2], [4, 5], [2, 3], [0, 6], [1, 7], [4, 5], [2, 3], [0, 6], [1, 7], [4, 6], [3, 7], [4, 6], [3, 7]]}","{'map': {'0': 30, '1': 34, '2': 14, '3': 32, '4': 16, '5': 10, '6': 28, '7': 12}, 'arch': {'width': 9, 'height': 5, 'alg_qubits': [10, 28, 12, 30, 14, 32, 16, 34], 'magic_states': [1, 3, 5, 7, 17, 35, 43, 41, 39, 37, 9, 27]}, 'gates': [[5, 6], [4], [2], [1], [2, 4], [1, 2], [4, 1], [2], [4, 2], [4], [2], [1], [1, 2], [4, 1], [2, 4], [0], [3], [7], [3, 0], [7, 3], [0, 7], [3], [0, 3], [0], [3], [7], [7, 3], [0, 7], [3, 0], [2], [1], [3], [1, 2], [3, 1], [2, 3], [1], [2, 1], [2], [1], [3], [3, 1], [2, 3], [1, 2], [0], [3], [7], [3, 0], [7, 3], [0, 7], [3], [0, 3], [0], [3], [7], [7, 3], [0, 7], [3, 0], [2], [1], [3], [1, 2], [3, 1], [2, 3], [1], [2, 1], [2], [1], [3], [3, 1], [2, 3], [1, 2], [1], [5], [4], [5, 1], [4, 5], [1, 4], [5], [1, 5], [1], [5]]}","{'map': {'0': 14, '1': 30, '2': 32, '3': 16, '4': 12, '5': 28, '6': 34, '7': 10}, 'arch': {'width': 9, 'height': 5, 'alg_qubits': [10, 28, 12, 30, 14, 32, 16, 34], 'magic_states': [1, 3, 5, 7, 17, 35, 43, 41, 39, 37, 9, 27]}, 'gates': [[2, 3], [2], [3], [1], [1, 3], [2, 1], [3, 2], [5], [1], [7], [1, 5], [7, 1], [5, 7], [1], [5, 1], [5], [1], [7], [7, 1], [5, 7], [1, 5], [0], [2], [1], [2, 0], [1, 2], [0, 1], [2], [0, 2], [0], [2], [1], [1, 2], [0, 1], [2, 0], [1], [7], [5], [7, 1], [5, 7], [1, 5], [7], [1, 7], [1], [7], [5], [5, 7], [1, 5], [7, 1], [6], [2], [7], [2, 6], [7, 2], [6, 7], [2], [6, 2], [6], [2], [7], [7, 2], [6, 7], [2, 6], [3], [4], [2], [4, 3], [2, 4], [3, 2], [4], [3, 4], [3], [4], [2], [2, 4], [3, 2], [4, 3], [6], [2], [7], [2, 6]]}","{'map': {'0': 16, '1': 10, '2': 28, '3': 14, '4': 12, '5': 30, '6': 34, '7': 32}, 'arch': {'width': 9, 'height': 5, 'alg_qubits': [10, 28, 12, 30, 14, 32, 16, 34], 'magic_states': [1, 3, 5, 7, 17, 35, 43, 41, 39, 37, 9, 27]}, 'gates': [[3, 5], [7], [6], [3], [6, 7], [3, 6], [7, 3], [6], [7, 6], [7], [6], [3], [3, 6], [7, 3], [6, 7], [5], [3], [2], [3, 5], [2, 3], [5, 2], [3], [5, 3], [5], [3], [2], [2, 3], [5, 2], [3, 5], [1], [4], [2], [4, 1], [2, 4], [1, 2], [4], [1, 4], [1], [4], [2], [2, 4], [1, 2], [4, 1], [1], [4], [3], [4, 1], [3, 4], [1, 3], [4], [1, 4], [1], [4], [3], [3, 4], [1, 3], [4, 1], [7], [6], [5], [6, 7], [5, 6], [7, 5], [6], [7, 6], [7], [6], [5], [5, 6], [7, 5], [6, 7], [2], [1], [0], [1, 2], [0, 1], [2, 0], [1], [2, 1], [2], [1]]}","{'map': {'0': 28, '1': 34, '2': 16, '3': 12, '4': 32, '5': 30, '6': 14, '7': 10}, 'arch': {'width': 9, 'height': 5, 'alg_qubits': [10, 28, 12, 30, 14, 32, 16, 34], 'magic_states': [1, 3, 5, 7, 17, 35, 43, 41, 39, 37, 9, 27]}, 'gates': [[4, 2], [4], [2], [1], [1, 2], [4, 1], [2, 4], [6], [5], [2], [5, 6], [2, 5], [6, 2], [5], [6, 5], [6], [5], [2], [2, 5], [6, 2], [5, 6], [4], [2], [1], [2, 4], [1, 2], [4, 1], [2], [4, 2], [4], [2], [1], [1, 2], [4, 1], [2, 4], [0], [3], [7], [3, 0], [7, 3], [0, 7], [3], [0, 3], [0], [3], [7], [7, 3], [0, 7], [3, 0], [2], [1], [3], [1, 2], [3, 1], [2, 3], [1], [2, 1], [2], [1], [3], [3, 1], [2, 3], [1, 2], [0], [3], [7], [3, 0], [7, 3], [0, 7], [3], [0, 3], [0], [3], [7], [7, 3], [0, 7], [3, 0], [2], [1], [3], [1, 2]]}"
quest_suite_6.qasm,"{'map': {'0': 8, '1': 22, '2': 24, '3': 12, '4': 10, '5': 26}, 'arch': {'width': 7, 'height': 5, 'alg_qubits': [8, 22, 10, 24, 12, 26], 'magic_states': [1, 3, 5, 13, 27, 33, 31, 29, 7, 21]}, 'gates': [[1, 3], [1, 2], [3], [2], [5], [2, 3], [5, 2], [3, 5], [2], [3, 2], [3], [2], [5], [5, 2], [3, 5], [2, 3], [5], [3], [4], [3, 5], [4, 3], [5, 4], [3], [5, 3], [5], [3], [4], [4, 3], [5, 4], [3, 5], [1], [0], [3], [0, 1], [3, 0], [1, 3], [0], [1, 0], [1], [0], [3], [3, 0], [1, 3], [0, 1], [5], [3], [4], [3, 5], [4, 3], [5, 4], [3], [5, 3], [5], [3], [4], [4, 3], [5, 4], [3, 5], [1], [0], [3], [0, 1], [3, 0], [1, 3], [0], [1, 0], [1], [0], [3], [3, 0], [1, 3], [0, 1], [3], [2], [5], [2, 3], [5, 2], [3, 5], [2], [3, 2], [3]]}","{'map': {'0': 24, '1': 8, '2': 10, '3': 26, '4': 12, '5': 22}, 'arch': {'width': 7, 'height': 5, 'alg_qubits': [8, 22, 10, 24, 12, 26], 'magic_states': [1, 3, 5, 13, 27, 33, 31, 29, 7, 21]}, 'gates': [[3], [5], [1], [1, 5], [3, 1], [5, 3], [0], [2], [5], [2, 0], [5, 2], [0, 5], [2], [0, 2], [0], [2], [5], [5, 2], [0, 5], [2, 0], [2], [3], [1], [3, 2], [1, 3], [2, 1], [3], [2, 3], [2], [3], [1], [1, 3], [2, 1], [3, 2], [4, 3], [1], [3], [4], [3, 1], [4, 3], [1, 4], [3], [1, 3], [1], [3], [4], [4, 3], [1, 4], [3, 1], [4, 3], [4, 0], [4, 1], [2], [5], [3], [5, 2], [3, 5], [2, 3], [5], [2, 5], [2], [5], [3], [3, 5], [2, 3], [5, 2], [0], [1], [5], [1, 0], [5, 1], [0, 5], [1], [0, 1], [0], [1], [5], [5, 1], [0, 5], [1, 0], [2]]}","{'map': {'0': 26, '1': 8, '2': 10, '3': 24, '4': 12, '5': 22}, 'arch': {'width': 7, 'height': 5, 'alg_qubits': [8, 22, 10, 24, 12, 26], 'magic_states': [1, 3, 5, 13, 27, 33, 31, 29, 7, 21]}, 'gates': [[1, 2], [1], [2], [5], [5, 2], [1, 5], [2, 1], [5], [2], [0], [2, 5], [0, 2], [5, 0], [2], [5, 2], [5], [2], [0], [0, 2], [5, 0], [2, 5], [3], [4], [2], [4, 3], [2, 4], [3, 2], [4], [3, 4], [3], [4], [2], [2, 4], [3, 2], [4, 3], [5], [2], [0], [2, 5], [0, 2], [5, 0], [2], [5, 2], [5], [2], [0], [0, 2], [5, 0], [2, 5], [3], [4], [2], [4, 3], [2, 4], [3, 2], [4], [3, 4], [3], [4], [2], [2, 4], [3, 2], [4, 3], [4, 3], [3, 4], [4], [5], [0], [5, 4], [0, 5], [4, 0], [5], [4, 5], [4], [5], [0], [0, 5], [4, 0], [5, 4], [1], [3]]}","{'map': {'0': 26, '1': 8, '2': 10, '3': 24, '4': 12, '5': 22}, 'arch': {'width': 7, 'height': 5, 'alg_qubits': [8, 22, 10, 24, 12, 26], 'magic_states': [1, 3, 5, 13, 27, 33, 31, 29, 7, 21]}, 'gates': [[1, 2], [1], [2], [5], [5, 2], [1, 5], [2, 1], [5], [2], [0], [2, 5], [0, 2], [5, 0], [2], [5, 2], [5], [2], [0], [0, 2], [5, 0], [2, 5], [3], [4], [2], [4, 3], [2, 4], [3, 2], [4], [3, 4], [3], [4], [2], [2, 4], [3, 2], [4, 3], [5], [2], [0], [2, 5], [0, 2], [5, 0], [2], [5, 2], [5], [2], [0], [0, 2], [5, 0], [2, 5], [3], [4], [2], [4, 3], [2, 4], [3, 2], [4], [3, 4], [3], [4], [2], [2, 4], [3, 2], [4, 3], [4, 3], [3, 4], [4], [5], [0], [5, 4], [0, 5], [4, 0], [5], [4, 5], [4], [5], [0], [0, 5], [4, 0], [5, 4], [1], [3]]}","{'map': {'0': 26, '1': 10, '2': 12, '3': 8, '4': 22, '5': 24}, 'arch': {'width': 7, 'height': 5, 'alg_qubits': [8, 22, 10, 24, 12, 26], 'magic_states': [1, 3, 5, 13, 27, 33, 31, 29, 7, 21]}, 'gates': [[4], [2], [0], [0, 2], [4, 0], [2, 4], [1], [0], [4], [0, 1], [4, 0], [1, 4], [0], [1, 0], [1], [0], [4], [4, 0], [1, 4], [0, 1], [2, 1], [0], [5], [3], [5, 0], [3, 5], [0, 3], [5], [0, 5], [0], [5], [3], [3, 5], [0, 3], [5, 0], [4], [1], [5], [1, 4], [5, 1], [4, 5], [1], [4, 1], [4], [1], [5], [5, 1], [4, 5], [1, 4], [0], [5], [3], [5, 0], [3, 5], [0, 3], [5], [0, 5], [0], [5], [3], [3, 5], [0, 3], [5, 0], [4], [1], [5], [1, 4], [5, 1], [4, 5], [1], [4, 1], [4], [1], [5], [5, 1], [4, 5], [1, 4], [3], [2], [4], [2, 3]]}"
autobraid_20.qasm,"{'map': {'0': 56, '1': 54, '2': 20, '3': 30, '4': 62, '5': 52, '6': 28, '7': 18, '8': 22, '9': 24, '10': 64, '11': 66, '12': 32, '13': 26, '14': 60}, 'arch': {'width': 17, 'height': 5, 'alg_qubits': [18, 52, 20, 54, 22, 56, 24, 58, 26, 60, 28, 62, 30, 64, 32, 66], 'magic_states': [1, 3, 5, 7, 9, 11, 13, 15, 33, 67, 83, 81, 79, 77, 75, 73, 71, 69, 17, 51]}, 'gates': [[8], [7], [9], [9, 7], [8, 9], [7, 8], [6], [9], [10], [9, 6], [10, 9], [6, 10], [9], [6, 9], [6], [9], [10], [10, 9], [6, 10], [9, 6], [5], [10], [11], [10, 5], [11, 10], [5, 11], [10], [5, 10], [5], [10], [11], [11, 10], [5, 11], [10, 5], [4], [11], [12], [11, 4], [12, 11], [4, 12], [11], [4, 11], [4], [11], [12], [12, 11], [4, 12], [11, 4], [2], [12], [13], [12, 2], [13, 12], [2, 13], [12], [2, 12], [2], [12], [13], [13, 12], [2, 13], [12, 2], [1], [13], [14], [13, 1], [14, 13], [1, 14], [13], [1, 13], [1], [13], [14], [14, 13], [1, 14], [13, 1], [3], [14], [0], [14, 3], [0, 14]]}","{'map': {'0': 34, '1': 16, '2': 30, '3': 14, '4': 10, '5': 12, '6': 28}, 'arch': {'width': 9, 'height': 5, 'alg_qubits': [10, 28, 12, 30, 14, 32, 16, 34], 'magic_states': [1, 3, 5, 7, 17, 35, 43, 41, 39, 37, 9, 27]}, 'gates': [[4], [3], [6], [6, 3], [4, 6], [3, 4], [2], [6], [5], [6, 2], [5, 6], [2, 5], [6], [2, 6], [2], [6], [5], [5, 6], [2, 5], [6, 2], [0], [5], [1], [5, 0], [1, 5], [0, 1], [5], [0, 5], [0], [5], [1], [1, 5], [0, 1], [5, 0], [2], [6], [5], [6, 2], [5, 6], [2, 5], [6], [2, 6], [2], [6], [5], [5, 6], [2, 5], [6, 2], [4], [3], [6], [3, 4], [6, 3], [4, 6], [3], [4, 3], [4], [3], [6], [6, 3], [4, 6], [3, 4], [2], [6], [5], [6, 2], [5, 6], [2, 5], [6], [2, 6], [2], [6], [5], [5, 6], [2, 5], [6, 2], [4], [1], [0], [1, 4], [0, 1]]}","{'map': {'0': 10, '1': 14, '2': 30, '3': 12, '4': 32, '5': 16, '6': 28}, 'arch': {'width': 9, 'height': 5, 'alg_qubits': [10, 28, 12, 30, 14, 32, 16, 34], 'magic_states': [1, 3, 5, 7, 17, 35, 43, 41, 39, 37, 9, 27]}, 'gates': [[4], [3], [6], [6, 3], [4, 6], [3, 4], [2], [6], [5], [6, 2], [5, 6], [2, 5], [6], [2, 6], [2], [6], [5], [5, 6], [2, 5], [6, 2], [0], [5], [1], [5, 0], [1, 5], [0, 1], [5], [0, 5], [0], [5], [1], [1, 5], [0, 1], [5, 0], [2], [6], [5], [6, 2], [5, 6], [2, 5], [6], [2, 6], [2], [6], [5], [5, 6], [2, 5], [6, 2], [4], [3], [6], [3, 4], [6, 3], [4, 6], [3], [4, 3], [4], [3], [6], [6, 3], [4, 6], [3, 4], [2], [6], [5], [6, 2], [5, 6], [2, 5], [6], [2, 6], [2], [6], [5], [5, 6], [2, 5], [6, 2], [5], [1], [0], [1, 5], [0, 1]]}","{'map': {'0': 12, '1': 16, '2': 28, '3': 14, '4': 34, '5': 10, '6': 30, '7': 32}, 'arch': {'width': 9, 'height': 5, 'alg_qubits': [10, 28, 12, 30, 14, 32, 16, 34], 'magic_states': [1, 3, 5, 7, 17, 35, 43, 41, 39, 37, 9, 27]}, 'gates': [[5, 6], [2, 5], [6], [2, 6], [2], [6], [5], [5, 6], [2, 5], [6, 2], [4], [3], [6], [3, 4], [6, 3], [4, 6], [3], [4, 3], [4], [3], [6], [6, 3], [4, 6], [3, 4], [2], [6], [5], [6, 2], [5, 6], [2, 5], [6], [2, 6], [2], [6], [5], [5, 6], [2, 5], [6, 2], [4], [1], [0], [1, 4], [0, 1], [4, 0], [1], [4, 1], [4], [1], [0], [0, 1], [4, 0], [1, 4], [5], [2], [1], [2, 5], [1, 2], [5, 1], [2], [5, 2], [5], [2], [1], [1, 2], [5, 1], [2, 5], [7], [6], [2], [6, 7], [2, 6], [7, 2], [6], [7, 6], [7], [6], [2], [2, 6], [7, 2], [6, 7], [5]]}","{'map': {'0': 34, '1': 30, '2': 28, '3': 14, '4': 16, '5': 12, '6': 10}, 'arch': {'width': 9, 'height': 5, 'alg_qubits': [10, 28, 12, 30, 14, 32, 16, 34], 'magic_states': [1, 3, 5, 7, 17, 35, 43, 41, 39, 37, 9, 27]}, 'gates': [[3, 6], [3], [6], [1], [1, 6], [3, 1], [6, 3], [2], [1], [0], [1, 2], [0, 1], [2, 0], [1], [2, 1], [2], [1], [0], [0, 1], [2, 0], [1, 2], [3], [6], [1], [6, 3], [1, 6], [3, 1], [6], [3, 6], [3], [6], [1], [1, 6], [3, 1], [6, 3], [5], [4], [6], [4, 5], [6, 4], [5, 6], [4], [5, 4], [5], [4], [6], [6, 4], [5, 6], [4, 5], [3], [6], [1], [6, 3], [1, 6], [3, 1], [6], [3, 6], [3], [6], [1], [1, 6], [3, 1], [6, 3], [0], [1], [6], [1, 0], [6, 1], [0, 6], [1], [0, 1], [0], [1], [6], [6, 1], [0, 6], [1, 0], [2], [1], [0], [1, 2]]}"
quest_suite_8.qasm,"{'map': {'0': 18, '1': 16, '2': 8, '3': 6}, 'arch': {'width': 5, 'height': 5, 'alg_qubits': [6, 16, 8, 18], 'magic_states': [1, 3, 9, 19, 23, 21, 5, 15]}, 'gates': [[0, 1], [0, 1], [0, 3], [0, 3], [0, 2], [0, 2], [1, 2], [1, 2], [1, 3], [1, 3], [0, 1], [0, 1], [2, 3], [2, 3], [0, 3], [0, 3], [0, 2], [0, 2], [1, 2], [1, 2], [1, 3], [1, 3], [0, 1], [0, 1], [2, 3], [2, 3], [0, 3], [0, 3], [0, 2], [0, 2], [1, 2], [1, 2], [1, 3], [1, 3], [0, 1], [0, 1], [2, 3], [2, 3], [0, 3], [0, 3], [0, 2], [0, 2], [1, 2], [1, 2], [1, 3], [1, 3], [2, 3], [2, 3]]}","{'map': {'0': 16, '1': 18, '2': 8}, 'arch': {'width': 5, 'height': 5, 'alg_qubits': [6, 16, 8, 18], 'magic_states': [1, 3, 9, 19, 23, 21, 5, 15]}, 'gates': [[1], [1], [1], [1], [1], [1], [1], [1], [1], [1], [1], [1], [1], [1], [1], [1], [1], [1], [1], [1], [1], [1], [1], [0, 1], [1, 2], [2], [2], [2], [2], [2], [2], [2], [2], [2], [2], [2], [2], [2], [2], [2], [2], [2], [2], [2], [2], [2], [2], [2], [2], [2], [2], [2], [2], [2], [2], [2], [2], [2], [2], [2], [2], [2], [2], [2], [2], [2], [2], [2], [2], [2], [2], [2], [2], [2], [2], [2], [2], [2], [2], [2], [2]]}","{'map': {'0': 18, '1': 8, '2': 16, '3': 6}, 'arch': {'width': 5, 'height': 5, 'alg_qubits': [6, 16, 8, 18], 'magic_states': [1, 3, 9, 19, 23, 21, 5, 15]}, 'gates': [[0, 1], [0, 1], [1, 2], [2, 3], [2, 3], [1, 2], [0, 1], [0, 1], [1, 2], [2, 3], [2, 3], [1, 2], [0, 1], [1, 2], [2, 3], [2, 3], [1, 2], [0, 1], [0, 1], [1, 2], [2, 3], [2, 3], [1, 2], [0, 1], [1, 2], [2, 3], [2, 3], [1, 2], [0, 1], [0, 1], [1, 2], [2, 3], [2, 3], [1, 2], [0, 1], [1, 2], [2, 3], [2, 3], [1, 2], [0, 1], [0, 1], [1, 2], [2, 3], [2, 3], [1, 2], [0, 1], [2, 3], [2, 3], [1, 2], [2, 3], [2, 3], [1, 2], [2, 3], [2, 3], [1, 2], [1, 2], [0, 1], [1, 2], [2, 3], [2, 3], [1, 2], [0, 1], [1, 2], [2, 3], [2, 3], [1, 2], [0, 1], [1, 2], [1, 2], [0, 1], [1, 2], [1, 2], [0, 1], [0, 1]]}","{'map': {'0': 16, '1': 10, '2': 14, '3': 32, '4': 30, '5': 34, '6': 12}, 'arch': {'width': 9, 'height': 5, 'alg_qubits': [10, 28, 12, 30, 14, 32, 16, 34], 'magic_states': [1, 3, 5, 7, 17, 35, 43, 41, 39, 37, 9, 27]}, 'gates': [[0], [5], [3], [3, 5], [0, 3], [5, 0], [3], [5], [0], [5, 3], [0, 5], [3, 0], [5], [3, 5], [3], [5], [0], [0, 5], [3, 0], [5, 3], [0], [6], [4], [6, 0], [4, 6], [0, 4], [6], [0, 6], [0], [6], [4], [4, 6], [0, 4], [6, 0], [0], [6], [3], [6, 0], [3, 6], [0, 3], [6], [0, 6], [0], [6], [3], [3, 6], [0, 3], [6, 0], [0], [6], [2], [6, 0], [2, 6], [0, 2], [6], [0, 6], [0], [6], [2], [2, 6], [0, 2], [6, 0], [0], [6], [1], [6, 0], [1, 6], [0, 1], [6], [0, 6], [0], [6], [1], [1, 6], [0, 1], [6, 0], [1], [2], [6], [2, 1], [6, 2]]}","{'map': {'0': 28, '1': 10, '2': 32, '3': 16, '4': 30, '5': 14, '6': 12}, 'arch': {'width': 9, 'height': 5, 'alg_qubits': [10, 28, 12, 30, 14, 32, 16, 34], 'magic_states': [1, 3, 5, 7, 17, 35, 43, 41, 39, 37, 9, 27]}, 'gates': [[6, 2], [1, 6], [2], [1, 2], [1], [2], [6], [6, 2], [1, 6], [2, 1], [5], [6], [0], [6, 5], [0, 6], [5, 0], [6], [5, 6], [5], [6], [0], [0, 6], [5, 0], [6, 5], [1], [2], [6], [2, 1], [6, 2], [1, 6], [2], [1, 2], [1], [2], [6], [6, 2], [1, 6], [2, 1], [4], [6], [5], [6, 4], [5, 6], [4, 5], [6], [4, 6], [4], [6], [5], [5, 6], [4, 5], [6, 4], [3], [0], [6], [0, 3], [6, 0], [3, 6], [0], [3, 0], [3], [0], [6], [6, 0], [3, 6], [0, 3], [1], [2], [0], [2, 1], [0, 2], [1, 0], [2], [1, 2], [1], [2], [0], [0, 2], [1, 0], [2, 1], [3]]}"
jku_suite_3.qasm,"{'map': {'0': 56, '1': 54, '2': 20, '3': 30, '4': 62, '5': 52, '6': 28, '7': 18, '8': 22, '9': 24, '10': 64, '11': 66, '12': 32, '13': 26, '14': 60}, 'arch': {'width': 17, 'height': 5, 'alg_qubits': [18, 52, 20, 54, 22, 56, 24, 58, 26, 60, 28, 62, 30, 64, 32, 66], 'magic_states': [1, 3, 5, 7, 9, 11, 13, 15, 33, 67, 83, 81, 79, 77, 75, 73, 71, 69, 17, 51]}, 'gates': [[8], [7], [9], [9, 7], [8, 9], [7, 8], [6], [9], [10], [9, 6], [10, 9], [6, 10], [9], [6, 9], [6], [9], [10], [10, 9], [6, 10], [9, 6], [5], [10], [11], [10, 5], [11, 10], [5, 11], [10], [5, 10], [5], [10], [11], [11, 10], [5, 11], [10, 5], [4], [11], [12], [11, 4], [12, 11], [4, 12], [11], [4, 11], [4], [11], [12], [12, 11], [4, 12], [11, 4], [2], [12], [13], [12, 2], [13, 12], [2, 13], [12], [2, 12], [2], [12], [13], [13, 12], [2, 13], [12, 2], [1], [13], [14], [13, 1], [14, 13], [1, 14], [13], [1, 13], [1], [13], [14], [14, 13], [1, 14], [13, 1], [3], [14], [0], [14, 3], [0, 14]]}","{'map': {'0': 64, '1': 30, '2': 28, '3': 24, '4': 26, '5': 62, '6': 56, '7': 32, '8': 52, '9': 54, '10': 60, '11': 66, '12': 18, '13': 22, '14': 20}, 'arch': {'width': 17, 'height': 5, 'alg_qubits': [18, 52, 20, 54, 22, 56, 24, 58, 26, 60, 28, 62, 30, 64, 32, 66], 'magic_states': [1, 3, 5, 7, 9, 11, 13, 15, 33, 67, 83, 81, 79, 77, 75, 73, 71, 69, 17, 51]}, 'gates': [[0, 14], [3, 0], [14, 3], [1], [13], [14], [13, 1], [14, 13], [1, 14], [13], [1, 13], [1], [13], [14], [14, 13], [1, 14], [13, 1], [2], [12], [13], [12, 2], [13, 12], [2, 13], [12], [2, 12], [2], [12], [13], [13, 12], [2, 13], [12, 2], [4], [11], [12], [11, 4], [12, 11], [4, 12], [11], [4, 11], [4], [11], [12], [12, 11], [4, 12], [11, 4], [5], [10], [11], [10, 5], [11, 10], [5, 11], [10], [5, 10], [5], [10], [11], [11, 10], [5, 11], [10, 5], [6], [9], [10], [9, 6], [10, 9], [6, 10], [9], [6, 9], [6], [9], [10], [10, 9], [6, 10], [9, 6], [8], [7], [9], [7, 8], [9, 7], [8, 9], [7], [8, 7]]}","{'map': {'0': 20, '1': 18, '2': 60, '3': 54, '4': 32, '5': 56, '6': 58, '7': 30, '8': 52, '9': 62, '10': 28, '11': 22, '12': 64, '13': 66, '14': 26}, 'arch': {'width': 17, 'height': 5, 'alg_qubits': [18, 52, 20, 54, 22, 56, 24, 58, 26, 60, 28, 62, 30, 64, 32, 66], 'magic_states': [1, 3, 5, 7, 9, 11, 13, 15, 33, 67, 83, 81, 79, 77, 75, 73, 71, 69, 17, 51]}, 'gates': [[14, 12], [13], [14, 13], [14], [13], [12], [12, 13], [14, 12], [13, 14], [6], [1], [0], [1, 6], [0, 1], [6, 0], [1], [6, 1], [6], [1], [0], [0, 1], [6, 0], [1, 6], [7], [2], [1], [2, 7], [1, 2], [7, 1], [2], [7, 2], [7], [2], [1], [1, 2], [7, 1], [2, 7], [8], [3], [2], [3, 8], [2, 3], [8, 2], [3], [8, 3], [8], [3], [2], [2, 3], [8, 2], [3, 8], [9], [4], [3], [4, 9], [3, 4], [9, 3], [4], [9, 4], [9], [4], [3], [3, 4], [9, 3], [4, 9], [10], [5], [4], [5, 10], [4, 5], [10, 4], [5], [10, 5], [10], [5], [4], [4, 5], [10, 4], [5, 10], [12], [11]]}","{'map': {'0': 26, '1': 32, '2': 62, '3': 18, '4': 58, '5': 56, '6': 22, '7': 54, '8': 28, '9': 60, '10': 24, '11': 64, '12': 20, '13': 30, '14': 66}, 'arch': {'width': 17, 'height': 5, 'alg_qubits': [18, 52, 20, 54, 22, 56, 24, 58, 26, 60, 28, 62, 30, 64, 32, 66], 'magic_states': [1, 3, 5, 7, 9, 11, 13, 15, 33, 67, 83, 81, 79, 77, 75, 73, 71, 69, 17, 51]}, 'gates': [[13, 14], [6], [1], [0], [1, 6], [0, 1], [6, 0], [1], [6, 1], [6], [1], [0], [0, 1], [6, 0], [1, 6], [7], [2], [1], [2, 7], [1, 2], [7, 1], [2], [7, 2], [7], [2], [1], [1, 2], [7, 1], [2, 7], [8], [3], [2], [3, 8], [2, 3], [8, 2], [3], [8, 3], [8], [3], [2], [2, 3], [8, 2], [3, 8], [9], [4], [3], [4, 9], [3, 4], [9, 3], [4], [9, 4], [9], [4], [3], [3, 4], [9, 3], [4, 9], [10], [5], [4], [5, 10], [4, 5], [10, 4], [5], [10, 5], [10], [5], [4], [4, 5], [10, 4], [5, 10], [12], [11], [5], [11, 12], [5, 11], [12, 5], [11], [12, 11], [12], [11]]}","{'map': {'0': 26, '1': 32, '2': 62, '3': 18, '4': 58, '5': 56, '6': 22, '7': 54, '8': 28, '9': 60, '10': 24, '11': 64, '12': 20, '13': 30, '14': 66}, 'arch': {'width': 17, 'height': 5, 'alg_qubits': [18, 52, 20, 54, 22, 56, 24, 58, 26, 60, 28, 62, 30, 64, 32, 66], 'magic_states': [1, 3, 5, 7, 9, 11, 13, 15, 33, 67, 83, 81, 79, 77, 75, 73, 71, 69, 17, 51]}, 'gates': [[13, 14], [6], [1], [0], [1, 6], [0, 1], [6, 0], [1], [6, 1], [6], [1], [0], [0, 1], [6, 0], [1, 6], [7], [2], [1], [2, 7], [1, 2], [7, 1], [2], [7, 2], [7], [2], [1], [1, 2], [7, 1], [2, 7], [8], [3], [2], [3, 8], [2, 3], [8, 2], [3], [8, 3], [8], [3], [2], [2, 3], [8, 2], [3, 8], [9], [4], [3], [4, 9], [3, 4], [9, 3], [4], [9, 4], [9], [4], [3], [3, 4], [9, 3], [4, 9], [10], [5], [4], [5, 10], [4, 5], [10, 4], [5], [10, 5], [10], [5], [4], [4, 5], [10, 4], [5, 10], [12], [11], [5], [11, 12], [5, 11], [12, 5], [11], [12, 11], [12], [11]]}"
jku_suite_11.qasm,"{'map': {'0': 42, '1': 20, '2': 14, '3': 40, '4': 38, '5': 16, '6': 36, '7': 12, '8': 34, '9': 28}, 'arch': {'width': 11, 'height': 5, 'alg_qubits': [12, 34, 14, 36, 16, 38, 18, 40, 20, 42], 'magic_states': [1, 3, 5, 7, 9, 21, 43, 53, 51, 49, 47, 45, 11, 33]}, 'gates': [[4, 9], [1], [5], [0], [5, 1], [0, 5], [1, 0], [5], [1, 5], [1], [5], [0], [0, 5], [1, 0], [5, 1], [9], [4], [5], [4, 9], [5, 4], [9, 5], [4], [9, 4], [9], [4], [5], [5, 4], [9, 5], [4, 9], [8], [3], [4], [3, 8], [4, 3], [8, 4], [3], [8, 3], [8], [3], [4], [4, 3], [8, 4], [3, 8], [6], [7], [3], [7, 6], [3, 7], [6, 3], [7], [6, 7], [6], [7], [3], [3, 7], [6, 3], [7, 6], [8], [3], [4], [3, 8], [4, 3], [8, 4], [3], [8, 3], [8], [3], [4], [4, 3], [8, 4], [3, 8], [9], [4], [5], [4, 9], [5, 4], [9, 5], [4], [9, 4], [9], [4]]}","{'map': {'0': 42, '1': 14, '2': 34, '3': 16, '4': 12, '5': 40, '6': 38, '7': 18, '8': 36, '9': 20}, 'arch': {'width': 11, 'height': 5, 'alg_qubits': [12, 34, 14, 36, 16, 38, 18, 40, 20, 42], 'magic_states': [1, 3, 5, 7, 9, 21, 43, 53, 51, 49, 47, 45, 11, 33]}, 'gates': [[6, 7], [5], [8], [2], [8, 5], [2, 8], [5, 2], [8], [5, 8], [5], [8], [2], [2, 8], [5, 2], [8, 5], [4], [2], [1], [2, 4], [1, 2], [4, 1], [2], [4, 2], [4], [2], [1], [1, 2], [4, 1], [2, 4], [0], [3], [9], [3, 0], [9, 3], [0, 9], [3], [0, 3], [0], [3], [9], [9, 3], [0, 9], [3, 0], [2], [1], [3], [1, 2], [3, 1], [2, 3], [1], [2, 1], [2], [1], [3], [3, 1], [2, 3], [1, 2], [0], [3], [9], [3, 0], [9, 3], [0, 9], [3], [0, 3], [0], [3], [9], [9, 3], [0, 9], [3, 0], [2], [1], [3], [1, 2], [3, 1], [2, 3], [1], [2, 1], [2], [1]]}","{'map': {'0': 40, '1': 34, '2': 36, '3': 18, '4': 20, '5': 12, '6': 16, '7': 42, '8': 38, '9': 14}, 'arch': {'width': 11, 'height': 5, 'alg_qubits': [12, 34, 14, 36, 16, 38, 18, 40, 20, 42], 'magic_states': [1, 3, 5, 7, 9, 21, 43, 53, 51, 49, 47, 45, 11, 33]}, 'gates': [[6, 7], [5], [8], [2], [8, 5], [2, 8], [5, 2], [8], [5, 8], [5], [8], [2], [2, 8], [5, 2], [8, 5], [4], [2], [1], [2, 4], [1, 2], [4, 1], [2], [4, 2], [4], [2], [1], [1, 2], [4, 1], [2, 4], [0], [3], [9], [3, 0], [9, 3], [0, 9], [3], [0, 3], [0], [3], [9], [9, 3], [0, 9], [3, 0], [2], [1], [3], [1, 2], [3, 1], [2, 3], [1], [2, 1], [2], [1], [3], [3, 1], [2, 3], [1, 2], [0], [3], [9], [3, 0], [9, 3], [0, 9], [3], [0, 3], [0], [3], [9], [9, 3], [0, 9], [3, 0], [2], [1], [3], [1, 2], [3, 1], [2, 3], [1], [2, 1], [2], [1]]}","{'map': {'0': 42, '1': 14, '2': 34, '3': 16, '4': 12, '5': 40, '6': 38, '7': 18, '8': 36, '9': 20}, 'arch': {'width': 11, 'height': 5, 'alg_qubits': [12, 34, 14, 36, 16, 38, 18, 40, 20, 42], 'magic_states': [1, 3, 5, 7, 9, 21, 43, 53, 51, 49, 47, 45, 11, 33]}, 'gates': [[6, 7], [5], [8], [2], [8, 5], [2, 8], [5, 2], [8], [5, 8], [5], [8], [2], [2, 8], [5, 2], [8, 5], [4], [2], [1], [2, 4], [1, 2], [4, 1], [2], [4, 2], [4], [2], [1], [1, 2], [4, 1], [2, 4], [0], [3], [9], [3, 0], [9, 3], [0, 9], [3], [0, 3], [0], [3], [9], [9, 3], [0, 9], [3, 0], [2], [1], [3], [1, 2], [3, 1], [2, 3], [1], [2, 1], [2], [1], [3], [3, 1], [2, 3], [1, 2], [0], [3], [9], [3, 0], [9, 3], [0, 9], [3], [0, 3], [0], [3], [9], [9, 3], [0, 9], [3, 0], [2], [1], [3], [1, 2], [3, 1], [2, 3], [1], [2, 1], [2], [1]]}","{'map': {'0': 16, '1': 40, '2': 14, '3': 20, '4': 36, '5': 18, '6': 38, '7': 12, '8': 42, '9': 34}, 'arch': {'width': 11, 'height': 5, 'alg_qubits': [12, 34, 14, 36, 16, 38, 18, 40, 20, 42], 'magic_states': [1, 3, 5, 7, 9, 21, 43, 53, 51, 49, 47, 45, 11, 33]}, 'gates': [[2], [4], [3], [3, 4], [2, 3], [4, 2], [6], [3], [5], [3, 6], [5, 3], [6, 5], [3], [6, 3], [6], [3], [5], [5, 3], [6, 5], [3, 6], [7], [5], [9], [5, 7], [9, 5], [7, 9], [5], [7, 5], [7], [5], [9], [9, 5], [7, 9], [5, 7], [8], [9], [1], [9, 8], [1, 9], [8, 1], [9], [8, 9], [8], [9], [1], [1, 9], [8, 1], [9, 8], [7], [4], [9], [4, 7], [9, 4], [7, 9], [4], [7, 4], [7], [4], [9], [9, 4], [7, 9], [4, 7], [6], [3], [4], [3, 6], [4, 3], [6, 4], [3], [6, 3], [6], [3], [4], [4, 3], [6, 4], [3, 6], [0], [5], [3], [5, 0], [3, 5]]}"
autobraid_34.qasm,"{'map': {'0': 50, '1': 48, '2': 46, '3': 22, '4': 16, '5': 44, '6': 24, '7': 14, '8': 20, '9': 42, '10': 18}, 'arch': {'width': 13, 'height': 5, 'alg_qubits': [14, 40, 16, 42, 18, 44, 20, 46, 22, 48, 24, 50], 'magic_states': [1, 3, 5, 7, 9, 11, 25, 51, 63, 61, 59, 57, 55, 53, 13, 39]}, 'gates': [[7], [4], [5], [4, 7], [5, 4], [7, 5], [4], [7, 4], [7], [4], [5], [5, 4], [7, 5], [4, 7], [10], [9], [0], [9, 10], [0, 9], [10, 0], [9], [10, 9], [10], [9], [0], [0, 9], [10, 0], [9, 10], [1], [8], [9], [8, 1], [9, 8], [1, 9], [8], [1, 8], [1], [8], [9], [9, 8], [1, 9], [8, 1], [2], [7], [8], [7, 2], [8, 7], [2, 8], [7], [2, 7], [2], [7], [8], [8, 7], [2, 8], [7, 2], [3], [6], [7], [6, 3], [7, 6], [3, 7], [6], [3, 6], [3], [6], [7], [7, 6], [3, 7], [6, 3], [5], [4], [6], [4, 5], [6, 4], [5, 6], [4], [5, 4], [5], [4], [6]]}","{'map': {'0': 50, '1': 48, '2': 46, '3': 22, '4': 16, '5': 44, '6': 24, '7': 14, '8': 20, '9': 42, '10': 18}, 'arch': {'width': 13, 'height': 5, 'alg_qubits': [14, 40, 16, 42, 18, 44, 20, 46, 22, 48, 24, 50], 'magic_states': [1, 3, 5, 7, 9, 11, 25, 51, 63, 61, 59, 57, 55, 53, 13, 39]}, 'gates': [[7], [4], [5], [4, 7], [5, 4], [7, 5], [4], [7, 4], [7], [4], [5], [5, 4], [7, 5], [4, 7], [10], [9], [0], [9, 10], [0, 9], [10, 0], [9], [10, 9], [10], [9], [0], [0, 9], [10, 0], [9, 10], [1], [8], [9], [8, 1], [9, 8], [1, 9], [8], [1, 8], [1], [8], [9], [9, 8], [1, 9], [8, 1], [2], [7], [8], [7, 2], [8, 7], [2, 8], [7], [2, 7], [2], [7], [8], [8, 7], [2, 8], [7, 2], [3], [6], [7], [6, 3], [7, 6], [3, 7], [6], [3, 6], [3], [6], [7], [7, 6], [3, 7], [6, 3], [5], [4], [6], [4, 5], [6, 4], [5, 6], [4], [5, 4], [5], [4], [6]]}","{'map': {'0': 18, '1': 46, '2': 24, '3': 50, '4': 22, '5': 16, '6': 40, '7': 48, '8': 44, '9': 14, '10': 20}, 'arch': {'width': 13, 'height': 5, 'alg_qubits': [14, 40, 16, 42, 18, 44, 20, 46, 22, 48, 24, 50], 'magic_states': [1, 3, 5, 7, 9, 11, 25, 51, 63, 61, 59, 57, 55, 53, 13, 39]}, 'gates': [[7], [2], [1], [1, 2], [7, 1], [2, 7], [0], [6], [2], [6, 0], [2, 6], [0, 2], [6], [0, 6], [0], [6], [2], [2, 6], [0, 2], [6, 0], [7], [2], [1], [2, 7], [1, 2], [7, 1], [2], [7, 2], [7], [2], [1], [1, 2], [7, 1], [2, 7], [10], [9], [8], [9, 10], [8, 9], [10, 8], [9], [10, 9], [10], [9], [8], [8, 9], [10, 8], [9, 10], [5], [6], [0], [6, 5], [0, 6], [5, 0], [6], [5, 6], [5], [6], [0], [0, 6], [5, 0], [6, 5], [4], [7], [6], [7, 4], [6, 7], [4, 6], [7], [4, 7], [4], [7], [6], [6, 7], [4, 6], [7, 4], [3], [8], [7], [8, 3], [7, 8]]}","{'map': {'0': 40, '1': 44, '2': 24, '3': 46, '4': 48, '5': 16, '6': 14, '7': 22, '8': 20, '9': 18, '10': 50}, 'arch': {'width': 13, 'height': 5, 'alg_qubits': [14, 40, 16, 42, 18, 44, 20, 46, 22, 48, 24, 50], 'magic_states': [1, 3, 5, 7, 9, 11, 25, 51, 63, 61, 59, 57, 55, 53, 13, 39]}, 'gates': [[7], [2], [1], [1, 2], [7, 1], [2, 7], [0], [6], [2], [6, 0], [2, 6], [0, 2], [6], [0, 6], [0], [6], [2], [2, 6], [0, 2], [6, 0], [7], [2], [1], [2, 7], [1, 2], [7, 1], [2], [7, 2], [7], [2], [1], [1, 2], [7, 1], [2, 7], [10], [9], [8], [9, 10], [8, 9], [10, 8], [9], [10, 9], [10], [9], [8], [8, 9], [10, 8], [9, 10], [5], [6], [0], [6, 5], [0, 6], [5, 0], [6], [5, 6], [5], [6], [0], [0, 6], [5, 0], [6, 5], [4], [7], [6], [7, 4], [6, 7], [4, 6], [7], [4, 7], [4], [7], [6], [6, 7], [4, 6], [7, 4], [3], [8], [7], [8, 3], [7, 8]]}","{'map': {'0': 40, '1': 44, '2': 24, '3': 46, '4': 48, '5': 16, '6': 14, '7': 22, '8': 20, '9': 18, '10': 50}, 'arch': {'width': 13, 'height': 5, 'alg_qubits': [14, 40, 16, 42, 18, 44, 20, 46, 22, 48, 24, 50], 'magic_states': [1, 3, 5, 7, 9, 11, 25, 51, 63, 61, 59, 57, 55, 53, 13, 39]}, 'gates': [[7], [2], [1], [1, 2], [7, 1], [2, 7], [0], [6], [2], [6, 0], [2, 6], [0, 2], [6], [0, 6], [0], [6], [2], [2, 6], [0, 2], [6, 0], [7], [2], [1], [2, 7], [1, 2], [7, 1], [2], [7, 2], [7], [2], [1], [1, 2], [7, 1], [2, 7], [10], [9], [8], [9, 10], [8, 9], [10, 8], [9], [10, 9], [10], [9], [8], [8, 9], [10, 8], [9, 10], [5], [6], [0], [6, 5], [0, 6], [5, 0], [6], [5, 6], [5], [6], [0], [0, 6], [5, 0], [6, 5], [4], [7], [6], [7, 4], [6, 7], [4, 6], [7], [4, 7], [4], [7], [6], [6, 7], [4, 6], [7, 4], [3], [8], [7], [8, 3], [7, 8]]}"
jku_suite_74.qasm,"{'map': {'0': 38, '1': 12, '2': 18, '3': 34, '4': 36, '5': 40, '6': 42, '7': 20, '8': 16}, 'arch': {'width': 11, 'height': 5, 'alg_qubits': [12, 34, 14, 36, 16, 38, 18, 40, 20, 42], 'magic_states': [1, 3, 5, 7, 9, 21, 43, 53, 51, 49, 47, 45, 11, 33]}, 'gates': [[8, 5], [4], [2], [1], [2, 4], [1, 2], [4, 1], [2], [4, 2], [4], [2], [1], [1, 2], [4, 1], [2, 4], [3], [1], [0], [1, 3], [0, 1], [3, 0], [1], [3, 1], [3], [1], [0], [0, 1], [3, 0], [1, 3], [4], [2], [1], [2, 4], [1, 2], [4, 1], [2], [4, 2], [4], [2], [1], [1, 2], [4, 1], [2, 4], [5], [8], [2], [8, 5], [2, 8], [5, 2], [8], [5, 8], [5], [8], [2], [2, 8], [5, 2], [8, 5], [7], [6], [8], [6, 7], [8, 6], [7, 8], [6], [7, 6], [7], [6], [8], [8, 6], [7, 8], [6, 7], [5], [8], [2], [8, 5], [2, 8], [5, 2], [8], [5, 8], [5], [8]]}","{'map': {'0': 38, '1': 12, '2': 18, '3': 34, '4': 36, '5': 40, '6': 42, '7': 20, '8': 16}, 'arch': {'width': 11, 'height': 5, 'alg_qubits': [12, 34, 14, 36, 16, 38, 18, 40, 20, 42], 'magic_states': [1, 3, 5, 7, 9, 21, 43, 53, 51, 49, 47, 45, 11, 33]}, 'gates': [[8, 5], [4], [2], [1], [2, 4], [1, 2], [4, 1], [2], [4, 2], [4], [2], [1], [1, 2], [4, 1], [2, 4], [3], [1], [0], [1, 3], [0, 1], [3, 0], [1], [3, 1], [3], [1], [0], [0, 1], [3, 0], [1, 3], [4], [2], [1], [2, 4], [1, 2], [4, 1], [2], [4, 2], [4], [2], [1], [1, 2], [4, 1], [2, 4], [5], [8], [2], [8, 5], [2, 8], [5, 2], [8], [5, 8], [5], [8], [2], [2, 8], [5, 2], [8, 5], [7], [6], [8], [6, 7], [8, 6], [7, 8], [6], [7, 6], [7], [6], [8], [8, 6], [7, 8], [6, 7], [5], [8], [2], [8, 5], [2, 8], [5, 2], [8], [5, 8], [5], [8]]}","{'map': {'0': 38, '1': 12, '2': 18, '3': 34, '4': 36, '5': 40, '6': 42, '7': 20, '8': 16}, 'arch': {'width': 11, 'height': 5, 'alg_qubits': [12, 34, 14, 36, 16, 38, 18, 40, 20, 42], 'magic_states': [1, 3, 5, 7, 9, 21, 43, 53, 51, 49, 47, 45, 11, 33]}, 'gates': [[8, 5], [4], [2], [1], [2, 4], [1, 2], [4, 1], [2], [4, 2], [4], [2], [1], [1, 2], [4, 1], [2, 4], [3], [1], [0], [1, 3], [0, 1], [3, 0], [1], [3, 1], [3], [1], [0], [0, 1], [3, 0], [1, 3], [4], [2], [1], [2, 4], [1, 2], [4, 1], [2], [4, 2], [4], [2], [1], [1, 2], [4, 1], [2, 4], [5], [8], [2], [8, 5], [2, 8], [5, 2], [8], [5, 8], [5], [8], [2], [2, 8], [5, 2], [8, 5], [7], [6], [8], [6, 7], [8, 6], [7, 8], [6], [7, 6], [7], [6], [8], [8, 6], [7, 8], [6, 7], [5], [8], [2], [8, 5], [2, 8], [5, 2], [8], [5, 8], [5], [8]]}","{'map': {'0': 40, '1': 12, '2': 42, '3': 20, '4': 34, '5': 18, '6': 36, '7': 14, '8': 38}, 'arch': {'width': 11, 'height': 5, 'alg_qubits': [12, 34, 14, 36, 16, 38, 18, 40, 20, 42], 'magic_states': [1, 3, 5, 7, 9, 21, 43, 53, 51, 49, 47, 45, 11, 33]}, 'gates': [[6, 7], [5], [8], [2], [8, 5], [2, 8], [5, 2], [8], [5, 8], [5], [8], [2], [2, 8], [5, 2], [8, 5], [4], [2], [1], [2, 4], [1, 2], [4, 1], [2], [4, 2], [4], [2], [1], [1, 2], [4, 1], [2, 4], [3], [1], [0], [1, 3], [0, 1], [3, 0], [1], [3, 1], [3], [1], [0], [0, 1], [3, 0], [1, 3], [4], [2], [1], [2, 4], [1, 2], [4, 1], [2], [4, 2], [4], [2], [1], [1, 2], [4, 1], [2, 4], [5], [8], [2], [8, 5], [2, 8], [5, 2], [8], [5, 8], [5], [8], [2], [2, 8], [5, 2], [8, 5], [7], [6], [8], [6, 7], [8, 6], [7, 8], [6], [7, 6], [7], [6]]}","{'map': {'0': 40, '1': 12, '2': 42, '3': 20, '4': 34, '5': 18, '6': 36, '7': 14, '8': 38}, 'arch': {'width': 11, 'height': 5, 'alg_qubits': [12, 34, 14, 36, 16, 38, 18, 40, 20, 42], 'magic_states': [1, 3, 5, 7, 9, 21, 43, 53, 51, 49, 47, 45, 11, 33]}, 'gates': [[6, 7], [5], [8], [2], [8, 5], [2, 8], [5, 2], [8], [5, 8], [5], [8], [2], [2, 8], [5, 2], [8, 5], [4], [2], [1], [2, 4], [1, 2], [4, 1], [2], [4, 2], [4], [2], [1], [1, 2], [4, 1], [2, 4], [3], [1], [0], [1, 3], [0, 1], [3, 0], [1], [3, 1], [3], [1], [0], [0, 1], [3, 0], [1, 3], [4], [2], [1], [2, 4], [1, 2], [4, 1], [2], [4, 2], [4], [2], [1], [1, 2], [4, 1], [2, 4], [5], [8], [2], [8, 5], [2, 8], [5, 2], [8], [5, 8], [5], [8], [2], [2, 8], [5, 2], [8, 5], [7], [6], [8], [6, 7], [8, 6], [7, 8], [6], [7, 6], [7], [6]]}"
jku_suite_31.qasm,"{'map': {'0': 16, '1': 40, '2': 14, '3': 20, '4': 36, '5': 18, '6': 38, '7': 12, '8': 42, '9': 34}, 'arch': {'width': 11, 'height': 5, 'alg_qubits': [12, 34, 14, 36, 16, 38, 18, 40, 20, 42], 'magic_states': [1, 3, 5, 7, 9, 21, 43, 53, 51, 49, 47, 45, 11, 33]}, 'gates': [[2], [4], [3], [3, 4], [2, 3], [4, 2], [6], [3], [5], [3, 6], [5, 3], [6, 5], [3], [6, 3], [6], [3], [5], [5, 3], [6, 5], [3, 6], [7], [5], [9], [5, 7], [9, 5], [7, 9], [5], [7, 5], [7], [5], [9], [9, 5], [7, 9], [5, 7], [8], [9], [1], [9, 8], [1, 9], [8, 1], [9], [8, 9], [8], [9], [1], [1, 9], [8, 1], [9, 8], [7], [4], [9], [4, 7], [9, 4], [7, 9], [4], [7, 4], [7], [4], [9], [9, 4], [7, 9], [4, 7], [6], [3], [4], [3, 6], [4, 3], [6, 4], [3], [6, 3], [6], [3], [4], [4, 3], [6, 4], [3, 6], [0], [5], [3], [5, 0], [3, 5]]}","{'map': {'0': 14, '1': 16, '2': 36, '3': 20, '4': 38, '5': 12, '6': 40, '7': 18, '8': 42, '9': 34}, 'arch': {'width': 11, 'height': 5, 'alg_qubits': [12, 34, 14, 36, 16, 38, 18, 40, 20, 42], 'magic_states': [1, 3, 5, 7, 9, 21, 43, 53, 51, 49, 47, 45, 11, 33]}, 'gates': [[4, 9], [8], [4, 8], [4], [8], [9], [9, 8], [4, 9], [8, 4], [2], [3], [8], [3, 2], [8, 3], [2, 8], [3], [2, 3], [2], [3], [8], [8, 3], [2, 8], [3, 2], [4], [8], [9], [8, 4], [9, 8], [4, 9], [8], [4, 8], [4], [8], [9], [9, 8], [4, 9], [8, 4], [1], [5], [0], [5, 1], [0, 5], [1, 0], [5], [1, 5], [1], [5], [0], [0, 5], [1, 0], [5, 1], [9], [4], [5], [4, 9], [5, 4], [9, 5], [4], [9, 4], [9], [4], [5], [5, 4], [9, 5], [4, 9], [8], [3], [4], [3, 8], [4, 3], [8, 4], [3], [8, 3], [8], [3], [4], [4, 3], [8, 4], [3, 8], [6], [7]]}","{'map': {'0': 42, '1': 20, '2': 14, '3': 40, '4': 38, '5': 16, '6': 36, '7': 12, '8': 34, '9': 28}, 'arch': {'width': 11, 'height': 5, 'alg_qubits': [12, 34, 14, 36, 16, 38, 18, 40, 20, 42], 'magic_states': [1, 3, 5, 7, 9, 21, 43, 53, 51, 49, 47, 45, 11, 33]}, 'gates': [[4, 9], [1], [5], [0], [5, 1], [0, 5], [1, 0], [5], [1, 5], [1], [5], [0], [0, 5], [1, 0], [5, 1], [9], [4], [5], [4, 9], [5, 4], [9, 5], [4], [9, 4], [9], [4], [5], [5, 4], [9, 5], [4, 9], [8], [3], [4], [3, 8], [4, 3], [8, 4], [3], [8, 3], [8], [3], [4], [4, 3], [8, 4], [3, 8], [6], [7], [3], [7, 6], [3, 7], [6, 3], [7], [6, 7], [6], [7], [3], [3, 7], [6, 3], [7, 6], [8], [3], [4], [3, 8], [4, 3], [8, 4], [3], [8, 3], [8], [3], [4], [4, 3], [8, 4], [3, 8], [9], [4], [5], [4, 9], [5, 4], [9, 5], [4], [9, 4], [9], [4]]}","{'map': {'0': 40, '1': 34, '2': 36, '3': 18, '4': 20, '5': 12, '6': 16, '7': 42, '8': 38, '9': 14}, 'arch': {'width': 11, 'height': 5, 'alg_qubits': [12, 34, 14, 36, 16, 38, 18, 40, 20, 42], 'magic_states': [1, 3, 5, 7, 9, 21, 43, 53, 51, 49, 47, 45, 11, 33]}, 'gates': [[6, 7], [5], [8], [2], [8, 5], [2, 8], [5, 2], [8], [5, 8], [5], [8], [2], [2, 8], [5, 2], [8, 5], [4], [2], [1], [2, 4], [1, 2], [4, 1], [2], [4, 2], [4], [2], [1], [1, 2], [4, 1], [2, 4], [0], [3], [9], [3, 0], [9, 3], [0, 9], [3], [0, 3], [0], [3], [9], [9, 3], [0, 9], [3, 0], [2], [1], [3], [1, 2], [3, 1], [2, 3], [1], [2, 1], [2], [1], [3], [3, 1], [2, 3], [1, 2], [0], [3], [9], [3, 0], [9, 3], [0, 9], [3], [0, 3], [0], [3], [9], [9, 3], [0, 9], [3, 0], [2], [1], [3], [1, 2], [3, 1], [2, 3], [1], [2, 1], [2], [1]]}","{'map': {'0': 42, '1': 14, '2': 34, '3': 16, '4': 12, '5': 40, '6': 38, '7': 18, '8': 36, '9': 20}, 'arch': {'width': 11, 'height': 5, 'alg_qubits': [12, 34, 14, 36, 16, 38, 18, 40, 20, 42], 'magic_states': [1, 3, 5, 7, 9, 21, 43, 53, 51, 49, 47, 45, 11, 33]}, 'gates': [[6, 7], [5], [8], [2], [8, 5], [2, 8], [5, 2], [8], [5, 8], [5], [8], [2], [2, 8], [5, 2], [8, 5], [4], [2], [1], [2, 4], [1, 2], [4, 1], [2], [4, 2], [4], [2], [1], [1, 2], [4, 1], [2, 4], [0], [3], [9], [3, 0], [9, 3], [0, 9], [3], [0, 3], [0], [3], [9], [9, 3], [0, 9], [3, 0], [2], [1], [3], [1, 2], [3, 1], [2, 3], [1], [2, 1], [2], [1], [3], [3, 1], [2, 3], [1, 2], [0], [3], [9], [3, 0], [9, 3], [0, 9], [3], [0, 3], [0], [3], [9], [9, 3], [0, 9], [3, 0], [2], [1], [3], [1, 2], [3, 1], [2, 3], [1], [2, 1], [2], [1]]}"
quarl_suite_6.qasm,"{'map': {'0': 14, '1': 30, '2': 34, '3': 16, '4': 10, '5': 28, '6': 12, '7': 32}, 'arch': {'width': 9, 'height': 5, 'alg_qubits': [10, 28, 12, 30, 14, 32, 16, 34], 'magic_states': [1, 3, 5, 7, 17, 35, 43, 41, 39, 37, 9, 27]}, 'gates': [[0, 2], [1, 5], [0, 2], [1, 5], [2, 3], [0, 6], [1, 7], [4, 5], [2, 3], [0, 6], [1, 7], [4, 5], [3, 7], [4, 6], [1, 5], [0, 2], [3, 7], [4, 6], [1, 5], [0, 2], [4, 5], [2, 3], [0, 6], [1, 7], [4, 5], [2, 3], [0, 6], [1, 7], [4, 6], [3, 7], [4, 6], [3, 7]]}","{'map': {'0': 14, '1': 30, '2': 12, '3': 10, '4': 28, '5': 16, '6': 32, '7': 34}, 'arch': {'width': 9, 'height': 5, 'alg_qubits': [10, 28, 12, 30, 14, 32, 16, 34], 'magic_states': [1, 3, 5, 7, 17, 35, 43, 41, 39, 37, 9, 27]}, 'gates': [[0, 1], [0], [1], [6], [6, 1], [0, 6], [1, 0], [2], [6], [7], [6, 2], [7, 6], [2, 7], [6], [2, 6], [2], [6], [7], [7, 6], [2, 7], [6, 2], [0], [1], [6], [1, 0], [6, 1], [0, 6], [1], [0, 1], [0], [1], [6], [6, 1], [0, 6], [1, 0], [7], [2], [6], [2, 7], [6, 2], [7, 6], [2], [7, 2], [7], [2], [6], [6, 2], [7, 6], [2, 7], [5], [1], [2], [1, 5], [2, 1], [5, 2], [1], [5, 1], [5], [1], [2], [2, 1], [5, 2], [1, 5], [3], [4], [1], [4, 3], [1, 4], [3, 1], [4], [3, 4], [3], [4], [1], [1, 4], [3, 1], [4, 3], [5], [1], [2], [1, 5]]}","{'map': {'0': 16, '1': 28, '2': 14, '3': 30, '4': 32, '5': 10, '6': 12}, 'arch': {'width': 9, 'height': 5, 'alg_qubits': [10, 28, 12, 30, 14, 32, 16, 34], 'magic_states': [1, 3, 5, 7, 17, 35, 43, 41, 39, 37, 9, 27]}, 'gates': [[4], [3], [6], [3, 4], [6, 3], [4, 6], [3], [4, 3], [4], [3], [6], [6, 3], [4, 6], [3, 4], [2], [6], [5], [6, 2], [5, 6], [2, 5], [6], [2, 6], [2], [6], [5], [5, 6], [2, 5], [6, 2], [0], [5], [1], [5, 0], [1, 5], [0, 1], [5], [0, 5], [0], [5], [1], [1, 5], [0, 1], [5, 0], [2], [6], [5], [6, 2], [5, 6], [2, 5], [6], [2, 6], [2], [6], [5], [5, 6], [2, 5], [6, 2], [4], [3], [6], [3, 4], [6, 3], [4, 6], [3], [4, 3], [4], [3], [6], [6, 3], [4, 6], [3, 4], [2], [6], [5], [6, 2], [5, 6], [2, 5], [6], [2, 6], [2], [6], [5]]}","{'map': {'0': 30, '1': 10, '2': 34, '3': 32, '4': 28, '5': 14, '6': 16, '7': 12}, 'arch': {'width': 9, 'height': 5, 'alg_qubits': [10, 28, 12, 30, 14, 32, 16, 34], 'magic_states': [1, 3, 5, 7, 17, 35, 43, 41, 39, 37, 9, 27]}, 'gates': [[2], [6], [5], [5, 6], [2, 5], [6, 2], [4], [3], [6], [3, 4], [6, 3], [4, 6], [3], [4, 3], [4], [3], [6], [6, 3], [4, 6], [3, 4], [2], [6], [5], [6, 2], [5, 6], [2, 5], [6], [2, 6], [2], [6], [5], [5, 6], [2, 5], [6, 2], [4], [1], [0], [1, 4], [0, 1], [4, 0], [1], [4, 1], [4], [1], [0], [0, 1], [4, 0], [1, 4], [5], [2], [1], [2, 5], [1, 2], [5, 1], [2], [5, 2], [5], [2], [1], [1, 2], [5, 1], [2, 5], [7], [6], [2], [6, 7], [2, 6], [7, 2], [6], [7, 6], [7], [6], [2], [2, 6], [7, 2], [6, 7], [5], [2], [1], [2, 5], [1, 2]]}","{'map': {'0': 28, '1': 10, '2': 34, '3': 14, '4': 30, '5': 12, '6': 16}, 'arch': {'width': 9, 'height': 5, 'alg_qubits': [10, 28, 12, 30, 14, 32, 16, 34], 'magic_states': [1, 3, 5, 7, 17, 35, 43, 41, 39, 37, 9, 27]}, 'gates': [[6, 2], [0], [5], [1], [5, 0], [1, 5], [0, 1], [5], [0, 5], [0], [5], [1], [1, 5], [0, 1], [5, 0], [2], [6], [5], [6, 2], [5, 6], [2, 5], [6], [2, 6], [2], [6], [5], [5, 6], [2, 5], [6, 2], [4], [3], [6], [3, 4], [6, 3], [4, 6], [3], [4, 3], [4], [3], [6], [6, 3], [4, 6], [3, 4], [2], [6], [5], [6, 2], [5, 6], [2, 5], [6], [2, 6], [2], [6], [5], [5, 6], [2, 5], [6, 2], [4], [1], [0], [1, 4], [0, 1], [4, 0], [1], [4, 1], [4], [1], [0], [0, 1], [4, 0], [1, 4], [5], [2], [1], [2, 5], [1, 2], [5, 1], [2], [5, 2], [5], [2]]}"
quarl_suite_17.qasm,"{'map': {'0': 46, '1': 56, '2': 24, '3': 18, '4': 48, '5': 58, '6': 50, '7': 20, '8': 16, '9': 28, '10': 52, '11': 54, '12': 22}, 'arch': {'width': 15, 'height': 5, 'alg_qubits': [16, 46, 18, 48, 20, 50, 22, 52, 24, 54, 26, 56, 28, 58], 'magic_states': [1, 3, 5, 7, 9, 11, 13, 29, 59, 73, 71, 69, 67, 65, 63, 61, 15, 45]}, 'gates': [[2, 1], [6, 2], [1, 6], [2], [1, 2], [1], [2], [6], [6, 2], [1, 6], [2, 1], [3], [6], [7], [6, 3], [7, 6], [3, 7], [6], [3, 6], [3], [6], [7], [7, 6], [3, 7], [6, 3], [4], [7], [9], [7, 4], [9, 7], [4, 9], [7], [4, 7], [4], [7], [9], [9, 7], [4, 9], [7, 4], [5], [9], [11], [9, 5], [11, 9], [5, 11], [9], [5, 9], [5], [9], [11], [11, 9], [5, 11], [9, 5], [8], [11], [12], [11, 8], [12, 11], [8, 12], [11], [8, 11], [8], [11], [12], [12, 11], [8, 12], [11, 8], [10], [12], [0], [12, 10], [0, 12], [10, 0], [12], [10, 12], [10], [12], [0], [0, 12], [10, 0], [12, 10]]}","{'map': {'0': 18, '1': 54, '2': 22, '3': 48, '4': 56, '5': 16, '6': 20, '7': 52, '8': 50, '9': 24, '10': 58, '11': 28, '12': 46}, 'arch': {'width': 15, 'height': 5, 'alg_qubits': [16, 46, 18, 48, 20, 50, 22, 52, 24, 54, 26, 56, 28, 58], 'magic_states': [1, 3, 5, 7, 9, 11, 13, 29, 59, 73, 71, 69, 67, 65, 63, 61, 15, 45]}, 'gates': [[6], [0], [1], [1, 0], [6, 1], [0, 6], [4], [5], [0], [5, 4], [0, 5], [4, 0], [5], [4, 5], [4], [5], [0], [0, 5], [4, 0], [5, 4], [6], [0], [1], [0, 6], [1, 0], [6, 1], [0], [6, 0], [6], [0], [1], [1, 0], [6, 1], [0, 6], [7], [1], [2], [1, 7], [2, 1], [7, 2], [1], [7, 1], [7], [1], [2], [2, 1], [7, 2], [1, 7], [8], [2], [11], [2, 8], [11, 2], [8, 11], [2], [8, 2], [8], [2], [11], [11, 2], [8, 11], [2, 8], [9], [11], [12], [11, 9], [12, 11], [9, 12], [11], [9, 11], [9], [11], [12], [12, 11], [9, 12], [11, 9], [10], [12], [3], [12, 10], [3, 12]]}","{'map': {'0': 48, '1': 28, '2': 50, '3': 54, '4': 56, '5': 46, '6': 20, '7': 52, '8': 22, '9': 26, '10': 16, '11': 24, '12': 58}, 'arch': {'width': 15, 'height': 5, 'alg_qubits': [16, 46, 18, 48, 20, 50, 22, 52, 24, 54, 26, 56, 28, 58], 'magic_states': [1, 3, 5, 7, 9, 11, 13, 29, 59, 73, 71, 69, 67, 65, 63, 61, 15, 45]}, 'gates': [[4], [0], [7], [7, 0], [4, 7], [0, 4], [2], [3], [0], [3, 2], [0, 3], [2, 0], [3], [2, 3], [2], [3], [0], [0, 3], [2, 0], [3, 2], [4], [0], [7], [0, 4], [7, 0], [4, 7], [0], [4, 0], [4], [0], [7], [7, 0], [4, 7], [0, 4], [5], [7], [9], [7, 5], [9, 7], [5, 9], [7], [5, 7], [5], [7], [9], [9, 7], [5, 9], [7, 5], [6], [9], [10], [9, 6], [10, 9], [6, 10], [9], [6, 9], [6], [9], [10], [10, 9], [6, 10], [9, 6], [8], [10], [12], [10, 8], [12, 10], [8, 12], [10], [8, 10], [8], [10], [12], [12, 10], [8, 12], [10, 8], [11], [12], [1], [12, 11], [1, 12]]}","{'map': {'0': 46, '1': 50, '2': 56, '3': 20, '4': 48, '5': 54, '6': 24, '7': 28, '8': 52, '9': 22, '10': 58, '11': 26, '12': 16}, 'arch': {'width': 15, 'height': 5, 'alg_qubits': [16, 46, 18, 48, 20, 50, 22, 52, 24, 54, 26, 56, 28, 58], 'magic_states': [1, 3, 5, 7, 9, 11, 13, 29, 59, 73, 71, 69, 67, 65, 63, 61, 15, 45]}, 'gates': [[0, 3], [2, 0], [3, 2], [4], [0], [5], [0, 4], [5, 0], [4, 5], [0], [4, 0], [4], [0], [5], [5, 0], [4, 5], [0, 4], [7], [5], [6], [5, 7], [6, 5], [7, 6], [5], [7, 5], [7], [5], [6], [6, 5], [7, 6], [5, 7], [8], [6], [10], [6, 8], [10, 6], [8, 10], [6], [8, 6], [8], [6], [10], [10, 6], [8, 10], [6, 8], [9], [10], [12], [10, 9], [12, 10], [9, 12], [10], [9, 10], [9], [10], [12], [12, 10], [9, 12], [10, 9], [11], [12], [1], [12, 11], [1, 12], [11, 1], [12], [11, 12], [11], [12], [1], [1, 12], [11, 1], [12, 11], [9], [10], [12], [10, 9], [12, 10], [9, 12], [10], [9, 10]]}","{'map': {'0': 50, '1': 18, '2': 46, '3': 54, '4': 52, '5': 48, '6': 22, '7': 20, '8': 56, '9': 16, '10': 58, '11': 24, '12': 28, '13': 26}, 'arch': {'width': 15, 'height': 5, 'alg_qubits': [16, 46, 18, 48, 20, 50, 22, 52, 24, 54, 26, 56, 28, 58], 'magic_states': [1, 3, 5, 7, 9, 11, 13, 29, 59, 73, 71, 69, 67, 65, 63, 61, 15, 45]}, 'gates': [[4, 3], [6, 5], [8, 7], [10, 9], [12, 11], [4, 2], [0], [1], [2], [1, 0], [2, 1], [0, 2], [1], [0, 1], [0], [1], [2], [2, 1], [0, 2], [1, 0], [6, 4], [2], [3], [4], [3, 2], [4, 3], [2, 4], [3], [2, 3], [2], [3], [4], [4, 3], [2, 4], [3, 2], [8, 6], [4], [5], [6], [5, 4], [6, 5], [4, 6], [5], [4, 5], [4], [5], [6], [6, 5], [4, 6], [5, 4], [10, 8], [6], [7], [8], [7, 6], [8, 7], [6, 8], [7], [6, 7], [6], [7], [8], [8, 7], [6, 8], [7, 6], [12, 10], [8], [9], [10], [9, 8], [10, 9], [8, 10], [9], [8, 9], [8], [9], [10], [10, 9], [8, 10], [9, 8], [12, 13]]}"
jku_suite_81.qasm,"{'map': {'0': 34, '1': 28, '2': 12, '3': 32, '4': 10, '5': 16, '6': 30, '7': 14}, 'arch': {'width': 9, 'height': 5, 'alg_qubits': [10, 28, 12, 30, 14, 32, 16, 34], 'magic_states': [1, 3, 5, 7, 17, 35, 43, 41, 39, 37, 9, 27]}, 'gates': [[0], [2], [1], [1, 2], [0, 1], [2, 0], [5], [3], [2], [3, 5], [2, 3], [5, 2], [3], [5, 3], [5], [3], [2], [2, 3], [5, 2], [3, 5], [7], [6], [3], [6, 7], [3, 6], [7, 3], [6], [7, 6], [7], [6], [3], [3, 6], [7, 3], [6, 7], [5], [3], [2], [3, 5], [2, 3], [5, 2], [3], [5, 3], [5], [3], [2], [2, 3], [5, 2], [3, 5], [1], [4], [2], [4, 1], [2, 4], [1, 2], [4], [1, 4], [1], [4], [2], [2, 4], [1, 2], [4, 1], [1], [4], [3], [4, 1], [3, 4], [1, 3], [4], [1, 4], [1], [4], [3], [3, 4], [1, 3], [4, 1], [7], [6], [5], [6, 7], [5, 6]]}","{'map': {'0': 30, '1': 34, '2': 14, '3': 32, '4': 16, '5': 10, '6': 28, '7': 12}, 'arch': {'width': 9, 'height': 5, 'alg_qubits': [10, 28, 12, 30, 14, 32, 16, 34], 'magic_states': [1, 3, 5, 7, 17, 35, 43, 41, 39, 37, 9, 27]}, 'gates': [[5, 6], [4], [2], [1], [2, 4], [1, 2], [4, 1], [2], [4, 2], [4], [2], [1], [1, 2], [4, 1], [2, 4], [0], [3], [7], [3, 0], [7, 3], [0, 7], [3], [0, 3], [0], [3], [7], [7, 3], [0, 7], [3, 0], [2], [1], [3], [1, 2], [3, 1], [2, 3], [1], [2, 1], [2], [1], [3], [3, 1], [2, 3], [1, 2], [0], [3], [7], [3, 0], [7, 3], [0, 7], [3], [0, 3], [0], [3], [7], [7, 3], [0, 7], [3, 0], [2], [1], [3], [1, 2], [3, 1], [2, 3], [1], [2, 1], [2], [1], [3], [3, 1], [2, 3], [1, 2], [1], [5], [4], [5, 1], [4, 5], [1, 4], [5], [1, 5], [1], [5]]}","{'map': {'0': 28, '1': 14, '2': 30, '3': 16, '4': 12, '5': 10, '6': 34, '7': 32}, 'arch': {'width': 9, 'height': 5, 'alg_qubits': [10, 28, 12, 30, 14, 32, 16, 34], 'magic_states': [1, 3, 5, 7, 17, 35, 43, 41, 39, 37, 9, 27]}, 'gates': [[4, 1], [0, 4], [1], [0, 1], [0], [1], [4], [4, 1], [0, 4], [1, 0], [0], [2], [1], [2, 0], [1, 2], [0, 1], [2], [0, 2], [0], [2], [1], [1, 2], [0, 1], [2, 0], [5], [3], [2], [3, 5], [2, 3], [5, 2], [3], [5, 3], [5], [3], [2], [2, 3], [5, 2], [3, 5], [7], [6], [3], [6, 7], [3, 6], [7, 3], [6], [7, 6], [7], [6], [3], [3, 6], [7, 3], [6, 7], [5], [3], [2], [3, 5], [2, 3], [5, 2], [3], [5, 3], [5], [3], [2], [2, 3], [5, 2], [3, 5], [0], [2], [1], [2, 0], [1, 2], [0, 1], [2], [0, 2], [0], [2], [1], [1, 2], [0, 1], [2, 0], [5]]}","{'map': {'0': 34, '1': 30, '2': 28, '3': 32, '4': 12, '5': 10, '6': 16, '7': 14}, 'arch': {'width': 9, 'height': 5, 'alg_qubits': [10, 28, 12, 30, 14, 32, 16, 34], 'magic_states': [1, 3, 5, 7, 17, 35, 43, 41, 39, 37, 9, 27]}, 'gates': [[4, 5], [4], [5], [3], [3, 5], [4, 3], [5, 4], [6], [3], [7], [3, 6], [7, 3], [6, 7], [3], [6, 3], [6], [3], [7], [7, 3], [6, 7], [3, 6], [1], [3], [0], [3, 1], [0, 3], [1, 0], [3], [1, 3], [1], [3], [0], [0, 3], [1, 0], [3, 1], [0], [7], [2], [7, 0], [2, 7], [0, 2], [7], [0, 7], [0], [7], [2], [2, 7], [0, 2], [7, 0], [6], [3], [7], [3, 6], [7, 3], [6, 7], [3], [6, 3], [6], [3], [7], [7, 3], [6, 7], [3, 6], [4], [5], [3], [5, 4], [3, 5], [4, 3], [5], [4, 5], [4], [5], [3], [3, 5], [4, 3], [5, 4], [6], [3], [7], [3, 6]]}","{'map': {'0': 14, '1': 28, '2': 12, '3': 34, '4': 10, '5': 16, '6': 30, '7': 32}, 'arch': {'width': 9, 'height': 5, 'alg_qubits': [10, 28, 12, 30, 14, 32, 16, 34], 'magic_states': [1, 3, 5, 7, 17, 35, 43, 41, 39, 37, 9, 27]}, 'gates': [[4], [0, 4], [0], [4], [5], [5, 4], [0, 5], [4, 0], [0], [1], [4], [1, 0], [4, 1], [0, 4], [1], [0, 1], [0], [1], [4], [4, 1], [0, 4], [1, 0], [0], [2], [1], [2, 0], [1, 2], [0, 1], [2], [0, 2], [0], [2], [1], [1, 2], [0, 1], [2, 0], [5], [3], [2], [3, 5], [2, 3], [5, 2], [3], [5, 3], [5], [3], [2], [2, 3], [5, 2], [3, 5], [7], [6], [3], [6, 7], [3, 6], [7, 3], [6], [7, 6], [7], [6], [3], [3, 6], [7, 3], [6, 7], [5], [3], [2], [3, 5], [2, 3], [5, 2], [3], [5, 3], [5], [3], [2], [2, 3], [5, 2], [3, 5], [0], [2], [1]]}"
jku_suite_43.qasm,"{'map': {'0': 14, '1': 30, '2': 34, '3': 16, '4': 10, '5': 28, '6': 12, '7': 32}, 'arch': {'width': 9, 'height': 5, 'alg_qubits': [10, 28, 12, 30, 14, 32, 16, 34], 'magic_states': [1, 3, 5, 7, 17, 35, 43, 41, 39, 37, 9, 27]}, 'gates': [[0, 2], [1, 5], [0, 2], [1, 5], [2, 3], [0, 6], [1, 7], [4, 5], [2, 3], [0, 6], [1, 7], [4, 5], [3, 7], [4, 6], [1, 5], [0, 2], [3, 7], [4, 6], [1, 5], [0, 2], [4, 5], [2, 3], [0, 6], [1, 7], [4, 5], [2, 3], [0, 6], [1, 7], [4, 6], [3, 7], [4, 6], [3, 7]]}","{'map': {'0': 16, '1': 14, '2': 10, '3': 30, '4': 34, '5': 32, '6': 12}, 'arch': {'width': 9, 'height': 5, 'alg_qubits': [10, 28, 12, 30, 14, 32, 16, 34], 'magic_states': [1, 3, 5, 7, 17, 35, 43, 41, 39, 37, 9, 27]}, 'gates': [[6], [5], [6, 2], [5, 6], [2, 5], [6], [2, 6], [2], [6], [5], [5, 6], [2, 5], [6, 2], [0], [5], [1], [5, 0], [1, 5], [0, 1], [5], [0, 5], [0], [5], [1], [1, 5], [0, 1], [5, 0], [2], [6], [5], [6, 2], [5, 6], [2, 5], [6], [2, 6], [2], [6], [5], [5, 6], [2, 5], [6, 2], [4], [3], [6], [3, 4], [6, 3], [4, 6], [3], [4, 3], [4], [3], [6], [6, 3], [4, 6], [3, 4], [2], [6], [5], [6, 2], [5, 6], [2, 5], [6], [2, 6], [2], [6], [5], [5, 6], [2, 5], [6, 2], [4], [1], [0], [1, 4], [0, 1], [4, 0], [1], [4, 1], [4], [1], [0], [0, 1]]}","{'map': {'0': 34, '1': 28, '2': 12, '3': 32, '4': 10, '5': 16, '6': 30, '7': 14}, 'arch': {'width': 9, 'height': 5, 'alg_qubits': [10, 28, 12, 30, 14, 32, 16, 34], 'magic_states': [1, 3, 5, 7, 17, 35, 43, 41, 39, 37, 9, 27]}, 'gates': [[0], [2], [1], [1, 2], [0, 1], [2, 0], [5], [3], [2], [3, 5], [2, 3], [5, 2], [3], [5, 3], [5], [3], [2], [2, 3], [5, 2], [3, 5], [7], [6], [3], [6, 7], [3, 6], [7, 3], [6], [7, 6], [7], [6], [3], [3, 6], [7, 3], [6, 7], [5], [3], [2], [3, 5], [2, 3], [5, 2], [3], [5, 3], [5], [3], [2], [2, 3], [5, 2], [3, 5], [1], [4], [2], [4, 1], [2, 4], [1, 2], [4], [1, 4], [1], [4], [2], [2, 4], [1, 2], [4, 1], [1], [4], [3], [4, 1], [3, 4], [1, 3], [4], [1, 4], [1], [4], [3], [3, 4], [1, 3], [4, 1], [7], [6], [5], [6, 7], [5, 6]]}","{'map': {'0': 14, '1': 28, '2': 12, '3': 34, '4': 10, '5': 16, '6': 30, '7': 32}, 'arch': {'width': 9, 'height': 5, 'alg_qubits': [10, 28, 12, 30, 14, 32, 16, 34], 'magic_states': [1, 3, 5, 7, 17, 35, 43, 41, 39, 37, 9, 27]}, 'gates': [[4], [0, 4], [0], [4], [5], [5, 4], [0, 5], [4, 0], [0], [1], [4], [1, 0], [4, 1], [0, 4], [1], [0, 1], [0], [1], [4], [4, 1], [0, 4], [1, 0], [0], [2], [1], [2, 0], [1, 2], [0, 1], [2], [0, 2], [0], [2], [1], [1, 2], [0, 1], [2, 0], [5], [3], [2], [3, 5], [2, 3], [5, 2], [3], [5, 3], [5], [3], [2], [2, 3], [5, 2], [3, 5], [7], [6], [3], [6, 7], [3, 6], [7, 3], [6], [7, 6], [7], [6], [3], [3, 6], [7, 3], [6, 7], [5], [3], [2], [3, 5], [2, 3], [5, 2], [3], [5, 3], [5], [3], [2], [2, 3], [5, 2], [3, 5], [0], [2], [1]]}","{'map': {'0': 28, '1': 30, '2': 34, '3': 16, '4': 10, '5': 12, '6': 32}, 'arch': {'width': 9, 'height': 5, 'alg_qubits': [10, 28, 12, 30, 14, 32, 16, 34], 'magic_states': [1, 3, 5, 7, 17, 35, 43, 41, 39, 37, 9, 27]}, 'gates': [[2, 3], [6, 2], [3, 6], [5], [1], [3], [1, 5], [3, 1], [5, 3], [1], [5, 1], [5], [1], [3], [3, 1], [5, 3], [1, 5], [0], [4], [1], [4, 0], [1, 4], [0, 1], [4], [0, 4], [0], [4], [1], [1, 4], [0, 1], [4, 0], [5], [1], [3], [1, 5], [3, 1], [5, 3], [1], [5, 1], [5], [1], [3], [3, 1], [5, 3], [1, 5], [2], [5], [6], [5, 2], [6, 5], [2, 6], [5], [2, 5], [2], [5], [6], [6, 5], [2, 6], [5, 2], [0], [4], [6], [4, 0], [6, 4], [0, 6], [4], [0, 4], [0], [4], [6], [6, 4], [0, 6], [4, 0], [1], [3], [6], [3, 1], [6, 3], [1, 6], [3], [1, 3]]}"
quarl_suite_8.qasm,"{'map': {'0': 42, '1': 16, '2': 50, '3': 18, '4': 44, '5': 22, '6': 40, '7': 24, '8': 20, '9': 46, '10': 48}, 'arch': {'width': 13, 'height': 5, 'alg_qubits': [14, 40, 16, 42, 18, 44, 20, 46, 22, 48, 24, 50], 'magic_states': [1, 3, 5, 7, 9, 11, 25, 51, 63, 61, 59, 57, 55, 53, 13, 39]}, 'gates': [[3], [7, 8], [3, 7], [8, 3], [7], [8, 7], [8], [7], [3], [3, 7], [8, 3], [7, 8], [5], [3], [6], [3, 5], [6, 3], [5, 6], [3], [5, 3], [5], [3], [6], [6, 3], [5, 6], [3, 5], [4], [6], [9], [6, 4], [9, 6], [4, 9], [6], [4, 6], [4], [6], [9], [9, 6], [4, 9], [6, 4], [2], [9], [10], [9, 2], [10, 9], [2, 10], [9], [2, 9], [2], [9], [10], [10, 9], [2, 10], [9, 2], [1], [10], [0], [10, 1], [0, 10], [1, 0], [10], [1, 10], [1], [10], [0], [0, 10], [1, 0], [10, 1], [2], [9], [10], [9, 2], [10, 9], [2, 10], [9], [2, 9], [2], [9], [10], [10, 9], [2, 10]]}","{'map': {'0': 40, '1': 24, '2': 22, '3': 18, '4': 44, '5': 48, '6': 42, '7': 14, '8': 20, '9': 50, '10': 16}, 'arch': {'width': 13, 'height': 5, 'alg_qubits': [14, 40, 16, 42, 18, 44, 20, 46, 22, 48, 24, 50], 'magic_states': [1, 3, 5, 7, 9, 11, 25, 51, 63, 61, 59, 57, 55, 53, 13, 39]}, 'gates': [[5, 10], [9], [4], [3], [4, 9], [3, 4], [9, 3], [4], [9, 4], [9], [4], [3], [3, 4], [9, 3], [4, 9], [8], [3], [2], [3, 8], [2, 3], [8, 2], [3], [8, 3], [8], [3], [2], [2, 3], [8, 2], [3, 8], [7], [2], [1], [2, 7], [1, 2], [7, 1], [2], [7, 2], [7], [2], [1], [1, 2], [7, 1], [2, 7], [6], [1], [0], [1, 6], [0, 1], [6, 0], [1], [6, 1], [6], [1], [0], [0, 1], [6, 0], [1, 6], [7], [2], [1], [2, 7], [1, 2], [7, 1], [2], [7, 2], [7], [2], [1], [1, 2], [7, 1], [2, 7], [8], [3], [2], [3, 8], [2, 3], [8, 2], [3], [8, 3], [8], [3]]}","{'map': {'0': 40, '1': 24, '2': 22, '3': 18, '4': 44, '5': 48, '6': 42, '7': 14, '8': 20, '9': 50, '10': 16}, 'arch': {'width': 13, 'height': 5, 'alg_qubits': [14, 40, 16, 42, 18, 44, 20, 46, 22, 48, 24, 50], 'magic_states': [1, 3, 5, 7, 9, 11, 25, 51, 63, 61, 59, 57, 55, 53, 13, 39]}, 'gates': [[5, 10], [9], [4], [3], [4, 9], [3, 4], [9, 3], [4], [9, 4], [9], [4], [3], [3, 4], [9, 3], [4, 9], [8], [3], [2], [3, 8], [2, 3], [8, 2], [3], [8, 3], [8], [3], [2], [2, 3], [8, 2], [3, 8], [7], [2], [1], [2, 7], [1, 2], [7, 1], [2], [7, 2], [7], [2], [1], [1, 2], [7, 1], [2, 7], [6], [1], [0], [1, 6], [0, 1], [6, 0], [1], [6, 1], [6], [1], [0], [0, 1], [6, 0], [1, 6], [7], [2], [1], [2, 7], [1, 2], [7, 1], [2], [7, 2], [7], [2], [1], [1, 2], [7, 1], [2, 7], [8], [3], [2], [3, 8], [2, 3], [8, 2], [3], [8, 3], [8], [3]]}","{'map': {'0': 24, '1': 14, '2': 50, '3': 18, '4': 46, '5': 48, '6': 22, '7': 40, '8': 42, '9': 44, '10': 16}, 'arch': {'width': 13, 'height': 5, 'alg_qubits': [14, 40, 16, 42, 18, 44, 20, 46, 22, 48, 24, 50], 'magic_states': [1, 3, 5, 7, 9, 11, 25, 51, 63, 61, 59, 57, 55, 53, 13, 39]}, 'gates': [[10], [9], [8], [9, 10], [8, 9], [10, 8], [9], [10, 9], [10], [9], [8], [8, 9], [10, 8], [9, 10], [5], [6], [0], [6, 5], [0, 6], [5, 0], [6], [5, 6], [5], [6], [0], [0, 6], [5, 0], [6, 5], [4], [7], [6], [7, 4], [6, 7], [4, 6], [7], [4, 7], [4], [7], [6], [6, 7], [4, 6], [7, 4], [3], [8], [7], [8, 3], [7, 8], [3, 7], [8], [3, 8], [3], [8], [7], [7, 8], [3, 7], [8, 3], [1], [2], [8], [2, 1], [8, 2], [1, 8], [2], [1, 2], [1], [2], [8], [8, 2], [1, 8], [2, 1], [3], [8], [7], [8, 3], [7, 8], [3, 7], [8], [3, 8], [3], [8], [7]]}","{'map': {'0': 24, '1': 14, '2': 50, '3': 18, '4': 46, '5': 48, '6': 22, '7': 40, '8': 42, '9': 44, '10': 16}, 'arch': {'width': 13, 'height': 5, 'alg_qubits': [14, 40, 16, 42, 18, 44, 20, 46, 22, 48, 24, 50], 'magic_states': [1, 3, 5, 7, 9, 11, 25, 51, 63, 61, 59, 57, 55, 53, 13, 39]}, 'gates': [[10], [9], [8], [9, 10], [8, 9], [10, 8], [9], [10, 9], [10], [9], [8], [8, 9], [10, 8], [9, 10], [5], [6], [0], [6, 5], [0, 6], [5, 0], [6], [5, 6], [5], [6], [0], [0, 6], [5, 0], [6, 5], [4], [7], [6], [7, 4], [6, 7], [4, 6], [7], [4, 7], [4], [7], [6], [6, 7], [4, 6], [7, 4], [3], [8], [7], [8, 3], [7, 8], [3, 7], [8], [3, 8], [3], [8], [7], [7, 8], [3, 7], [8, 3], [1], [2], [8], [2, 1], [8, 2], [1, 8], [2], [1, 2], [1], [2], [8], [8, 2], [1, 8], [2, 1], [3], [8], [7], [8, 3], [7, 8], [3, 7], [8], [3, 8], [3], [8], [7]]}"
qaoa_2.qasm,"{'map': {'0': 28, '1': 30, '2': 34, '3': 16, '4': 10, '5': 12, '6': 32}, 'arch': {'width': 9, 'height': 5, 'alg_qubits': [10, 28, 12, 30, 14, 32, 16, 34], 'magic_states': [1, 3, 5, 7, 17, 35, 43, 41, 39, 37, 9, 27]}, 'gates': [[2, 3], [6, 2], [3, 6], [5], [1], [3], [1, 5], [3, 1], [5, 3], [1], [5, 1], [5], [1], [3], [3, 1], [5, 3], [1, 5], [0], [4], [1], [4, 0], [1, 4], [0, 1], [4], [0, 4], [0], [4], [1], [1, 4], [0, 1], [4, 0], [5], [1], [3], [1, 5], [3, 1], [5, 3], [1], [5, 1], [5], [1], [3], [3, 1], [5, 3], [1, 5], [2], [5], [6], [5, 2], [6, 5], [2, 6], [5], [2, 5], [2], [5], [6], [6, 5], [2, 6], [5, 2], [0], [4], [6], [4, 0], [6, 4], [0, 6], [4], [0, 4], [0], [4], [6], [6, 4], [0, 6], [4, 0], [1], [3], [6], [3, 1], [6, 3], [1, 6], [3], [1, 3]]}","{'map': {'0': 30, '1': 10, '2': 34, '3': 32, '4': 28, '5': 14, '6': 16, '7': 12}, 'arch': {'width': 9, 'height': 5, 'alg_qubits': [10, 28, 12, 30, 14, 32, 16, 34], 'magic_states': [1, 3, 5, 7, 17, 35, 43, 41, 39, 37, 9, 27]}, 'gates': [[2], [6], [5], [5, 6], [2, 5], [6, 2], [4], [3], [6], [3, 4], [6, 3], [4, 6], [3], [4, 3], [4], [3], [6], [6, 3], [4, 6], [3, 4], [2], [6], [5], [6, 2], [5, 6], [2, 5], [6], [2, 6], [2], [6], [5], [5, 6], [2, 5], [6, 2], [4], [1], [0], [1, 4], [0, 1], [4, 0], [1], [4, 1], [4], [1], [0], [0, 1], [4, 0], [1, 4], [5], [2], [1], [2, 5], [1, 2], [5, 1], [2], [5, 2], [5], [2], [1], [1, 2], [5, 1], [2, 5], [7], [6], [2], [6, 7], [2, 6], [7, 2], [6], [7, 6], [7], [6], [2], [2, 6], [7, 2], [6, 7], [5], [2], [1], [2, 5], [1, 2]]}","{'map': {'0': 14, '1': 30, '2': 34, '3': 16, '4': 10, '5': 28, '6': 12, '7': 32}, 'arch': {'width': 9, 'height': 5, 'alg_qubits': [10, 28, 12, 30, 14, 32, 16, 34], 'magic_states': [1, 3, 5, 7, 17, 35, 43, 41, 39, 37, 9, 27]}, 'gates': [[0, 2], [1, 5], [0, 2], [1, 5], [2, 3], [0, 6], [1, 7], [4, 5], [2, 3], [0, 6], [1, 7], [4, 5], [3, 7], [4, 6], [1, 5], [0, 2], [3, 7], [4, 6], [1, 5], [0, 2], [4, 5], [2, 3], [0, 6], [1, 7], [4, 5], [2, 3], [0, 6], [1, 7], [4, 6], [3, 7], [4, 6], [3, 7]]}","{'map': {'0': 32, '1': 28, '2': 34, '3': 16, '4': 14, '5': 12, '6': 30}, 'arch': {'width': 9, 'height': 5, 'alg_qubits': [10, 28, 12, 30, 14, 32, 16, 34], 'magic_states': [1, 3, 5, 7, 17, 35, 43, 41, 39, 37, 9, 27]}, 'gates': [[4], [6], [4, 5], [6, 4], [5, 6], [4], [5, 4], [5], [4], [6], [6, 4], [5, 6], [4, 5], [3], [6], [1], [6, 3], [1, 6], [3, 1], [6], [3, 6], [3], [6], [1], [1, 6], [3, 1], [6, 3], [0], [1], [6], [1, 0], [6, 1], [0, 6], [1], [0, 1], [0], [1], [6], [6, 1], [0, 6], [1, 0], [1], [4], [3], [4, 1], [3, 4], [1, 3], [4], [1, 4], [1], [4], [3], [3, 4], [1, 3], [4, 1], [1], [4], [2], [4, 1], [2, 4], [1, 2], [4], [1, 4], [1], [4], [2], [2, 4], [1, 2], [4, 1], [5], [3], [2], [3, 5], [2, 3], [5, 2], [3], [5, 3], [5], [3], [2], [2, 3]]}","{'map': {'0': 14, '1': 30, '2': 12, '3': 10, '4': 28, '5': 16, '6': 32, '7': 34}, 'arch': {'width': 9, 'height': 5, 'alg_qubits': [10, 28, 12, 30, 14, 32, 16, 34], 'magic_states': [1, 3, 5, 7, 17, 35, 43, 41, 39, 37, 9, 27]}, 'gates': [[0, 1], [0], [1], [6], [6, 1], [0, 6], [1, 0], [2], [6], [7], [6, 2], [7, 6], [2, 7], [6], [2, 6], [2], [6], [7], [7, 6], [2, 7], [6, 2], [0], [1], [6], [1, 0], [6, 1], [0, 6], [1], [0, 1], [0], [1], [6], [6, 1], [0, 6], [1, 0], [7], [2], [6], [2, 7], [6, 2], [7, 6], [2], [7, 2], [7], [2], [6], [6, 2], [7, 6], [2, 7], [5], [1], [2], [1, 5], [2, 1], [5, 2], [1], [5, 1], [5], [1], [2], [2, 1], [5, 2], [1, 5], [3], [4], [1], [4, 3], [1, 4], [3, 1], [4], [3, 4], [3], [4], [1], [1, 4], [3, 1], [4, 3], [5], [1], [2], [1, 5]]}"
shor_7.qasm,"{'map': {'0': 24, '1': 22, '2': 50, '3': 42, '4': 14, '5': 46, '6': 40, '7': 44, '8': 48, '9': 16, '10': 20}, 'arch': {'width': 13, 'height': 5, 'alg_qubits': [14, 40, 16, 42, 18, 44, 20, 46, 22, 48, 24, 50], 'magic_states': [1, 3, 5, 7, 9, 11, 25, 51, 63, 61, 59, 57, 55, 53, 13, 39]}, 'gates': [[10], [5], [4], [4, 5], [10, 4], [5, 10], [9], [4], [3], [4, 9], [3, 4], [9, 3], [4], [9, 4], [9], [4], [3], [3, 4], [9, 3], [4, 9], [8], [3], [2], [3, 8], [2, 3], [8, 2], [3], [8, 3], [8], [3], [2], [2, 3], [8, 2], [3, 8], [7], [2], [1], [2, 7], [1, 2], [7, 1], [2], [7, 2], [7], [2], [1], [1, 2], [7, 1], [2, 7], [6], [1], [0], [1, 6], [0, 1], [6, 0], [1], [6, 1], [6], [1], [0], [0, 1], [6, 0], [1, 6], [7], [2], [1], [2, 7], [1, 2], [7, 1], [2], [7, 2], [7], [2], [1], [1, 2], [7, 1], [2, 7], [8], [3], [2], [3, 8], [2, 3]]}","{'map': {'0': 24, '1': 22, '2': 50, '3': 42, '4': 14, '5': 46, '6': 40, '7': 44, '8': 48, '9': 16, '10': 20}, 'arch': {'width': 13, 'height': 5, 'alg_qubits': [14, 40, 16, 42, 18, 44, 20, 46, 22, 48, 24, 50], 'magic_states': [1, 3, 5, 7, 9, 11, 25, 51, 63, 61, 59, 57, 55, 53, 13, 39]}, 'gates': [[10], [5], [4], [4, 5], [10, 4], [5, 10], [9], [4], [3], [4, 9], [3, 4], [9, 3], [4], [9, 4], [9], [4], [3], [3, 4], [9, 3], [4, 9], [8], [3], [2], [3, 8], [2, 3], [8, 2], [3], [8, 3], [8], [3], [2], [2, 3], [8, 2], [3, 8], [7], [2], [1], [2, 7], [1, 2], [7, 1], [2], [7, 2], [7], [2], [1], [1, 2], [7, 1], [2, 7], [6], [1], [0], [1, 6], [0, 1], [6, 0], [1], [6, 1], [6], [1], [0], [0, 1], [6, 0], [1, 6], [7], [2], [1], [2, 7], [1, 2], [7, 1], [2], [7, 2], [7], [2], [1], [1, 2], [7, 1], [2, 7], [8], [3], [2], [3, 8], [2, 3]]}","{'map': {'0': 44, '1': 50, '2': 40, '3': 18, '4': 14, '5': 24, '6': 46, '7': 48, '8': 42, '9': 16, '10': 22}, 'arch': {'width': 13, 'height': 5, 'alg_qubits': [14, 40, 16, 42, 18, 44, 20, 46, 22, 48, 24, 50], 'magic_states': [1, 3, 5, 7, 9, 11, 25, 51, 63, 61, 59, 57, 55, 53, 13, 39]}, 'gates': [[10, 6], [5, 10], [6, 5], [4], [7], [6], [7, 4], [6, 7], [4, 6], [7], [4, 7], [4], [7], [6], [6, 7], [4, 6], [7, 4], [3], [8], [7], [8, 3], [7, 8], [3, 7], [8], [3, 8], [3], [8], [7], [7, 8], [3, 7], [8, 3], [2], [9], [8], [9, 2], [8, 9], [2, 8], [9], [2, 9], [2], [9], [8], [8, 9], [2, 8], [9, 2], [0], [1], [9], [1, 0], [9, 1], [0, 9], [1], [0, 1], [0], [1], [9], [9, 1], [0, 9], [1, 0], [2], [9], [8], [9, 2], [8, 9], [2, 8], [9], [2, 9], [2], [9], [8], [8, 9], [2, 8], [9, 2], [3], [8], [7], [8, 3], [7, 8], [3, 7], [8], [3, 8]]}","{'map': {'0': 40, '1': 24, '2': 22, '3': 18, '4': 44, '5': 48, '6': 42, '7': 14, '8': 20, '9': 50, '10': 16}, 'arch': {'width': 13, 'height': 5, 'alg_qubits': [14, 40, 16, 42, 18, 44, 20, 46, 22, 48, 24, 50], 'magic_states': [1, 3, 5, 7, 9, 11, 25, 51, 63, 61, 59, 57, 55, 53, 13, 39]}, 'gates': [[5, 10], [9], [4], [3], [4, 9], [3, 4], [9, 3], [4], [9, 4], [9], [4], [3], [3, 4], [9, 3], [4, 9], [8], [3], [2], [3, 8], [2, 3], [8, 2], [3], [8, 3], [8], [3], [2], [2, 3], [8, 2], [3, 8], [7], [2], [1], [2, 7], [1, 2], [7, 1], [2], [7, 2], [7], [2], [1], [1, 2], [7, 1], [2, 7], [6], [1], [0], [1, 6], [0, 1], [6, 0], [1], [6, 1], [6], [1], [0], [0, 1], [6, 0], [1, 6], [7], [2], [1], [2, 7], [1, 2], [7, 1], [2], [7, 2], [7], [2], [1], [1, 2], [7, 1], [2, 7], [8], [3], [2], [3, 8], [2, 3], [8, 2], [3], [8, 3], [8], [3]]}","{'map': {'0': 40, '1': 24, '2': 22, '3': 18, '4': 44, '5': 48, '6': 42, '7': 14, '8': 20, '9': 50, '10': 16}, 'arch': {'width': 13, 'height': 5, 'alg_qubits': [14, 40, 16, 42, 18, 44, 20, 46, 22, 48, 24, 50], 'magic_states': [1, 3, 5, 7, 9, 11, 25, 51, 63, 61, 59, 57, 55, 53, 13, 39]}, 'gates': [[5, 10], [9], [4], [3], [4, 9], [3, 4], [9, 3], [4], [9, 4], [9], [4], [3], [3, 4], [9, 3], [4, 9], [8], [3], [2], [3, 8], [2, 3], [8, 2], [3], [8, 3], [8], [3], [2], [2, 3], [8, 2], [3, 8], [7], [2], [1], [2, 7], [1, 2], [7, 1], [2], [7, 2], [7], [2], [1], [1, 2], [7, 1], [2, 7], [6], [1], [0], [1, 6], [0, 1], [6, 0], [1], [6, 1], [6], [1], [0], [0, 1], [6, 0], [1, 6], [7], [2], [1], [2, 7], [1, 2], [7, 1], [2], [7, 2], [7], [2], [1], [1, 2], [7, 1], [2, 7], [8], [3], [2], [3, 8], [2, 3], [8, 2], [3], [8, 3], [8], [3]]}"
jku_suite_4.qasm,"{'map': {'0': 24, '1': 22, '2': 50, '3': 42, '4': 14, '5': 46, '6': 40, '7': 44, '8': 48, '9': 16, '10': 20}, 'arch': {'width': 13, 'height': 5, 'alg_qubits': [14, 40, 16, 42, 18, 44, 20, 46, 22, 48, 24, 50], 'magic_states': [1, 3, 5, 7, 9, 11, 25, 51, 63, 61, 59, 57, 55, 53, 13, 39]}, 'gates': [[10], [5], [4], [4, 5], [10, 4], [5, 10], [9], [4], [3], [4, 9], [3, 4], [9, 3], [4], [9, 4], [9], [4], [3], [3, 4], [9, 3], [4, 9], [8], [3], [2], [3, 8], [2, 3], [8, 2], [3], [8, 3], [8], [3], [2], [2, 3], [8, 2], [3, 8], [7], [2], [1], [2, 7], [1, 2], [7, 1], [2], [7, 2], [7], [2], [1], [1, 2], [7, 1], [2, 7], [6], [1], [0], [1, 6], [0, 1], [6, 0], [1], [6, 1], [6], [1], [0], [0, 1], [6, 0], [1, 6], [7], [2], [1], [2, 7], [1, 2], [7, 1], [2], [7, 2], [7], [2], [1], [1, 2], [7, 1], [2, 7], [8], [3], [2], [3, 8], [2, 3]]}","{'map': {'0': 24, '1': 22, '2': 50, '3': 42, '4': 14, '5': 46, '6': 40, '7': 44, '8': 48, '9': 16, '10': 20}, 'arch': {'width': 13, 'height': 5, 'alg_qubits': [14, 40, 16, 42, 18, 44, 20, 46, 22, 48, 24, 50], 'magic_states': [1, 3, 5, 7, 9, 11, 25, 51, 63, 61, 59, 57, 55, 53, 13, 39]}, 'gates': [[10], [5], [4], [4, 5], [10, 4], [5, 10], [9], [4], [3], [4, 9], [3, 4], [9, 3], [4], [9, 4], [9], [4], [3], [3, 4], [9, 3], [4, 9], [8], [3], [2], [3, 8], [2, 3], [8, 2], [3], [8, 3], [8], [3], [2], [2, 3], [8, 2], [3, 8], [7], [2], [1], [2, 7], [1, 2], [7, 1], [2], [7, 2], [7], [2], [1], [1, 2], [7, 1], [2, 7], [6], [1], [0], [1, 6], [0, 1], [6, 0], [1], [6, 1], [6], [1], [0], [0, 1], [6, 0], [1, 6], [7], [2], [1], [2, 7], [1, 2], [7, 1], [2], [7, 2], [7], [2], [1], [1, 2], [7, 1], [2, 7], [8], [3], [2], [3, 8], [2, 3]]}","{'map': {'0': 18, '1': 50, '2': 22, '3': 46, '4': 16, '5': 20, '6': 40, '7': 44, '8': 14, '9': 42, '10': 24, '12': 26}, 'arch': {'width': 13, 'height': 5, 'alg_qubits': [14, 40, 16, 42, 18, 44, 20, 46, 22, 48, 24, 50], 'magic_states': [1, 3, 5, 7, 9, 11, 25, 51, 63, 61, 59, 57, 55, 53, 13, 39]}, 'gates': [[9], [10], [12], [12, 10], [9, 12], [10, 9], [7], [8], [10], [8, 7], [10, 8], [7, 10], [8], [7, 8], [7], [8], [10], [10, 8], [7, 10], [8, 7], [5], [6], [8], [6, 5], [8, 6], [5, 8], [6], [5, 6], [5], [6], [8], [8, 6], [5, 8], [6, 5], [4], [0], [6], [0, 4], [6, 0], [4, 6], [0], [4, 0], [4], [0], [6], [6, 0], [4, 6], [0, 4], [2], [3], [0], [3, 2], [0, 3], [2, 0], [3], [2, 3], [2], [3], [0], [0, 3], [2, 0], [3, 2], [4], [0], [6], [0, 4], [6, 0], [4, 6], [0], [4, 0], [4], [0], [6], [6, 0], [4, 6], [0, 4], [5], [6], [8], [6, 5], [8, 6]]}","{'map': {'0': 16, '1': 48, '2': 22, '3': 46, '4': 24, '5': 40, '6': 18, '7': 42, '8': 44, '9': 50, '10': 14, '12': 26}, 'arch': {'width': 13, 'height': 5, 'alg_qubits': [14, 40, 16, 42, 18, 44, 20, 46, 22, 48, 24, 50], 'magic_states': [1, 3, 5, 7, 9, 11, 25, 51, 63, 61, 59, 57, 55, 53, 13, 39]}, 'gates': [[9], [10], [12], [12, 10], [9, 12], [10, 9], [8], [6], [10], [6, 8], [10, 6], [8, 10], [6], [8, 6], [8], [6], [10], [10, 6], [8, 10], [6, 8], [7], [5], [6], [5, 7], [6, 5], [7, 6], [5], [7, 5], [7], [5], [6], [6, 5], [7, 6], [5, 7], [4], [0], [5], [0, 4], [5, 0], [4, 5], [0], [4, 0], [4], [0], [5], [5, 0], [4, 5], [0, 4], [2], [3], [0], [3, 2], [0, 3], [2, 0], [3], [2, 3], [2], [3], [0], [0, 3], [2, 0], [3, 2], [4], [0], [5], [0, 4], [5, 0], [4, 5], [0], [4, 0], [4], [0], [5], [5, 0], [4, 5], [0, 4], [7], [5], [6], [5, 7], [6, 5]]}","{'map': {'0': 18, '1': 44, '2': 46, '3': 22, '4': 14, '5': 20, '6': 50, '7': 24, '8': 16, '9': 40, '10': 42}, 'arch': {'width': 13, 'height': 5, 'alg_qubits': [14, 40, 16, 42, 18, 44, 20, 46, 22, 48, 24, 50], 'magic_states': [1, 3, 5, 7, 9, 11, 25, 51, 63, 61, 59, 57, 55, 53, 13, 39]}, 'gates': [[5], [4, 5], [4], [5], [7], [7, 5], [4, 7], [5, 4], [6], [3], [5], [3, 6], [5, 3], [6, 5], [3], [6, 3], [6], [3], [5], [5, 3], [6, 5], [3, 6], [9], [8], [3], [8, 9], [3, 8], [9, 3], [8], [9, 8], [9], [8], [3], [3, 8], [9, 3], [8, 9], [6], [3], [5], [3, 6], [5, 3], [6, 5], [3], [6, 3], [6], [3], [5], [5, 3], [6, 5], [3, 6], [4], [5], [7], [5, 4], [7, 5], [4, 7], [5], [4, 5], [4], [5], [7], [7, 5], [4, 7], [5, 4], [2], [7], [10], [7, 2], [10, 7], [2, 10], [7], [2, 7], [2], [7], [10], [10, 7], [2, 10], [7, 2], [1], [10], [0]]}"
autobraid_4.qasm,"{'map': {'0': 40, '1': 44, '2': 24, '3': 46, '4': 48, '5': 16, '6': 14, '7': 22, '8': 20, '9': 18, '10': 50}, 'arch': {'width': 13, 'height': 5, 'alg_qubits': [14, 40, 16, 42, 18, 44, 20, 46, 22, 48, 24, 50], 'magic_states': [1, 3, 5, 7, 9, 11, 25, 51, 63, 61, 59, 57, 55, 53, 13, 39]}, 'gates': [[7], [2], [1], [1, 2], [7, 1], [2, 7], [0], [6], [2], [6, 0], [2, 6], [0, 2], [6], [0, 6], [0], [6], [2], [2, 6], [0, 2], [6, 0], [7], [2], [1], [2, 7], [1, 2], [7, 1], [2], [7, 2], [7], [2], [1], [1, 2], [7, 1], [2, 7], [10], [9], [8], [9, 10], [8, 9], [10, 8], [9], [10, 9], [10], [9], [8], [8, 9], [10, 8], [9, 10], [5], [6], [0], [6, 5], [0, 6], [5, 0], [6], [5, 6], [5], [6], [0], [0, 6], [5, 0], [6, 5], [4], [7], [6], [7, 4], [6, 7], [4, 6], [7], [4, 7], [4], [7], [6], [6, 7], [4, 6], [7, 4], [3], [8], [7], [8, 3], [7, 8]]}","{'map': {'0': 18, '1': 46, '2': 24, '3': 50, '4': 22, '5': 16, '6': 40, '7': 48, '8': 44, '9': 14, '10': 20}, 'arch': {'width': 13, 'height': 5, 'alg_qubits': [14, 40, 16, 42, 18, 44, 20, 46, 22, 48, 24, 50], 'magic_states': [1, 3, 5, 7, 9, 11, 25, 51, 63, 61, 59, 57, 55, 53, 13, 39]}, 'gates': [[7], [2], [1], [1, 2], [7, 1], [2, 7], [0], [6], [2], [6, 0], [2, 6], [0, 2], [6], [0, 6], [0], [6], [2], [2, 6], [0, 2], [6, 0], [7], [2], [1], [2, 7], [1, 2], [7, 1], [2], [7, 2], [7], [2], [1], [1, 2], [7, 1], [2, 7], [10], [9], [8], [9, 10], [8, 9], [10, 8], [9], [10, 9], [10], [9], [8], [8, 9], [10, 8], [9, 10], [5], [6], [0], [6, 5], [0, 6], [5, 0], [6], [5, 6], [5], [6], [0], [0, 6], [5, 0], [6, 5], [4], [7], [6], [7, 4], [6, 7], [4, 6], [7], [4, 7], [4], [7], [6], [6, 7], [4, 6], [7, 4], [3], [8], [7], [8, 3], [7, 8]]}","{'map': {'0': 40, '1': 44, '2': 24, '3': 46, '4': 48, '5': 16, '6': 14, '7': 22, '8': 20, '9': 18, '10': 50}, 'arch': {'width': 13, 'height': 5, 'alg_qubits': [14, 40, 16, 42, 18, 44, 20, 46, 22, 48, 24, 50], 'magic_states': [1, 3, 5, 7, 9, 11, 25, 51, 63, 61, 59, 57, 55, 53, 13, 39]}, 'gates': [[7], [2], [1], [1, 2], [7, 1], [2, 7], [0], [6], [2], [6, 0], [2, 6], [0, 2], [6], [0, 6], [0], [6], [2], [2, 6], [0, 2], [6, 0], [7], [2], [1], [2, 7], [1, 2], [7, 1], [2], [7, 2], [7], [2], [1], [1, 2], [7, 1], [2, 7], [10], [9], [8], [9, 10], [8, 9], [10, 8], [9], [10, 9], [10], [9], [8], [8, 9], [10, 8], [9, 10], [5], [6], [0], [6, 5], [0, 6], [5, 0], [6], [5, 6], [5], [6], [0], [0, 6], [5, 0], [6, 5], [4], [7], [6], [7, 4], [6, 7], [4, 6], [7], [4, 7], [4], [7], [6], [6, 7], [4, 6], [7, 4], [3], [8], [7], [8, 3], [7, 8]]}","{'map': {'0': 40, '1': 44, '2': 24, '3': 46, '4': 48, '5': 16, '6': 14, '7': 22, '8': 20, '9': 18, '10': 50}, 'arch': {'width': 13, 'height': 5, 'alg_qubits': [14, 40, 16, 42, 18, 44, 20, 46, 22, 48, 24, 50], 'magic_states': [1, 3, 5, 7, 9, 11, 25, 51, 63, 61, 59, 57, 55, 53, 13, 39]}, 'gates': [[7], [2], [1], [1, 2], [7, 1], [2, 7], [0], [6], [2], [6, 0], [2, 6], [0, 2], [6], [0, 6], [0], [6], [2], [2, 6], [0, 2], [6, 0], [7], [2], [1], [2, 7], [1, 2], [7, 1], [2], [7, 2], [7], [2], [1], [1, 2], [7, 1], [2, 7], [10], [9], [8], [9, 10], [8, 9], [10, 8], [9], [10, 9], [10], [9], [8], [8, 9], [10, 8], [9, 10], [5], [6], [0], [6, 5], [0, 6], [5, 0], [6], [5, 6], [5], [6], [0], [0, 6], [5, 0], [6, 5], [4], [7], [6], [7, 4], [6, 7], [4, 6], [7], [4, 7], [4], [7], [6], [6, 7], [4, 6], [7, 4], [3], [8], [7], [8, 3], [7, 8]]}","{'map': {'0': 22, '1': 16, '2': 20, '3': 14, '4': 24, '5': 18, '6': 40, '7': 50, '8': 46, '9': 42, '10': 44}, 'arch': {'width': 13, 'height': 5, 'alg_qubits': [14, 40, 16, 42, 18, 44, 20, 46, 22, 48, 24, 50], 'magic_states': [1, 3, 5, 7, 9, 11, 25, 51, 63, 61, 59, 57, 55, 53, 13, 39]}, 'gates': [[3], [6], [7], [6, 3], [7, 6], [3, 7], [6], [3, 6], [3], [6], [7], [7, 6], [3, 7], [6, 3], [5], [4], [6], [4, 5], [6, 4], [5, 6], [4], [5, 4], [5], [4], [6], [6, 4], [5, 6], [4, 5], [3], [6], [7], [6, 3], [7, 6], [3, 7], [6], [3, 6], [3], [6], [7], [7, 6], [3, 7], [6, 3], [2], [7], [8], [7, 2], [8, 7], [2, 8], [7], [2, 7], [2], [7], [8], [8, 7], [2, 8], [7, 2], [1], [8], [9], [8, 1], [9, 8], [1, 9], [8], [1, 8], [1], [8], [9], [9, 8], [1, 9], [8, 1], [10], [9], [0], [9, 10], [0, 9], [10, 0], [9], [10, 9], [10], [9], [0]]}"
grover_0.qasm,"{'map': {'0': 22, '1': 12, '2': 8, '3': 24, '4': 26, '5': 20}, 'arch': {'width': 7, 'height': 5, 'alg_qubits': [8, 22, 10, 24, 12, 26], 'magic_states': [1, 3, 5, 13, 27, 33, 31, 29, 7, 21]}, 'gates': [[2], [2], [2], [2], [2], [2], [2], [2], [2], [2], [2], [2], [2], [2], [2], [2], [2], [2], [2], [2], [2], [2], [2], [2], [2], [2], [2], [2], [2], [2], [2], [2], [2], [2], [2], [2], [2], [2], [2], [2], [2], [0, 2], [4, 5], [5], [3, 5], [5], [4, 5], [4], [5], [3, 5], [5], [5], [5], [5], [5], [5], [5], [5], [5], [5], [5], [5], [5], [5], [5], [5], [5], [5], [5], [5], [5], [5], [5], [5], [5], [5], [5], [5], [5], [5], [5]]}","{'map': {'0': 12, '1': 22, '2': 24, '3': 26, '4': 8}, 'arch': {'width': 7, 'height': 5, 'alg_qubits': [8, 22, 10, 24, 12, 26], 'magic_states': [1, 3, 5, 13, 27, 33, 31, 29, 7, 21]}, 'gates': [[0], [0], [0], [0], [0], [0], [0], [0], [0], [0], [0], [0], [1], [1], [1], [1], [1], [1], [1], [1], [1], [1], [1], [1], [2], [2], [2], [2], [2], [2], [2], [2], [2], [2], [2], [2], [3], [3], [3], [3], [3], [3], [3], [3], [3], [3], [3], [3], [4], [4], [4], [4], [4], [4], [4], [4], [4], [4], [4], [4], [4], [4], [4], [4], [4], [4], [4], [4], [4], [4], [4], [4], [4], [4], [4], [4], [4], [4], [4], [4], [4]]}","{'map': {'0': 26, '1': 10, '2': 12, '3': 8, '4': 24, '5': 22}, 'arch': {'width': 7, 'height': 5, 'alg_qubits': [8, 22, 10, 24, 12, 26], 'magic_states': [1, 3, 5, 13, 27, 33, 31, 29, 7, 21]}, 'gates': [[3], [4], [4, 3], [5, 4], [3, 5], [1], [0], [3], [0, 1], [3, 0], [1, 3], [0], [1, 0], [1], [0], [3], [3, 0], [1, 3], [0, 1], [3], [2], [5], [2, 3], [5, 2], [3, 5], [2], [3, 2], [3], [2], [5], [5, 2], [3, 5], [2, 3], [5], [3], [4], [3, 5], [4, 3], [5, 4], [3], [5, 3], [5], [3], [4], [4, 3], [5, 4], [3, 5], [1], [0], [3], [0, 1], [3, 0], [1, 3], [0], [1, 0], [1], [0], [3], [3, 0], [1, 3], [0, 1], [5], [3], [4], [3, 5], [4, 3], [5, 4], [3], [5, 3], [5], [3], [4], [4, 3], [5, 4], [3, 5], [1], [0], [3], [0, 1], [3, 0], [1, 3]]}","{'map': {'0': 22, '1': 12, '2': 8, '3': 10, '4': 26}, 'arch': {'width': 7, 'height': 5, 'alg_qubits': [8, 22, 10, 24, 12, 26], 'magic_states': [1, 3, 5, 13, 27, 33, 31, 29, 7, 21]}, 'gates': [[3], [2], [1], [2, 3], [1, 2], [3, 1], [2], [3, 2], [3], [2], [1], [1, 2], [3, 1], [2, 3], [0], [4], [2], [4, 0], [2, 4], [0, 2], [4], [0, 4], [0], [4], [2], [2, 4], [0, 2], [4, 0], [3], [1], [4], [1, 3], [4, 1], [3, 4], [1], [3, 1], [3], [1], [4], [4, 1], [3, 4], [1, 3], [0], [4], [2], [4, 0], [2, 4], [0, 2], [4], [0, 4], [0], [4], [2], [2, 4], [0, 2], [4, 0], [3], [1], [4], [1, 3], [4, 1], [3, 4], [1], [3, 1], [3], [1], [4], [4, 1], [3, 4], [1, 3], [3], [0], [2], [0, 3], [2, 0], [3, 2], [0], [3, 0], [3], [0], [2]]}","{'map': {'0': 10, '1': 24, '2': 8, '3': 12, '4': 22, '5': 26}, 'arch': {'width': 7, 'height': 5, 'alg_qubits': [8, 22, 10, 24, 12, 26], 'magic_states': [1, 3, 5, 13, 27, 33, 31, 29, 7, 21]}, 'gates': [[5], [4], [0], [4, 5], [0, 4], [5, 0], [4], [5, 4], [5], [4], [0], [0, 4], [5, 0], [4, 5], [5], [4], [1], [4, 5], [1, 4], [5, 1], [4], [5, 4], [5], [4], [1], [1, 4], [5, 1], [4, 5], [1], [5], [0], [5, 1], [0, 5], [1, 0], [5], [1, 5], [1], [5], [0], [0, 5], [1, 0], [5, 1], [3], [2], [5], [2, 3], [5, 2], [3, 5], [2], [3, 2], [3], [2], [5], [5, 2], [3, 5], [2, 3], [1], [5], [0], [5, 1], [0, 5], [1, 0], [5], [1, 5], [1], [5], [0], [0, 5], [1, 0], [5, 1], [3], [2], [5], [2, 3], [5, 2], [3, 5], [2], [3, 2], [3], [2], [5]]}"
grover_3.qasm,"{'map': {'0': 22, '1': 12, '2': 8, '3': 24, '4': 26, '5': 20}, 'arch': {'width': 7, 'height': 5, 'alg_qubits': [8, 22, 10, 24, 12, 26], 'magic_states': [1, 3, 5, 13, 27, 33, 31, 29, 7, 21]}, 'gates': [[2], [2], [2], [2], [2], [2], [2], [2], [2], [2], [2], [2], [2], [2], [2], [2], [2], [2], [2], [2], [2], [2], [2], [2], [2], [2], [2], [2], [2], [2], [2], [2], [2], [2], [2], [2], [2], [2], [2], [2], [2], [0, 2], [4, 5], [5], [3, 5], [5], [4, 5], [4], [5], [3, 5], [5], [5], [5], [5], [5], [5], [5], [5], [5], [5], [5], [5], [5], [5], [5], [5], [5], [5], [5], [5], [5], [5], [5], [5], [5], [5], [5], [5], [5], [5], [5]]}","{'map': {'0': 12, '1': 22, '2': 24, '3': 26, '4': 8}, 'arch': {'width': 7, 'height': 5, 'alg_qubits': [8, 22, 10, 24, 12, 26], 'magic_states': [1, 3, 5, 13, 27, 33, 31, 29, 7, 21]}, 'gates': [[0], [0], [0], [0], [0], [0], [0], [0], [0], [0], [0], [0], [1], [1], [1], [1], [1], [1], [1], [1], [1], [1], [1], [1], [2], [2], [2], [2], [2], [2], [2], [2], [2], [2], [2], [2], [3], [3], [3], [3], [3], [3], [3], [3], [3], [3], [3], [3], [4], [4], [4], [4], [4], [4], [4], [4], [4], [4], [4], [4], [4], [4], [4], [4], [4], [4], [4], [4], [4], [4], [4], [4], [4], [4], [4], [4], [4], [4], [4], [4], [4]]}","{'map': {'0': 26, '1': 10, '2': 12, '3': 8, '4': 24, '5': 22}, 'arch': {'width': 7, 'height': 5, 'alg_qubits': [8, 22, 10, 24, 12, 26], 'magic_states': [1, 3, 5, 13, 27, 33, 31, 29, 7, 21]}, 'gates': [[3], [4], [4, 3], [5, 4], [3, 5], [1], [0], [3], [0, 1], [3, 0], [1, 3], [0], [1, 0], [1], [0], [3], [3, 0], [1, 3], [0, 1], [3], [2], [5], [2, 3], [5, 2], [3, 5], [2], [3, 2], [3], [2], [5], [5, 2], [3, 5], [2, 3], [5], [3], [4], [3, 5], [4, 3], [5, 4], [3], [5, 3], [5], [3], [4], [4, 3], [5, 4], [3, 5], [1], [0], [3], [0, 1], [3, 0], [1, 3], [0], [1, 0], [1], [0], [3], [3, 0], [1, 3], [0, 1], [5], [3], [4], [3, 5], [4, 3], [5, 4], [3], [5, 3], [5], [3], [4], [4, 3], [5, 4], [3, 5], [1], [0], [3], [0, 1], [3, 0], [1, 3]]}","{'map': {'0': 26, '1': 10, '2': 12, '3': 8, '4': 22, '5': 24}, 'arch': {'width': 7, 'height': 5, 'alg_qubits': [8, 22, 10, 24, 12, 26], 'magic_states': [1, 3, 5, 13, 27, 33, 31, 29, 7, 21]}, 'gates': [[4], [2], [0], [0, 2], [4, 0], [2, 4], [1], [0], [4], [0, 1], [4, 0], [1, 4], [0], [1, 0], [1], [0], [4], [4, 0], [1, 4], [0, 1], [2, 1], [0], [5], [3], [5, 0], [3, 5], [0, 3], [5], [0, 5], [0], [5], [3], [3, 5], [0, 3], [5, 0], [4], [1], [5], [1, 4], [5, 1], [4, 5], [1], [4, 1], [4], [1], [5], [5, 1], [4, 5], [1, 4], [0], [5], [3], [5, 0], [3, 5], [0, 3], [5], [0, 5], [0], [5], [3], [3, 5], [0, 3], [5, 0], [4], [1], [5], [1, 4], [5, 1], [4, 5], [1], [4, 1], [4], [1], [5], [5, 1], [4, 5], [1, 4], [3], [2], [4], [2, 3]]}","{'map': {'0': 10, '1': 24, '2': 8, '3': 12, '4': 22, '5': 26}, 'arch': {'width': 7, 'height': 5, 'alg_qubits': [8, 22, 10, 24, 12, 26], 'magic_states': [1, 3, 5, 13, 27, 33, 31, 29, 7, 21]}, 'gates': [[5], [4], [0], [4, 5], [0, 4], [5, 0], [4], [5, 4], [5], [4], [0], [0, 4], [5, 0], [4, 5], [5], [4], [1], [4, 5], [1, 4], [5, 1], [4], [5, 4], [5], [4], [1], [1, 4], [5, 1], [4, 5], [1], [5], [0], [5, 1], [0, 5], [1, 0], [5], [1, 5], [1], [5], [0], [0, 5], [1, 0], [5, 1], [3], [2], [5], [2, 3], [5, 2], [3, 5], [2], [3, 2], [3], [2], [5], [5, 2], [3, 5], [2, 3], [1], [5], [0], [5, 1], [0, 5], [1, 0], [5], [1, 5], [1], [5], [0], [0, 5], [1, 0], [5, 1], [3], [2], [5], [2, 3], [5, 2], [3, 5], [2], [3, 2], [3], [2], [5]]}"
quest_suite_19.qasm,"{'map': {'0': 24, '1': 22, '2': 50, '3': 42, '4': 14, '5': 46, '6': 40, '7': 44, '8': 48, '9': 16, '10': 20}, 'arch': {'width': 13, 'height': 5, 'alg_qubits': [14, 40, 16, 42, 18, 44, 20, 46, 22, 48, 24, 50], 'magic_states': [1, 3, 5, 7, 9, 11, 25, 51, 63, 61, 59, 57, 55, 53, 13, 39]}, 'gates': [[10], [5], [4], [4, 5], [10, 4], [5, 10], [9], [4], [3], [4, 9], [3, 4], [9, 3], [4], [9, 4], [9], [4], [3], [3, 4], [9, 3], [4, 9], [8], [3], [2], [3, 8], [2, 3], [8, 2], [3], [8, 3], [8], [3], [2], [2, 3], [8, 2], [3, 8], [7], [2], [1], [2, 7], [1, 2], [7, 1], [2], [7, 2], [7], [2], [1], [1, 2], [7, 1], [2, 7], [6], [1], [0], [1, 6], [0, 1], [6, 0], [1], [6, 1], [6], [1], [0], [0, 1], [6, 0], [1, 6], [7], [2], [1], [2, 7], [1, 2], [7, 1], [2], [7, 2], [7], [2], [1], [1, 2], [7, 1], [2, 7], [8], [3], [2], [3, 8], [2, 3]]}","{'map': {'0': 24, '1': 22, '2': 50, '3': 42, '4': 14, '5': 46, '6': 40, '7': 44, '8': 48, '9': 16, '10': 20}, 'arch': {'width': 13, 'height': 5, 'alg_qubits': [14, 40, 16, 42, 18, 44, 20, 46, 22, 48, 24, 50], 'magic_states': [1, 3, 5, 7, 9, 11, 25, 51, 63, 61, 59, 57, 55, 53, 13, 39]}, 'gates': [[10], [5], [4], [4, 5], [10, 4], [5, 10], [9], [4], [3], [4, 9], [3, 4], [9, 3], [4], [9, 4], [9], [4], [3], [3, 4], [9, 3], [4, 9], [8], [3], [2], [3, 8], [2, 3], [8, 2], [3], [8, 3], [8], [3], [2], [2, 3], [8, 2], [3, 8], [7], [2], [1], [2, 7], [1, 2], [7, 1], [2], [7, 2], [7], [2], [1], [1, 2], [7, 1], [2, 7], [6], [1], [0], [1, 6], [0, 1], [6, 0], [1], [6, 1], [6], [1], [0], [0, 1], [6, 0], [1, 6], [7], [2], [1], [2, 7], [1, 2], [7, 1], [2], [7, 2], [7], [2], [1], [1, 2], [7, 1], [2, 7], [8], [3], [2], [3, 8], [2, 3]]}","{'map': {'0': 40, '1': 24, '2': 22, '3': 18, '4': 44, '5': 48, '6': 42, '7': 14, '8': 20, '9': 50, '10': 16}, 'arch': {'width': 13, 'height': 5, 'alg_qubits': [14, 40, 16, 42, 18, 44, 20, 46, 22, 48, 24, 50], 'magic_states': [1, 3, 5, 7, 9, 11, 25, 51, 63, 61, 59, 57, 55, 53, 13, 39]}, 'gates': [[5, 10], [9], [4], [3], [4, 9], [3, 4], [9, 3], [4], [9, 4], [9], [4], [3], [3, 4], [9, 3], [4, 9], [8], [3], [2], [3, 8], [2, 3], [8, 2], [3], [8, 3], [8], [3], [2], [2, 3], [8, 2], [3, 8], [7], [2], [1], [2, 7], [1, 2], [7, 1], [2], [7, 2], [7], [2], [1], [1, 2], [7, 1], [2, 7], [6], [1], [0], [1, 6], [0, 1], [6, 0], [1], [6, 1], [6], [1], [0], [0, 1], [6, 0], [1, 6], [7], [2], [1], [2, 7], [1, 2], [7, 1], [2], [7, 2], [7], [2], [1], [1, 2], [7, 1], [2, 7], [8], [3], [2], [3, 8], [2, 3], [8, 2], [3], [8, 3], [8], [3]]}","{'map': {'0': 40, '1': 24, '2': 22, '3': 18, '4': 44, '5': 48, '6': 42, '7': 14, '8': 20, '9': 50, '10': 16}, 'arch': {'width': 13, 'height': 5, 'alg_qubits': [14, 40, 16, 42, 18, 44, 20, 46, 22, 48, 24, 50], 'magic_states': [1, 3, 5, 7, 9, 11, 25, 51, 63, 61, 59, 57, 55, 53, 13, 39]}, 'gates': [[5, 10], [9], [4], [3], [4, 9], [3, 4], [9, 3], [4], [9, 4], [9], [4], [3], [3, 4], [9, 3], [4, 9], [8], [3], [2], [3, 8], [2, 3], [8, 2], [3], [8, 3], [8], [3], [2], [2, 3], [8, 2], [3, 8], [7], [2], [1], [2, 7], [1, 2], [7, 1], [2], [7, 2], [7], [2], [1], [1, 2], [7, 1], [2, 7], [6], [1], [0], [1, 6], [0, 1], [6, 0], [1], [6, 1], [6], [1], [0], [0, 1], [6, 0], [1, 6], [7], [2], [1], [2, 7], [1, 2], [7, 1], [2], [7, 2], [7], [2], [1], [1, 2], [7, 1], [2, 7], [8], [3], [2], [3, 8], [2, 3], [8, 2], [3], [8, 3], [8], [3]]}","{'map': {'0': 24, '1': 20, '2': 46, '3': 50, '4': 14, '5': 16, '6': 40, '7': 22, '8': 48, '9': 18, '10': 44, '11': 26}, 'arch': {'width': 13, 'height': 5, 'alg_qubits': [14, 40, 16, 42, 18, 44, 20, 46, 22, 48, 24, 50], 'magic_states': [1, 3, 5, 7, 9, 11, 25, 51, 63, 61, 59, 57, 55, 53, 13, 39]}, 'gates': [[8, 10], [7], [11], [3], [11, 7], [3, 11], [7, 3], [11], [7, 11], [7], [11], [3], [3, 11], [7, 3], [11, 7], [10], [8], [11], [8, 10], [11, 8], [10, 11], [8], [10, 8], [10], [8], [11], [11, 8], [10, 11], [8, 10], [3], [11], [0], [11, 3], [0, 11], [3, 0], [11], [3, 11], [3], [11], [0], [0, 11], [3, 0], [11, 3], [1], [10], [11], [10, 1], [11, 10], [1, 11], [10], [1, 10], [1], [10], [11], [11, 10], [1, 11], [10, 1], [2], [9], [10], [9, 2], [10, 9], [2, 10], [9], [2, 9], [2], [9], [10], [10, 9], [2, 10], [9, 2], [6], [4], [9], [4, 6], [9, 4], [6, 9], [4], [6, 4], [6], [4]]}"
autobraid_41.qasm,"{'map': {'0': 56, '1': 54, '2': 20, '3': 30, '4': 62, '5': 52, '6': 28, '7': 18, '8': 22, '9': 24, '10': 64, '11': 66, '12': 32, '13': 26, '14': 60}, 'arch': {'width': 17, 'height': 5, 'alg_qubits': [18, 52, 20, 54, 22, 56, 24, 58, 26, 60, 28, 62, 30, 64, 32, 66], 'magic_states': [1, 3, 5, 7, 9, 11, 13, 15, 33, 67, 83, 81, 79, 77, 75, 73, 71, 69, 17, 51]}, 'gates': [[8], [7], [9], [9, 7], [8, 9], [7, 8], [6], [9], [10], [9, 6], [10, 9], [6, 10], [9], [6, 9], [6], [9], [10], [10, 9], [6, 10], [9, 6], [5], [10], [11], [10, 5], [11, 10], [5, 11], [10], [5, 10], [5], [10], [11], [11, 10], [5, 11], [10, 5], [4], [11], [12], [11, 4], [12, 11], [4, 12], [11], [4, 11], [4], [11], [12], [12, 11], [4, 12], [11, 4], [2], [12], [13], [12, 2], [13, 12], [2, 13], [12], [2, 12], [2], [12], [13], [13, 12], [2, 13], [12, 2], [1], [13], [14], [13, 1], [14, 13], [1, 14], [13], [1, 13], [1], [13], [14], [14, 13], [1, 14], [13, 1], [3], [14], [0], [14, 3], [0, 14]]}","{'map': {'0': 24, '1': 52, '2': 58, '3': 22, '4': 26, '5': 18, '6': 54, '7': 50, '8': 20, '9': 28, '10': 46, '11': 16, '12': 48}, 'arch': {'width': 15, 'height': 5, 'alg_qubits': [16, 46, 18, 48, 20, 50, 22, 52, 24, 54, 26, 56, 28, 58], 'magic_states': [1, 3, 5, 7, 9, 11, 13, 29, 59, 73, 71, 69, 67, 65, 63, 61, 15, 45]}, 'gates': [[11], [6, 11], [6], [11], [12], [12, 11], [6, 12], [11, 6], [9], [12], [0], [12, 9], [0, 12], [9, 0], [12], [9, 12], [9], [12], [0], [0, 12], [9, 0], [12, 9], [6], [11], [12], [11, 6], [12, 11], [6, 12], [11], [6, 11], [6], [11], [12], [12, 11], [6, 12], [11, 6], [5], [10], [11], [10, 5], [11, 10], [5, 11], [10], [5, 10], [5], [10], [11], [11, 10], [5, 11], [10, 5], [4], [8], [10], [8, 4], [10, 8], [4, 10], [8], [4, 8], [4], [8], [10], [10, 8], [4, 10], [8, 4], [3], [7], [8], [7, 3], [8, 7], [3, 8], [7], [3, 7], [3], [7], [8], [8, 7], [3, 8], [7, 3], [1], [2], [7]]}","{'map': {'0': 24, '1': 52, '2': 20, '3': 22, '4': 50, '5': 46, '6': 16, '7': 58, '8': 56, '9': 18, '10': 28, '11': 26, '12': 48}, 'arch': {'width': 15, 'height': 5, 'alg_qubits': [16, 46, 18, 48, 20, 50, 22, 52, 24, 54, 26, 56, 28, 58], 'magic_states': [1, 3, 5, 7, 9, 11, 13, 29, 59, 73, 71, 69, 67, 65, 63, 61, 15, 45]}, 'gates': [[12], [1], [12, 8], [1, 12], [8, 1], [12], [8, 12], [8], [12], [1], [1, 12], [8, 1], [12, 8], [7], [11], [12], [11, 7], [12, 11], [7, 12], [11], [7, 11], [7], [11], [12], [12, 11], [7, 12], [11, 7], [6], [10], [11], [10, 6], [11, 10], [6, 11], [10], [6, 10], [6], [10], [11], [11, 10], [6, 11], [10, 6], [5], [9], [10], [9, 5], [10, 9], [5, 10], [9], [5, 9], [5], [9], [10], [10, 9], [5, 10], [9, 5], [4], [0], [9], [0, 4], [9, 0], [4, 9], [0], [4, 0], [4], [0], [9], [9, 0], [4, 9], [0, 4], [2], [3], [0], [3, 2], [0, 3], [2, 0], [3], [2, 3], [2], [3], [0], [0, 3]]}","{'map': {'0': 56, '1': 58, '2': 50, '3': 16, '4': 52, '5': 20, '6': 54, '7': 24, '8': 22, '9': 28, '10': 18, '11': 48, '12': 26}, 'arch': {'width': 15, 'height': 5, 'alg_qubits': [16, 46, 18, 48, 20, 50, 22, 52, 24, 54, 26, 56, 28, 58], 'magic_states': [1, 3, 5, 7, 9, 11, 13, 29, 59, 73, 71, 69, 67, 65, 63, 61, 15, 45]}, 'gates': [[9, 12], [10, 9], [11], [12], [2], [12, 11], [2, 12], [11, 2], [12], [11, 12], [11], [12], [2], [2, 12], [11, 2], [12, 11], [9], [10], [12], [10, 9], [12, 10], [9, 12], [10], [9, 10], [9], [10], [12], [12, 10], [9, 12], [10, 9], [7], [8], [10], [8, 7], [10, 8], [7, 10], [8], [7, 8], [7], [8], [10], [10, 8], [7, 10], [8, 7], [6], [1], [8], [1, 6], [8, 1], [6, 8], [1], [6, 1], [6], [1], [8], [8, 1], [6, 8], [1, 6], [5], [0], [1], [0, 5], [1, 0], [5, 1], [0], [5, 0], [5], [0], [1], [1, 0], [5, 1], [0, 5], [3], [4], [0], [4, 3], [0, 4], [3, 0], [4], [3, 4], [3]]}","{'map': {'0': 26, '1': 32, '2': 62, '3': 18, '4': 58, '5': 56, '6': 22, '7': 54, '8': 28, '9': 60, '10': 24, '11': 64, '12': 20, '13': 30, '14': 66}, 'arch': {'width': 17, 'height': 5, 'alg_qubits': [18, 52, 20, 54, 22, 56, 24, 58, 26, 60, 28, 62, 30, 64, 32, 66], 'magic_states': [1, 3, 5, 7, 9, 11, 13, 15, 33, 67, 83, 81, 79, 77, 75, 73, 71, 69, 17, 51]}, 'gates': [[13, 14], [6], [1], [0], [1, 6], [0, 1], [6, 0], [1], [6, 1], [6], [1], [0], [0, 1], [6, 0], [1, 6], [7], [2], [1], [2, 7], [1, 2], [7, 1], [2], [7, 2], [7], [2], [1], [1, 2], [7, 1], [2, 7], [8], [3], [2], [3, 8], [2, 3], [8, 2], [3], [8, 3], [8], [3], [2], [2, 3], [8, 2], [3, 8], [9], [4], [3], [4, 9], [3, 4], [9, 3], [4], [9, 4], [9], [4], [3], [3, 4], [9, 3], [4, 9], [10], [5], [4], [5, 10], [4, 5], [10, 4], [5], [10, 5], [10], [5], [4], [4, 5], [10, 4], [5, 10], [12], [11], [5], [11, 12], [5, 11], [12, 5], [11], [12, 11], [12], [11]]}"
qaoa_4.qasm,"{'map': {'0': 12, '1': 32, '2': 14, '3': 28, '4': 10, '5': 16, '6': 34, '7': 30}, 'arch': {'width': 9, 'height': 5, 'alg_qubits': [10, 28, 12, 30, 14, 32, 16, 34], 'magic_states': [1, 3, 5, 7, 17, 35, 43, 41, 39, 37, 9, 27]}, 'gates': [[6, 5], [6], [5], [2], [2, 5], [6, 2], [5, 6], [4], [2], [1], [2, 4], [1, 2], [4, 1], [2], [4, 2], [4], [2], [1], [1, 2], [4, 1], [2, 4], [3], [1], [0], [1, 3], [0, 1], [3, 0], [1], [3, 1], [3], [1], [0], [0, 1], [3, 0], [1, 3], [4], [2], [1], [2, 4], [1, 2], [4, 1], [2], [4, 2], [4], [2], [1], [1, 2], [4, 1], [2, 4], [6], [5], [2], [5, 6], [2, 5], [6, 2], [5], [6, 5], [6], [5], [2], [2, 5], [6, 2], [5, 6], [4], [2], [1], [2, 4], [1, 2], [4, 1], [2], [4, 2], [4], [2], [1], [1, 2], [4, 1], [2, 4], [0], [3], [7], [3, 0]]}","{'map': {'0': 12, '1': 32, '2': 14, '3': 28, '4': 10, '5': 16, '6': 34, '7': 30}, 'arch': {'width': 9, 'height': 5, 'alg_qubits': [10, 28, 12, 30, 14, 32, 16, 34], 'magic_states': [1, 3, 5, 7, 17, 35, 43, 41, 39, 37, 9, 27]}, 'gates': [[6, 5], [6], [5], [2], [2, 5], [6, 2], [5, 6], [4], [2], [1], [2, 4], [1, 2], [4, 1], [2], [4, 2], [4], [2], [1], [1, 2], [4, 1], [2, 4], [3], [1], [0], [1, 3], [0, 1], [3, 0], [1], [3, 1], [3], [1], [0], [0, 1], [3, 0], [1, 3], [4], [2], [1], [2, 4], [1, 2], [4, 1], [2], [4, 2], [4], [2], [1], [1, 2], [4, 1], [2, 4], [6], [5], [2], [5, 6], [2, 5], [6, 2], [5], [6, 5], [6], [5], [2], [2, 5], [6, 2], [5, 6], [4], [2], [1], [2, 4], [1, 2], [4, 1], [2], [4, 2], [4], [2], [1], [1, 2], [4, 1], [2, 4], [0], [3], [7], [3, 0]]}","{'map': {'0': 10, '1': 34, '2': 30, '3': 28, '4': 16, '5': 32, '6': 12}, 'arch': {'width': 9, 'height': 5, 'alg_qubits': [10, 28, 12, 30, 14, 32, 16, 34], 'magic_states': [1, 3, 5, 7, 17, 35, 43, 41, 39, 37, 9, 27]}, 'gates': [[2], [1], [2, 4], [1, 2], [4, 1], [2], [4, 2], [4], [2], [1], [1, 2], [4, 1], [2, 4], [6], [5], [2], [5, 6], [2, 5], [6, 2], [5], [6, 5], [6], [5], [2], [2, 5], [6, 2], [5, 6], [4], [2], [1], [2, 4], [1, 2], [4, 1], [2], [4, 2], [4], [2], [1], [1, 2], [4, 1], [2, 4], [3], [1], [0], [1, 3], [0, 1], [3, 0], [1], [3, 1], [3], [1], [0], [0, 1], [3, 0], [1, 3], [4], [2], [1], [2, 4], [1, 2], [4, 1], [2], [4, 2], [4], [2], [1], [1, 2], [4, 1], [2, 4], [6], [5], [2], [5, 6], [2, 5], [6, 2], [5], [6, 5], [6], [5], [2], [2, 5]]}","{'map': {'0': 10, '1': 34, '2': 30, '3': 28, '4': 16, '5': 32, '6': 12}, 'arch': {'width': 9, 'height': 5, 'alg_qubits': [10, 28, 12, 30, 14, 32, 16, 34], 'magic_states': [1, 3, 5, 7, 17, 35, 43, 41, 39, 37, 9, 27]}, 'gates': [[2], [1], [2, 4], [1, 2], [4, 1], [2], [4, 2], [4], [2], [1], [1, 2], [4, 1], [2, 4], [6], [5], [2], [5, 6], [2, 5], [6, 2], [5], [6, 5], [6], [5], [2], [2, 5], [6, 2], [5, 6], [4], [2], [1], [2, 4], [1, 2], [4, 1], [2], [4, 2], [4], [2], [1], [1, 2], [4, 1], [2, 4], [3], [1], [0], [1, 3], [0, 1], [3, 0], [1], [3, 1], [3], [1], [0], [0, 1], [3, 0], [1, 3], [4], [2], [1], [2, 4], [1, 2], [4, 1], [2], [4, 2], [4], [2], [1], [1, 2], [4, 1], [2, 4], [6], [5], [2], [5, 6], [2, 5], [6, 2], [5], [6, 5], [6], [5], [2], [2, 5]]}","{'map': {'0': 32, '1': 12, '2': 30, '3': 28, '4': 34, '5': 14, '6': 16}, 'arch': {'width': 9, 'height': 5, 'alg_qubits': [10, 28, 12, 30, 14, 32, 16, 34], 'magic_states': [1, 3, 5, 7, 17, 35, 43, 41, 39, 37, 9, 27]}, 'gates': [[2], [1], [0], [1, 2], [0, 1], [2, 0], [1], [2, 1], [2], [1], [0], [0, 1], [2, 0], [1, 2], [3], [6], [1], [6, 3], [1, 6], [3, 1], [6], [3, 6], [3], [6], [1], [1, 6], [3, 1], [6, 3], [5], [4], [6], [4, 5], [6, 4], [5, 6], [4], [5, 4], [5], [4], [6], [6, 4], [5, 6], [4, 5], [3], [6], [1], [6, 3], [1, 6], [3, 1], [6], [3, 6], [3], [6], [1], [1, 6], [3, 1], [6, 3], [0], [1], [6], [1, 0], [6, 1], [0, 6], [1], [0, 1], [0], [1], [6], [6, 1], [0, 6], [1, 0], [2], [1], [0], [1, 2], [0, 1], [2, 0], [1], [2, 1], [2], [1], [0]]}"
jku_suite_97.qasm,"{'map': {'0': 14, '1': 30, '2': 34, '3': 16, '4': 10, '5': 28, '6': 12, '7': 32}, 'arch': {'width': 9, 'height': 5, 'alg_qubits': [10, 28, 12, 30, 14, 32, 16, 34], 'magic_states': [1, 3, 5, 7, 17, 35, 43, 41, 39, 37, 9, 27]}, 'gates': [[0, 2], [1, 5], [0, 2], [1, 5], [2, 3], [0, 6], [1, 7], [4, 5], [2, 3], [0, 6], [1, 7], [4, 5], [3, 7], [4, 6], [1, 5], [0, 2], [3, 7], [4, 6], [1, 5], [0, 2], [4, 5], [2, 3], [0, 6], [1, 7], [4, 5], [2, 3], [0, 6], [1, 7], [4, 6], [3, 7], [4, 6], [3, 7]]}","{'map': {'0': 28, '1': 14, '2': 16, '3': 32, '4': 34, '5': 30, '6': 12, '7': 10}, 'arch': {'width': 9, 'height': 5, 'alg_qubits': [10, 28, 12, 30, 14, 32, 16, 34], 'magic_states': [1, 3, 5, 7, 17, 35, 43, 41, 39, 37, 9, 27]}, 'gates': [[3, 5], [6], [7], [4], [7, 6], [4, 7], [6, 4], [7], [6, 7], [6], [7], [4], [4, 7], [6, 4], [7, 6], [5], [3], [7], [3, 5], [7, 3], [5, 7], [3], [5, 3], [5], [3], [7], [7, 3], [5, 7], [3, 5], [0], [1], [3], [1, 0], [3, 1], [0, 3], [1], [0, 1], [0], [1], [3], [3, 1], [0, 3], [1, 0], [5], [3], [7], [3, 5], [7, 3], [5, 7], [3], [5, 3], [5], [3], [7], [7, 3], [5, 7], [3, 5], [6], [7], [2], [7, 6], [2, 7], [6, 2], [7], [6, 7], [6], [7], [2], [2, 7], [6, 2], [7, 6], [3], [5], [7], [5, 3], [7, 5], [3, 7], [5], [3, 5], [3], [5]]}","{'map': {'0': 28, '1': 14, '2': 16, '3': 10, '4': 30, '5': 12, '6': 34, '7': 32}, 'arch': {'width': 9, 'height': 5, 'alg_qubits': [10, 28, 12, 30, 14, 32, 16, 34], 'magic_states': [1, 3, 5, 7, 17, 35, 43, 41, 39, 37, 9, 27]}, 'gates': [[0, 2], [1], [0, 1], [0], [1], [2], [2, 1], [0, 2], [1, 0], [2], [7], [6], [7, 2], [6, 7], [2, 6], [7], [2, 7], [2], [7], [6], [6, 7], [2, 6], [7, 2], [5], [1], [7], [1, 5], [7, 1], [5, 7], [1], [5, 1], [5], [1], [7], [7, 1], [5, 7], [1, 5], [3], [4], [1], [4, 3], [1, 4], [3, 1], [4], [3, 4], [3], [4], [1], [1, 4], [3, 1], [4, 3], [5], [1], [7], [1, 5], [7, 1], [5, 7], [1], [5, 1], [5], [1], [7], [7, 1], [5, 7], [1, 5], [2], [7], [6], [7, 2], [6, 7], [2, 6], [7], [2, 7], [2], [7], [6], [6, 7], [2, 6], [7, 2], [5], [1]]}","{'map': {'0': 30, '1': 16, '2': 34, '3': 10, '4': 28, '5': 14, '6': 32, '7': 12}, 'arch': {'width': 9, 'height': 5, 'alg_qubits': [10, 28, 12, 30, 14, 32, 16, 34], 'magic_states': [1, 3, 5, 7, 17, 35, 43, 41, 39, 37, 9, 27]}, 'gates': [[7], [6], [3], [3, 6], [7, 3], [6, 7], [2, 1], [1], [7], [5], [7, 1], [5, 7], [1, 5], [7], [1, 7], [1], [7], [5], [5, 7], [1, 5], [7, 1], [7, 5], [6, 5], [0, 7], [0, 6], [5, 0], [1, 5], [2, 6], [4, 7], [4, 6], [1], [6], [2], [6, 1], [2, 6], [1, 2], [6], [1, 6], [1], [6], [2], [2, 6], [1, 2], [6, 1], [4, 1], [1, 2], [1], [5], [4], [5, 1], [4, 5], [1, 4], [5], [1, 5], [1], [5], [4], [4, 5], [1, 4], [5, 1], [0, 1], [0, 2], [0, 4], [7], [6], [5], [6, 7], [5, 6], [7, 5], [6], [7, 6], [7], [6], [5], [5, 6], [7, 5], [6, 7], [0], [5], [7], [5, 0]]}","{'map': {'0': 32, '1': 16, '2': 28, '3': 12, '4': 14, '5': 10, '6': 30, '7': 34}, 'arch': {'width': 9, 'height': 5, 'alg_qubits': [10, 28, 12, 30, 14, 32, 16, 34], 'magic_states': [1, 3, 5, 7, 17, 35, 43, 41, 39, 37, 9, 27]}, 'gates': [[6], [1], [7], [7, 1], [6, 7], [1, 6], [0], [1], [2], [1, 0], [2, 1], [0, 2], [1], [0, 1], [0], [1], [2], [2, 1], [0, 2], [1, 0], [2], [7], [5], [7, 2], [5, 7], [2, 5], [7], [2, 7], [2], [7], [5], [5, 7], [2, 5], [7, 2], [6], [1], [7], [1, 6], [7, 1], [6, 7], [1], [6, 1], [6], [1], [7], [7, 1], [6, 7], [1, 6], [3], [4], [1], [4, 3], [1, 4], [3, 1], [4], [3, 4], [3], [4], [1], [1, 4], [3, 1], [4, 3], [6], [1], [7], [1, 6], [7, 1], [6, 7], [1], [6, 1], [6], [1], [7], [7, 1], [6, 7], [1, 6], [2], [7], [5], [7, 2], [5, 7]]}"
quarl_suite_0.qasm,"{'map': {'0': 10, '1': 22, '2': 24, '3': 26, '4': 8}, 'arch': {'width': 7, 'height': 5, 'alg_qubits': [8, 22, 10, 24, 12, 26], 'magic_states': [1, 3, 5, 13, 27, 33, 31, 29, 7, 21]}, 'gates': [[2], [2, 4], [1, 2], [4, 1], [2, 3], [3, 2], [1, 2], [0], [1], [3], [1, 0], [3, 1], [0, 3], [1], [0, 1], [0], [1], [3], [3, 1], [0, 3], [1, 0], [1], [3], [0], [3, 1], [0, 3], [1, 0], [3], [1, 3], [1], [3], [0], [0, 3], [1, 0], [3, 1], [0, 1], [2, 1], [1, 0], [0, 2], [1, 0], [2, 1], [0], [2], [1], [2, 0], [1, 2], [0, 1], [2], [0, 2], [0], [2], [1], [1, 2], [0, 1], [2, 0], [0], [2], [4], [2, 0], [4, 2], [0, 4], [2], [0, 2], [0], [2], [4], [4, 2], [0, 4], [2, 0], [4, 0], [1], [4], [2], [4, 1], [2, 4], [1, 2], [4], [1, 4], [1], [4]]}","{'map': {'0': 8, '1': 22, '2': 24, '3': 12, '4': 26}, 'arch': {'width': 7, 'height': 5, 'alg_qubits': [8, 22, 10, 24, 12, 26], 'magic_states': [1, 3, 5, 13, 27, 33, 31, 29, 7, 21]}, 'gates': [[2], [3], [1], [3, 2], [1, 3], [2, 1], [3], [2, 3], [2], [3], [1], [1, 3], [2, 1], [3, 2], [0], [4], [3], [4, 0], [3, 4], [0, 3], [4], [0, 4], [0], [4], [3], [3, 4], [0, 3], [4, 0], [2], [3], [1], [3, 2], [1, 3], [2, 1], [3], [2, 3], [2], [3], [1], [1, 3], [2, 1], [3, 2], [0], [4], [3], [4, 0], [3, 4], [0, 3], [4], [0, 4], [0], [4], [3], [3, 4], [0, 3], [4, 0], [2, 0], [3], [0], [2], [0, 3], [2, 0], [3, 2], [0], [3, 0], [3], [0], [2], [2, 0], [3, 2], [0, 3], [1], [4], [0], [4, 1], [0, 4], [1, 0], [4], [1, 4], [1], [4]]}","{'map': {'0': 8, '1': 22, '2': 10, '3': 12, '4': 26}, 'arch': {'width': 7, 'height': 5, 'alg_qubits': [8, 22, 10, 24, 12, 26], 'magic_states': [1, 3, 5, 13, 27, 33, 31, 29, 7, 21]}, 'gates': [[2], [1], [1, 2], [3, 1], [2, 3], [0], [1], [4], [1, 0], [4, 1], [0, 4], [1], [0, 1], [0], [1], [4], [4, 1], [0, 4], [1, 0], [3], [2], [1], [2, 3], [1, 2], [3, 1], [2], [3, 2], [3], [2], [1], [1, 2], [3, 1], [2, 3], [0, 1], [2, 0], [1], [2, 1], [2], [1], [0], [0, 1], [2, 0], [1, 2], [4], [3], [1], [3, 4], [1, 3], [4, 1], [3], [4, 3], [4], [3], [1], [1, 3], [4, 1], [3, 4], [0], [1], [4], [1, 0], [4, 1], [0, 4], [1], [0, 1], [0], [1], [4], [4, 1], [0, 4], [1, 0], [3], [2], [1], [2, 3], [1, 2], [3, 1], [2], [3, 2], [3]]}","{'map': {'0': 26, '1': 24, '2': 12, '3': 8, '4': 22, '5': 10}, 'arch': {'width': 7, 'height': 5, 'alg_qubits': [8, 22, 10, 24, 12, 26], 'magic_states': [1, 3, 5, 13, 27, 33, 31, 29, 7, 21]}, 'gates': [[1], [4], [2], [4, 1], [2, 4], [1, 2], [4], [1, 4], [1], [4], [2], [2, 4], [1, 2], [4, 1], [5], [3], [4], [3, 5], [4, 3], [5, 4], [3], [5, 3], [5], [3], [4], [4, 3], [5, 4], [3, 5], [0], [1], [3], [1, 0], [3, 1], [0, 3], [1], [0, 1], [0], [1], [3], [3, 1], [0, 3], [1, 0], [5], [3], [4], [3, 5], [4, 3], [5, 4], [3], [5, 3], [5], [3], [4], [4, 3], [5, 4], [3, 5], [0], [1], [3], [1, 0], [3, 1], [0, 3], [1], [0, 1], [0], [1], [3], [3, 1], [0, 3], [1, 0], [1], [5], [3], [5, 1], [3, 5], [1, 3], [5], [1, 5], [1], [5], [3]]}","{'map': {'0': 22, '1': 12, '2': 8, '3': 10, '4': 26}, 'arch': {'width': 7, 'height': 5, 'alg_qubits': [8, 22, 10, 24, 12, 26], 'magic_states': [1, 3, 5, 13, 27, 33, 31, 29, 7, 21]}, 'gates': [[3], [2], [1], [2, 3], [1, 2], [3, 1], [2], [3, 2], [3], [2], [1], [1, 2], [3, 1], [2, 3], [0], [4], [2], [4, 0], [2, 4], [0, 2], [4], [0, 4], [0], [4], [2], [2, 4], [0, 2], [4, 0], [3], [1], [4], [1, 3], [4, 1], [3, 4], [1], [3, 1], [3], [1], [4], [4, 1], [3, 4], [1, 3], [0], [4], [2], [4, 0], [2, 4], [0, 2], [4], [0, 4], [0], [4], [2], [2, 4], [0, 2], [4, 0], [3], [1], [4], [1, 3], [4, 1], [3, 4], [1], [3, 1], [3], [1], [4], [4, 1], [3, 4], [1, 3], [3], [0], [2], [0, 3], [2, 0], [3, 2], [0], [3, 0], [3], [0], [2]]}"
quarl_suite_12.qasm,"{'map': {'0': 20, '1': 18, '2': 36, '3': 12, '4': 38, '5': 34, '6': 42, '7': 14, '8': 16, '9': 0}, 'arch': {'width': 11, 'height': 5, 'alg_qubits': [12, 34, 14, 36, 16, 38, 18, 40, 20, 42], 'magic_states': [1, 3, 5, 7, 9, 21, 43, 53, 51, 49, 47, 45, 11, 33]}, 'gates': [[8, 3], [6], [9], [7], [9, 6], [7, 9], [6, 7], [9], [6, 9], [6], [9], [7], [7, 9], [6, 7], [9, 6], [4], [8], [9], [8, 4], [9, 8], [4, 9], [8], [4, 8], [4], [8], [9], [9, 8], [4, 9], [8, 4], [3], [5], [8], [5, 3], [8, 5], [3, 8], [5], [3, 5], [3], [5], [8], [8, 5], [3, 8], [5, 3], [0], [2], [5], [2, 0], [5, 2], [0, 5], [2], [0, 2], [0], [2], [5], [5, 2], [0, 5], [2, 0], [3], [5], [8], [5, 3], [8, 5], [3, 8], [5], [3, 5], [3], [5], [8], [8, 5], [3, 8], [5, 3], [4], [8], [9], [8, 4], [9, 8], [4, 9], [8], [4, 8], [4], [8]]}","{'map': {'0': 34, '1': 40, '2': 12, '3': 14, '4': 18, '5': 42, '6': 38, '7': 20, '8': 16, '9': 28}, 'arch': {'width': 11, 'height': 5, 'alg_qubits': [12, 34, 14, 36, 16, 38, 18, 40, 20, 42], 'magic_states': [1, 3, 5, 7, 9, 21, 43, 53, 51, 49, 47, 45, 11, 33]}, 'gates': [[8, 9], [5], [8, 5], [8], [5], [9], [9, 5], [8, 9], [5, 8], [2], [9], [1], [9, 2], [1, 9], [2, 1], [9], [2, 9], [2], [9], [1], [1, 9], [2, 1], [9, 2], [8], [5], [9], [5, 8], [9, 5], [8, 9], [5], [8, 5], [8], [5], [9], [9, 5], [8, 9], [5, 8], [6], [7], [5], [7, 6], [5, 7], [6, 5], [7], [6, 7], [6], [7], [5], [5, 7], [6, 5], [7, 6], [8], [5], [9], [5, 8], [9, 5], [8, 9], [5], [8, 5], [8], [5], [9], [9, 5], [8, 9], [5, 8], [0], [4], [2], [4, 0], [2, 4], [0, 2], [4], [0, 4], [0], [4], [2], [2, 4], [0, 2], [4, 0], [2], [9]]}","{'map': {'0': 40, '1': 42, '2': 36, '3': 34, '4': 14, '5': 16, '6': 12, '7': 20, '8': 18, '9': 38}, 'arch': {'width': 11, 'height': 5, 'alg_qubits': [12, 34, 14, 36, 16, 38, 18, 40, 20, 42], 'magic_states': [1, 3, 5, 7, 9, 21, 43, 53, 51, 49, 47, 45, 11, 33]}, 'gates': [[8, 5], [7], [6], [8], [6, 7], [8, 6], [7, 8], [6], [7, 6], [7], [6], [8], [8, 6], [7, 8], [6, 7], [5], [8], [2], [8, 5], [2, 8], [5, 2], [8], [5, 8], [5], [8], [2], [2, 8], [5, 2], [8, 5], [4], [2], [1], [2, 4], [1, 2], [4, 1], [2], [4, 2], [4], [2], [1], [1, 2], [4, 1], [2, 4], [0], [3], [9], [3, 0], [9, 3], [0, 9], [3], [0, 3], [0], [3], [9], [9, 3], [0, 9], [3, 0], [2], [1], [3], [1, 2], [3, 1], [2, 3], [1], [2, 1], [2], [1], [3], [3, 1], [2, 3], [1, 2], [0], [3], [9], [3, 0], [9, 3], [0, 9], [3], [0, 3], [0], [3]]}","{'map': {'0': 12, '1': 40, '2': 42, '3': 38, '4': 14, '5': 36, '6': 18, '7': 16, '8': 20, '9': 34}, 'arch': {'width': 11, 'height': 5, 'alg_qubits': [12, 34, 14, 36, 16, 38, 18, 40, 20, 42], 'magic_states': [1, 3, 5, 7, 9, 21, 43, 53, 51, 49, 47, 45, 11, 33]}, 'gates': [[8, 5], [7], [6], [8], [6, 7], [8, 6], [7, 8], [6], [7, 6], [7], [6], [8], [8, 6], [7, 8], [6, 7], [5], [8], [2], [8, 5], [2, 8], [5, 2], [8], [5, 8], [5], [8], [2], [2, 8], [5, 2], [8, 5], [4], [2], [1], [2, 4], [1, 2], [4, 1], [2], [4, 2], [4], [2], [1], [1, 2], [4, 1], [2, 4], [0], [3], [9], [3, 0], [9, 3], [0, 9], [3], [0, 3], [0], [3], [9], [9, 3], [0, 9], [3, 0], [2], [1], [3], [1, 2], [3, 1], [2, 3], [1], [2, 1], [2], [1], [3], [3, 1], [2, 3], [1, 2], [0], [3], [9], [3, 0], [9, 3], [0, 9], [3], [0, 3], [0], [3]]}","{'map': {'0': 42, '1': 20, '2': 14, '3': 40, '4': 38, '5': 16, '6': 36, '7': 12, '8': 34, '9': 28}, 'arch': {'width': 11, 'height': 5, 'alg_qubits': [12, 34, 14, 36, 16, 38, 18, 40, 20, 42], 'magic_states': [1, 3, 5, 7, 9, 21, 43, 53, 51, 49, 47, 45, 11, 33]}, 'gates': [[4, 9], [1], [5], [0], [5, 1], [0, 5], [1, 0], [5], [1, 5], [1], [5], [0], [0, 5], [1, 0], [5, 1], [9], [4], [5], [4, 9], [5, 4], [9, 5], [4], [9, 4], [9], [4], [5], [5, 4], [9, 5], [4, 9], [8], [3], [4], [3, 8], [4, 3], [8, 4], [3], [8, 3], [8], [3], [4], [4, 3], [8, 4], [3, 8], [6], [7], [3], [7, 6], [3, 7], [6, 3], [7], [6, 7], [6], [7], [3], [3, 7], [6, 3], [7, 6], [8], [3], [4], [3, 8], [4, 3], [8, 4], [3], [8, 3], [8], [3], [4], [4, 3], [8, 4], [3, 8], [9], [4], [5], [4, 9], [5, 4], [9, 5], [4], [9, 4], [9], [4]]}"
autobraid_6.qasm,"{'map': {'0': 32, '1': 34, '2': 30, '3': 14, '4': 10, '5': 28, '6': 16}, 'arch': {'width': 9, 'height': 5, 'alg_qubits': [10, 28, 12, 30, 14, 32, 16, 34], 'magic_states': [1, 3, 5, 7, 17, 35, 43, 41, 39, 37, 9, 27]}, 'gates': [[1], [5], [0], [5, 1], [0, 5], [1, 0], [5], [1, 5], [1], [5], [0], [0, 5], [1, 0], [5, 1], [1], [5], [2], [5, 1], [2, 5], [1, 2], [5], [1, 5], [1], [5], [2], [2, 5], [1, 2], [5, 1], [1], [5], [4], [5, 1], [4, 5], [1, 4], [5], [1, 5], [1], [5], [4], [4, 5], [1, 4], [5, 1], [1], [6], [2], [6, 1], [2, 6], [1, 2], [6], [1, 6], [1], [6], [2], [2, 6], [1, 2], [6, 1], [1], [6], [3], [6, 1], [3, 6], [1, 3], [6], [1, 6], [1], [6], [3], [3, 6], [1, 3], [6, 1], [1], [6], [4], [6, 1], [4, 6], [1, 4], [6], [1, 6], [1], [6], [4]]}","{'map': {'0': 28, '1': 12, '2': 10, '3': 14, '4': 34, '5': 32, '6': 30, '7': 16}, 'arch': {'width': 9, 'height': 5, 'alg_qubits': [10, 28, 12, 30, 14, 32, 16, 34], 'magic_states': [1, 3, 5, 7, 17, 35, 43, 41, 39, 37, 9, 27]}, 'gates': [[3, 5], [2], [3, 2], [3], [2], [5], [5, 2], [3, 5], [2, 3], [1], [5], [4], [5, 1], [4, 5], [1, 4], [5], [1, 5], [1], [5], [4], [4, 5], [1, 4], [5, 1], [4], [1], [0], [1, 4], [0, 1], [4, 0], [1], [4, 1], [4], [1], [0], [0, 1], [4, 0], [1, 4], [5], [2], [1], [2, 5], [1, 2], [5, 1], [2], [5, 2], [5], [2], [1], [1, 2], [5, 1], [2, 5], [7], [6], [2], [6, 7], [2, 6], [7, 2], [6], [7, 6], [7], [6], [2], [2, 6], [7, 2], [6, 7], [5], [2], [1], [2, 5], [1, 2], [5, 1], [2], [5, 2], [5], [2], [1], [1, 2], [5, 1], [2, 5], [4], [1]]}","{'map': {'0': 56, '1': 54, '2': 20, '3': 30, '4': 62, '5': 52, '6': 28, '7': 18, '8': 22, '9': 24, '10': 64, '11': 66, '12': 32, '13': 26, '14': 60}, 'arch': {'width': 17, 'height': 5, 'alg_qubits': [18, 52, 20, 54, 22, 56, 24, 58, 26, 60, 28, 62, 30, 64, 32, 66], 'magic_states': [1, 3, 5, 7, 9, 11, 13, 15, 33, 67, 83, 81, 79, 77, 75, 73, 71, 69, 17, 51]}, 'gates': [[8], [7], [9], [9, 7], [8, 9], [7, 8], [6], [9], [10], [9, 6], [10, 9], [6, 10], [9], [6, 9], [6], [9], [10], [10, 9], [6, 10], [9, 6], [5], [10], [11], [10, 5], [11, 10], [5, 11], [10], [5, 10], [5], [10], [11], [11, 10], [5, 11], [10, 5], [4], [11], [12], [11, 4], [12, 11], [4, 12], [11], [4, 11], [4], [11], [12], [12, 11], [4, 12], [11, 4], [2], [12], [13], [12, 2], [13, 12], [2, 13], [12], [2, 12], [2], [12], [13], [13, 12], [2, 13], [12, 2], [1], [13], [14], [13, 1], [14, 13], [1, 14], [13], [1, 13], [1], [13], [14], [14, 13], [1, 14], [13, 1], [3], [14], [0], [14, 3], [0, 14]]}","{'map': {'0': 28, '1': 12, '2': 34, '3': 16, '4': 32, '5': 10, '6': 14, '7': 22}, 'arch': {'width': 9, 'height': 5, 'alg_qubits': [10, 28, 12, 30, 14, 32, 16, 34], 'magic_states': [1, 3, 5, 7, 17, 35, 43, 41, 39, 37, 9, 27]}, 'gates': [[2], [6, 7], [2, 6], [7, 2], [6], [7, 6], [7], [6], [2], [2, 6], [7, 2], [6, 7], [5], [2], [1], [2, 5], [1, 2], [5, 1], [2], [5, 2], [5], [2], [1], [1, 2], [5, 1], [2, 5], [4], [1], [0], [1, 4], [0, 1], [4, 0], [1], [4, 1], [4], [1], [0], [0, 1], [4, 0], [1, 4], [5], [2], [1], [2, 5], [1, 2], [5, 1], [2], [5, 2], [5], [2], [1], [1, 2], [5, 1], [2, 5], [7], [6], [2], [6, 7], [2, 6], [7, 2], [6], [7, 6], [7], [6], [2], [2, 6], [7, 2], [6, 7], [5], [2], [1], [2, 5], [1, 2], [5, 1], [2], [5, 2], [5], [2], [1], [1, 2], [5, 1]]}","{'map': {'0': 30, '1': 28, '2': 12, '3': 10, '4': 32, '5': 34, '6': 14, '7': 16}, 'arch': {'width': 9, 'height': 5, 'alg_qubits': [10, 28, 12, 30, 14, 32, 16, 34], 'magic_states': [1, 3, 5, 7, 17, 35, 43, 41, 39, 37, 9, 27]}, 'gates': [[5, 1], [3], [2], [5], [2, 3], [5, 2], [3, 5], [2], [3, 2], [3], [2], [5], [5, 2], [3, 5], [2, 3], [1], [5], [4], [5, 1], [4, 5], [1, 4], [5], [1, 5], [1], [5], [4], [4, 5], [1, 4], [5, 1], [4], [1], [0], [1, 4], [0, 1], [4, 0], [1], [4, 1], [4], [1], [0], [0, 1], [4, 0], [1, 4], [5], [2], [1], [2, 5], [1, 2], [5, 1], [2], [5, 2], [5], [2], [1], [1, 2], [5, 1], [2, 5], [7], [6], [2], [6, 7], [2, 6], [7, 2], [6], [7, 6], [7], [6], [2], [2, 6], [7, 2], [6, 7], [5], [2], [1], [2, 5], [1, 2], [5, 1], [2], [5, 2], [5], [2]]}"
autobraid_0.qasm,"{'map': {'0': 34, '1': 20, '2': 18, '3': 12, '4': 16, '5': 42, '6': 38, '7': 40, '8': 14}, 'arch': {'width': 11, 'height': 5, 'alg_qubits': [12, 34, 14, 36, 16, 38, 18, 40, 20, 42], 'magic_states': [1, 3, 5, 7, 9, 21, 43, 53, 51, 49, 47, 45, 11, 33]}, 'gates': [[4, 3], [4], [3], [6], [6, 3], [4, 6], [3, 4], [2], [6], [5], [6, 2], [5, 6], [2, 5], [6], [2, 6], [2], [6], [5], [5, 6], [2, 5], [6, 2], [5], [1], [0], [1, 5], [0, 1], [5, 0], [1], [5, 1], [5], [1], [0], [0, 1], [5, 0], [1, 5], [6], [2], [1], [2, 6], [1, 2], [6, 1], [2], [6, 2], [6], [2], [1], [1, 2], [6, 1], [2, 6], [8], [7], [2], [7, 8], [2, 7], [8, 2], [7], [8, 7], [8], [7], [2], [2, 7], [8, 2], [7, 8], [6], [2], [1], [2, 6], [1, 2], [6, 1], [2], [6, 2], [6], [2], [1], [1, 2], [6, 1], [2, 6], [5], [1], [0], [1, 5]]}","{'map': {'0': 16, '1': 10, '2': 14, '3': 32, '4': 30, '5': 34, '6': 12}, 'arch': {'width': 9, 'height': 5, 'alg_qubits': [10, 28, 12, 30, 14, 32, 16, 34], 'magic_states': [1, 3, 5, 7, 17, 35, 43, 41, 39, 37, 9, 27]}, 'gates': [[0], [5], [3], [3, 5], [0, 3], [5, 0], [3], [5], [0], [5, 3], [0, 5], [3, 0], [5], [3, 5], [3], [5], [0], [0, 5], [3, 0], [5, 3], [0], [6], [4], [6, 0], [4, 6], [0, 4], [6], [0, 6], [0], [6], [4], [4, 6], [0, 4], [6, 0], [0], [6], [3], [6, 0], [3, 6], [0, 3], [6], [0, 6], [0], [6], [3], [3, 6], [0, 3], [6, 0], [0], [6], [2], [6, 0], [2, 6], [0, 2], [6], [0, 6], [0], [6], [2], [2, 6], [0, 2], [6, 0], [0], [6], [1], [6, 0], [1, 6], [0, 1], [6], [0, 6], [0], [6], [1], [1, 6], [0, 1], [6, 0], [1], [2], [6], [2, 1], [6, 2]]}","{'map': {'0': 30, '1': 32, '2': 14, '3': 10, '4': 28, '5': 16, '6': 34, '7': 12}, 'arch': {'width': 9, 'height': 5, 'alg_qubits': [10, 28, 12, 30, 14, 32, 16, 34], 'magic_states': [1, 3, 5, 7, 17, 35, 43, 41, 39, 37, 9, 27]}, 'gates': [[5], [5, 7], [1, 5], [7, 1], [5], [7], [1], [7, 5], [1, 7], [5, 1], [7], [5, 7], [5], [7], [1], [1, 7], [5, 1], [7, 5], [1], [6], [4], [6, 1], [4, 6], [1, 4], [6], [1, 6], [1], [6], [4], [4, 6], [1, 4], [6, 1], [1], [6], [3], [6, 1], [3, 6], [1, 3], [6], [1, 6], [1], [6], [3], [3, 6], [1, 3], [6, 1], [1], [6], [2], [6, 1], [2, 6], [1, 2], [6], [1, 6], [1], [6], [2], [2, 6], [1, 2], [6, 1], [1], [6], [0], [6, 1], [0, 6], [1, 0], [6], [1, 6], [1], [6], [0], [0, 6], [1, 0], [6, 1], [6], [4], [1], [4, 6], [1, 4], [6, 1], [4]]}","{'map': {'0': 12, '1': 16, '2': 28, '3': 34, '4': 14, '5': 32, '6': 10}, 'arch': {'width': 9, 'height': 5, 'alg_qubits': [10, 28, 12, 30, 14, 32, 16, 34], 'magic_states': [1, 3, 5, 7, 17, 35, 43, 41, 39, 37, 9, 27]}, 'gates': [[4], [4, 6], [1, 4], [6, 1], [1], [6], [3], [6, 1], [3, 6], [1, 3], [6], [1, 6], [1], [6], [3], [3, 6], [1, 3], [6, 1], [5], [4], [6], [4, 5], [6, 4], [5, 6], [4], [5, 4], [5], [4], [6], [6, 4], [5, 6], [4, 5], [1], [6], [0], [6, 1], [0, 6], [1, 0], [6], [1, 6], [1], [6], [0], [0, 6], [1, 0], [6, 1], [1], [6], [2], [6, 1], [2, 6], [1, 2], [6], [1, 6], [1], [6], [2], [2, 6], [1, 2], [6, 1], [1], [6], [3], [6, 1], [3, 6], [1, 3], [6], [1, 6], [1], [6], [3], [3, 6], [1, 3], [6, 1], [1], [6], [4], [6, 1], [4, 6], [1, 4], [6]]}","{'map': {'0': 34, '1': 30, '2': 28, '3': 14, '4': 16, '5': 12, '6': 10}, 'arch': {'width': 9, 'height': 5, 'alg_qubits': [10, 28, 12, 30, 14, 32, 16, 34], 'magic_states': [1, 3, 5, 7, 17, 35, 43, 41, 39, 37, 9, 27]}, 'gates': [[3, 6], [3], [6], [1], [1, 6], [3, 1], [6, 3], [2], [1], [0], [1, 2], [0, 1], [2, 0], [1], [2, 1], [2], [1], [0], [0, 1], [2, 0], [1, 2], [3], [6], [1], [6, 3], [1, 6], [3, 1], [6], [3, 6], [3], [6], [1], [1, 6], [3, 1], [6, 3], [5], [4], [6], [4, 5], [6, 4], [5, 6], [4], [5, 4], [5], [4], [6], [6, 4], [5, 6], [4, 5], [3], [6], [1], [6, 3], [1, 6], [3, 1], [6], [3, 6], [3], [6], [1], [1, 6], [3, 1], [6, 3], [0], [1], [6], [1, 0], [6, 1], [0, 6], [1], [0, 1], [0], [1], [6], [6, 1], [0, 6], [1, 0], [2], [1], [0], [1, 2]]}"
quarl_suite_4.qasm,"{'map': {'0': 8, '1': 22, '2': 10, '3': 12, '4': 26}, 'arch': {'width': 7, 'height': 5, 'alg_qubits': [8, 22, 10, 24, 12, 26], 'magic_states': [1, 3, 5, 13, 27, 33, 31, 29, 7, 21]}, 'gates': [[0, 1], [0, 1], [0, 2], [0, 2], [0, 2], [0, 2], [0, 2], [0, 1], [0, 1], [0, 1], [0, 1], [0, 1], [3, 2], [3, 2], [3, 2], [3, 2], [3, 2], [0, 2], [0, 2], [0, 2], [0, 2], [0, 2], [0, 1], [0, 1], [3, 4], [3, 4], [3, 4], [3, 4], [3, 4], [3, 2], [3, 2], [3, 2], [3, 2], [3, 2], [1, 2], [1, 2], [0, 2], [0, 2]]}","{'map': {'0': 26, '1': 10, '2': 12, '3': 8, '4': 24, '5': 22}, 'arch': {'width': 7, 'height': 5, 'alg_qubits': [8, 22, 10, 24, 12, 26], 'magic_states': [1, 3, 5, 13, 27, 33, 31, 29, 7, 21]}, 'gates': [[3], [4], [4, 3], [5, 4], [3, 5], [1], [0], [3], [0, 1], [3, 0], [1, 3], [0], [1, 0], [1], [0], [3], [3, 0], [1, 3], [0, 1], [3], [2], [5], [2, 3], [5, 2], [3, 5], [2], [3, 2], [3], [2], [5], [5, 2], [3, 5], [2, 3], [5], [3], [4], [3, 5], [4, 3], [5, 4], [3], [5, 3], [5], [3], [4], [4, 3], [5, 4], [3, 5], [1], [0], [3], [0, 1], [3, 0], [1, 3], [0], [1, 0], [1], [0], [3], [3, 0], [1, 3], [0, 1], [5], [3], [4], [3, 5], [4, 3], [5, 4], [3], [5, 3], [5], [3], [4], [4, 3], [5, 4], [3, 5], [1], [0], [3], [0, 1], [3, 0], [1, 3]]}","{'map': {'0': 22, '1': 12, '2': 8, '3': 10, '4': 26}, 'arch': {'width': 7, 'height': 5, 'alg_qubits': [8, 22, 10, 24, 12, 26], 'magic_states': [1, 3, 5, 13, 27, 33, 31, 29, 7, 21]}, 'gates': [[3], [2], [1], [2, 3], [1, 2], [3, 1], [2], [3, 2], [3], [2], [1], [1, 2], [3, 1], [2, 3], [0], [4], [2], [4, 0], [2, 4], [0, 2], [4], [0, 4], [0], [4], [2], [2, 4], [0, 2], [4, 0], [3], [1], [4], [1, 3], [4, 1], [3, 4], [1], [3, 1], [3], [1], [4], [4, 1], [3, 4], [1, 3], [0], [4], [2], [4, 0], [2, 4], [0, 2], [4], [0, 4], [0], [4], [2], [2, 4], [0, 2], [4, 0], [3], [1], [4], [1, 3], [4, 1], [3, 4], [1], [3, 1], [3], [1], [4], [4, 1], [3, 4], [1, 3], [3], [0], [2], [0, 3], [2, 0], [3, 2], [0], [3, 0], [3], [0], [2]]}","{'map': {'0': 8, '1': 22, '2': 24, '3': 12, '4': 10, '5': 26}, 'arch': {'width': 7, 'height': 5, 'alg_qubits': [8, 22, 10, 24, 12, 26], 'magic_states': [1, 3, 5, 13, 27, 33, 31, 29, 7, 21]}, 'gates': [[1, 3], [1, 2], [3], [2], [5], [2, 3], [5, 2], [3, 5], [2], [3, 2], [3], [2], [5], [5, 2], [3, 5], [2, 3], [5], [3], [4], [3, 5], [4, 3], [5, 4], [3], [5, 3], [5], [3], [4], [4, 3], [5, 4], [3, 5], [1], [0], [3], [0, 1], [3, 0], [1, 3], [0], [1, 0], [1], [0], [3], [3, 0], [1, 3], [0, 1], [5], [3], [4], [3, 5], [4, 3], [5, 4], [3], [5, 3], [5], [3], [4], [4, 3], [5, 4], [3, 5], [1], [0], [3], [0, 1], [3, 0], [1, 3], [0], [1, 0], [1], [0], [3], [3, 0], [1, 3], [0, 1], [3], [2], [5], [2, 3], [5, 2], [3, 5], [2], [3, 2], [3]]}","{'map': {'0': 12, '1': 26, '2': 8, '3': 24, '4': 22, '5': 10}, 'arch': {'width': 7, 'height': 5, 'alg_qubits': [8, 22, 10, 24, 12, 26], 'magic_states': [1, 3, 5, 13, 27, 33, 31, 29, 7, 21]}, 'gates': [[4], [3], [2], [3, 4], [2, 3], [4, 2], [3], [4, 3], [4], [3], [2], [2, 3], [4, 2], [3, 4], [4, 2], [1, 3], [4], [3], [5], [3, 4], [5, 3], [4, 5], [3], [4, 3], [4], [3], [5], [5, 3], [4, 5], [3, 4], [5], [4], [1], [4, 5], [1, 4], [5, 1], [4], [5, 4], [5], [4], [1], [1, 4], [5, 1], [4, 5], [2], [0], [4], [0, 2], [4, 0], [2, 4], [0], [2, 0], [2], [0], [4], [4, 0], [2, 4], [0, 2], [5], [4], [1], [4, 5], [1, 4], [5, 1], [4], [5, 4], [5], [4], [1], [1, 4], [5, 1], [4, 5], [2], [0], [4], [0, 2], [4, 0], [2, 4], [0], [2, 0], [2]]}"
autobraid_33.qasm,"{'map': {'0': 56, '1': 54, '2': 20, '3': 30, '4': 62, '5': 52, '6': 28, '7': 18, '8': 22, '9': 24, '10': 64, '11': 66, '12': 32, '13': 26, '14': 60}, 'arch': {'width': 17, 'height': 5, 'alg_qubits': [18, 52, 20, 54, 22, 56, 24, 58, 26, 60, 28, 62, 30, 64, 32, 66], 'magic_states': [1, 3, 5, 7, 9, 11, 13, 15, 33, 67, 83, 81, 79, 77, 75, 73, 71, 69, 17, 51]}, 'gates': [[8], [7], [9], [9, 7], [8, 9], [7, 8], [6], [9], [10], [9, 6], [10, 9], [6, 10], [9], [6, 9], [6], [9], [10], [10, 9], [6, 10], [9, 6], [5], [10], [11], [10, 5], [11, 10], [5, 11], [10], [5, 10], [5], [10], [11], [11, 10], [5, 11], [10, 5], [4], [11], [12], [11, 4], [12, 11], [4, 12], [11], [4, 11], [4], [11], [12], [12, 11], [4, 12], [11, 4], [2], [12], [13], [12, 2], [13, 12], [2, 13], [12], [2, 12], [2], [12], [13], [13, 12], [2, 13], [12, 2], [1], [13], [14], [13, 1], [14, 13], [1, 14], [13], [1, 13], [1], [13], [14], [14, 13], [1, 14], [13, 1], [3], [14], [0], [14, 3], [0, 14]]}","{'map': {'0': 32, '1': 34, '2': 30, '3': 14, '4': 10, '5': 28, '6': 16}, 'arch': {'width': 9, 'height': 5, 'alg_qubits': [10, 28, 12, 30, 14, 32, 16, 34], 'magic_states': [1, 3, 5, 7, 17, 35, 43, 41, 39, 37, 9, 27]}, 'gates': [[1], [5], [0], [5, 1], [0, 5], [1, 0], [5], [1, 5], [1], [5], [0], [0, 5], [1, 0], [5, 1], [1], [5], [2], [5, 1], [2, 5], [1, 2], [5], [1, 5], [1], [5], [2], [2, 5], [1, 2], [5, 1], [1], [5], [4], [5, 1], [4, 5], [1, 4], [5], [1, 5], [1], [5], [4], [4, 5], [1, 4], [5, 1], [1], [6], [2], [6, 1], [2, 6], [1, 2], [6], [1, 6], [1], [6], [2], [2, 6], [1, 2], [6, 1], [1], [6], [3], [6, 1], [3, 6], [1, 3], [6], [1, 6], [1], [6], [3], [3, 6], [1, 3], [6, 1], [1], [6], [4], [6, 1], [4, 6], [1, 4], [6], [1, 6], [1], [6], [4]]}","{'map': {'0': 18, '1': 50, '2': 22, '3': 46, '4': 16, '5': 20, '6': 40, '7': 44, '8': 14, '9': 42, '10': 24, '12': 26}, 'arch': {'width': 13, 'height': 5, 'alg_qubits': [14, 40, 16, 42, 18, 44, 20, 46, 22, 48, 24, 50], 'magic_states': [1, 3, 5, 7, 9, 11, 25, 51, 63, 61, 59, 57, 55, 53, 13, 39]}, 'gates': [[9], [10], [12], [12, 10], [9, 12], [10, 9], [7], [8], [10], [8, 7], [10, 8], [7, 10], [8], [7, 8], [7], [8], [10], [10, 8], [7, 10], [8, 7], [5], [6], [8], [6, 5], [8, 6], [5, 8], [6], [5, 6], [5], [6], [8], [8, 6], [5, 8], [6, 5], [4], [0], [6], [0, 4], [6, 0], [4, 6], [0], [4, 0], [4], [0], [6], [6, 0], [4, 6], [0, 4], [2], [3], [0], [3, 2], [0, 3], [2, 0], [3], [2, 3], [2], [3], [0], [0, 3], [2, 0], [3, 2], [4], [0], [6], [0, 4], [6, 0], [4, 6], [0], [4, 0], [4], [0], [6], [6, 0], [4, 6], [0, 4], [5], [6], [8], [6, 5], [8, 6]]}","{'map': {'0': 30, '1': 28, '2': 12, '3': 10, '4': 32, '5': 34, '6': 14, '7': 16}, 'arch': {'width': 9, 'height': 5, 'alg_qubits': [10, 28, 12, 30, 14, 32, 16, 34], 'magic_states': [1, 3, 5, 7, 17, 35, 43, 41, 39, 37, 9, 27]}, 'gates': [[5, 1], [3], [2], [5], [2, 3], [5, 2], [3, 5], [2], [3, 2], [3], [2], [5], [5, 2], [3, 5], [2, 3], [1], [5], [4], [5, 1], [4, 5], [1, 4], [5], [1, 5], [1], [5], [4], [4, 5], [1, 4], [5, 1], [4], [1], [0], [1, 4], [0, 1], [4, 0], [1], [4, 1], [4], [1], [0], [0, 1], [4, 0], [1, 4], [5], [2], [1], [2, 5], [1, 2], [5, 1], [2], [5, 2], [5], [2], [1], [1, 2], [5, 1], [2, 5], [7], [6], [2], [6, 7], [2, 6], [7, 2], [6], [7, 6], [7], [6], [2], [2, 6], [7, 2], [6, 7], [5], [2], [1], [2, 5], [1, 2], [5, 1], [2], [5, 2], [5], [2]]}","{'map': {'0': 10, '1': 16, '2': 14, '3': 30, '4': 34, '5': 12, '6': 32, '7': 28}, 'arch': {'width': 9, 'height': 5, 'alg_qubits': [10, 28, 12, 30, 14, 32, 16, 34], 'magic_states': [1, 3, 5, 7, 17, 35, 43, 41, 39, 37, 9, 27]}, 'gates': [[2], [5], [5, 2], [3, 5], [2, 3], [1], [5], [4], [5, 1], [4, 5], [1, 4], [5], [1, 5], [1], [5], [4], [4, 5], [1, 4], [5, 1], [4], [1], [0], [1, 4], [0, 1], [4, 0], [1], [4, 1], [4], [1], [0], [0, 1], [4, 0], [1, 4], [5], [2], [1], [2, 5], [1, 2], [5, 1], [2], [5, 2], [5], [2], [1], [1, 2], [5, 1], [2, 5], [7], [6], [2], [6, 7], [2, 6], [7, 2], [6], [7, 6], [7], [6], [2], [2, 6], [7, 2], [6, 7], [5], [2], [1], [2, 5], [1, 2], [5, 1], [2], [5, 2], [5], [2], [1], [1, 2], [5, 1], [2, 5], [4], [1], [0], [1, 4], [0, 1], [4, 0]]}"
jku_suite_35.qasm,"{'map': {'0': 10, '1': 22, '2': 24, '3': 26, '4': 8}, 'arch': {'width': 7, 'height': 5, 'alg_qubits': [8, 22, 10, 24, 12, 26], 'magic_states': [1, 3, 5, 13, 27, 33, 31, 29, 7, 21]}, 'gates': [[2], [2, 4], [1, 2], [4, 1], [2, 3], [3, 2], [1, 2], [0], [1], [3], [1, 0], [3, 1], [0, 3], [1], [0, 1], [0], [1], [3], [3, 1], [0, 3], [1, 0], [1], [3], [0], [3, 1], [0, 3], [1, 0], [3], [1, 3], [1], [3], [0], [0, 3], [1, 0], [3, 1], [0, 1], [2, 1], [1, 0], [0, 2], [1, 0], [2, 1], [0], [2], [1], [2, 0], [1, 2], [0, 1], [2], [0, 2], [0], [2], [1], [1, 2], [0, 1], [2, 0], [0], [2], [4], [2, 0], [4, 2], [0, 4], [2], [0, 2], [0], [2], [4], [4, 2], [0, 4], [2, 0], [4, 0], [1], [4], [2], [4, 1], [2, 4], [1, 2], [4], [1, 4], [1], [4]]}","{'map': {'0': 22, '1': 12, '2': 8, '3': 10, '4': 26}, 'arch': {'width': 7, 'height': 5, 'alg_qubits': [8, 22, 10, 24, 12, 26], 'magic_states': [1, 3, 5, 13, 27, 33, 31, 29, 7, 21]}, 'gates': [[3], [2], [1], [2, 3], [1, 2], [3, 1], [2], [3, 2], [3], [2], [1], [1, 2], [3, 1], [2, 3], [0], [4], [2], [4, 0], [2, 4], [0, 2], [4], [0, 4], [0], [4], [2], [2, 4], [0, 2], [4, 0], [3], [1], [4], [1, 3], [4, 1], [3, 4], [1], [3, 1], [3], [1], [4], [4, 1], [3, 4], [1, 3], [0], [4], [2], [4, 0], [2, 4], [0, 2], [4], [0, 4], [0], [4], [2], [2, 4], [0, 2], [4, 0], [3], [1], [4], [1, 3], [4, 1], [3, 4], [1], [3, 1], [3], [1], [4], [4, 1], [3, 4], [1, 3], [3], [0], [2], [0, 3], [2, 0], [3, 2], [0], [3, 0], [3], [0], [2]]}","{'map': {'0': 12, '1': 26, '2': 8, '3': 24, '4': 22, '5': 10}, 'arch': {'width': 7, 'height': 5, 'alg_qubits': [8, 22, 10, 24, 12, 26], 'magic_states': [1, 3, 5, 13, 27, 33, 31, 29, 7, 21]}, 'gates': [[4], [3], [2], [3, 4], [2, 3], [4, 2], [3], [4, 3], [4], [3], [2], [2, 3], [4, 2], [3, 4], [4, 2], [1, 3], [4], [3], [5], [3, 4], [5, 3], [4, 5], [3], [4, 3], [4], [3], [5], [5, 3], [4, 5], [3, 4], [5], [4], [1], [4, 5], [1, 4], [5, 1], [4], [5, 4], [5], [4], [1], [1, 4], [5, 1], [4, 5], [2], [0], [4], [0, 2], [4, 0], [2, 4], [0], [2, 0], [2], [0], [4], [4, 0], [2, 4], [0, 2], [5], [4], [1], [4, 5], [1, 4], [5, 1], [4], [5, 4], [5], [4], [1], [1, 4], [5, 1], [4, 5], [2], [0], [4], [0, 2], [4, 0], [2, 4], [0], [2, 0], [2]]}","{'map': {'0': 8, '1': 22, '2': 26, '3': 24, '4': 12}, 'arch': {'width': 7, 'height': 5, 'alg_qubits': [8, 22, 10, 24, 12, 26], 'magic_states': [1, 3, 5, 13, 27, 33, 31, 29, 7, 21]}, 'gates': [[0], [3], [1], [3, 0], [1, 3], [0, 1], [3], [0, 3], [0], [3], [1], [1, 3], [0, 1], [3, 0], [3], [4], [2], [4, 3], [2, 4], [3, 2], [4], [3, 4], [3], [4], [2], [2, 4], [3, 2], [4, 3], [0], [1], [4], [1, 0], [4, 1], [0, 4], [1], [0, 1], [0], [1], [4], [4, 1], [0, 4], [1, 0], [3], [4], [2], [4, 3], [2, 4], [3, 2], [4], [3, 4], [3], [4], [2], [2, 4], [3, 2], [4, 3], [0], [1], [4], [1, 0], [4, 1], [0, 4], [1], [0, 1], [0], [1], [4], [4, 1], [0, 4], [1, 0], [3], [4], [0], [4, 3], [0, 4], [3, 0], [4], [3, 4], [3], [4], [0]]}","{'map': {'0': 8, '1': 22, '2': 10, '3': 12, '4': 26}, 'arch': {'width': 7, 'height': 5, 'alg_qubits': [8, 22, 10, 24, 12, 26], 'magic_states': [1, 3, 5, 13, 27, 33, 31, 29, 7, 21]}, 'gates': [[0, 1], [0, 1], [0, 2], [0, 2], [0, 2], [0, 2], [0, 2], [0, 1], [0, 1], [0, 1], [0, 1], [0, 1], [3, 2], [3, 2], [3, 2], [3, 2], [3, 2], [0, 2], [0, 2], [0, 2], [0, 2], [0, 2], [0, 1], [0, 1], [3, 4], [3, 4], [3, 4], [3, 4], [3, 4], [3, 2], [3, 2], [3, 2], [3, 2], [3, 2], [1, 2], [1, 2], [0, 2], [0, 2]]}"
quest_suite_16.qasm,"{'map': {'0': 34, '1': 18, '2': 38, '3': 40, '4': 14, '5': 42, '6': 20, '7': 16, '8': 12, '9': 36}, 'arch': {'width': 11, 'height': 5, 'alg_qubits': [12, 34, 14, 36, 16, 38, 18, 40, 20, 42], 'magic_states': [1, 3, 5, 7, 9, 21, 43, 53, 51, 49, 47, 45, 11, 33]}, 'gates': [[8, 7], [6], [9], [3], [9, 6], [3, 9], [6, 3], [9], [6, 9], [6], [9], [3], [3, 9], [6, 3], [9, 6], [7], [8], [9], [8, 7], [9, 8], [7, 9], [8], [7, 8], [7], [8], [9], [9, 8], [7, 9], [8, 7], [4], [5], [8], [5, 4], [8, 5], [4, 8], [5], [4, 5], [4], [5], [8], [8, 5], [4, 8], [5, 4], [7], [8], [9], [8, 7], [9, 8], [7, 9], [8], [7, 8], [7], [8], [9], [9, 8], [7, 9], [8, 7], [2], [9], [6], [9, 2], [6, 9], [2, 6], [9], [2, 9], [2], [9], [6], [6, 9], [2, 6], [9, 2], [0], [1], [9], [1, 0], [9, 1], [0, 9], [1], [0, 1], [0], [1]]}","{'map': {'0': 42, '1': 20, '2': 14, '3': 40, '4': 38, '5': 16, '6': 36, '7': 12, '8': 34, '9': 28}, 'arch': {'width': 11, 'height': 5, 'alg_qubits': [12, 34, 14, 36, 16, 38, 18, 40, 20, 42], 'magic_states': [1, 3, 5, 7, 9, 21, 43, 53, 51, 49, 47, 45, 11, 33]}, 'gates': [[4, 9], [1], [5], [0], [5, 1], [0, 5], [1, 0], [5], [1, 5], [1], [5], [0], [0, 5], [1, 0], [5, 1], [9], [4], [5], [4, 9], [5, 4], [9, 5], [4], [9, 4], [9], [4], [5], [5, 4], [9, 5], [4, 9], [8], [3], [4], [3, 8], [4, 3], [8, 4], [3], [8, 3], [8], [3], [4], [4, 3], [8, 4], [3, 8], [6], [7], [3], [7, 6], [3, 7], [6, 3], [7], [6, 7], [6], [7], [3], [3, 7], [6, 3], [7, 6], [8], [3], [4], [3, 8], [4, 3], [8, 4], [3], [8, 3], [8], [3], [4], [4, 3], [8, 4], [3, 8], [9], [4], [5], [4, 9], [5, 4], [9, 5], [4], [9, 4], [9], [4]]}","{'map': {'0': 16, '1': 34, '2': 36, '3': 40, '4': 12, '5': 18, '6': 42, '7': 20, '8': 14, '9': 38}, 'arch': {'width': 11, 'height': 5, 'alg_qubits': [12, 34, 14, 36, 16, 38, 18, 40, 20, 42], 'magic_states': [1, 3, 5, 7, 9, 21, 43, 53, 51, 49, 47, 45, 11, 33]}, 'gates': [[9, 2], [0, 1], [0, 2], [0, 8], [9], [3], [4], [3, 9], [4, 3], [9, 4], [3], [9, 3], [9], [3], [4], [4, 3], [9, 4], [3, 9], [8], [2], [3], [2, 8], [3, 2], [8, 3], [2], [8, 2], [8], [2], [3], [3, 2], [8, 3], [2, 8], [7], [1], [2], [1, 7], [2, 1], [7, 2], [1], [7, 1], [7], [1], [2], [2, 1], [7, 2], [1, 7], [5], [6], [1], [6, 5], [1, 6], [5, 1], [6], [5, 6], [5], [6], [1], [1, 6], [5, 1], [6, 5], [7], [1], [2], [1, 7], [2, 1], [7, 2], [1], [7, 1], [7], [1], [2], [2, 1], [7, 2], [1, 7], [8], [2], [3], [2, 8], [3, 2], [8, 3], [2]]}","{'map': {'0': 12, '1': 38, '2': 34, '3': 14, '4': 36, '5': 16, '6': 40, '7': 20, '8': 18, '9': 42}, 'arch': {'width': 11, 'height': 5, 'alg_qubits': [12, 34, 14, 36, 16, 38, 18, 40, 20, 42], 'magic_states': [1, 3, 5, 7, 9, 21, 43, 53, 51, 49, 47, 45, 11, 33]}, 'gates': [[3, 8], [9], [3, 9], [3], [9], [8], [8, 9], [3, 8], [9, 3], [5], [4], [9], [4, 5], [9, 4], [5, 9], [4], [5, 4], [5], [4], [9], [9, 4], [5, 9], [4, 5], [3], [9], [8], [9, 3], [8, 9], [3, 8], [9], [3, 9], [3], [9], [8], [8, 9], [3, 8], [9, 3], [2], [8], [7], [8, 2], [7, 8], [2, 7], [8], [2, 8], [2], [8], [7], [7, 8], [2, 7], [8, 2], [1], [7], [6], [7, 1], [6, 7], [1, 6], [7], [1, 7], [1], [7], [6], [6, 7], [1, 6], [7, 1], [6], [1], [0], [1, 6], [0, 1], [6, 0], [1], [6, 1], [6], [1], [0], [0, 1], [6, 0], [1, 6], [7], [2]]}","{'map': {'0': 40, '1': 34, '2': 18, '3': 14, '4': 20, '5': 36, '6': 12, '7': 16, '8': 42, '9': 52}, 'arch': {'width': 11, 'height': 5, 'alg_qubits': [12, 34, 14, 36, 16, 38, 18, 40, 20, 42], 'magic_states': [1, 3, 5, 7, 9, 21, 43, 53, 51, 49, 47, 45, 11, 33]}, 'gates': [[9, 8], [6], [7], [9], [7, 6], [9, 7], [6, 9], [7], [6, 7], [6], [7], [9], [9, 7], [6, 9], [7, 6], [5], [1], [7], [1, 5], [7, 1], [5, 7], [1], [5, 1], [5], [1], [7], [7, 1], [5, 7], [1, 5], [2], [4], [1], [4, 2], [1, 4], [2, 1], [4], [2, 4], [2], [4], [1], [1, 4], [2, 1], [4, 2], [5], [1], [7], [1, 5], [7, 1], [5, 7], [1], [5, 1], [5], [1], [7], [7, 1], [5, 7], [1, 5], [6], [7], [9], [7, 6], [9, 7], [6, 9], [7], [6, 7], [6], [7], [9], [9, 7], [6, 9], [7, 6], [8], [9], [0], [9, 8], [0, 9], [8, 0], [9], [8, 9], [8], [9]]}"
quarl_suite_21.qasm,"{'map': {'0': 50, '1': 18, '2': 46, '3': 54, '4': 52, '5': 48, '6': 22, '7': 20, '8': 56, '9': 16, '10': 58, '11': 24, '12': 28, '13': 26}, 'arch': {'width': 15, 'height': 5, 'alg_qubits': [16, 46, 18, 48, 20, 50, 22, 52, 24, 54, 26, 56, 28, 58], 'magic_states': [1, 3, 5, 7, 9, 11, 13, 29, 59, 73, 71, 69, 67, 65, 63, 61, 15, 45]}, 'gates': [[4, 3], [6, 5], [8, 7], [10, 9], [12, 11], [4, 2], [0], [1], [2], [1, 0], [2, 1], [0, 2], [1], [0, 1], [0], [1], [2], [2, 1], [0, 2], [1, 0], [6, 4], [2], [3], [4], [3, 2], [4, 3], [2, 4], [3], [2, 3], [2], [3], [4], [4, 3], [2, 4], [3, 2], [8, 6], [4], [5], [6], [5, 4], [6, 5], [4, 6], [5], [4, 5], [4], [5], [6], [6, 5], [4, 6], [5, 4], [10, 8], [6], [7], [8], [7, 6], [8, 7], [6, 8], [7], [6, 7], [6], [7], [8], [8, 7], [6, 8], [7, 6], [12, 10], [8], [9], [10], [9, 8], [10, 9], [8, 10], [9], [8, 9], [8], [9], [10], [10, 9], [8, 10], [9, 8], [12, 13]]}","{'map': {'0': 16, '1': 56, '2': 24, '3': 54, '4': 58, '5': 22, '6': 18, '7': 52, '8': 20, '9': 28, '10': 46, '11': 50, '12': 26, '13': 48}, 'arch': {'width': 15, 'height': 5, 'alg_qubits': [16, 46, 18, 48, 20, 50, 22, 52, 24, 54, 26, 56, 28, 58], 'magic_states': [1, 3, 5, 7, 9, 11, 13, 29, 59, 73, 71, 69, 67, 65, 63, 61, 15, 45]}, 'gates': [[5, 10], [12], [11], [5], [11, 12], [5, 11], [12, 5], [11], [12, 11], [12], [11], [5], [5, 11], [12, 5], [11, 12], [10], [5], [4], [5, 10], [4, 5], [10, 4], [5], [10, 5], [10], [5], [4], [4, 5], [10, 4], [5, 10], [9], [4], [3], [4, 9], [3, 4], [9, 3], [4], [9, 4], [9], [4], [3], [3, 4], [9, 3], [4, 9], [8], [3], [2], [3, 8], [2, 3], [8, 2], [3], [8, 3], [8], [3], [2], [2, 3], [8, 2], [3, 8], [7], [2], [1], [2, 7], [1, 2], [7, 1], [2], [7, 2], [7], [2], [1], [1, 2], [7, 1], [2, 7], [0], [6], [13], [6, 0], [13, 6], [0, 13], [6], [0, 6], [0], [6]]}","{'map': {'0': 16, '1': 56, '2': 24, '3': 54, '4': 58, '5': 22, '6': 18, '7': 52, '8': 20, '9': 28, '10': 46, '11': 50, '12': 26, '13': 48}, 'arch': {'width': 15, 'height': 5, 'alg_qubits': [16, 46, 18, 48, 20, 50, 22, 52, 24, 54, 26, 56, 28, 58], 'magic_states': [1, 3, 5, 7, 9, 11, 13, 29, 59, 73, 71, 69, 67, 65, 63, 61, 15, 45]}, 'gates': [[5, 10], [12], [11], [5], [11, 12], [5, 11], [12, 5], [11], [12, 11], [12], [11], [5], [5, 11], [12, 5], [11, 12], [10], [5], [4], [5, 10], [4, 5], [10, 4], [5], [10, 5], [10], [5], [4], [4, 5], [10, 4], [5, 10], [9], [4], [3], [4, 9], [3, 4], [9, 3], [4], [9, 4], [9], [4], [3], [3, 4], [9, 3], [4, 9], [8], [3], [2], [3, 8], [2, 3], [8, 2], [3], [8, 3], [8], [3], [2], [2, 3], [8, 2], [3, 8], [7], [2], [1], [2, 7], [1, 2], [7, 1], [2], [7, 2], [7], [2], [1], [1, 2], [7, 1], [2, 7], [0], [6], [13], [6, 0], [13, 6], [0, 13], [6], [0, 6], [0], [6]]}","{'map': {'0': 52, '1': 24, '2': 18, '3': 46, '4': 50, '5': 22, '6': 28, '7': 58, '8': 56, '9': 48, '10': 26, '11': 16, '12': 20}, 'arch': {'width': 15, 'height': 5, 'alg_qubits': [16, 46, 18, 48, 20, 50, 22, 52, 24, 54, 26, 56, 28, 58], 'magic_states': [1, 3, 5, 7, 9, 11, 13, 29, 59, 73, 71, 69, 67, 65, 63, 61, 15, 45]}, 'gates': [[6, 7], [4, 6], [5], [7], [0], [7, 5], [0, 7], [5, 0], [7], [5, 7], [5], [7], [0], [0, 7], [5, 0], [7, 5], [6], [4], [7], [4, 6], [7, 4], [6, 7], [4], [6, 4], [6], [4], [7], [7, 4], [6, 7], [4, 6], [8], [3], [4], [3, 8], [4, 3], [8, 4], [3], [8, 3], [8], [3], [4], [4, 3], [8, 4], [3, 8], [9], [2], [3], [2, 9], [3, 2], [9, 3], [2], [9, 2], [9], [2], [3], [3, 2], [9, 3], [2, 9], [10], [1], [2], [1, 10], [2, 1], [10, 2], [1], [10, 1], [10], [1], [2], [2, 1], [10, 2], [1, 10], [12], [11], [1], [11, 12], [1, 11], [12, 1], [11], [12, 11], [12]]}","{'map': {'0': 48, '1': 28, '2': 50, '3': 54, '4': 56, '5': 46, '6': 20, '7': 52, '8': 22, '9': 26, '10': 16, '11': 24, '12': 58}, 'arch': {'width': 15, 'height': 5, 'alg_qubits': [16, 46, 18, 48, 20, 50, 22, 52, 24, 54, 26, 56, 28, 58], 'magic_states': [1, 3, 5, 7, 9, 11, 13, 29, 59, 73, 71, 69, 67, 65, 63, 61, 15, 45]}, 'gates': [[4], [0], [7], [7, 0], [4, 7], [0, 4], [2], [3], [0], [3, 2], [0, 3], [2, 0], [3], [2, 3], [2], [3], [0], [0, 3], [2, 0], [3, 2], [4], [0], [7], [0, 4], [7, 0], [4, 7], [0], [4, 0], [4], [0], [7], [7, 0], [4, 7], [0, 4], [5], [7], [9], [7, 5], [9, 7], [5, 9], [7], [5, 7], [5], [7], [9], [9, 7], [5, 9], [7, 5], [6], [9], [10], [9, 6], [10, 9], [6, 10], [9], [6, 9], [6], [9], [10], [10, 9], [6, 10], [9, 6], [8], [10], [12], [10, 8], [12, 10], [8, 12], [10], [8, 10], [8], [10], [12], [12, 10], [8, 12], [10, 8], [11], [12], [1], [12, 11], [1, 12]]}"
qaoa_0.qasm,"{'map': {'0': 18, '1': 50, '2': 22, '3': 46, '4': 16, '5': 20, '6': 40, '7': 44, '8': 14, '9': 42, '10': 24, '12': 26}, 'arch': {'width': 13, 'height': 5, 'alg_qubits': [14, 40, 16, 42, 18, 44, 20, 46, 22, 48, 24, 50], 'magic_states': [1, 3, 5, 7, 9, 11, 25, 51, 63, 61, 59, 57, 55, 53, 13, 39]}, 'gates': [[9], [10], [12], [12, 10], [9, 12], [10, 9], [7], [8], [10], [8, 7], [10, 8], [7, 10], [8], [7, 8], [7], [8], [10], [10, 8], [7, 10], [8, 7], [5], [6], [8], [6, 5], [8, 6], [5, 8], [6], [5, 6], [5], [6], [8], [8, 6], [5, 8], [6, 5], [4], [0], [6], [0, 4], [6, 0], [4, 6], [0], [4, 0], [4], [0], [6], [6, 0], [4, 6], [0, 4], [2], [3], [0], [3, 2], [0, 3], [2, 0], [3], [2, 3], [2], [3], [0], [0, 3], [2, 0], [3, 2], [4], [0], [6], [0, 4], [6, 0], [4, 6], [0], [4, 0], [4], [0], [6], [6, 0], [4, 6], [0, 4], [5], [6], [8], [6, 5], [8, 6]]}","{'map': {'0': 22, '1': 40, '2': 16, '3': 18, '4': 50, '5': 24, '6': 14, '7': 46, '8': 44, '9': 42, '10': 48}, 'arch': {'width': 13, 'height': 5, 'alg_qubits': [14, 40, 16, 42, 18, 44, 20, 46, 22, 48, 24, 50], 'magic_states': [1, 3, 5, 7, 9, 11, 25, 51, 63, 61, 59, 57, 55, 53, 13, 39]}, 'gates': [[10], [0], [0, 10], [1, 0], [10, 1], [2], [8], [10], [8, 2], [10, 8], [2, 10], [8], [2, 8], [2], [8], [10], [10, 8], [2, 10], [8, 2], [5], [4], [8], [4, 5], [8, 4], [5, 8], [4], [5, 4], [5], [4], [8], [8, 4], [5, 8], [4, 5], [6], [3], [4], [3, 6], [4, 3], [6, 4], [3], [6, 3], [6], [3], [4], [4, 3], [6, 4], [3, 6], [9], [7], [3], [7, 9], [3, 7], [9, 3], [7], [9, 7], [9], [7], [3], [3, 7], [9, 3], [7, 9], [6], [3], [4], [3, 6], [4, 3], [6, 4], [3], [6, 3], [6], [3], [4], [4, 3], [6, 4], [3, 6], [5], [4], [8], [4, 5], [8, 4], [5, 8]]}","{'map': {'0': 40, '1': 24, '2': 22, '3': 18, '4': 44, '5': 48, '6': 42, '7': 14, '8': 20, '9': 50, '10': 16}, 'arch': {'width': 13, 'height': 5, 'alg_qubits': [14, 40, 16, 42, 18, 44, 20, 46, 22, 48, 24, 50], 'magic_states': [1, 3, 5, 7, 9, 11, 25, 51, 63, 61, 59, 57, 55, 53, 13, 39]}, 'gates': [[5, 10], [9], [4], [3], [4, 9], [3, 4], [9, 3], [4], [9, 4], [9], [4], [3], [3, 4], [9, 3], [4, 9], [8], [3], [2], [3, 8], [2, 3], [8, 2], [3], [8, 3], [8], [3], [2], [2, 3], [8, 2], [3, 8], [7], [2], [1], [2, 7], [1, 2], [7, 1], [2], [7, 2], [7], [2], [1], [1, 2], [7, 1], [2, 7], [6], [1], [0], [1, 6], [0, 1], [6, 0], [1], [6, 1], [6], [1], [0], [0, 1], [6, 0], [1, 6], [7], [2], [1], [2, 7], [1, 2], [7, 1], [2], [7, 2], [7], [2], [1], [1, 2], [7, 1], [2, 7], [8], [3], [2], [3, 8], [2, 3], [8, 2], [3], [8, 3], [8], [3]]}","{'map': {'0': 40, '1': 24, '2': 22, '3': 18, '4': 44, '5': 48, '6': 42, '7': 14, '8': 20, '9': 50, '10': 16}, 'arch': {'width': 13, 'height': 5, 'alg_qubits': [14, 40, 16, 42, 18, 44, 20, 46, 22, 48, 24, 50], 'magic_states': [1, 3, 5, 7, 9, 11, 25, 51, 63, 61, 59, 57, 55, 53, 13, 39]}, 'gates': [[5, 10], [9], [4], [3], [4, 9], [3, 4], [9, 3], [4], [9, 4], [9], [4], [3], [3, 4], [9, 3], [4, 9], [8], [3], [2], [3, 8], [2, 3], [8, 2], [3], [8, 3], [8], [3], [2], [2, 3], [8, 2], [3, 8], [7], [2], [1], [2, 7], [1, 2], [7, 1], [2], [7, 2], [7], [2], [1], [1, 2], [7, 1], [2, 7], [6], [1], [0], [1, 6], [0, 1], [6, 0], [1], [6, 1], [6], [1], [0], [0, 1], [6, 0], [1, 6], [7], [2], [1], [2, 7], [1, 2], [7, 1], [2], [7, 2], [7], [2], [1], [1, 2], [7, 1], [2, 7], [8], [3], [2], [3, 8], [2, 3], [8, 2], [3], [8, 3], [8], [3]]}","{'map': {'0': 16, '1': 48, '2': 22, '3': 46, '4': 24, '5': 40, '6': 18, '7': 42, '8': 44, '9': 50, '10': 14, '12': 26}, 'arch': {'width': 13, 'height': 5, 'alg_qubits': [14, 40, 16, 42, 18, 44, 20, 46, 22, 48, 24, 50], 'magic_states': [1, 3, 5, 7, 9, 11, 25, 51, 63, 61, 59, 57, 55, 53, 13, 39]}, 'gates': [[9], [10], [12], [12, 10], [9, 12], [10, 9], [8], [6], [10], [6, 8], [10, 6], [8, 10], [6], [8, 6], [8], [6], [10], [10, 6], [8, 10], [6, 8], [7], [5], [6], [5, 7], [6, 5], [7, 6], [5], [7, 5], [7], [5], [6], [6, 5], [7, 6], [5, 7], [4], [0], [5], [0, 4], [5, 0], [4, 5], [0], [4, 0], [4], [0], [5], [5, 0], [4, 5], [0, 4], [2], [3], [0], [3, 2], [0, 3], [2, 0], [3], [2, 3], [2], [3], [0], [0, 3], [2, 0], [3, 2], [4], [0], [5], [0, 4], [5, 0], [4, 5], [0], [4, 0], [4], [0], [5], [5, 0], [4, 5], [0, 4], [7], [5], [6], [5, 7], [6, 5]]}"
quarl_suite_16.qasm,"{'map': {'0': 14, '1': 30, '2': 34, '3': 16, '4': 10, '5': 28, '6': 12, '7': 32}, 'arch': {'width': 9, 'height': 5, 'alg_qubits': [10, 28, 12, 30, 14, 32, 16, 34], 'magic_states': [1, 3, 5, 7, 17, 35, 43, 41, 39, 37, 9, 27]}, 'gates': [[0, 2], [1, 5], [0, 2], [1, 5], [2, 3], [0, 6], [1, 7], [4, 5], [2, 3], [0, 6], [1, 7], [4, 5], [3, 7], [4, 6], [1, 5], [0, 2], [3, 7], [4, 6], [1, 5], [0, 2], [4, 5], [2, 3], [0, 6], [1, 7], [4, 5], [2, 3], [0, 6], [1, 7], [4, 6], [3, 7], [4, 6], [3, 7]]}","{'map': {'0': 32, '1': 14, '2': 34, '3': 16, '4': 12, '5': 28, '6': 10, '7': 30}, 'arch': {'width': 9, 'height': 5, 'alg_qubits': [10, 28, 12, 30, 14, 32, 16, 34], 'magic_states': [1, 3, 5, 7, 17, 35, 43, 41, 39, 37, 9, 27]}, 'gates': [[0, 4], [0], [4], [7], [7, 4], [0, 7], [4, 0], [6], [7], [2], [7, 6], [2, 7], [6, 2], [7], [6, 7], [6], [7], [2], [2, 7], [6, 2], [7, 6], [0], [4], [7], [4, 0], [7, 4], [0, 7], [4], [0, 4], [0], [4], [7], [7, 4], [0, 7], [4, 0], [5], [7], [6], [7, 5], [6, 7], [5, 6], [7], [5, 7], [5], [7], [6], [6, 7], [5, 6], [7, 5], [3], [4], [7], [4, 3], [7, 4], [3, 7], [4], [3, 4], [3], [4], [7], [7, 4], [3, 7], [4, 3], [0], [1], [4], [1, 0], [4, 1], [0, 4], [1], [0, 1], [0], [1], [4], [4, 1], [0, 4], [1, 0], [3], [4], [7], [4, 3]]}","{'map': {'0': 32, '1': 10, '2': 16, '3': 30, '4': 34, '5': 14, '6': 28, '7': 12}, 'arch': {'width': 9, 'height': 5, 'alg_qubits': [10, 28, 12, 30, 14, 32, 16, 34], 'magic_states': [1, 3, 5, 7, 17, 35, 43, 41, 39, 37, 9, 27]}, 'gates': [[1], [4], [3], [3, 4], [1, 3], [4, 1], [5], [3], [7], [3, 5], [7, 3], [5, 7], [3], [5, 3], [5], [3], [7], [7, 3], [5, 7], [3, 5], [6], [7], [3], [7, 6], [3, 7], [6, 3], [7], [6, 7], [6], [7], [3], [3, 7], [6, 3], [7, 6], [1], [4], [7], [4, 1], [7, 4], [1, 7], [4], [1, 4], [1], [4], [7], [7, 4], [1, 7], [4, 1], [6], [7], [3], [7, 6], [3, 7], [6, 3], [7], [6, 7], [6], [7], [3], [3, 7], [6, 3], [7, 6], [1], [4], [7], [4, 1], [7, 4], [1, 7], [4], [1, 4], [1], [4], [7], [7, 4], [1, 7], [4, 1], [0], [1], [2], [1, 0], [2, 1]]}","{'map': {'0': 14, '1': 30, '2': 34, '3': 32, '4': 10, '5': 12, '6': 28, '7': 16}, 'arch': {'width': 9, 'height': 5, 'alg_qubits': [10, 28, 12, 30, 14, 32, 16, 34], 'magic_states': [1, 3, 5, 7, 17, 35, 43, 41, 39, 37, 9, 27]}, 'gates': [[7], [4], [0], [4, 7], [0, 4], [7, 0], [4], [7, 4], [7], [4], [0], [0, 4], [7, 0], [4, 7], [7], [6], [2], [6, 7], [2, 6], [7, 2], [6], [7, 6], [7], [6], [2], [2, 6], [7, 2], [6, 7], [4], [2], [3], [2, 4], [3, 2], [4, 3], [2], [4, 2], [4], [2], [3], [3, 2], [4, 3], [2, 4], [5], [1], [2], [1, 5], [2, 1], [5, 2], [1], [5, 1], [5], [1], [2], [2, 1], [5, 2], [1, 5], [7], [6], [1], [6, 7], [1, 6], [7, 1], [6], [7, 6], [7], [6], [1], [1, 6], [7, 1], [6, 7], [5], [1], [2], [1, 5], [2, 1], [5, 2], [1], [5, 1], [5], [1], [2]]}","{'map': {'0': 30, '1': 32, '2': 12, '3': 34, '4': 10, '5': 28, '6': 14, '7': 16}, 'arch': {'width': 9, 'height': 5, 'alg_qubits': [10, 28, 12, 30, 14, 32, 16, 34], 'magic_states': [1, 3, 5, 7, 17, 35, 43, 41, 39, 37, 9, 27]}, 'gates': [[1], [4], [1, 0], [4, 1], [0, 4], [1], [0, 1], [0], [1], [4], [4, 1], [0, 4], [1, 0], [4], [7], [3], [7, 4], [3, 7], [4, 3], [7], [4, 7], [4], [7], [3], [3, 7], [4, 3], [7, 4], [6], [1], [7], [1, 6], [7, 1], [6, 7], [1], [6, 1], [6], [1], [7], [7, 1], [6, 7], [1, 6], [2], [5], [1], [5, 2], [1, 5], [2, 1], [5], [2, 5], [2], [5], [1], [1, 5], [2, 1], [5, 2], [6], [1], [7], [1, 6], [7, 1], [6, 7], [1], [6, 1], [6], [1], [7], [7, 1], [6, 7], [1, 6], [4], [7], [3], [7, 4], [3, 7], [4, 3], [7], [4, 7], [4], [7], [3], [3, 7]]}"
vqe_7.qasm,"{'map': {'0': 24, '1': 8, '2': 10, '3': 26, '4': 12, '5': 22}, 'arch': {'width': 7, 'height': 5, 'alg_qubits': [8, 22, 10, 24, 12, 26], 'magic_states': [1, 3, 5, 13, 27, 33, 31, 29, 7, 21]}, 'gates': [[3], [5], [1], [1, 5], [3, 1], [5, 3], [0], [2], [5], [2, 0], [5, 2], [0, 5], [2], [0, 2], [0], [2], [5], [5, 2], [0, 5], [2, 0], [2], [3], [1], [3, 2], [1, 3], [2, 1], [3], [2, 3], [2], [3], [1], [1, 3], [2, 1], [3, 2], [4, 3], [1], [3], [4], [3, 1], [4, 3], [1, 4], [3], [1, 3], [1], [3], [4], [4, 3], [1, 4], [3, 1], [4, 3], [4, 0], [4, 1], [2], [5], [3], [5, 2], [3, 5], [2, 3], [5], [2, 5], [2], [5], [3], [3, 5], [2, 3], [5, 2], [0], [1], [5], [1, 0], [5, 1], [0, 5], [1], [0, 1], [0], [1], [5], [5, 1], [0, 5], [1, 0], [2]]}","{'map': {'0': 10, '1': 24, '2': 8, '3': 12, '4': 22, '5': 26}, 'arch': {'width': 7, 'height': 5, 'alg_qubits': [8, 22, 10, 24, 12, 26], 'magic_states': [1, 3, 5, 13, 27, 33, 31, 29, 7, 21]}, 'gates': [[5], [4], [0], [4, 5], [0, 4], [5, 0], [4], [5, 4], [5], [4], [0], [0, 4], [5, 0], [4, 5], [5], [4], [1], [4, 5], [1, 4], [5, 1], [4], [5, 4], [5], [4], [1], [1, 4], [5, 1], [4, 5], [1], [5], [0], [5, 1], [0, 5], [1, 0], [5], [1, 5], [1], [5], [0], [0, 5], [1, 0], [5, 1], [3], [2], [5], [2, 3], [5, 2], [3, 5], [2], [3, 2], [3], [2], [5], [5, 2], [3, 5], [2, 3], [1], [5], [0], [5, 1], [0, 5], [1, 0], [5], [1, 5], [1], [5], [0], [0, 5], [1, 0], [5, 1], [3], [2], [5], [2, 3], [5, 2], [3, 5], [2], [3, 2], [3], [2], [5]]}","{'map': {'0': 26, '1': 24, '2': 8, '3': 10, '4': 12, '5': 22}, 'arch': {'width': 7, 'height': 5, 'alg_qubits': [8, 22, 10, 24, 12, 26], 'magic_states': [1, 3, 5, 13, 27, 33, 31, 29, 7, 21]}, 'gates': [[5], [2], [3], [2, 5], [3, 2], [5, 3], [2], [5, 2], [5], [2], [3], [3, 2], [5, 3], [2, 5], [0], [4], [2], [4, 0], [2, 4], [0, 2], [4], [0, 4], [0], [4], [2], [2, 4], [0, 2], [4, 0], [5], [2], [3], [2, 5], [3, 2], [5, 3], [2], [5, 2], [5], [2], [3], [3, 2], [5, 3], [2, 5], [0], [4], [2], [4, 0], [2, 4], [0, 2], [4], [0, 4], [0], [4], [2], [2, 4], [0, 2], [4, 0], [2], [5], [4], [5, 2], [4, 5], [2, 4], [5], [2, 5], [2], [5], [4], [4, 5], [2, 4], [5, 2], [2, 4], [1], [3], [4], [3, 1], [4, 3], [1, 4], [3], [1, 3], [1], [3]]}","{'map': {'0': 26, '1': 8, '2': 10, '3': 24, '4': 12, '5': 22}, 'arch': {'width': 7, 'height': 5, 'alg_qubits': [8, 22, 10, 24, 12, 26], 'magic_states': [1, 3, 5, 13, 27, 33, 31, 29, 7, 21]}, 'gates': [[1, 2], [1], [2], [5], [5, 2], [1, 5], [2, 1], [5], [2], [0], [2, 5], [0, 2], [5, 0], [2], [5, 2], [5], [2], [0], [0, 2], [5, 0], [2, 5], [3], [4], [2], [4, 3], [2, 4], [3, 2], [4], [3, 4], [3], [4], [2], [2, 4], [3, 2], [4, 3], [5], [2], [0], [2, 5], [0, 2], [5, 0], [2], [5, 2], [5], [2], [0], [0, 2], [5, 0], [2, 5], [3], [4], [2], [4, 3], [2, 4], [3, 2], [4], [3, 4], [3], [4], [2], [2, 4], [3, 2], [4, 3], [4, 3], [3, 4], [4], [5], [0], [5, 4], [0, 5], [4, 0], [5], [4, 5], [4], [5], [0], [0, 5], [4, 0], [5, 4], [1], [3]]}","{'map': {'0': 26, '1': 8, '2': 10, '3': 24, '4': 12, '5': 22}, 'arch': {'width': 7, 'height': 5, 'alg_qubits': [8, 22, 10, 24, 12, 26], 'magic_states': [1, 3, 5, 13, 27, 33, 31, 29, 7, 21]}, 'gates': [[1, 2], [1], [2], [5], [5, 2], [1, 5], [2, 1], [5], [2], [0], [2, 5], [0, 2], [5, 0], [2], [5, 2], [5], [2], [0], [0, 2], [5, 0], [2, 5], [3], [4], [2], [4, 3], [2, 4], [3, 2], [4], [3, 4], [3], [4], [2], [2, 4], [3, 2], [4, 3], [5], [2], [0], [2, 5], [0, 2], [5, 0], [2], [5, 2], [5], [2], [0], [0, 2], [5, 0], [2, 5], [3], [4], [2], [4, 3], [2, 4], [3, 2], [4], [3, 4], [3], [4], [2], [2, 4], [3, 2], [4, 3], [4, 3], [3, 4], [4], [5], [0], [5, 4], [0, 5], [4, 0], [5], [4, 5], [4], [5], [0], [0, 5], [4, 0], [5, 4], [1], [3]]}"
jku_suite_27.qasm,"{'map': {'0': 16, '1': 40, '2': 20, '3': 44, '4': 18, '5': 22, '6': 14, '7': 50, '8': 24, '9': 42, '10': 46}, 'arch': {'width': 13, 'height': 5, 'alg_qubits': [14, 40, 16, 42, 18, 44, 20, 46, 22, 48, 24, 50], 'magic_states': [1, 3, 5, 7, 9, 11, 25, 51, 63, 61, 59, 57, 55, 53, 13, 39]}, 'gates': [[2], [10], [0], [10, 2], [0, 10], [2, 0], [10], [2, 10], [2], [10], [0], [0, 10], [2, 0], [10, 2], [3], [9], [10], [9, 3], [10, 9], [3, 10], [9], [3, 9], [3], [9], [10], [10, 9], [3, 10], [9, 3], [4], [8], [9], [8, 4], [9, 8], [4, 9], [8], [4, 8], [4], [8], [9], [9, 8], [4, 9], [8, 4], [5], [1], [8], [1, 5], [8, 1], [5, 8], [1], [5, 1], [5], [1], [8], [8, 1], [5, 8], [1, 5], [7], [6], [1], [6, 7], [1, 6], [7, 1], [6], [7, 6], [7], [6], [1], [1, 6], [7, 1], [6, 7], [5], [1], [8], [1, 5], [8, 1], [5, 8], [1], [5, 1], [5], [1], [8]]}","{'map': {'0': 22, '1': 40, '2': 14, '3': 48, '4': 16, '5': 20, '6': 24, '7': 44, '8': 42, '9': 46, '10': 50}, 'arch': {'width': 13, 'height': 5, 'alg_qubits': [14, 40, 16, 42, 18, 44, 20, 46, 22, 48, 24, 50], 'magic_states': [1, 3, 5, 7, 9, 11, 25, 51, 63, 61, 59, 57, 55, 53, 13, 39]}, 'gates': [[10], [0], [0, 10], [1, 0], [10, 1], [2], [9], [10], [9, 2], [10, 9], [2, 10], [9], [2, 9], [2], [9], [10], [10, 9], [2, 10], [9, 2], [3], [8], [9], [8, 3], [9, 8], [3, 9], [8], [3, 8], [3], [8], [9], [9, 8], [3, 9], [8, 3], [4], [7], [8], [7, 4], [8, 7], [4, 8], [7], [4, 7], [4], [7], [8], [8, 7], [4, 8], [7, 4], [6], [5], [7], [5, 6], [7, 5], [6, 7], [5], [6, 5], [6], [5], [7], [7, 5], [6, 7], [5, 6], [4], [7], [8], [7, 4], [8, 7], [4, 8], [7], [4, 7], [4], [7], [8], [8, 7], [4, 8], [7, 4], [3], [8], [9], [8, 3], [9, 8], [3, 9]]}","{'map': {'0': 22, '1': 40, '2': 16, '3': 18, '4': 50, '5': 24, '6': 14, '7': 46, '8': 44, '9': 42, '10': 48}, 'arch': {'width': 13, 'height': 5, 'alg_qubits': [14, 40, 16, 42, 18, 44, 20, 46, 22, 48, 24, 50], 'magic_states': [1, 3, 5, 7, 9, 11, 25, 51, 63, 61, 59, 57, 55, 53, 13, 39]}, 'gates': [[10], [0], [0, 10], [1, 0], [10, 1], [2], [8], [10], [8, 2], [10, 8], [2, 10], [8], [2, 8], [2], [8], [10], [10, 8], [2, 10], [8, 2], [5], [4], [8], [4, 5], [8, 4], [5, 8], [4], [5, 4], [5], [4], [8], [8, 4], [5, 8], [4, 5], [6], [3], [4], [3, 6], [4, 3], [6, 4], [3], [6, 3], [6], [3], [4], [4, 3], [6, 4], [3, 6], [9], [7], [3], [7, 9], [3, 7], [9, 3], [7], [9, 7], [9], [7], [3], [3, 7], [9, 3], [7, 9], [6], [3], [4], [3, 6], [4, 3], [6, 4], [3], [6, 3], [6], [3], [4], [4, 3], [6, 4], [3, 6], [5], [4], [8], [4, 5], [8, 4], [5, 8]]}","{'map': {'0': 18, '1': 42, '2': 40, '3': 48, '4': 16, '5': 24, '6': 44, '7': 22, '8': 20, '9': 46, '10': 50}, 'arch': {'width': 13, 'height': 5, 'alg_qubits': [14, 40, 16, 42, 18, 44, 20, 46, 22, 48, 24, 50], 'magic_states': [1, 3, 5, 7, 9, 11, 25, 51, 63, 61, 59, 57, 55, 53, 13, 39]}, 'gates': [[1], [10], [0], [10, 1], [0, 10], [1, 0], [10], [1, 10], [1], [10], [0], [0, 10], [1, 0], [10, 1], [3], [5], [10], [5, 3], [10, 5], [3, 10], [5], [3, 5], [3], [5], [10], [10, 5], [3, 10], [5, 3], [6], [4], [5], [4, 6], [5, 4], [6, 5], [4], [6, 4], [6], [4], [5], [5, 4], [6, 5], [4, 6], [7], [2], [4], [2, 7], [4, 2], [7, 4], [2], [7, 2], [7], [2], [4], [4, 2], [7, 4], [2, 7], [9], [8], [2], [8, 9], [2, 8], [9, 2], [8], [9, 8], [9], [8], [2], [2, 8], [9, 2], [8, 9], [7], [2], [4], [2, 7], [4, 2], [7, 4], [2], [7, 2], [7], [2], [4]]}","{'map': {'0': 18, '1': 20, '2': 16, '3': 46, '4': 24, '5': 22, '6': 50, '7': 42, '8': 14, '9': 48, '10': 40}, 'arch': {'width': 13, 'height': 5, 'alg_qubits': [14, 40, 16, 42, 18, 44, 20, 46, 22, 48, 24, 50], 'magic_states': [1, 3, 5, 7, 9, 11, 25, 51, 63, 61, 59, 57, 55, 53, 13, 39]}, 'gates': [[10], [0], [0, 10], [1, 0], [10, 1], [2], [8], [10], [8, 2], [10, 8], [2, 10], [8], [2, 8], [2], [8], [10], [10, 8], [2, 10], [8, 2], [3], [5], [8], [5, 3], [8, 5], [3, 8], [5], [3, 5], [3], [5], [8], [8, 5], [3, 8], [5, 3], [6], [4], [5], [4, 6], [5, 4], [6, 5], [4], [6, 4], [6], [4], [5], [5, 4], [6, 5], [4, 6], [9], [7], [4], [7, 9], [4, 7], [9, 4], [7], [9, 7], [9], [7], [4], [4, 7], [9, 4], [7, 9], [6], [4], [5], [4, 6], [5, 4], [6, 5], [4], [6, 4], [6], [4], [5], [5, 4], [6, 5], [4, 6], [3], [5], [8], [5, 3], [8, 5], [3, 8]]}"
autobraid_3.qasm,"{'map': {'0': 40, '1': 34, '2': 36, '3': 18, '4': 20, '5': 12, '6': 16, '7': 42, '8': 38, '9': 14}, 'arch': {'width': 11, 'height': 5, 'alg_qubits': [12, 34, 14, 36, 16, 38, 18, 40, 20, 42], 'magic_states': [1, 3, 5, 7, 9, 21, 43, 53, 51, 49, 47, 45, 11, 33]}, 'gates': [[6, 7], [5], [8], [2], [8, 5], [2, 8], [5, 2], [8], [5, 8], [5], [8], [2], [2, 8], [5, 2], [8, 5], [4], [2], [1], [2, 4], [1, 2], [4, 1], [2], [4, 2], [4], [2], [1], [1, 2], [4, 1], [2, 4], [0], [3], [9], [3, 0], [9, 3], [0, 9], [3], [0, 3], [0], [3], [9], [9, 3], [0, 9], [3, 0], [2], [1], [3], [1, 2], [3, 1], [2, 3], [1], [2, 1], [2], [1], [3], [3, 1], [2, 3], [1, 2], [0], [3], [9], [3, 0], [9, 3], [0, 9], [3], [0, 3], [0], [3], [9], [9, 3], [0, 9], [3, 0], [2], [1], [3], [1, 2], [3, 1], [2, 3], [1], [2, 1], [2], [1]]}","{'map': {'0': 42, '1': 14, '2': 34, '3': 16, '4': 12, '5': 40, '6': 38, '7': 18, '8': 36, '9': 20}, 'arch': {'width': 11, 'height': 5, 'alg_qubits': [12, 34, 14, 36, 16, 38, 18, 40, 20, 42], 'magic_states': [1, 3, 5, 7, 9, 21, 43, 53, 51, 49, 47, 45, 11, 33]}, 'gates': [[6, 7], [5], [8], [2], [8, 5], [2, 8], [5, 2], [8], [5, 8], [5], [8], [2], [2, 8], [5, 2], [8, 5], [4], [2], [1], [2, 4], [1, 2], [4, 1], [2], [4, 2], [4], [2], [1], [1, 2], [4, 1], [2, 4], [0], [3], [9], [3, 0], [9, 3], [0, 9], [3], [0, 3], [0], [3], [9], [9, 3], [0, 9], [3, 0], [2], [1], [3], [1, 2], [3, 1], [2, 3], [1], [2, 1], [2], [1], [3], [3, 1], [2, 3], [1, 2], [0], [3], [9], [3, 0], [9, 3], [0, 9], [3], [0, 3], [0], [3], [9], [9, 3], [0, 9], [3, 0], [2], [1], [3], [1, 2], [3, 1], [2, 3], [1], [2, 1], [2], [1]]}","{'map': {'0': 42, '1': 14, '2': 34, '3': 16, '4': 12, '5': 40, '6': 38, '7': 18, '8': 36, '9': 20}, 'arch': {'width': 11, 'height': 5, 'alg_qubits': [12, 34, 14, 36, 16, 38, 18, 40, 20, 42], 'magic_states': [1, 3, 5, 7, 9, 21, 43, 53, 51, 49, 47, 45, 11, 33]}, 'gates': [[6, 7], [5], [8], [2], [8, 5], [2, 8], [5, 2], [8], [5, 8], [5], [8], [2], [2, 8], [5, 2], [8, 5], [4], [2], [1], [2, 4], [1, 2], [4, 1], [2], [4, 2], [4], [2], [1], [1, 2], [4, 1], [2, 4], [0], [3], [9], [3, 0], [9, 3], [0, 9], [3], [0, 3], [0], [3], [9], [9, 3], [0, 9], [3, 0], [2], [1], [3], [1, 2], [3, 1], [2, 3], [1], [2, 1], [2], [1], [3], [3, 1], [2, 3], [1, 2], [0], [3], [9], [3, 0], [9, 3], [0, 9], [3], [0, 3], [0], [3], [9], [9, 3], [0, 9], [3, 0], [2], [1], [3], [1, 2], [3, 1], [2, 3], [1], [2, 1], [2], [1]]}","{'map': {'0': 34, '1': 38, '2': 40, '3': 16, '4': 36, '5': 18, '6': 42, '7': 12, '8': 14}, 'arch': {'width': 11, 'height': 5, 'alg_qubits': [12, 34, 14, 36, 16, 38, 18, 40, 20, 42], 'magic_states': [1, 3, 5, 7, 9, 21, 43, 53, 51, 49, 47, 45, 11, 33]}, 'gates': [[6, 7], [5], [2], [1], [2, 5], [1, 2], [5, 1], [2], [5, 2], [5], [2], [1], [1, 2], [5, 1], [2, 5], [0], [4], [8], [4, 0], [8, 4], [0, 8], [4], [0, 4], [0], [4], [8], [8, 4], [0, 8], [4, 0], [1], [5], [4], [5, 1], [4, 5], [1, 4], [5], [1, 5], [1], [5], [4], [4, 5], [1, 4], [5, 1], [3], [2], [5], [2, 3], [5, 2], [3, 5], [2], [3, 2], [3], [2], [5], [5, 2], [3, 5], [2, 3], [1], [5], [4], [5, 1], [4, 5], [1, 4], [5], [1, 5], [1], [5], [4], [4, 5], [1, 4], [5, 1], [0], [4], [8], [4, 0], [8, 4], [0, 8], [4], [0, 4], [0], [4]]}","{'map': {'0': 20, '1': 40, '2': 16, '3': 42, '4': 36, '5': 38, '6': 34, '7': 12, '8': 14, '9': 18}, 'arch': {'width': 11, 'height': 5, 'alg_qubits': [12, 34, 14, 36, 16, 38, 18, 40, 20, 42], 'magic_states': [1, 3, 5, 7, 9, 21, 43, 53, 51, 49, 47, 45, 11, 33]}, 'gates': [[1], [6], [4], [6, 1], [4, 6], [1, 4], [6], [1, 6], [1], [6], [4], [4, 6], [1, 4], [6, 1], [1], [6], [5], [6, 1], [5, 6], [1, 5], [6], [1, 6], [1], [6], [5], [5, 6], [1, 5], [6, 1], [9], [8], [7], [8, 9], [7, 8], [9, 7], [8], [9, 8], [9], [8], [7], [7, 8], [9, 7], [8, 9], [3], [1], [0], [1, 3], [0, 1], [3, 0], [1], [3, 1], [3], [1], [0], [0, 1], [3, 0], [1, 3], [4], [2], [1], [2, 4], [1, 2], [4, 1], [2], [4, 2], [4], [2], [1], [1, 2], [4, 1], [2, 4], [5], [8], [2], [8, 5], [2, 8], [5, 2], [8], [5, 8], [5], [8], [2]]}"
qft_4.qasm,"{'map': {'0': 50, '1': 18, '2': 46, '3': 54, '4': 52, '5': 48, '6': 22, '7': 20, '8': 56, '9': 16, '10': 58, '11': 24, '12': 28, '13': 26}, 'arch': {'width': 15, 'height': 5, 'alg_qubits': [16, 46, 18, 48, 20, 50, 22, 52, 24, 54, 26, 56, 28, 58], 'magic_states': [1, 3, 5, 7, 9, 11, 13, 29, 59, 73, 71, 69, 67, 65, 63, 61, 15, 45]}, 'gates': [[4, 3], [6, 5], [8, 7], [10, 9], [12, 11], [4, 2], [0], [1], [2], [1, 0], [2, 1], [0, 2], [1], [0, 1], [0], [1], [2], [2, 1], [0, 2], [1, 0], [6, 4], [2], [3], [4], [3, 2], [4, 3], [2, 4], [3], [2, 3], [2], [3], [4], [4, 3], [2, 4], [3, 2], [8, 6], [4], [5], [6], [5, 4], [6, 5], [4, 6], [5], [4, 5], [4], [5], [6], [6, 5], [4, 6], [5, 4], [10, 8], [6], [7], [8], [7, 6], [8, 7], [6, 8], [7], [6, 7], [6], [7], [8], [8, 7], [6, 8], [7, 6], [12, 10], [8], [9], [10], [9, 8], [10, 9], [8, 10], [9], [8, 9], [8], [9], [10], [10, 9], [8, 10], [9, 8], [12, 13]]}","{'map': {'0': 18, '1': 54, '2': 22, '3': 48, '4': 56, '5': 16, '6': 20, '7': 52, '8': 50, '9': 24, '10': 58, '11': 28, '12': 46}, 'arch': {'width': 15, 'height': 5, 'alg_qubits': [16, 46, 18, 48, 20, 50, 22, 52, 24, 54, 26, 56, 28, 58], 'magic_states': [1, 3, 5, 7, 9, 11, 13, 29, 59, 73, 71, 69, 67, 65, 63, 61, 15, 45]}, 'gates': [[6], [0], [1], [1, 0], [6, 1], [0, 6], [4], [5], [0], [5, 4], [0, 5], [4, 0], [5], [4, 5], [4], [5], [0], [0, 5], [4, 0], [5, 4], [6], [0], [1], [0, 6], [1, 0], [6, 1], [0], [6, 0], [6], [0], [1], [1, 0], [6, 1], [0, 6], [7], [1], [2], [1, 7], [2, 1], [7, 2], [1], [7, 1], [7], [1], [2], [2, 1], [7, 2], [1, 7], [8], [2], [11], [2, 8], [11, 2], [8, 11], [2], [8, 2], [8], [2], [11], [11, 2], [8, 11], [2, 8], [9], [11], [12], [11, 9], [12, 11], [9, 12], [11], [9, 11], [9], [11], [12], [12, 11], [9, 12], [11, 9], [10], [12], [3], [12, 10], [3, 12]]}","{'map': {'0': 52, '1': 24, '2': 18, '3': 46, '4': 50, '5': 22, '6': 28, '7': 58, '8': 56, '9': 48, '10': 26, '11': 16, '12': 20}, 'arch': {'width': 15, 'height': 5, 'alg_qubits': [16, 46, 18, 48, 20, 50, 22, 52, 24, 54, 26, 56, 28, 58], 'magic_states': [1, 3, 5, 7, 9, 11, 13, 29, 59, 73, 71, 69, 67, 65, 63, 61, 15, 45]}, 'gates': [[6, 7], [4, 6], [5], [7], [0], [7, 5], [0, 7], [5, 0], [7], [5, 7], [5], [7], [0], [0, 7], [5, 0], [7, 5], [6], [4], [7], [4, 6], [7, 4], [6, 7], [4], [6, 4], [6], [4], [7], [7, 4], [6, 7], [4, 6], [8], [3], [4], [3, 8], [4, 3], [8, 4], [3], [8, 3], [8], [3], [4], [4, 3], [8, 4], [3, 8], [9], [2], [3], [2, 9], [3, 2], [9, 3], [2], [9, 2], [9], [2], [3], [3, 2], [9, 3], [2, 9], [10], [1], [2], [1, 10], [2, 1], [10, 2], [1], [10, 1], [10], [1], [2], [2, 1], [10, 2], [1, 10], [12], [11], [1], [11, 12], [1, 11], [12, 1], [11], [12, 11], [12]]}","{'map': {'0': 50, '1': 20, '2': 18, '3': 58, '4': 52, '5': 28, '6': 24, '7': 48, '8': 22, '9': 56, '10': 46, '11': 26, '12': 16, '13': 54}, 'arch': {'width': 15, 'height': 5, 'alg_qubits': [16, 46, 18, 48, 20, 50, 22, 52, 24, 54, 26, 56, 28, 58], 'magic_states': [1, 3, 5, 7, 9, 11, 13, 29, 59, 73, 71, 69, 67, 65, 63, 61, 15, 45]}, 'gates': [[2], [1, 2], [1], [2], [12], [12, 2], [1, 12], [2, 1], [3], [12], [13], [12, 3], [13, 12], [3, 13], [12], [3, 12], [3], [12], [13], [13, 12], [3, 13], [12, 3], [6], [13], [0], [13, 6], [0, 13], [6, 0], [13], [6, 13], [6], [13], [0], [0, 13], [6, 0], [13, 6], [12], [11], [13], [11, 12], [13, 11], [12, 13], [11], [12, 11], [12], [11], [13], [13, 11], [12, 13], [11, 12], [10], [7], [11], [7, 10], [11, 7], [10, 11], [7], [10, 7], [10], [7], [11], [11, 7], [10, 11], [7, 10], [9], [4], [7], [4, 9], [7, 4], [9, 7], [4], [9, 4], [9], [4], [7], [7, 4], [9, 7], [4, 9], [5], [8], [4]]}","{'map': {'0': 46, '1': 50, '2': 56, '3': 20, '4': 48, '5': 54, '6': 24, '7': 28, '8': 52, '9': 22, '10': 58, '11': 26, '12': 16}, 'arch': {'width': 15, 'height': 5, 'alg_qubits': [16, 46, 18, 48, 20, 50, 22, 52, 24, 54, 26, 56, 28, 58], 'magic_states': [1, 3, 5, 7, 9, 11, 13, 29, 59, 73, 71, 69, 67, 65, 63, 61, 15, 45]}, 'gates': [[0, 3], [2, 0], [3, 2], [4], [0], [5], [0, 4], [5, 0], [4, 5], [0], [4, 0], [4], [0], [5], [5, 0], [4, 5], [0, 4], [7], [5], [6], [5, 7], [6, 5], [7, 6], [5], [7, 5], [7], [5], [6], [6, 5], [7, 6], [5, 7], [8], [6], [10], [6, 8], [10, 6], [8, 10], [6], [8, 6], [8], [6], [10], [10, 6], [8, 10], [6, 8], [9], [10], [12], [10, 9], [12, 10], [9, 12], [10], [9, 10], [9], [10], [12], [12, 10], [9, 12], [10, 9], [11], [12], [1], [12, 11], [1, 12], [11, 1], [12], [11, 12], [11], [12], [1], [1, 12], [11, 1], [12, 11], [9], [10], [12], [10, 9], [12, 10], [9, 12], [10], [9, 10]]}"
quest_suite_14.qasm,"{'map': {'0': 42, '1': 14, '2': 34, '3': 16, '4': 12, '5': 40, '6': 38, '7': 18, '8': 36, '9': 20}, 'arch': {'width': 11, 'height': 5, 'alg_qubits': [12, 34, 14, 36, 16, 38, 18, 40, 20, 42], 'magic_states': [1, 3, 5, 7, 9, 21, 43, 53, 51, 49, 47, 45, 11, 33]}, 'gates': [[6, 7], [5], [8], [2], [8, 5], [2, 8], [5, 2], [8], [5, 8], [5], [8], [2], [2, 8], [5, 2], [8, 5], [4], [2], [1], [2, 4], [1, 2], [4, 1], [2], [4, 2], [4], [2], [1], [1, 2], [4, 1], [2, 4], [0], [3], [9], [3, 0], [9, 3], [0, 9], [3], [0, 3], [0], [3], [9], [9, 3], [0, 9], [3, 0], [2], [1], [3], [1, 2], [3, 1], [2, 3], [1], [2, 1], [2], [1], [3], [3, 1], [2, 3], [1, 2], [0], [3], [9], [3, 0], [9, 3], [0, 9], [3], [0, 3], [0], [3], [9], [9, 3], [0, 9], [3, 0], [2], [1], [3], [1, 2], [3, 1], [2, 3], [1], [2, 1], [2], [1]]}","{'map': {'0': 40, '1': 34, '2': 36, '3': 18, '4': 20, '5': 12, '6': 16, '7': 42, '8': 38, '9': 14}, 'arch': {'width': 11, 'height': 5, 'alg_qubits': [12, 34, 14, 36, 16, 38, 18, 40, 20, 42], 'magic_states': [1, 3, 5, 7, 9, 21, 43, 53, 51, 49, 47, 45, 11, 33]}, 'gates': [[6, 7], [5], [8], [2], [8, 5], [2, 8], [5, 2], [8], [5, 8], [5], [8], [2], [2, 8], [5, 2], [8, 5], [4], [2], [1], [2, 4], [1, 2], [4, 1], [2], [4, 2], [4], [2], [1], [1, 2], [4, 1], [2, 4], [0], [3], [9], [3, 0], [9, 3], [0, 9], [3], [0, 3], [0], [3], [9], [9, 3], [0, 9], [3, 0], [2], [1], [3], [1, 2], [3, 1], [2, 3], [1], [2, 1], [2], [1], [3], [3, 1], [2, 3], [1, 2], [0], [3], [9], [3, 0], [9, 3], [0, 9], [3], [0, 3], [0], [3], [9], [9, 3], [0, 9], [3, 0], [2], [1], [3], [1, 2], [3, 1], [2, 3], [1], [2, 1], [2], [1]]}","{'map': {'0': 42, '1': 14, '2': 34, '3': 16, '4': 12, '5': 40, '6': 38, '7': 18, '8': 36, '9': 20}, 'arch': {'width': 11, 'height': 5, 'alg_qubits': [12, 34, 14, 36, 16, 38, 18, 40, 20, 42], 'magic_states': [1, 3, 5, 7, 9, 21, 43, 53, 51, 49, 47, 45, 11, 33]}, 'gates': [[6, 7], [5], [8], [2], [8, 5], [2, 8], [5, 2], [8], [5, 8], [5], [8], [2], [2, 8], [5, 2], [8, 5], [4], [2], [1], [2, 4], [1, 2], [4, 1], [2], [4, 2], [4], [2], [1], [1, 2], [4, 1], [2, 4], [0], [3], [9], [3, 0], [9, 3], [0, 9], [3], [0, 3], [0], [3], [9], [9, 3], [0, 9], [3, 0], [2], [1], [3], [1, 2], [3, 1], [2, 3], [1], [2, 1], [2], [1], [3], [3, 1], [2, 3], [1, 2], [0], [3], [9], [3, 0], [9, 3], [0, 9], [3], [0, 3], [0], [3], [9], [9, 3], [0, 9], [3, 0], [2], [1], [3], [1, 2], [3, 1], [2, 3], [1], [2, 1], [2], [1]]}","{'map': {'0': 42, '1': 36, '2': 20, '3': 16, '4': 40, '5': 12, '6': 18, '7': 14, '8': 38}, 'arch': {'width': 11, 'height': 5, 'alg_qubits': [12, 34, 14, 36, 16, 38, 18, 40, 20, 42], 'magic_states': [1, 3, 5, 7, 9, 21, 43, 53, 51, 49, 47, 45, 11, 33]}, 'gates': [[1, 2], [5, 1], [2, 5], [8], [6], [2], [6, 8], [2, 6], [8, 2], [6], [8, 6], [8], [6], [2], [2, 6], [8, 2], [6, 8], [5], [2], [1], [2, 5], [1, 2], [5, 1], [2], [5, 2], [5], [2], [1], [1, 2], [5, 1], [2, 5], [0], [4], [7], [4, 0], [7, 4], [0, 7], [4], [0, 4], [0], [4], [7], [7, 4], [0, 7], [4, 0], [1], [5], [4], [5, 1], [4, 5], [1, 4], [5], [1, 5], [1], [5], [4], [4, 5], [1, 4], [5, 1], [3], [2], [5], [2, 3], [5, 2], [3, 5], [2], [3, 2], [3], [2], [5], [5, 2], [3, 5], [2, 3], [1], [5], [4], [5, 1], [4, 5], [1, 4], [5], [1, 5]]}","{'map': {'0': 42, '1': 36, '2': 20, '3': 16, '4': 40, '5': 12, '6': 18, '7': 14, '8': 38}, 'arch': {'width': 11, 'height': 5, 'alg_qubits': [12, 34, 14, 36, 16, 38, 18, 40, 20, 42], 'magic_states': [1, 3, 5, 7, 9, 21, 43, 53, 51, 49, 47, 45, 11, 33]}, 'gates': [[1, 2], [5, 1], [2, 5], [8], [6], [2], [6, 8], [2, 6], [8, 2], [6], [8, 6], [8], [6], [2], [2, 6], [8, 2], [6, 8], [5], [2], [1], [2, 5], [1, 2], [5, 1], [2], [5, 2], [5], [2], [1], [1, 2], [5, 1], [2, 5], [0], [4], [7], [4, 0], [7, 4], [0, 7], [4], [0, 4], [0], [4], [7], [7, 4], [0, 7], [4, 0], [1], [5], [4], [5, 1], [4, 5], [1, 4], [5], [1, 5], [1], [5], [4], [4, 5], [1, 4], [5, 1], [3], [2], [5], [2, 3], [5, 2], [3, 5], [2], [3, 2], [3], [2], [5], [5, 2], [3, 5], [2, 3], [1], [5], [4], [5, 1], [4, 5], [1, 4], [5], [1, 5]]}"
autobraid_24.qasm,"{'map': {'0': 40, '1': 12, '2': 42, '3': 38, '4': 16, '5': 18, '6': 14, '7': 20, '8': 34}, 'arch': {'width': 11, 'height': 5, 'alg_qubits': [12, 34, 14, 36, 16, 38, 18, 40, 20, 42], 'magic_states': [1, 3, 5, 7, 9, 21, 43, 53, 51, 49, 47, 45, 11, 33]}, 'gates': [[6, 3], [6], [3], [2], [2, 3], [6, 2], [3, 6], [8], [7], [3], [7, 8], [3, 7], [8, 3], [7], [8, 7], [8], [7], [3], [3, 7], [8, 3], [7, 8], [6], [3], [2], [3, 6], [2, 3], [6, 2], [3], [6, 3], [6], [3], [2], [2, 3], [6, 2], [3, 6], [5], [2], [0], [2, 5], [0, 2], [5, 0], [2], [5, 2], [5], [2], [0], [0, 2], [5, 0], [2, 5], [4], [0], [1], [0, 4], [1, 0], [4, 1], [0], [4, 0], [4], [0], [1], [1, 0], [4, 1], [0, 4], [5], [2], [0], [2, 5], [0, 2], [5, 0], [2], [5, 2], [5], [2], [0], [0, 2], [5, 0], [2, 5], [6], [3], [2], [3, 6]]}","{'map': {'0': 42, '1': 34, '2': 36, '3': 20, '4': 12, '5': 18, '6': 38, '7': 16, '8': 14}, 'arch': {'width': 11, 'height': 5, 'alg_qubits': [12, 34, 14, 36, 16, 38, 18, 40, 20, 42], 'magic_states': [1, 3, 5, 7, 9, 21, 43, 53, 51, 49, 47, 45, 11, 33]}, 'gates': [[6, 3], [6], [3], [2], [2, 3], [6, 2], [3, 6], [5], [2], [0], [2, 5], [0, 2], [5, 0], [2], [5, 2], [5], [2], [0], [0, 2], [5, 0], [2, 5], [4], [0], [1], [0, 4], [1, 0], [4, 1], [0], [4, 0], [4], [0], [1], [1, 0], [4, 1], [0, 4], [5], [2], [0], [2, 5], [0, 2], [5, 0], [2], [5, 2], [5], [2], [0], [0, 2], [5, 0], [2, 5], [6], [3], [2], [3, 6], [2, 3], [6, 2], [3], [6, 3], [6], [3], [2], [2, 3], [6, 2], [3, 6], [8], [7], [3], [7, 8], [3, 7], [8, 3], [7], [8, 7], [8], [7], [3], [3, 7], [8, 3], [7, 8], [6], [3], [2], [3, 6]]}","{'map': {'0': 40, '1': 24, '2': 22, '3': 18, '4': 44, '5': 48, '6': 42, '7': 14, '8': 20, '9': 50, '10': 16}, 'arch': {'width': 13, 'height': 5, 'alg_qubits': [14, 40, 16, 42, 18, 44, 20, 46, 22, 48, 24, 50], 'magic_states': [1, 3, 5, 7, 9, 11, 25, 51, 63, 61, 59, 57, 55, 53, 13, 39]}, 'gates': [[5, 10], [9], [4], [3], [4, 9], [3, 4], [9, 3], [4], [9, 4], [9], [4], [3], [3, 4], [9, 3], [4, 9], [8], [3], [2], [3, 8], [2, 3], [8, 2], [3], [8, 3], [8], [3], [2], [2, 3], [8, 2], [3, 8], [7], [2], [1], [2, 7], [1, 2], [7, 1], [2], [7, 2], [7], [2], [1], [1, 2], [7, 1], [2, 7], [6], [1], [0], [1, 6], [0, 1], [6, 0], [1], [6, 1], [6], [1], [0], [0, 1], [6, 0], [1, 6], [7], [2], [1], [2, 7], [1, 2], [7, 1], [2], [7, 2], [7], [2], [1], [1, 2], [7, 1], [2, 7], [8], [3], [2], [3, 8], [2, 3], [8, 2], [3], [8, 3], [8], [3]]}","{'map': {'0': 40, '1': 24, '2': 22, '3': 18, '4': 44, '5': 48, '6': 42, '7': 14, '8': 20, '9': 50, '10': 16}, 'arch': {'width': 13, 'height': 5, 'alg_qubits': [14, 40, 16, 42, 18, 44, 20, 46, 22, 48, 24, 50], 'magic_states': [1, 3, 5, 7, 9, 11, 25, 51, 63, 61, 59, 57, 55, 53, 13, 39]}, 'gates': [[5, 10], [9], [4], [3], [4, 9], [3, 4], [9, 3], [4], [9, 4], [9], [4], [3], [3, 4], [9, 3], [4, 9], [8], [3], [2], [3, 8], [2, 3], [8, 2], [3], [8, 3], [8], [3], [2], [2, 3], [8, 2], [3, 8], [7], [2], [1], [2, 7], [1, 2], [7, 1], [2], [7, 2], [7], [2], [1], [1, 2], [7, 1], [2, 7], [6], [1], [0], [1, 6], [0, 1], [6, 0], [1], [6, 1], [6], [1], [0], [0, 1], [6, 0], [1, 6], [7], [2], [1], [2, 7], [1, 2], [7, 1], [2], [7, 2], [7], [2], [1], [1, 2], [7, 1], [2, 7], [8], [3], [2], [3, 8], [2, 3], [8, 2], [3], [8, 3], [8], [3]]}","{'map': {'0': 18, '1': 50, '2': 22, '3': 46, '4': 16, '5': 20, '6': 40, '7': 44, '8': 14, '9': 42, '10': 24, '12': 26}, 'arch': {'width': 13, 'height': 5, 'alg_qubits': [14, 40, 16, 42, 18, 44, 20, 46, 22, 48, 24, 50], 'magic_states': [1, 3, 5, 7, 9, 11, 25, 51, 63, 61, 59, 57, 55, 53, 13, 39]}, 'gates': [[9], [10], [12], [12, 10], [9, 12], [10, 9], [7], [8], [10], [8, 7], [10, 8], [7, 10], [8], [7, 8], [7], [8], [10], [10, 8], [7, 10], [8, 7], [5], [6], [8], [6, 5], [8, 6], [5, 8], [6], [5, 6], [5], [6], [8], [8, 6], [5, 8], [6, 5], [4], [0], [6], [0, 4], [6, 0], [4, 6], [0], [4, 0], [4], [0], [6], [6, 0], [4, 6], [0, 4], [2], [3], [0], [3, 2], [0, 3], [2, 0], [3], [2, 3], [2], [3], [0], [0, 3], [2, 0], [3, 2], [4], [0], [6], [0, 4], [6, 0], [4, 6], [0], [4, 0], [4], [0], [6], [6, 0], [4, 6], [0, 4], [5], [6], [8], [6, 5], [8, 6]]}"
jku_suite_10.qasm,"{'map': {'0': 14, '1': 30, '2': 34, '3': 16, '4': 10, '5': 28, '6': 12, '7': 32}, 'arch': {'width': 9, 'height': 5, 'alg_qubits': [10, 28, 12, 30, 14, 32, 16, 34], 'magic_states': [1, 3, 5, 7, 17, 35, 43, 41, 39, 37, 9, 27]}, 'gates': [[0, 2], [1, 5], [0, 2], [1, 5], [2, 3], [0, 6], [1, 7], [4, 5], [2, 3], [0, 6], [1, 7], [4, 5], [3, 7], [4, 6], [1, 5], [0, 2], [3, 7], [4, 6], [1, 5], [0, 2], [4, 5], [2, 3], [0, 6], [1, 7], [4, 5], [2, 3], [0, 6], [1, 7], [4, 6], [3, 7], [4, 6], [3, 7]]}","{'map': {'0': 30, '1': 34, '2': 14, '3': 32, '4': 16, '5': 10, '6': 28, '7': 12}, 'arch': {'width': 9, 'height': 5, 'alg_qubits': [10, 28, 12, 30, 14, 32, 16, 34], 'magic_states': [1, 3, 5, 7, 17, 35, 43, 41, 39, 37, 9, 27]}, 'gates': [[5, 6], [4], [2], [1], [2, 4], [1, 2], [4, 1], [2], [4, 2], [4], [2], [1], [1, 2], [4, 1], [2, 4], [0], [3], [7], [3, 0], [7, 3], [0, 7], [3], [0, 3], [0], [3], [7], [7, 3], [0, 7], [3, 0], [2], [1], [3], [1, 2], [3, 1], [2, 3], [1], [2, 1], [2], [1], [3], [3, 1], [2, 3], [1, 2], [0], [3], [7], [3, 0], [7, 3], [0, 7], [3], [0, 3], [0], [3], [7], [7, 3], [0, 7], [3, 0], [2], [1], [3], [1, 2], [3, 1], [2, 3], [1], [2, 1], [2], [1], [3], [3, 1], [2, 3], [1, 2], [1], [5], [4], [5, 1], [4, 5], [1, 4], [5], [1, 5], [1], [5]]}","{'map': {'0': 30, '1': 32, '2': 14, '3': 16, '4': 12, '5': 10, '6': 34, '7': 28}, 'arch': {'width': 9, 'height': 5, 'alg_qubits': [10, 28, 12, 30, 14, 32, 16, 34], 'magic_states': [1, 3, 5, 7, 17, 35, 43, 41, 39, 37, 9, 27]}, 'gates': [[3], [1], [0], [0, 1], [3, 0], [1, 3], [4], [2], [1], [2, 4], [1, 2], [4, 1], [2], [4, 2], [4], [2], [1], [1, 2], [4, 1], [2, 4], [6], [5], [2], [5, 6], [2, 5], [6, 2], [5], [6, 5], [6], [5], [2], [2, 5], [6, 2], [5, 6], [4], [2], [1], [2, 4], [1, 2], [4, 1], [2], [4, 2], [4], [2], [1], [1, 2], [4, 1], [2, 4], [0], [3], [7], [3, 0], [7, 3], [0, 7], [3], [0, 3], [0], [3], [7], [7, 3], [0, 7], [3, 0], [2], [1], [3], [1, 2], [3, 1], [2, 3], [1], [2, 1], [2], [1], [3], [3, 1], [2, 3], [1, 2], [0], [3], [7], [3, 0], [7, 3]]}","{'map': {'0': 14, '1': 16, '2': 34, '3': 12, '4': 10, '5': 30, '6': 28, '7': 32}, 'arch': {'width': 9, 'height': 5, 'alg_qubits': [10, 28, 12, 30, 14, 32, 16, 34], 'magic_states': [1, 3, 5, 7, 17, 35, 43, 41, 39, 37, 9, 27]}, 'gates': [[3], [1], [1, 3], [4, 1], [3, 4], [5], [2], [3], [2, 5], [3, 2], [5, 3], [2], [5, 2], [5], [2], [3], [3, 2], [5, 3], [2, 5], [7], [6], [2], [6, 7], [2, 6], [7, 2], [6], [7, 6], [7], [6], [2], [2, 6], [7, 2], [6, 7], [5], [2], [3], [2, 5], [3, 2], [5, 3], [2], [5, 2], [5], [2], [3], [3, 2], [5, 3], [2, 5], [4], [3], [0], [3, 4], [0, 3], [4, 0], [3], [4, 3], [4], [3], [0], [0, 3], [4, 0], [3, 4], [5], [2], [3], [2, 5], [3, 2], [5, 3], [2], [5, 2], [5], [2], [3], [3, 2], [5, 3], [2, 5], [7], [6], [2], [6, 7], [2, 6], [7, 2]]}","{'map': {'0': 28, '1': 30, '2': 34, '3': 16, '4': 10, '5': 12, '6': 32}, 'arch': {'width': 9, 'height': 5, 'alg_qubits': [10, 28, 12, 30, 14, 32, 16, 34], 'magic_states': [1, 3, 5, 7, 17, 35, 43, 41, 39, 37, 9, 27]}, 'gates': [[2, 3], [6, 2], [3, 6], [5], [1], [3], [1, 5], [3, 1], [5, 3], [1], [5, 1], [5], [1], [3], [3, 1], [5, 3], [1, 5], [0], [4], [1], [4, 0], [1, 4], [0, 1], [4], [0, 4], [0], [4], [1], [1, 4], [0, 1], [4, 0], [5], [1], [3], [1, 5], [3, 1], [5, 3], [1], [5, 1], [5], [1], [3], [3, 1], [5, 3], [1, 5], [2], [5], [6], [5, 2], [6, 5], [2, 6], [5], [2, 5], [2], [5], [6], [6, 5], [2, 6], [5, 2], [0], [4], [6], [4, 0], [6, 4], [0, 6], [4], [0, 4], [0], [4], [6], [6, 4], [0, 6], [4, 0], [1], [3], [6], [3, 1], [6, 3], [1, 6], [3], [1, 3]]}"
autobraid_35.qasm,"{'map': {'0': 56, '1': 54, '2': 20, '3': 30, '4': 62, '5': 52, '6': 28, '7': 18, '8': 22, '9': 24, '10': 64, '11': 66, '12': 32, '13': 26, '14': 60}, 'arch': {'width': 17, 'height': 5, 'alg_qubits': [18, 52, 20, 54, 22, 56, 24, 58, 26, 60, 28, 62, 30, 64, 32, 66], 'magic_states': [1, 3, 5, 7, 9, 11, 13, 15, 33, 67, 83, 81, 79, 77, 75, 73, 71, 69, 17, 51]}, 'gates': [[8], [7], [9], [9, 7], [8, 9], [7, 8], [6], [9], [10], [9, 6], [10, 9], [6, 10], [9], [6, 9], [6], [9], [10], [10, 9], [6, 10], [9, 6], [5], [10], [11], [10, 5], [11, 10], [5, 11], [10], [5, 10], [5], [10], [11], [11, 10], [5, 11], [10, 5], [4], [11], [12], [11, 4], [12, 11], [4, 12], [11], [4, 11], [4], [11], [12], [12, 11], [4, 12], [11, 4], [2], [12], [13], [12, 2], [13, 12], [2, 13], [12], [2, 12], [2], [12], [13], [13, 12], [2, 13], [12, 2], [1], [13], [14], [13, 1], [14, 13], [1, 14], [13], [1, 13], [1], [13], [14], [14, 13], [1, 14], [13, 1], [3], [14], [0], [14, 3], [0, 14]]}","{'map': {'0': 32, '1': 34, '2': 30, '3': 14, '4': 10, '5': 28, '6': 16}, 'arch': {'width': 9, 'height': 5, 'alg_qubits': [10, 28, 12, 30, 14, 32, 16, 34], 'magic_states': [1, 3, 5, 7, 17, 35, 43, 41, 39, 37, 9, 27]}, 'gates': [[1], [5], [0], [5, 1], [0, 5], [1, 0], [5], [1, 5], [1], [5], [0], [0, 5], [1, 0], [5, 1], [1], [5], [2], [5, 1], [2, 5], [1, 2], [5], [1, 5], [1], [5], [2], [2, 5], [1, 2], [5, 1], [1], [5], [4], [5, 1], [4, 5], [1, 4], [5], [1, 5], [1], [5], [4], [4, 5], [1, 4], [5, 1], [1], [6], [2], [6, 1], [2, 6], [1, 2], [6], [1, 6], [1], [6], [2], [2, 6], [1, 2], [6, 1], [1], [6], [3], [6, 1], [3, 6], [1, 3], [6], [1, 6], [1], [6], [3], [3, 6], [1, 3], [6, 1], [1], [6], [4], [6, 1], [4, 6], [1, 4], [6], [1, 6], [1], [6], [4]]}","{'map': {'0': 28, '1': 12, '2': 10, '3': 14, '4': 34, '5': 32, '6': 30, '7': 16}, 'arch': {'width': 9, 'height': 5, 'alg_qubits': [10, 28, 12, 30, 14, 32, 16, 34], 'magic_states': [1, 3, 5, 7, 17, 35, 43, 41, 39, 37, 9, 27]}, 'gates': [[3, 5], [2], [3, 2], [3], [2], [5], [5, 2], [3, 5], [2, 3], [1], [5], [4], [5, 1], [4, 5], [1, 4], [5], [1, 5], [1], [5], [4], [4, 5], [1, 4], [5, 1], [4], [1], [0], [1, 4], [0, 1], [4, 0], [1], [4, 1], [4], [1], [0], [0, 1], [4, 0], [1, 4], [5], [2], [1], [2, 5], [1, 2], [5, 1], [2], [5, 2], [5], [2], [1], [1, 2], [5, 1], [2, 5], [7], [6], [2], [6, 7], [2, 6], [7, 2], [6], [7, 6], [7], [6], [2], [2, 6], [7, 2], [6, 7], [5], [2], [1], [2, 5], [1, 2], [5, 1], [2], [5, 2], [5], [2], [1], [1, 2], [5, 1], [2, 5], [4], [1]]}","{'map': {'0': 16, '1': 58, '2': 52, '3': 22, '4': 56, '5': 54, '6': 50, '7': 24, '8': 26, '9': 18, '10': 28, '11': 46, '12': 20}, 'arch': {'width': 15, 'height': 5, 'alg_qubits': [16, 46, 18, 48, 20, 50, 22, 52, 24, 54, 26, 56, 28, 58], 'magic_states': [1, 3, 5, 7, 9, 11, 13, 29, 59, 73, 71, 69, 67, 65, 63, 61, 15, 45]}, 'gates': [[12], [2], [2, 12], [11, 2], [12, 11], [9], [10], [12], [10, 9], [12, 10], [9, 12], [10], [9, 10], [9], [10], [12], [12, 10], [9, 12], [10, 9], [8], [7], [10], [7, 8], [10, 7], [8, 10], [7], [8, 7], [8], [7], [10], [10, 7], [8, 10], [7, 8], [6], [1], [7], [1, 6], [7, 1], [6, 7], [1], [6, 1], [6], [1], [7], [7, 1], [6, 7], [1, 6], [5], [0], [1], [0, 5], [1, 0], [5, 1], [0], [5, 0], [5], [0], [1], [1, 0], [5, 1], [0, 5], [3], [4], [0], [4, 3], [0, 4], [3, 0], [4], [3, 4], [3], [4], [0], [0, 4], [3, 0], [4, 3], [5], [0], [1], [0, 5], [1, 0], [5, 1]]}","{'map': {'0': 30, '1': 28, '2': 12, '3': 10, '4': 32, '5': 34, '6': 14, '7': 16}, 'arch': {'width': 9, 'height': 5, 'alg_qubits': [10, 28, 12, 30, 14, 32, 16, 34], 'magic_states': [1, 3, 5, 7, 17, 35, 43, 41, 39, 37, 9, 27]}, 'gates': [[5, 1], [3], [2], [5], [2, 3], [5, 2], [3, 5], [2], [3, 2], [3], [2], [5], [5, 2], [3, 5], [2, 3], [1], [5], [4], [5, 1], [4, 5], [1, 4], [5], [1, 5], [1], [5], [4], [4, 5], [1, 4], [5, 1], [4], [1], [0], [1, 4], [0, 1], [4, 0], [1], [4, 1], [4], [1], [0], [0, 1], [4, 0], [1, 4], [5], [2], [1], [2, 5], [1, 2], [5, 1], [2], [5, 2], [5], [2], [1], [1, 2], [5, 1], [2, 5], [7], [6], [2], [6, 7], [2, 6], [7, 2], [6], [7, 6], [7], [6], [2], [2, 6], [7, 2], [6, 7], [5], [2], [1], [2, 5], [1, 2], [5, 1], [2], [5, 2], [5], [2]]}"
jku_suite_18.qasm,"{'map': {'0': 36, '1': 20, '2': 34, '3': 38, '4': 40, '5': 16, '6': 18, '7': 12, '8': 14, '9': 42}, 'arch': {'width': 11, 'height': 5, 'alg_qubits': [12, 34, 14, 36, 16, 38, 18, 40, 20, 42], 'magic_states': [1, 3, 5, 7, 9, 21, 43, 53, 51, 49, 47, 45, 11, 33]}, 'gates': [[1], [1, 2], [4, 1], [2, 4], [5], [8], [2], [8, 5], [2, 8], [5, 2], [8], [5, 8], [5], [8], [2], [2, 8], [5, 2], [8, 5], [7], [6], [8], [6, 7], [8, 6], [7, 8], [6], [7, 6], [7], [6], [8], [8, 6], [7, 8], [6, 7], [5], [8], [2], [8, 5], [2, 8], [5, 2], [8], [5, 8], [5], [8], [2], [2, 8], [5, 2], [8, 5], [4], [2], [1], [2, 4], [1, 2], [4, 1], [2], [4, 2], [4], [2], [1], [1, 2], [4, 1], [2, 4], [0], [3], [9], [3, 0], [9, 3], [0, 9], [3], [0, 3], [0], [3], [9], [9, 3], [0, 9], [3, 0], [2], [1], [3], [1, 2], [3, 1], [2, 3], [1]]}","{'map': {'0': 20, '1': 40, '2': 18, '3': 14, '4': 12, '5': 16, '6': 38, '7': 34, '8': 42}, 'arch': {'width': 11, 'height': 5, 'alg_qubits': [12, 34, 14, 36, 16, 38, 18, 40, 20, 42], 'magic_states': [1, 3, 5, 7, 9, 21, 43, 53, 51, 49, 47, 45, 11, 33]}, 'gates': [[1], [1, 2], [4, 1], [2, 4], [5], [8], [2], [8, 5], [2, 8], [5, 2], [8], [5, 8], [5], [8], [2], [2, 8], [5, 2], [8, 5], [7], [6], [8], [6, 7], [8, 6], [7, 8], [6], [7, 6], [7], [6], [8], [8, 6], [7, 8], [6, 7], [5], [8], [2], [8, 5], [2, 8], [5, 2], [8], [5, 8], [5], [8], [2], [2, 8], [5, 2], [8, 5], [4], [2], [1], [2, 4], [1, 2], [4, 1], [2], [4, 2], [4], [2], [1], [1, 2], [4, 1], [2, 4], [3], [1], [0], [1, 3], [0, 1], [3, 0], [1], [3, 1], [3], [1], [0], [0, 1], [3, 0], [1, 3], [4], [2], [1], [2, 4], [1, 2], [4, 1], [2]]}","{'map': {'0': 38, '1': 14, '2': 12, '3': 36, '4': 16, '5': 40, '6': 20, '7': 42, '8': 18}, 'arch': {'width': 11, 'height': 5, 'alg_qubits': [12, 34, 14, 36, 16, 38, 18, 40, 20, 42], 'magic_states': [1, 3, 5, 7, 9, 21, 43, 53, 51, 49, 47, 45, 11, 33]}, 'gates': [[1], [1, 2], [4, 1], [2, 4], [5], [8], [2], [8, 5], [2, 8], [5, 2], [8], [5, 8], [5], [8], [2], [2, 8], [5, 2], [8, 5], [7], [6], [8], [6, 7], [8, 6], [7, 8], [6], [7, 6], [7], [6], [8], [8, 6], [7, 8], [6, 7], [5], [8], [2], [8, 5], [2, 8], [5, 2], [8], [5, 8], [5], [8], [2], [2, 8], [5, 2], [8, 5], [4], [2], [1], [2, 4], [1, 2], [4, 1], [2], [4, 2], [4], [2], [1], [1, 2], [4, 1], [2, 4], [3], [1], [0], [1, 3], [0, 1], [3, 0], [1], [3, 1], [3], [1], [0], [0, 1], [3, 0], [1, 3], [4], [2], [1], [2, 4], [1, 2], [4, 1], [2]]}","{'map': {'0': 20, '1': 40, '2': 18, '3': 14, '4': 12, '5': 16, '6': 38, '7': 34, '8': 42}, 'arch': {'width': 11, 'height': 5, 'alg_qubits': [12, 34, 14, 36, 16, 38, 18, 40, 20, 42], 'magic_states': [1, 3, 5, 7, 9, 21, 43, 53, 51, 49, 47, 45, 11, 33]}, 'gates': [[1], [1, 2], [4, 1], [2, 4], [5], [8], [2], [8, 5], [2, 8], [5, 2], [8], [5, 8], [5], [8], [2], [2, 8], [5, 2], [8, 5], [7], [6], [8], [6, 7], [8, 6], [7, 8], [6], [7, 6], [7], [6], [8], [8, 6], [7, 8], [6, 7], [5], [8], [2], [8, 5], [2, 8], [5, 2], [8], [5, 8], [5], [8], [2], [2, 8], [5, 2], [8, 5], [4], [2], [1], [2, 4], [1, 2], [4, 1], [2], [4, 2], [4], [2], [1], [1, 2], [4, 1], [2, 4], [3], [1], [0], [1, 3], [0, 1], [3, 0], [1], [3, 1], [3], [1], [0], [0, 1], [3, 0], [1, 3], [4], [2], [1], [2, 4], [1, 2], [4, 1], [2]]}","{'map': {'0': 20, '1': 40, '2': 18, '3': 14, '4': 12, '5': 16, '6': 38, '7': 34, '8': 42}, 'arch': {'width': 11, 'height': 5, 'alg_qubits': [12, 34, 14, 36, 16, 38, 18, 40, 20, 42], 'magic_states': [1, 3, 5, 7, 9, 21, 43, 53, 51, 49, 47, 45, 11, 33]}, 'gates': [[1], [1, 2], [4, 1], [2, 4], [5], [8], [2], [8, 5], [2, 8], [5, 2], [8], [5, 8], [5], [8], [2], [2, 8], [5, 2], [8, 5], [7], [6], [8], [6, 7], [8, 6], [7, 8], [6], [7, 6], [7], [6], [8], [8, 6], [7, 8], [6, 7], [5], [8], [2], [8, 5], [2, 8], [5, 2], [8], [5, 8], [5], [8], [2], [2, 8], [5, 2], [8, 5], [4], [2], [1], [2, 4], [1, 2], [4, 1], [2], [4, 2], [4], [2], [1], [1, 2], [4, 1], [2, 4], [3], [1], [0], [1, 3], [0, 1], [3, 0], [1], [3, 1], [3], [1], [0], [0, 1], [3, 0], [1, 3], [4], [2], [1], [2, 4], [1, 2], [4, 1], [2]]}"
jku_suite_59.qasm,"{'map': {'0': 10, '1': 22, '2': 24, '3': 26, '4': 8}, 'arch': {'width': 7, 'height': 5, 'alg_qubits': [8, 22, 10, 24, 12, 26], 'magic_states': [1, 3, 5, 13, 27, 33, 31, 29, 7, 21]}, 'gates': [[2], [2, 4], [1, 2], [4, 1], [2, 3], [3, 2], [1, 2], [0], [1], [3], [1, 0], [3, 1], [0, 3], [1], [0, 1], [0], [1], [3], [3, 1], [0, 3], [1, 0], [1], [3], [0], [3, 1], [0, 3], [1, 0], [3], [1, 3], [1], [3], [0], [0, 3], [1, 0], [3, 1], [0, 1], [2, 1], [1, 0], [0, 2], [1, 0], [2, 1], [0], [2], [1], [2, 0], [1, 2], [0, 1], [2], [0, 2], [0], [2], [1], [1, 2], [0, 1], [2, 0], [0], [2], [4], [2, 0], [4, 2], [0, 4], [2], [0, 2], [0], [2], [4], [4, 2], [0, 4], [2, 0], [4, 0], [1], [4], [2], [4, 1], [2, 4], [1, 2], [4], [1, 4], [1], [4]]}","{'map': {'0': 12, '1': 22, '2': 10, '3': 8, '4': 26}, 'arch': {'width': 7, 'height': 5, 'alg_qubits': [8, 22, 10, 24, 12, 26], 'magic_states': [1, 3, 5, 13, 27, 33, 31, 29, 7, 21]}, 'gates': [[1, 2], [0], [1], [3], [1, 0], [3, 1], [0, 3], [1], [0, 1], [0], [1], [3], [3, 1], [0, 3], [1, 0], [1], [3], [0], [3, 1], [0, 3], [1, 0], [3], [1, 3], [1], [3], [0], [0, 3], [1, 0], [3, 1], [0, 1], [2, 1], [1, 0], [1, 2], [4, 1], [4, 1], [0], [2], [4], [2, 0], [4, 2], [0, 4], [2], [0, 2], [0], [2], [4], [4, 2], [0, 4], [2, 0], [4, 2], [0], [4], [1], [4, 0], [1, 4], [0, 1], [4], [0, 4], [0], [4], [1], [1, 4], [0, 1], [4, 0], [1], [4], [0], [4, 1], [0, 4], [1, 0], [4], [1, 4], [1], [4], [0], [0, 4], [1, 0], [4, 1], [2, 3], [3, 2]]}","{'map': {'0': 24, '1': 22, '2': 26, '3': 10, '4': 8, '5': 12}, 'arch': {'width': 7, 'height': 5, 'alg_qubits': [8, 22, 10, 24, 12, 26], 'magic_states': [1, 3, 5, 13, 27, 33, 31, 29, 7, 21]}, 'gates': [[4], [4, 0], [1, 4], [0, 1], [3], [2], [5], [2, 3], [5, 2], [3, 5], [2], [3, 2], [3], [2], [5], [5, 2], [3, 5], [2, 3], [5], [3], [4], [3, 5], [4, 3], [5, 4], [3], [5, 3], [5], [3], [4], [4, 3], [5, 4], [3, 5], [1], [0], [3], [0, 1], [3, 0], [1, 3], [0], [1, 0], [1], [0], [3], [3, 0], [1, 3], [0, 1], [5], [3], [4], [3, 5], [4, 3], [5, 4], [3], [5, 3], [5], [3], [4], [4, 3], [5, 4], [3, 5], [1], [0], [3], [0, 1], [3, 0], [1, 3], [0], [1, 0], [1], [0], [3], [3, 0], [1, 3], [0, 1], [3], [2], [5], [2, 3], [5, 2], [3, 5], [2]]}","{'map': {'0': 26, '1': 24, '2': 12, '3': 8, '4': 22, '5': 10}, 'arch': {'width': 7, 'height': 5, 'alg_qubits': [8, 22, 10, 24, 12, 26], 'magic_states': [1, 3, 5, 13, 27, 33, 31, 29, 7, 21]}, 'gates': [[1], [4], [2], [4, 1], [2, 4], [1, 2], [4], [1, 4], [1], [4], [2], [2, 4], [1, 2], [4, 1], [5], [3], [4], [3, 5], [4, 3], [5, 4], [3], [5, 3], [5], [3], [4], [4, 3], [5, 4], [3, 5], [0], [1], [3], [1, 0], [3, 1], [0, 3], [1], [0, 1], [0], [1], [3], [3, 1], [0, 3], [1, 0], [5], [3], [4], [3, 5], [4, 3], [5, 4], [3], [5, 3], [5], [3], [4], [4, 3], [5, 4], [3, 5], [0], [1], [3], [1, 0], [3, 1], [0, 3], [1], [0, 1], [0], [1], [3], [3, 1], [0, 3], [1, 0], [1], [5], [3], [5, 1], [3, 5], [1, 3], [5], [1, 5], [1], [5], [3]]}","{'map': {'0': 8, '1': 22, '2': 24, '3': 12, '4': 26}, 'arch': {'width': 7, 'height': 5, 'alg_qubits': [8, 22, 10, 24, 12, 26], 'magic_states': [1, 3, 5, 13, 27, 33, 31, 29, 7, 21]}, 'gates': [[2], [3], [1], [3, 2], [1, 3], [2, 1], [3], [2, 3], [2], [3], [1], [1, 3], [2, 1], [3, 2], [0], [4], [3], [4, 0], [3, 4], [0, 3], [4], [0, 4], [0], [4], [3], [3, 4], [0, 3], [4, 0], [2], [3], [1], [3, 2], [1, 3], [2, 1], [3], [2, 3], [2], [3], [1], [1, 3], [2, 1], [3, 2], [0], [4], [3], [4, 0], [3, 4], [0, 3], [4], [0, 4], [0], [4], [3], [3, 4], [0, 3], [4, 0], [2, 0], [3], [0], [2], [0, 3], [2, 0], [3, 2], [0], [3, 0], [3], [0], [2], [2, 0], [3, 2], [0, 3], [1], [4], [0], [4, 1], [0, 4], [1, 0], [4], [1, 4], [1], [4]]}"
shor_9.qasm,"{'map': {'0': 18, '1': 50, '2': 22, '3': 46, '4': 16, '5': 20, '6': 40, '7': 44, '8': 14, '9': 42, '10': 24, '12': 26}, 'arch': {'width': 13, 'height': 5, 'alg_qubits': [14, 40, 16, 42, 18, 44, 20, 46, 22, 48, 24, 50], 'magic_states': [1, 3, 5, 7, 9, 11, 25, 51, 63, 61, 59, 57, 55, 53, 13, 39]}, 'gates': [[9], [10], [12], [12, 10], [9, 12], [10, 9], [7], [8], [10], [8, 7], [10, 8], [7, 10], [8], [7, 8], [7], [8], [10], [10, 8], [7, 10], [8, 7], [5], [6], [8], [6, 5], [8, 6], [5, 8], [6], [5, 6], [5], [6], [8], [8, 6], [5, 8], [6, 5], [4], [0], [6], [0, 4], [6, 0], [4, 6], [0], [4, 0], [4], [0], [6], [6, 0], [4, 6], [0, 4], [2], [3], [0], [3, 2], [0, 3], [2, 0], [3], [2, 3], [2], [3], [0], [0, 3], [2, 0], [3, 2], [4], [0], [6], [0, 4], [6, 0], [4, 6], [0], [4, 0], [4], [0], [6], [6, 0], [4, 6], [0, 4], [5], [6], [8], [6, 5], [8, 6]]}","{'map': {'0': 16, '1': 48, '2': 22, '3': 46, '4': 24, '5': 40, '6': 18, '7': 42, '8': 44, '9': 50, '10': 14, '12': 26}, 'arch': {'width': 13, 'height': 5, 'alg_qubits': [14, 40, 16, 42, 18, 44, 20, 46, 22, 48, 24, 50], 'magic_states': [1, 3, 5, 7, 9, 11, 25, 51, 63, 61, 59, 57, 55, 53, 13, 39]}, 'gates': [[9], [10], [12], [12, 10], [9, 12], [10, 9], [8], [6], [10], [6, 8], [10, 6], [8, 10], [6], [8, 6], [8], [6], [10], [10, 6], [8, 10], [6, 8], [7], [5], [6], [5, 7], [6, 5], [7, 6], [5], [7, 5], [7], [5], [6], [6, 5], [7, 6], [5, 7], [4], [0], [5], [0, 4], [5, 0], [4, 5], [0], [4, 0], [4], [0], [5], [5, 0], [4, 5], [0, 4], [2], [3], [0], [3, 2], [0, 3], [2, 0], [3], [2, 3], [2], [3], [0], [0, 3], [2, 0], [3, 2], [4], [0], [5], [0, 4], [5, 0], [4, 5], [0], [4, 0], [4], [0], [5], [5, 0], [4, 5], [0, 4], [7], [5], [6], [5, 7], [6, 5]]}","{'map': {'0': 22, '1': 40, '2': 16, '3': 18, '4': 50, '5': 24, '6': 14, '7': 46, '8': 44, '9': 42, '10': 48}, 'arch': {'width': 13, 'height': 5, 'alg_qubits': [14, 40, 16, 42, 18, 44, 20, 46, 22, 48, 24, 50], 'magic_states': [1, 3, 5, 7, 9, 11, 25, 51, 63, 61, 59, 57, 55, 53, 13, 39]}, 'gates': [[10], [0], [0, 10], [1, 0], [10, 1], [2], [8], [10], [8, 2], [10, 8], [2, 10], [8], [2, 8], [2], [8], [10], [10, 8], [2, 10], [8, 2], [5], [4], [8], [4, 5], [8, 4], [5, 8], [4], [5, 4], [5], [4], [8], [8, 4], [5, 8], [4, 5], [6], [3], [4], [3, 6], [4, 3], [6, 4], [3], [6, 3], [6], [3], [4], [4, 3], [6, 4], [3, 6], [9], [7], [3], [7, 9], [3, 7], [9, 3], [7], [9, 7], [9], [7], [3], [3, 7], [9, 3], [7, 9], [6], [3], [4], [3, 6], [4, 3], [6, 4], [3], [6, 3], [6], [3], [4], [4, 3], [6, 4], [3, 6], [5], [4], [8], [4, 5], [8, 4], [5, 8]]}","{'map': {'0': 24, '1': 22, '2': 50, '3': 42, '4': 14, '5': 46, '6': 40, '7': 44, '8': 48, '9': 16, '10': 20}, 'arch': {'width': 13, 'height': 5, 'alg_qubits': [14, 40, 16, 42, 18, 44, 20, 46, 22, 48, 24, 50], 'magic_states': [1, 3, 5, 7, 9, 11, 25, 51, 63, 61, 59, 57, 55, 53, 13, 39]}, 'gates': [[10], [5], [4], [4, 5], [10, 4], [5, 10], [9], [4], [3], [4, 9], [3, 4], [9, 3], [4], [9, 4], [9], [4], [3], [3, 4], [9, 3], [4, 9], [8], [3], [2], [3, 8], [2, 3], [8, 2], [3], [8, 3], [8], [3], [2], [2, 3], [8, 2], [3, 8], [7], [2], [1], [2, 7], [1, 2], [7, 1], [2], [7, 2], [7], [2], [1], [1, 2], [7, 1], [2, 7], [6], [1], [0], [1, 6], [0, 1], [6, 0], [1], [6, 1], [6], [1], [0], [0, 1], [6, 0], [1, 6], [7], [2], [1], [2, 7], [1, 2], [7, 1], [2], [7, 2], [7], [2], [1], [1, 2], [7, 1], [2, 7], [8], [3], [2], [3, 8], [2, 3]]}","{'map': {'0': 24, '1': 22, '2': 50, '3': 42, '4': 14, '5': 46, '6': 40, '7': 44, '8': 48, '9': 16, '10': 20}, 'arch': {'width': 13, 'height': 5, 'alg_qubits': [14, 40, 16, 42, 18, 44, 20, 46, 22, 48, 24, 50], 'magic_states': [1, 3, 5, 7, 9, 11, 25, 51, 63, 61, 59, 57, 55, 53, 13, 39]}, 'gates': [[10], [5], [4], [4, 5], [10, 4], [5, 10], [9], [4], [3], [4, 9], [3, 4], [9, 3], [4], [9, 4], [9], [4], [3], [3, 4], [9, 3], [4, 9], [8], [3], [2], [3, 8], [2, 3], [8, 2], [3], [8, 3], [8], [3], [2], [2, 3], [8, 2], [3, 8], [7], [2], [1], [2, 7], [1, 2], [7, 1], [2], [7, 2], [7], [2], [1], [1, 2], [7, 1], [2, 7], [6], [1], [0], [1, 6], [0, 1], [6, 0], [1], [6, 1], [6], [1], [0], [0, 1], [6, 0], [1, 6], [7], [2], [1], [2, 7], [1, 2], [7, 1], [2], [7, 2], [7], [2], [1], [1, 2], [7, 1], [2, 7], [8], [3], [2], [3, 8], [2, 3]]}"
autobraid_38.qasm,"{'map': {'0': 10, '1': 34, '2': 30, '3': 28, '4': 16, '5': 32, '6': 12}, 'arch': {'width': 9, 'height': 5, 'alg_qubits': [10, 28, 12, 30, 14, 32, 16, 34], 'magic_states': [1, 3, 5, 7, 17, 35, 43, 41, 39, 37, 9, 27]}, 'gates': [[2], [1], [2, 4], [1, 2], [4, 1], [2], [4, 2], [4], [2], [1], [1, 2], [4, 1], [2, 4], [6], [5], [2], [5, 6], [2, 5], [6, 2], [5], [6, 5], [6], [5], [2], [2, 5], [6, 2], [5, 6], [4], [2], [1], [2, 4], [1, 2], [4, 1], [2], [4, 2], [4], [2], [1], [1, 2], [4, 1], [2, 4], [3], [1], [0], [1, 3], [0, 1], [3, 0], [1], [3, 1], [3], [1], [0], [0, 1], [3, 0], [1, 3], [4], [2], [1], [2, 4], [1, 2], [4, 1], [2], [4, 2], [4], [2], [1], [1, 2], [4, 1], [2, 4], [6], [5], [2], [5, 6], [2, 5], [6, 2], [5], [6, 5], [6], [5], [2], [2, 5]]}","{'map': {'0': 10, '1': 34, '2': 30, '3': 28, '4': 16, '5': 32, '6': 12}, 'arch': {'width': 9, 'height': 5, 'alg_qubits': [10, 28, 12, 30, 14, 32, 16, 34], 'magic_states': [1, 3, 5, 7, 17, 35, 43, 41, 39, 37, 9, 27]}, 'gates': [[2], [1], [2, 4], [1, 2], [4, 1], [2], [4, 2], [4], [2], [1], [1, 2], [4, 1], [2, 4], [6], [5], [2], [5, 6], [2, 5], [6, 2], [5], [6, 5], [6], [5], [2], [2, 5], [6, 2], [5, 6], [4], [2], [1], [2, 4], [1, 2], [4, 1], [2], [4, 2], [4], [2], [1], [1, 2], [4, 1], [2, 4], [3], [1], [0], [1, 3], [0, 1], [3, 0], [1], [3, 1], [3], [1], [0], [0, 1], [3, 0], [1, 3], [4], [2], [1], [2, 4], [1, 2], [4, 1], [2], [4, 2], [4], [2], [1], [1, 2], [4, 1], [2, 4], [6], [5], [2], [5, 6], [2, 5], [6, 2], [5], [6, 5], [6], [5], [2], [2, 5]]}","{'map': {'0': 12, '1': 10, '2': 28, '3': 30, '4': 34, '5': 14, '6': 32}, 'arch': {'width': 9, 'height': 5, 'alg_qubits': [10, 28, 12, 30, 14, 32, 16, 34], 'magic_states': [1, 3, 5, 7, 17, 35, 43, 41, 39, 37, 9, 27]}, 'gates': [[1, 2], [3], [1], [0], [1, 3], [0, 1], [3, 0], [1], [3, 1], [3], [1], [0], [0, 1], [3, 0], [1, 3], [4], [2], [1], [2, 4], [1, 2], [4, 1], [2], [4, 2], [4], [2], [1], [1, 2], [4, 1], [2, 4], [6], [5], [2], [5, 6], [2, 5], [6, 2], [5], [6, 5], [6], [5], [2], [2, 5], [6, 2], [5, 6], [4], [2], [1], [2, 4], [1, 2], [4, 1], [2], [4, 2], [4], [2], [1], [1, 2], [4, 1], [2, 4], [3], [1], [0], [1, 3], [0, 1], [3, 0], [1], [3, 1], [3], [1], [0], [0, 1], [3, 0], [1, 3], [4], [2], [1], [2, 4], [1, 2], [4, 1], [2], [4, 2], [4], [2]]}","{'map': {'0': 34, '1': 10, '2': 28, '3': 14, '4': 16, '5': 30, '6': 32, '7': 12}, 'arch': {'width': 9, 'height': 5, 'alg_qubits': [10, 28, 12, 30, 14, 32, 16, 34], 'magic_states': [1, 3, 5, 7, 17, 35, 43, 41, 39, 37, 9, 27]}, 'gates': [[4], [2], [1], [2, 4], [1, 2], [4, 1], [2], [4, 2], [4], [2], [1], [1, 2], [4, 1], [2, 4], [6], [5], [2], [5, 6], [2, 5], [6, 2], [5], [6, 5], [6], [5], [2], [2, 5], [6, 2], [5, 6], [4], [2], [1], [2, 4], [1, 2], [4, 1], [2], [4, 2], [4], [2], [1], [1, 2], [4, 1], [2, 4], [0], [3], [7], [3, 0], [7, 3], [0, 7], [3], [0, 3], [0], [3], [7], [7, 3], [0, 7], [3, 0], [2], [1], [3], [1, 2], [3, 1], [2, 3], [1], [2, 1], [2], [1], [3], [3, 1], [2, 3], [1, 2], [0], [3], [7], [3, 0], [7, 3], [0, 7], [3], [0, 3], [0], [3], [7]]}","{'map': {'0': 34, '1': 10, '2': 28, '3': 14, '4': 16, '5': 30, '6': 32, '7': 12}, 'arch': {'width': 9, 'height': 5, 'alg_qubits': [10, 28, 12, 30, 14, 32, 16, 34], 'magic_states': [1, 3, 5, 7, 17, 35, 43, 41, 39, 37, 9, 27]}, 'gates': [[4], [2], [1], [2, 4], [1, 2], [4, 1], [2], [4, 2], [4], [2], [1], [1, 2], [4, 1], [2, 4], [6], [5], [2], [5, 6], [2, 5], [6, 2], [5], [6, 5], [6], [5], [2], [2, 5], [6, 2], [5, 6], [4], [2], [1], [2, 4], [1, 2], [4, 1], [2], [4, 2], [4], [2], [1], [1, 2], [4, 1], [2, 4], [0], [3], [7], [3, 0], [7, 3], [0, 7], [3], [0, 3], [0], [3], [7], [7, 3], [0, 7], [3, 0], [2], [1], [3], [1, 2], [3, 1], [2, 3], [1], [2, 1], [2], [1], [3], [3, 1], [2, 3], [1, 2], [0], [3], [7], [3, 0], [7, 3], [0, 7], [3], [0, 3], [0], [3], [7]]}"
jku_suite_15.qasm,"{'map': {'0': 16, '1': 40, '2': 14, '3': 20, '4': 36, '5': 18, '6': 38, '7': 12, '8': 42, '9': 34}, 'arch': {'width': 11, 'height': 5, 'alg_qubits': [12, 34, 14, 36, 16, 38, 18, 40, 20, 42], 'magic_states': [1, 3, 5, 7, 9, 21, 43, 53, 51, 49, 47, 45, 11, 33]}, 'gates': [[2], [4], [3], [3, 4], [2, 3], [4, 2], [6], [3], [5], [3, 6], [5, 3], [6, 5], [3], [6, 3], [6], [3], [5], [5, 3], [6, 5], [3, 6], [7], [5], [9], [5, 7], [9, 5], [7, 9], [5], [7, 5], [7], [5], [9], [9, 5], [7, 9], [5, 7], [8], [9], [1], [9, 8], [1, 9], [8, 1], [9], [8, 9], [8], [9], [1], [1, 9], [8, 1], [9, 8], [7], [4], [9], [4, 7], [9, 4], [7, 9], [4], [7, 4], [7], [4], [9], [9, 4], [7, 9], [4, 7], [6], [3], [4], [3, 6], [4, 3], [6, 4], [3], [6, 3], [6], [3], [4], [4, 3], [6, 4], [3, 6], [0], [5], [3], [5, 0], [3, 5]]}","{'map': {'0': 42, '1': 14, '2': 34, '3': 16, '4': 12, '5': 40, '6': 38, '7': 18, '8': 36, '9': 20}, 'arch': {'width': 11, 'height': 5, 'alg_qubits': [12, 34, 14, 36, 16, 38, 18, 40, 20, 42], 'magic_states': [1, 3, 5, 7, 9, 21, 43, 53, 51, 49, 47, 45, 11, 33]}, 'gates': [[6, 7], [5], [8], [2], [8, 5], [2, 8], [5, 2], [8], [5, 8], [5], [8], [2], [2, 8], [5, 2], [8, 5], [4], [2], [1], [2, 4], [1, 2], [4, 1], [2], [4, 2], [4], [2], [1], [1, 2], [4, 1], [2, 4], [0], [3], [9], [3, 0], [9, 3], [0, 9], [3], [0, 3], [0], [3], [9], [9, 3], [0, 9], [3, 0], [2], [1], [3], [1, 2], [3, 1], [2, 3], [1], [2, 1], [2], [1], [3], [3, 1], [2, 3], [1, 2], [0], [3], [9], [3, 0], [9, 3], [0, 9], [3], [0, 3], [0], [3], [9], [9, 3], [0, 9], [3, 0], [2], [1], [3], [1, 2], [3, 1], [2, 3], [1], [2, 1], [2], [1]]}","{'map': {'0': 40, '1': 34, '2': 36, '3': 18, '4': 20, '5': 12, '6': 16, '7': 42, '8': 38, '9': 14}, 'arch': {'width': 11, 'height': 5, 'alg_qubits': [12, 34, 14, 36, 16, 38, 18, 40, 20, 42], 'magic_states': [1, 3, 5, 7, 9, 21, 43, 53, 51, 49, 47, 45, 11, 33]}, 'gates': [[6, 7], [5], [8], [2], [8, 5], [2, 8], [5, 2], [8], [5, 8], [5], [8], [2], [2, 8], [5, 2], [8, 5], [4], [2], [1], [2, 4], [1, 2], [4, 1], [2], [4, 2], [4], [2], [1], [1, 2], [4, 1], [2, 4], [0], [3], [9], [3, 0], [9, 3], [0, 9], [3], [0, 3], [0], [3], [9], [9, 3], [0, 9], [3, 0], [2], [1], [3], [1, 2], [3, 1], [2, 3], [1], [2, 1], [2], [1], [3], [3, 1], [2, 3], [1, 2], [0], [3], [9], [3, 0], [9, 3], [0, 9], [3], [0, 3], [0], [3], [9], [9, 3], [0, 9], [3, 0], [2], [1], [3], [1, 2], [3, 1], [2, 3], [1], [2, 1], [2], [1]]}","{'map': {'0': 42, '1': 14, '2': 34, '3': 16, '4': 12, '5': 40, '6': 38, '7': 18, '8': 36, '9': 20}, 'arch': {'width': 11, 'height': 5, 'alg_qubits': [12, 34, 14, 36, 16, 38, 18, 40, 20, 42], 'magic_states': [1, 3, 5, 7, 9, 21, 43, 53, 51, 49, 47, 45, 11, 33]}, 'gates': [[6, 7], [5], [8], [2], [8, 5], [2, 8], [5, 2], [8], [5, 8], [5], [8], [2], [2, 8], [5, 2], [8, 5], [4], [2], [1], [2, 4], [1, 2], [4, 1], [2], [4, 2], [4], [2], [1], [1, 2], [4, 1], [2, 4], [0], [3], [9], [3, 0], [9, 3], [0, 9], [3], [0, 3], [0], [3], [9], [9, 3], [0, 9], [3, 0], [2], [1], [3], [1, 2], [3, 1], [2, 3], [1], [2, 1], [2], [1], [3], [3, 1], [2, 3], [1, 2], [0], [3], [9], [3, 0], [9, 3], [0, 9], [3], [0, 3], [0], [3], [9], [9, 3], [0, 9], [3, 0], [2], [1], [3], [1, 2], [3, 1], [2, 3], [1], [2, 1], [2], [1]]}","{'map': {'0': 42, '1': 20, '2': 14, '3': 40, '4': 38, '5': 16, '6': 36, '7': 12, '8': 34, '9': 28}, 'arch': {'width': 11, 'height': 5, 'alg_qubits': [12, 34, 14, 36, 16, 38, 18, 40, 20, 42], 'magic_states': [1, 3, 5, 7, 9, 21, 43, 53, 51, 49, 47, 45, 11, 33]}, 'gates': [[4, 9], [1], [5], [0], [5, 1], [0, 5], [1, 0], [5], [1, 5], [1], [5], [0], [0, 5], [1, 0], [5, 1], [9], [4], [5], [4, 9], [5, 4], [9, 5], [4], [9, 4], [9], [4], [5], [5, 4], [9, 5], [4, 9], [8], [3], [4], [3, 8], [4, 3], [8, 4], [3], [8, 3], [8], [3], [4], [4, 3], [8, 4], [3, 8], [6], [7], [3], [7, 6], [3, 7], [6, 3], [7], [6, 7], [6], [7], [3], [3, 7], [6, 3], [7, 6], [8], [3], [4], [3, 8], [4, 3], [8, 4], [3], [8, 3], [8], [3], [4], [4, 3], [8, 4], [3, 8], [9], [4], [5], [4, 9], [5, 4], [9, 5], [4], [9, 4], [9], [4]]}"
jku_suite_67.qasm,"{'map': {'0': 44, '1': 50, '2': 40, '3': 18, '4': 14, '5': 24, '6': 46, '7': 48, '8': 42, '9': 16, '10': 22}, 'arch': {'width': 13, 'height': 5, 'alg_qubits': [14, 40, 16, 42, 18, 44, 20, 46, 22, 48, 24, 50], 'magic_states': [1, 3, 5, 7, 9, 11, 25, 51, 63, 61, 59, 57, 55, 53, 13, 39]}, 'gates': [[10, 6], [5, 10], [6, 5], [4], [7], [6], [7, 4], [6, 7], [4, 6], [7], [4, 7], [4], [7], [6], [6, 7], [4, 6], [7, 4], [3], [8], [7], [8, 3], [7, 8], [3, 7], [8], [3, 8], [3], [8], [7], [7, 8], [3, 7], [8, 3], [2], [9], [8], [9, 2], [8, 9], [2, 8], [9], [2, 9], [2], [9], [8], [8, 9], [2, 8], [9, 2], [0], [1], [9], [1, 0], [9, 1], [0, 9], [1], [0, 1], [0], [1], [9], [9, 1], [0, 9], [1, 0], [2], [9], [8], [9, 2], [8, 9], [2, 8], [9], [2, 9], [2], [9], [8], [8, 9], [2, 8], [9, 2], [3], [8], [7], [8, 3], [7, 8], [3, 7], [8], [3, 8]]}","{'map': {'0': 14, '1': 48, '2': 46, '3': 16, '4': 20, '5': 50, '6': 18, '7': 40, '8': 44, '9': 24, '10': 42}, 'arch': {'width': 13, 'height': 5, 'alg_qubits': [14, 40, 16, 42, 18, 44, 20, 46, 22, 48, 24, 50], 'magic_states': [1, 3, 5, 7, 9, 11, 25, 51, 63, 61, 59, 57, 55, 53, 13, 39]}, 'gates': [[3, 8], [7], [2], [1], [2, 7], [1, 2], [7, 1], [2], [7, 2], [7], [2], [1], [1, 2], [7, 1], [2, 7], [6], [1], [0], [1, 6], [0, 1], [6, 0], [1], [6, 1], [6], [1], [0], [0, 1], [6, 0], [1, 6], [7], [2], [1], [2, 7], [1, 2], [7, 1], [2], [7, 2], [7], [2], [1], [1, 2], [7, 1], [2, 7], [8], [3], [2], [3, 8], [2, 3], [8, 2], [3], [8, 3], [8], [3], [2], [2, 3], [8, 2], [3, 8], [9], [4], [3], [4, 9], [3, 4], [9, 3], [4], [9, 4], [9], [4], [3], [3, 4], [9, 3], [4, 9], [10], [5], [4], [5, 10], [4, 5], [10, 4], [5], [10, 5], [10], [5]]}","{'map': {'0': 14, '1': 48, '2': 46, '3': 16, '4': 20, '5': 50, '6': 18, '7': 40, '8': 44, '9': 24, '10': 42}, 'arch': {'width': 13, 'height': 5, 'alg_qubits': [14, 40, 16, 42, 18, 44, 20, 46, 22, 48, 24, 50], 'magic_states': [1, 3, 5, 7, 9, 11, 25, 51, 63, 61, 59, 57, 55, 53, 13, 39]}, 'gates': [[3, 8], [7], [2], [1], [2, 7], [1, 2], [7, 1], [2], [7, 2], [7], [2], [1], [1, 2], [7, 1], [2, 7], [6], [1], [0], [1, 6], [0, 1], [6, 0], [1], [6, 1], [6], [1], [0], [0, 1], [6, 0], [1, 6], [7], [2], [1], [2, 7], [1, 2], [7, 1], [2], [7, 2], [7], [2], [1], [1, 2], [7, 1], [2, 7], [8], [3], [2], [3, 8], [2, 3], [8, 2], [3], [8, 3], [8], [3], [2], [2, 3], [8, 2], [3, 8], [9], [4], [3], [4, 9], [3, 4], [9, 3], [4], [9, 4], [9], [4], [3], [3, 4], [9, 3], [4, 9], [10], [5], [4], [5, 10], [4, 5], [10, 4], [5], [10, 5], [10], [5]]}","{'map': {'0': 24, '1': 20, '2': 46, '3': 50, '4': 14, '5': 16, '6': 40, '7': 22, '8': 48, '9': 18, '10': 44, '11': 26}, 'arch': {'width': 13, 'height': 5, 'alg_qubits': [14, 40, 16, 42, 18, 44, 20, 46, 22, 48, 24, 50], 'magic_states': [1, 3, 5, 7, 9, 11, 25, 51, 63, 61, 59, 57, 55, 53, 13, 39]}, 'gates': [[8, 10], [7], [11], [3], [11, 7], [3, 11], [7, 3], [11], [7, 11], [7], [11], [3], [3, 11], [7, 3], [11, 7], [10], [8], [11], [8, 10], [11, 8], [10, 11], [8], [10, 8], [10], [8], [11], [11, 8], [10, 11], [8, 10], [3], [11], [0], [11, 3], [0, 11], [3, 0], [11], [3, 11], [3], [11], [0], [0, 11], [3, 0], [11, 3], [1], [10], [11], [10, 1], [11, 10], [1, 11], [10], [1, 10], [1], [10], [11], [11, 10], [1, 11], [10, 1], [2], [9], [10], [9, 2], [10, 9], [2, 10], [9], [2, 9], [2], [9], [10], [10, 9], [2, 10], [9, 2], [6], [4], [9], [4, 6], [9, 4], [6, 9], [4], [6, 4], [6], [4]]}","{'map': {'0': 50, '1': 48, '2': 46, '3': 22, '4': 16, '5': 44, '6': 24, '7': 14, '8': 20, '9': 42, '10': 18}, 'arch': {'width': 13, 'height': 5, 'alg_qubits': [14, 40, 16, 42, 18, 44, 20, 46, 22, 48, 24, 50], 'magic_states': [1, 3, 5, 7, 9, 11, 25, 51, 63, 61, 59, 57, 55, 53, 13, 39]}, 'gates': [[7], [4], [5], [4, 7], [5, 4], [7, 5], [4], [7, 4], [7], [4], [5], [5, 4], [7, 5], [4, 7], [10], [9], [0], [9, 10], [0, 9], [10, 0], [9], [10, 9], [10], [9], [0], [0, 9], [10, 0], [9, 10], [1], [8], [9], [8, 1], [9, 8], [1, 9], [8], [1, 8], [1], [8], [9], [9, 8], [1, 9], [8, 1], [2], [7], [8], [7, 2], [8, 7], [2, 8], [7], [2, 7], [2], [7], [8], [8, 7], [2, 8], [7, 2], [3], [6], [7], [6, 3], [7, 6], [3, 7], [6], [3, 6], [3], [6], [7], [7, 6], [3, 7], [6, 3], [5], [4], [6], [4, 5], [6, 4], [5, 6], [4], [5, 4], [5], [4], [6]]}"
jku_suite_70.qasm,"{'map': {'0': 14, '1': 30, '2': 16, '3': 34, '4': 12, '5': 10, '6': 32, '7': 28}, 'arch': {'width': 9, 'height': 5, 'alg_qubits': [10, 28, 12, 30, 14, 32, 16, 34], 'magic_states': [1, 3, 5, 7, 17, 35, 43, 41, 39, 37, 9, 27]}, 'gates': [[2, 3], [1, 2], [0], [3], [7], [3, 0], [7, 3], [0, 7], [3], [0, 3], [0], [3], [7], [7, 3], [0, 7], [3, 0], [2], [1], [3], [1, 2], [3, 1], [2, 3], [1], [2, 1], [2], [1], [3], [3, 1], [2, 3], [1, 2], [1], [5], [4], [5, 1], [4, 5], [1, 4], [5], [1, 5], [1], [5], [4], [4, 5], [1, 4], [5, 1], [1], [5], [3], [5, 1], [3, 5], [1, 3], [5], [1, 5], [1], [5], [3], [3, 5], [1, 3], [5, 1], [1], [5], [2], [5, 1], [2, 5], [1, 2], [5], [1, 5], [1], [5], [2], [2, 5], [1, 2], [5, 1], [6], [3], [2], [3, 6], [2, 3], [6, 2], [3], [6, 3], [6]]}","{'map': {'0': 16, '1': 14, '2': 10, '3': 30, '4': 34, '5': 32, '6': 12}, 'arch': {'width': 9, 'height': 5, 'alg_qubits': [10, 28, 12, 30, 14, 32, 16, 34], 'magic_states': [1, 3, 5, 7, 17, 35, 43, 41, 39, 37, 9, 27]}, 'gates': [[6], [5], [6, 2], [5, 6], [2, 5], [6], [2, 6], [2], [6], [5], [5, 6], [2, 5], [6, 2], [0], [5], [1], [5, 0], [1, 5], [0, 1], [5], [0, 5], [0], [5], [1], [1, 5], [0, 1], [5, 0], [2], [6], [5], [6, 2], [5, 6], [2, 5], [6], [2, 6], [2], [6], [5], [5, 6], [2, 5], [6, 2], [4], [3], [6], [3, 4], [6, 3], [4, 6], [3], [4, 3], [4], [3], [6], [6, 3], [4, 6], [3, 4], [2], [6], [5], [6, 2], [5, 6], [2, 5], [6], [2, 6], [2], [6], [5], [5, 6], [2, 5], [6, 2], [4], [1], [0], [1, 4], [0, 1], [4, 0], [1], [4, 1], [4], [1], [0], [0, 1]]}","{'map': {'0': 34, '1': 32, '2': 10, '3': 14, '4': 16, '5': 28, '6': 12}, 'arch': {'width': 9, 'height': 5, 'alg_qubits': [10, 28, 12, 30, 14, 32, 16, 34], 'magic_states': [1, 3, 5, 7, 17, 35, 43, 41, 39, 37, 9, 27]}, 'gates': [[2], [4], [0], [4, 2], [0, 4], [2, 0], [4], [2, 4], [2], [4], [0], [0, 4], [2, 0], [4, 2], [5], [0], [1], [0, 5], [1, 0], [5, 1], [0], [5, 0], [5], [0], [1], [1, 0], [5, 1], [0, 5], [3], [1], [6], [1, 3], [6, 1], [3, 6], [1], [3, 1], [3], [1], [6], [6, 1], [3, 6], [1, 3], [5], [0], [1], [0, 5], [1, 0], [5, 1], [0], [5, 0], [5], [0], [1], [1, 0], [5, 1], [0, 5], [2], [4], [0], [4, 2], [0, 4], [2, 0], [4], [2, 4], [2], [4], [0], [0, 4], [2, 0], [4, 2], [5], [0], [1], [0, 5], [1, 0], [5, 1], [0], [5, 0], [5], [0], [1]]}","{'map': {'0': 14, '1': 30, '2': 12, '3': 10, '4': 28, '5': 16, '6': 32, '7': 34}, 'arch': {'width': 9, 'height': 5, 'alg_qubits': [10, 28, 12, 30, 14, 32, 16, 34], 'magic_states': [1, 3, 5, 7, 17, 35, 43, 41, 39, 37, 9, 27]}, 'gates': [[0, 1], [0], [1], [6], [6, 1], [0, 6], [1, 0], [2], [6], [7], [6, 2], [7, 6], [2, 7], [6], [2, 6], [2], [6], [7], [7, 6], [2, 7], [6, 2], [0], [1], [6], [1, 0], [6, 1], [0, 6], [1], [0, 1], [0], [1], [6], [6, 1], [0, 6], [1, 0], [7], [2], [6], [2, 7], [6, 2], [7, 6], [2], [7, 2], [7], [2], [6], [6, 2], [7, 6], [2, 7], [5], [1], [2], [1, 5], [2, 1], [5, 2], [1], [5, 1], [5], [1], [2], [2, 1], [5, 2], [1, 5], [3], [4], [1], [4, 3], [1, 4], [3, 1], [4], [3, 4], [3], [4], [1], [1, 4], [3, 1], [4, 3], [5], [1], [2], [1, 5]]}","{'map': {'0': 28, '1': 14, '2': 30, '3': 16, '4': 12, '5': 10, '6': 34, '7': 32}, 'arch': {'width': 9, 'height': 5, 'alg_qubits': [10, 28, 12, 30, 14, 32, 16, 34], 'magic_states': [1, 3, 5, 7, 17, 35, 43, 41, 39, 37, 9, 27]}, 'gates': [[4, 1], [0, 4], [1], [0, 1], [0], [1], [4], [4, 1], [0, 4], [1, 0], [0], [2], [1], [2, 0], [1, 2], [0, 1], [2], [0, 2], [0], [2], [1], [1, 2], [0, 1], [2, 0], [5], [3], [2], [3, 5], [2, 3], [5, 2], [3], [5, 3], [5], [3], [2], [2, 3], [5, 2], [3, 5], [7], [6], [3], [6, 7], [3, 6], [7, 3], [6], [7, 6], [7], [6], [3], [3, 6], [7, 3], [6, 7], [5], [3], [2], [3, 5], [2, 3], [5, 2], [3], [5, 3], [5], [3], [2], [2, 3], [5, 2], [3, 5], [0], [2], [1], [2, 0], [1, 2], [0, 1], [2], [0, 2], [0], [2], [1], [1, 2], [0, 1], [2, 0], [5]]}"
quarl_suite_18.qasm,"{'map': {'0': 36, '1': 40, '2': 18, '3': 12, '4': 16, '5': 42, '6': 20, '7': 14, '8': 34}, 'arch': {'width': 11, 'height': 5, 'alg_qubits': [12, 34, 14, 36, 16, 38, 18, 40, 20, 42], 'magic_states': [1, 3, 5, 7, 9, 21, 43, 53, 51, 49, 47, 45, 11, 33]}, 'gates': [[3, 6], [5], [2], [0], [2, 5], [0, 2], [5, 0], [2], [5, 2], [5], [2], [0], [0, 2], [5, 0], [2, 5], [4], [0], [1], [0, 4], [1, 0], [4, 1], [0], [4, 0], [4], [0], [1], [1, 0], [4, 1], [0, 4], [5], [2], [0], [2, 5], [0, 2], [5, 0], [2], [5, 2], [5], [2], [0], [0, 2], [5, 0], [2, 5], [6], [3], [2], [3, 6], [2, 3], [6, 2], [3], [6, 3], [6], [3], [2], [2, 3], [6, 2], [3, 6], [8], [7], [3], [7, 8], [3, 7], [8, 3], [7], [8, 7], [8], [7], [3], [3, 7], [8, 3], [7, 8], [6], [3], [2], [3, 6], [2, 3], [6, 2], [3], [6, 3], [6], [3]]}","{'map': {'0': 16, '1': 14, '2': 38, '3': 36, '4': 18, '5': 12, '6': 20, '7': 42, '8': 34}, 'arch': {'width': 11, 'height': 5, 'alg_qubits': [12, 34, 14, 36, 16, 38, 18, 40, 20, 42], 'magic_states': [1, 3, 5, 7, 9, 21, 43, 53, 51, 49, 47, 45, 11, 33]}, 'gates': [[6], [5, 6], [5], [6], [0], [0, 6], [5, 0], [6, 5], [4], [7], [6], [7, 4], [6, 7], [4, 6], [7], [4, 7], [4], [7], [6], [6, 7], [4, 6], [7, 4], [3], [8], [7], [8, 3], [7, 8], [3, 7], [8], [3, 8], [3], [8], [7], [7, 8], [3, 7], [8, 3], [1], [2], [8], [2, 1], [8, 2], [1, 8], [2], [1, 2], [1], [2], [8], [8, 2], [1, 8], [2, 1], [3], [8], [7], [8, 3], [7, 8], [3, 7], [8], [3, 8], [3], [8], [7], [7, 8], [3, 7], [8, 3], [4], [7], [6], [7, 4], [6, 7], [4, 6], [7], [4, 7], [4], [7], [6], [6, 7], [4, 6], [7, 4], [5], [6], [0]]}","{'map': {'0': 16, '1': 14, '2': 38, '3': 36, '4': 18, '5': 12, '6': 20, '7': 42, '8': 34}, 'arch': {'width': 11, 'height': 5, 'alg_qubits': [12, 34, 14, 36, 16, 38, 18, 40, 20, 42], 'magic_states': [1, 3, 5, 7, 9, 21, 43, 53, 51, 49, 47, 45, 11, 33]}, 'gates': [[6], [5, 6], [5], [6], [0], [0, 6], [5, 0], [6, 5], [4], [7], [6], [7, 4], [6, 7], [4, 6], [7], [4, 7], [4], [7], [6], [6, 7], [4, 6], [7, 4], [3], [8], [7], [8, 3], [7, 8], [3, 7], [8], [3, 8], [3], [8], [7], [7, 8], [3, 7], [8, 3], [1], [2], [8], [2, 1], [8, 2], [1, 8], [2], [1, 2], [1], [2], [8], [8, 2], [1, 8], [2, 1], [3], [8], [7], [8, 3], [7, 8], [3, 7], [8], [3, 8], [3], [8], [7], [7, 8], [3, 7], [8, 3], [4], [7], [6], [7, 4], [6, 7], [4, 6], [7], [4, 7], [4], [7], [6], [6, 7], [4, 6], [7, 4], [5], [6], [0]]}","{'map': {'0': 12, '1': 38, '2': 16, '3': 40, '4': 42, '5': 18, '6': 14, '7': 34, '8': 20}, 'arch': {'width': 11, 'height': 5, 'alg_qubits': [12, 34, 14, 36, 16, 38, 18, 40, 20, 42], 'magic_states': [1, 3, 5, 7, 9, 21, 43, 53, 51, 49, 47, 45, 11, 33]}, 'gates': [[6], [5, 6], [5], [6], [0], [0, 6], [5, 0], [6, 5], [4], [7], [6], [7, 4], [6, 7], [4, 6], [7], [4, 7], [4], [7], [6], [6, 7], [4, 6], [7, 4], [3], [8], [7], [8, 3], [7, 8], [3, 7], [8], [3, 8], [3], [8], [7], [7, 8], [3, 7], [8, 3], [1], [2], [8], [2, 1], [8, 2], [1, 8], [2], [1, 2], [1], [2], [8], [8, 2], [1, 8], [2, 1], [3], [8], [7], [8, 3], [7, 8], [3, 7], [8], [3, 8], [3], [8], [7], [7, 8], [3, 7], [8, 3], [4], [7], [6], [7, 4], [6, 7], [4, 6], [7], [4, 7], [4], [7], [6], [6, 7], [4, 6], [7, 4], [5], [6], [0]]}","{'map': {'0': 16, '1': 14, '2': 38, '3': 36, '4': 18, '5': 12, '6': 20, '7': 42, '8': 34}, 'arch': {'width': 11, 'height': 5, 'alg_qubits': [12, 34, 14, 36, 16, 38, 18, 40, 20, 42], 'magic_states': [1, 3, 5, 7, 9, 21, 43, 53, 51, 49, 47, 45, 11, 33]}, 'gates': [[6], [5, 6], [5], [6], [0], [0, 6], [5, 0], [6, 5], [4], [7], [6], [7, 4], [6, 7], [4, 6], [7], [4, 7], [4], [7], [6], [6, 7], [4, 6], [7, 4], [3], [8], [7], [8, 3], [7, 8], [3, 7], [8], [3, 8], [3], [8], [7], [7, 8], [3, 7], [8, 3], [1], [2], [8], [2, 1], [8, 2], [1, 8], [2], [1, 2], [1], [2], [8], [8, 2], [1, 8], [2, 1], [3], [8], [7], [8, 3], [7, 8], [3, 7], [8], [3, 8], [3], [8], [7], [7, 8], [3, 7], [8, 3], [4], [7], [6], [7, 4], [6, 7], [4, 6], [7], [4, 7], [4], [7], [6], [6, 7], [4, 6], [7, 4], [5], [6], [0]]}"
vqe_8.qasm,"{'map': {'0': 18, '1': 38, '2': 12, '3': 20, '4': 40, '5': 36, '6': 34, '7': 14, '8': 42}, 'arch': {'width': 11, 'height': 5, 'alg_qubits': [12, 34, 14, 36, 16, 38, 18, 40, 20, 42], 'magic_states': [1, 3, 5, 7, 9, 21, 43, 53, 51, 49, 47, 45, 11, 33]}, 'gates': [[2], [0], [0, 2], [5, 0], [2, 5], [4], [0], [1], [0, 4], [1, 0], [4, 1], [0], [4, 0], [4], [0], [1], [1, 0], [4, 1], [0, 4], [5], [2], [0], [2, 5], [0, 2], [5, 0], [2], [5, 2], [5], [2], [0], [0, 2], [5, 0], [2, 5], [6], [3], [2], [3, 6], [2, 3], [6, 2], [3], [6, 3], [6], [3], [2], [2, 3], [6, 2], [3, 6], [8], [7], [3], [7, 8], [3, 7], [8, 3], [7], [8, 7], [8], [7], [3], [3, 7], [8, 3], [7, 8], [6], [3], [2], [3, 6], [2, 3], [6, 2], [3], [6, 3], [6], [3], [2], [2, 3], [6, 2], [3, 6], [5], [2], [0], [2, 5], [0, 2], [5, 0]]}","{'map': {'0': 18, '1': 38, '2': 12, '3': 20, '4': 40, '5': 36, '6': 34, '7': 14, '8': 42}, 'arch': {'width': 11, 'height': 5, 'alg_qubits': [12, 34, 14, 36, 16, 38, 18, 40, 20, 42], 'magic_states': [1, 3, 5, 7, 9, 21, 43, 53, 51, 49, 47, 45, 11, 33]}, 'gates': [[2], [0], [0, 2], [5, 0], [2, 5], [4], [0], [1], [0, 4], [1, 0], [4, 1], [0], [4, 0], [4], [0], [1], [1, 0], [4, 1], [0, 4], [5], [2], [0], [2, 5], [0, 2], [5, 0], [2], [5, 2], [5], [2], [0], [0, 2], [5, 0], [2, 5], [6], [3], [2], [3, 6], [2, 3], [6, 2], [3], [6, 3], [6], [3], [2], [2, 3], [6, 2], [3, 6], [8], [7], [3], [7, 8], [3, 7], [8, 3], [7], [8, 7], [8], [7], [3], [3, 7], [8, 3], [7, 8], [6], [3], [2], [3, 6], [2, 3], [6, 2], [3], [6, 3], [6], [3], [2], [2, 3], [6, 2], [3, 6], [5], [2], [0], [2, 5], [0, 2], [5, 0]]}","{'map': {'0': 14, '1': 16, '2': 12, '3': 40, '4': 36, '5': 38, '6': 20, '7': 18, '8': 42}, 'arch': {'width': 11, 'height': 5, 'alg_qubits': [12, 34, 14, 36, 16, 38, 18, 40, 20, 42], 'magic_states': [1, 3, 5, 7, 9, 21, 43, 53, 51, 49, 47, 45, 11, 33]}, 'gates': [[1, 4], [5], [1, 5], [1], [5], [4], [4, 5], [1, 4], [5, 1], [1], [5], [3], [5, 1], [3, 5], [1, 3], [5], [1, 5], [1], [5], [3], [3, 5], [1, 3], [5, 1], [1], [5], [2], [5, 1], [2, 5], [1, 2], [5], [1, 5], [1], [5], [2], [2, 5], [1, 2], [5, 1], [6], [3], [2], [3, 6], [2, 3], [6, 2], [3], [6, 3], [6], [3], [2], [2, 3], [6, 2], [3, 6], [8], [7], [3], [7, 8], [3, 7], [8, 3], [7], [8, 7], [8], [7], [3], [3, 7], [8, 3], [7, 8], [6], [3], [2], [3, 6], [2, 3], [6, 2], [3], [6, 3], [6], [3], [2], [2, 3], [6, 2], [3, 6], [0], [2]]}","{'map': {'0': 12, '1': 14, '2': 42, '3': 18, '4': 38, '5': 34, '6': 36, '7': 16, '8': 40}, 'arch': {'width': 11, 'height': 5, 'alg_qubits': [12, 34, 14, 36, 16, 38, 18, 40, 20, 42], 'magic_states': [1, 3, 5, 7, 9, 21, 43, 53, 51, 49, 47, 45, 11, 33]}, 'gates': [[4, 0], [4], [0], [1], [1, 0], [4, 1], [0, 4], [5], [2], [0], [2, 5], [0, 2], [5, 0], [2], [5, 2], [5], [2], [0], [0, 2], [5, 0], [2, 5], [6], [3], [2], [3, 6], [2, 3], [6, 2], [3], [6, 3], [6], [3], [2], [2, 3], [6, 2], [3, 6], [8], [7], [3], [7, 8], [3, 7], [8, 3], [7], [8, 7], [8], [7], [3], [3, 7], [8, 3], [7, 8], [6], [3], [2], [3, 6], [2, 3], [6, 2], [3], [6, 3], [6], [3], [2], [2, 3], [6, 2], [3, 6], [5], [2], [0], [2, 5], [0, 2], [5, 0], [2], [5, 2], [5], [2], [0], [0, 2], [5, 0], [2, 5], [4], [0], [1], [0, 4]]}","{'map': {'0': 14, '1': 38, '2': 18, '3': 36, '4': 34, '5': 16, '6': 40, '7': 20, '8': 42}, 'arch': {'width': 11, 'height': 5, 'alg_qubits': [12, 34, 14, 36, 16, 38, 18, 40, 20, 42], 'magic_states': [1, 3, 5, 7, 9, 21, 43, 53, 51, 49, 47, 45, 11, 33]}, 'gates': [[3, 4], [2, 3], [4], [0], [1], [0, 4], [1, 0], [4, 1], [0], [4, 0], [4], [0], [1], [1, 0], [4, 1], [0, 4], [5], [2], [0], [2, 5], [0, 2], [5, 0], [2], [5, 2], [5], [2], [0], [0, 2], [5, 0], [2, 5], [6], [3], [2], [3, 6], [2, 3], [6, 2], [3], [6, 3], [6], [3], [2], [2, 3], [6, 2], [3, 6], [8], [7], [3], [7, 8], [3, 7], [8, 3], [7], [8, 7], [8], [7], [3], [3, 7], [8, 3], [7, 8], [6], [3], [2], [3, 6], [2, 3], [6, 2], [3], [6, 3], [6], [3], [2], [2, 3], [6, 2], [3, 6], [5], [2], [0], [2, 5], [0, 2], [5, 0], [2], [5, 2], [5]]}"
jku_suite_46.qasm,"{'map': {'0': 52, '1': 24, '2': 18, '3': 46, '4': 50, '5': 22, '6': 28, '7': 58, '8': 56, '9': 48, '10': 26, '11': 16, '12': 20}, 'arch': {'width': 15, 'height': 5, 'alg_qubits': [16, 46, 18, 48, 20, 50, 22, 52, 24, 54, 26, 56, 28, 58], 'magic_states': [1, 3, 5, 7, 9, 11, 13, 29, 59, 73, 71, 69, 67, 65, 63, 61, 15, 45]}, 'gates': [[6, 7], [4, 6], [5], [7], [0], [7, 5], [0, 7], [5, 0], [7], [5, 7], [5], [7], [0], [0, 7], [5, 0], [7, 5], [6], [4], [7], [4, 6], [7, 4], [6, 7], [4], [6, 4], [6], [4], [7], [7, 4], [6, 7], [4, 6], [8], [3], [4], [3, 8], [4, 3], [8, 4], [3], [8, 3], [8], [3], [4], [4, 3], [8, 4], [3, 8], [9], [2], [3], [2, 9], [3, 2], [9, 3], [2], [9, 2], [9], [2], [3], [3, 2], [9, 3], [2, 9], [10], [1], [2], [1, 10], [2, 1], [10, 2], [1], [10, 1], [10], [1], [2], [2, 1], [10, 2], [1, 10], [12], [11], [1], [11, 12], [1, 11], [12, 1], [11], [12, 11], [12]]}","{'map': {'0': 18, '1': 54, '2': 22, '3': 48, '4': 56, '5': 16, '6': 20, '7': 52, '8': 50, '9': 24, '10': 58, '11': 28, '12': 46}, 'arch': {'width': 15, 'height': 5, 'alg_qubits': [16, 46, 18, 48, 20, 50, 22, 52, 24, 54, 26, 56, 28, 58], 'magic_states': [1, 3, 5, 7, 9, 11, 13, 29, 59, 73, 71, 69, 67, 65, 63, 61, 15, 45]}, 'gates': [[6], [0], [1], [1, 0], [6, 1], [0, 6], [4], [5], [0], [5, 4], [0, 5], [4, 0], [5], [4, 5], [4], [5], [0], [0, 5], [4, 0], [5, 4], [6], [0], [1], [0, 6], [1, 0], [6, 1], [0], [6, 0], [6], [0], [1], [1, 0], [6, 1], [0, 6], [7], [1], [2], [1, 7], [2, 1], [7, 2], [1], [7, 1], [7], [1], [2], [2, 1], [7, 2], [1, 7], [8], [2], [11], [2, 8], [11, 2], [8, 11], [2], [8, 2], [8], [2], [11], [11, 2], [8, 11], [2, 8], [9], [11], [12], [11, 9], [12, 11], [9, 12], [11], [9, 11], [9], [11], [12], [12, 11], [9, 12], [11, 9], [10], [12], [3], [12, 10], [3, 12]]}","{'map': {'0': 48, '1': 28, '2': 50, '3': 54, '4': 56, '5': 46, '6': 20, '7': 52, '8': 22, '9': 26, '10': 16, '11': 24, '12': 58}, 'arch': {'width': 15, 'height': 5, 'alg_qubits': [16, 46, 18, 48, 20, 50, 22, 52, 24, 54, 26, 56, 28, 58], 'magic_states': [1, 3, 5, 7, 9, 11, 13, 29, 59, 73, 71, 69, 67, 65, 63, 61, 15, 45]}, 'gates': [[4], [0], [7], [7, 0], [4, 7], [0, 4], [2], [3], [0], [3, 2], [0, 3], [2, 0], [3], [2, 3], [2], [3], [0], [0, 3], [2, 0], [3, 2], [4], [0], [7], [0, 4], [7, 0], [4, 7], [0], [4, 0], [4], [0], [7], [7, 0], [4, 7], [0, 4], [5], [7], [9], [7, 5], [9, 7], [5, 9], [7], [5, 7], [5], [7], [9], [9, 7], [5, 9], [7, 5], [6], [9], [10], [9, 6], [10, 9], [6, 10], [9], [6, 9], [6], [9], [10], [10, 9], [6, 10], [9, 6], [8], [10], [12], [10, 8], [12, 10], [8, 12], [10], [8, 10], [8], [10], [12], [12, 10], [8, 12], [10, 8], [11], [12], [1], [12, 11], [1, 12]]}","{'map': {'0': 18, '1': 20, '2': 52, '3': 50, '4': 28, '5': 46, '6': 58, '7': 56, '8': 24, '9': 22, '10': 26, '11': 16, '12': 48, '13': 54}, 'arch': {'width': 15, 'height': 5, 'alg_qubits': [16, 46, 18, 48, 20, 50, 22, 52, 24, 54, 26, 56, 28, 58], 'magic_states': [1, 3, 5, 7, 9, 11, 13, 29, 59, 73, 71, 69, 67, 65, 63, 61, 15, 45]}, 'gates': [[2, 3], [2], [3], [12], [12, 3], [2, 12], [3, 2], [4], [12], [13], [12, 4], [13, 12], [4, 13], [12], [4, 12], [4], [12], [13], [13, 12], [4, 13], [12, 4], [0], [13], [1], [13, 0], [1, 13], [0, 1], [13], [0, 13], [0], [13], [1], [1, 13], [0, 1], [13, 0], [12], [10], [13], [10, 12], [13, 10], [12, 13], [10], [12, 10], [12], [10], [13], [13, 10], [12, 13], [10, 12], [11], [7], [10], [7, 11], [10, 7], [11, 10], [7], [11, 7], [11], [7], [10], [10, 7], [11, 10], [7, 11], [9], [5], [7], [5, 9], [7, 5], [9, 7], [5], [9, 5], [9], [5], [7], [7, 5], [9, 7], [5, 9], [6], [8], [5], [8, 6]]}","{'map': {'0': 50, '1': 20, '2': 18, '3': 58, '4': 52, '5': 28, '6': 24, '7': 48, '8': 22, '9': 56, '10': 46, '11': 26, '12': 16, '13': 54}, 'arch': {'width': 15, 'height': 5, 'alg_qubits': [16, 46, 18, 48, 20, 50, 22, 52, 24, 54, 26, 56, 28, 58], 'magic_states': [1, 3, 5, 7, 9, 11, 13, 29, 59, 73, 71, 69, 67, 65, 63, 61, 15, 45]}, 'gates': [[2], [1, 2], [1], [2], [12], [12, 2], [1, 12], [2, 1], [3], [12], [13], [12, 3], [13, 12], [3, 13], [12], [3, 12], [3], [12], [13], [13, 12], [3, 13], [12, 3], [6], [13], [0], [13, 6], [0, 13], [6, 0], [13], [6, 13], [6], [13], [0], [0, 13], [6, 0], [13, 6], [12], [11], [13], [11, 12], [13, 11], [12, 13], [11], [12, 11], [12], [11], [13], [13, 11], [12, 13], [11, 12], [10], [7], [11], [7, 10], [11, 7], [10, 11], [7], [10, 7], [10], [7], [11], [11, 7], [10, 11], [7, 10], [9], [4], [7], [4, 9], [7, 4], [9, 7], [4], [9, 4], [9], [4], [7], [7, 4], [9, 7], [4, 9], [5], [8], [4]]}"
jku_suite_87.qasm,"{'map': {'0': 24, '1': 22, '2': 50, '3': 42, '4': 14, '5': 46, '6': 40, '7': 44, '8': 48, '9': 16, '10': 20}, 'arch': {'width': 13, 'height': 5, 'alg_qubits': [14, 40, 16, 42, 18, 44, 20, 46, 22, 48, 24, 50], 'magic_states': [1, 3, 5, 7, 9, 11, 25, 51, 63, 61, 59, 57, 55, 53, 13, 39]}, 'gates': [[10], [5], [4], [4, 5], [10, 4], [5, 10], [9], [4], [3], [4, 9], [3, 4], [9, 3], [4], [9, 4], [9], [4], [3], [3, 4], [9, 3], [4, 9], [8], [3], [2], [3, 8], [2, 3], [8, 2], [3], [8, 3], [8], [3], [2], [2, 3], [8, 2], [3, 8], [7], [2], [1], [2, 7], [1, 2], [7, 1], [2], [7, 2], [7], [2], [1], [1, 2], [7, 1], [2, 7], [6], [1], [0], [1, 6], [0, 1], [6, 0], [1], [6, 1], [6], [1], [0], [0, 1], [6, 0], [1, 6], [7], [2], [1], [2, 7], [1, 2], [7, 1], [2], [7, 2], [7], [2], [1], [1, 2], [7, 1], [2, 7], [8], [3], [2], [3, 8], [2, 3]]}","{'map': {'0': 24, '1': 22, '2': 50, '3': 42, '4': 14, '5': 46, '6': 40, '7': 44, '8': 48, '9': 16, '10': 20}, 'arch': {'width': 13, 'height': 5, 'alg_qubits': [14, 40, 16, 42, 18, 44, 20, 46, 22, 48, 24, 50], 'magic_states': [1, 3, 5, 7, 9, 11, 25, 51, 63, 61, 59, 57, 55, 53, 13, 39]}, 'gates': [[10], [5], [4], [4, 5], [10, 4], [5, 10], [9], [4], [3], [4, 9], [3, 4], [9, 3], [4], [9, 4], [9], [4], [3], [3, 4], [9, 3], [4, 9], [8], [3], [2], [3, 8], [2, 3], [8, 2], [3], [8, 3], [8], [3], [2], [2, 3], [8, 2], [3, 8], [7], [2], [1], [2, 7], [1, 2], [7, 1], [2], [7, 2], [7], [2], [1], [1, 2], [7, 1], [2, 7], [6], [1], [0], [1, 6], [0, 1], [6, 0], [1], [6, 1], [6], [1], [0], [0, 1], [6, 0], [1, 6], [7], [2], [1], [2, 7], [1, 2], [7, 1], [2], [7, 2], [7], [2], [1], [1, 2], [7, 1], [2, 7], [8], [3], [2], [3, 8], [2, 3]]}","{'map': {'0': 22, '1': 16, '2': 20, '3': 14, '4': 24, '5': 18, '6': 40, '7': 50, '8': 46, '9': 42, '10': 44}, 'arch': {'width': 13, 'height': 5, 'alg_qubits': [14, 40, 16, 42, 18, 44, 20, 46, 22, 48, 24, 50], 'magic_states': [1, 3, 5, 7, 9, 11, 25, 51, 63, 61, 59, 57, 55, 53, 13, 39]}, 'gates': [[3], [6], [7], [6, 3], [7, 6], [3, 7], [6], [3, 6], [3], [6], [7], [7, 6], [3, 7], [6, 3], [5], [4], [6], [4, 5], [6, 4], [5, 6], [4], [5, 4], [5], [4], [6], [6, 4], [5, 6], [4, 5], [3], [6], [7], [6, 3], [7, 6], [3, 7], [6], [3, 6], [3], [6], [7], [7, 6], [3, 7], [6, 3], [2], [7], [8], [7, 2], [8, 7], [2, 8], [7], [2, 7], [2], [7], [8], [8, 7], [2, 8], [7, 2], [1], [8], [9], [8, 1], [9, 8], [1, 9], [8], [1, 8], [1], [8], [9], [9, 8], [1, 9], [8, 1], [10], [9], [0], [9, 10], [0, 9], [10, 0], [9], [10, 9], [10], [9], [0]]}","{'map': {'0': 22, '1': 16, '2': 20, '3': 14, '4': 24, '5': 18, '6': 40, '7': 50, '8': 46, '9': 42, '10': 44}, 'arch': {'width': 13, 'height': 5, 'alg_qubits': [14, 40, 16, 42, 18, 44, 20, 46, 22, 48, 24, 50], 'magic_states': [1, 3, 5, 7, 9, 11, 25, 51, 63, 61, 59, 57, 55, 53, 13, 39]}, 'gates': [[3], [6], [7], [6, 3], [7, 6], [3, 7], [6], [3, 6], [3], [6], [7], [7, 6], [3, 7], [6, 3], [5], [4], [6], [4, 5], [6, 4], [5, 6], [4], [5, 4], [5], [4], [6], [6, 4], [5, 6], [4, 5], [3], [6], [7], [6, 3], [7, 6], [3, 7], [6], [3, 6], [3], [6], [7], [7, 6], [3, 7], [6, 3], [2], [7], [8], [7, 2], [8, 7], [2, 8], [7], [2, 7], [2], [7], [8], [8, 7], [2, 8], [7, 2], [1], [8], [9], [8, 1], [9, 8], [1, 9], [8], [1, 8], [1], [8], [9], [9, 8], [1, 9], [8, 1], [10], [9], [0], [9, 10], [0, 9], [10, 0], [9], [10, 9], [10], [9], [0]]}","{'map': {'0': 40, '1': 24, '2': 22, '3': 18, '4': 44, '5': 48, '6': 42, '7': 14, '8': 20, '9': 50, '10': 16}, 'arch': {'width': 13, 'height': 5, 'alg_qubits': [14, 40, 16, 42, 18, 44, 20, 46, 22, 48, 24, 50], 'magic_states': [1, 3, 5, 7, 9, 11, 25, 51, 63, 61, 59, 57, 55, 53, 13, 39]}, 'gates': [[5, 10], [9], [4], [3], [4, 9], [3, 4], [9, 3], [4], [9, 4], [9], [4], [3], [3, 4], [9, 3], [4, 9], [8], [3], [2], [3, 8], [2, 3], [8, 2], [3], [8, 3], [8], [3], [2], [2, 3], [8, 2], [3, 8], [7], [2], [1], [2, 7], [1, 2], [7, 1], [2], [7, 2], [7], [2], [1], [1, 2], [7, 1], [2, 7], [6], [1], [0], [1, 6], [0, 1], [6, 0], [1], [6, 1], [6], [1], [0], [0, 1], [6, 0], [1, 6], [7], [2], [1], [2, 7], [1, 2], [7, 1], [2], [7, 2], [7], [2], [1], [1, 2], [7, 1], [2, 7], [8], [3], [2], [3, 8], [2, 3], [8, 2], [3], [8, 3], [8], [3]]}"
autobraid_9.qasm,"{'map': {'0': 56, '1': 54, '2': 20, '3': 30, '4': 62, '5': 52, '6': 28, '7': 18, '8': 22, '9': 24, '10': 64, '11': 66, '12': 32, '13': 26, '14': 60}, 'arch': {'width': 17, 'height': 5, 'alg_qubits': [18, 52, 20, 54, 22, 56, 24, 58, 26, 60, 28, 62, 30, 64, 32, 66], 'magic_states': [1, 3, 5, 7, 9, 11, 13, 15, 33, 67, 83, 81, 79, 77, 75, 73, 71, 69, 17, 51]}, 'gates': [[8], [7], [9], [9, 7], [8, 9], [7, 8], [6], [9], [10], [9, 6], [10, 9], [6, 10], [9], [6, 9], [6], [9], [10], [10, 9], [6, 10], [9, 6], [5], [10], [11], [10, 5], [11, 10], [5, 11], [10], [5, 10], [5], [10], [11], [11, 10], [5, 11], [10, 5], [4], [11], [12], [11, 4], [12, 11], [4, 12], [11], [4, 11], [4], [11], [12], [12, 11], [4, 12], [11, 4], [2], [12], [13], [12, 2], [13, 12], [2, 13], [12], [2, 12], [2], [12], [13], [13, 12], [2, 13], [12, 2], [1], [13], [14], [13, 1], [14, 13], [1, 14], [13], [1, 13], [1], [13], [14], [14, 13], [1, 14], [13, 1], [3], [14], [0], [14, 3], [0, 14]]}","{'map': {'0': 16, '1': 14, '2': 32, '3': 10, '4': 12, '5': 28, '6': 34, '7': 30}, 'arch': {'width': 9, 'height': 5, 'alg_qubits': [10, 28, 12, 30, 14, 32, 16, 34], 'magic_states': [1, 3, 5, 7, 17, 35, 43, 41, 39, 37, 9, 27]}, 'gates': [[6], [4, 6], [4], [6], [0], [0, 6], [4, 0], [6, 4], [1], [6], [5], [6, 1], [5, 6], [1, 5], [6], [1, 6], [1], [6], [5], [5, 6], [1, 5], [6, 1], [5], [6], [3], [6, 5], [3, 6], [5, 3], [6], [5, 6], [5], [6], [3], [3, 6], [5, 3], [6, 5], [6, 5], [6], [7], [0], [7, 6], [0, 7], [6, 0], [7], [6, 7], [6], [7], [0], [0, 7], [6, 0], [7, 6], [1], [2], [7], [2, 1], [7, 2], [1, 7], [2], [1, 2], [1], [2], [7], [7, 2], [1, 7], [2, 1], [6], [7], [0], [7, 6], [0, 7], [6, 0], [7], [6, 7], [6], [7], [0], [0, 7], [6, 0], [7, 6], [1], [2]]}","{'map': {'0': 12, '1': 16, '2': 28, '3': 14, '4': 34, '5': 10, '6': 30, '7': 32}, 'arch': {'width': 9, 'height': 5, 'alg_qubits': [10, 28, 12, 30, 14, 32, 16, 34], 'magic_states': [1, 3, 5, 7, 17, 35, 43, 41, 39, 37, 9, 27]}, 'gates': [[5, 6], [2, 5], [6], [2, 6], [2], [6], [5], [5, 6], [2, 5], [6, 2], [4], [3], [6], [3, 4], [6, 3], [4, 6], [3], [4, 3], [4], [3], [6], [6, 3], [4, 6], [3, 4], [2], [6], [5], [6, 2], [5, 6], [2, 5], [6], [2, 6], [2], [6], [5], [5, 6], [2, 5], [6, 2], [4], [1], [0], [1, 4], [0, 1], [4, 0], [1], [4, 1], [4], [1], [0], [0, 1], [4, 0], [1, 4], [5], [2], [1], [2, 5], [1, 2], [5, 1], [2], [5, 2], [5], [2], [1], [1, 2], [5, 1], [2, 5], [7], [6], [2], [6, 7], [2, 6], [7, 2], [6], [7, 6], [7], [6], [2], [2, 6], [7, 2], [6, 7], [5]]}","{'map': {'0': 34, '1': 30, '2': 28, '3': 14, '4': 16, '5': 12, '6': 10}, 'arch': {'width': 9, 'height': 5, 'alg_qubits': [10, 28, 12, 30, 14, 32, 16, 34], 'magic_states': [1, 3, 5, 7, 17, 35, 43, 41, 39, 37, 9, 27]}, 'gates': [[3, 6], [3], [6], [1], [1, 6], [3, 1], [6, 3], [2], [1], [0], [1, 2], [0, 1], [2, 0], [1], [2, 1], [2], [1], [0], [0, 1], [2, 0], [1, 2], [3], [6], [1], [6, 3], [1, 6], [3, 1], [6], [3, 6], [3], [6], [1], [1, 6], [3, 1], [6, 3], [5], [4], [6], [4, 5], [6, 4], [5, 6], [4], [5, 4], [5], [4], [6], [6, 4], [5, 6], [4, 5], [3], [6], [1], [6, 3], [1, 6], [3, 1], [6], [3, 6], [3], [6], [1], [1, 6], [3, 1], [6, 3], [0], [1], [6], [1, 0], [6, 1], [0, 6], [1], [0, 1], [0], [1], [6], [6, 1], [0, 6], [1, 0], [2], [1], [0], [1, 2]]}","{'map': {'0': 34, '1': 16, '2': 30, '3': 14, '4': 10, '5': 12, '6': 28}, 'arch': {'width': 9, 'height': 5, 'alg_qubits': [10, 28, 12, 30, 14, 32, 16, 34], 'magic_states': [1, 3, 5, 7, 17, 35, 43, 41, 39, 37, 9, 27]}, 'gates': [[4], [3], [6], [6, 3], [4, 6], [3, 4], [2], [6], [5], [6, 2], [5, 6], [2, 5], [6], [2, 6], [2], [6], [5], [5, 6], [2, 5], [6, 2], [0], [5], [1], [5, 0], [1, 5], [0, 1], [5], [0, 5], [0], [5], [1], [1, 5], [0, 1], [5, 0], [2], [6], [5], [6, 2], [5, 6], [2, 5], [6], [2, 6], [2], [6], [5], [5, 6], [2, 5], [6, 2], [4], [3], [6], [3, 4], [6, 3], [4, 6], [3], [4, 3], [4], [3], [6], [6, 3], [4, 6], [3, 4], [2], [6], [5], [6, 2], [5, 6], [2, 5], [6], [2, 6], [2], [6], [5], [5, 6], [2, 5], [6, 2], [4], [1], [0], [1, 4], [0, 1]]}"
autobraid_39.qasm,"{'map': {'0': 56, '1': 54, '2': 20, '3': 30, '4': 62, '5': 52, '6': 28, '7': 18, '8': 22, '9': 24, '10': 64, '11': 66, '12': 32, '13': 26, '14': 60}, 'arch': {'width': 17, 'height': 5, 'alg_qubits': [18, 52, 20, 54, 22, 56, 24, 58, 26, 60, 28, 62, 30, 64, 32, 66], 'magic_states': [1, 3, 5, 7, 9, 11, 13, 15, 33, 67, 83, 81, 79, 77, 75, 73, 71, 69, 17, 51]}, 'gates': [[8], [7], [9], [9, 7], [8, 9], [7, 8], [6], [9], [10], [9, 6], [10, 9], [6, 10], [9], [6, 9], [6], [9], [10], [10, 9], [6, 10], [9, 6], [5], [10], [11], [10, 5], [11, 10], [5, 11], [10], [5, 10], [5], [10], [11], [11, 10], [5, 11], [10, 5], [4], [11], [12], [11, 4], [12, 11], [4, 12], [11], [4, 11], [4], [11], [12], [12, 11], [4, 12], [11, 4], [2], [12], [13], [12, 2], [13, 12], [2, 13], [12], [2, 12], [2], [12], [13], [13, 12], [2, 13], [12, 2], [1], [13], [14], [13, 1], [14, 13], [1, 14], [13], [1, 13], [1], [13], [14], [14, 13], [1, 14], [13, 1], [3], [14], [0], [14, 3], [0, 14]]}","{'map': {'0': 26, '1': 32, '2': 62, '3': 18, '4': 58, '5': 56, '6': 22, '7': 54, '8': 28, '9': 60, '10': 24, '11': 64, '12': 20, '13': 30, '14': 66}, 'arch': {'width': 17, 'height': 5, 'alg_qubits': [18, 52, 20, 54, 22, 56, 24, 58, 26, 60, 28, 62, 30, 64, 32, 66], 'magic_states': [1, 3, 5, 7, 9, 11, 13, 15, 33, 67, 83, 81, 79, 77, 75, 73, 71, 69, 17, 51]}, 'gates': [[13, 14], [6], [1], [0], [1, 6], [0, 1], [6, 0], [1], [6, 1], [6], [1], [0], [0, 1], [6, 0], [1, 6], [7], [2], [1], [2, 7], [1, 2], [7, 1], [2], [7, 2], [7], [2], [1], [1, 2], [7, 1], [2, 7], [8], [3], [2], [3, 8], [2, 3], [8, 2], [3], [8, 3], [8], [3], [2], [2, 3], [8, 2], [3, 8], [9], [4], [3], [4, 9], [3, 4], [9, 3], [4], [9, 4], [9], [4], [3], [3, 4], [9, 3], [4, 9], [10], [5], [4], [5, 10], [4, 5], [10, 4], [5], [10, 5], [10], [5], [4], [4, 5], [10, 4], [5, 10], [12], [11], [5], [11, 12], [5, 11], [12, 5], [11], [12, 11], [12], [11]]}","{'map': {'0': 26, '1': 32, '2': 62, '3': 18, '4': 58, '5': 56, '6': 22, '7': 54, '8': 28, '9': 60, '10': 24, '11': 64, '12': 20, '13': 30, '14': 66}, 'arch': {'width': 17, 'height': 5, 'alg_qubits': [18, 52, 20, 54, 22, 56, 24, 58, 26, 60, 28, 62, 30, 64, 32, 66], 'magic_states': [1, 3, 5, 7, 9, 11, 13, 15, 33, 67, 83, 81, 79, 77, 75, 73, 71, 69, 17, 51]}, 'gates': [[13, 14], [6], [1], [0], [1, 6], [0, 1], [6, 0], [1], [6, 1], [6], [1], [0], [0, 1], [6, 0], [1, 6], [7], [2], [1], [2, 7], [1, 2], [7, 1], [2], [7, 2], [7], [2], [1], [1, 2], [7, 1], [2, 7], [8], [3], [2], [3, 8], [2, 3], [8, 2], [3], [8, 3], [8], [3], [2], [2, 3], [8, 2], [3, 8], [9], [4], [3], [4, 9], [3, 4], [9, 3], [4], [9, 4], [9], [4], [3], [3, 4], [9, 3], [4, 9], [10], [5], [4], [5, 10], [4, 5], [10, 4], [5], [10, 5], [10], [5], [4], [4, 5], [10, 4], [5, 10], [12], [11], [5], [11, 12], [5, 11], [12, 5], [11], [12, 11], [12], [11]]}","{'map': {'0': 28, '1': 12, '2': 34, '3': 16, '4': 32, '5': 10, '6': 14, '7': 22}, 'arch': {'width': 9, 'height': 5, 'alg_qubits': [10, 28, 12, 30, 14, 32, 16, 34], 'magic_states': [1, 3, 5, 7, 17, 35, 43, 41, 39, 37, 9, 27]}, 'gates': [[2], [6, 7], [2, 6], [7, 2], [6], [7, 6], [7], [6], [2], [2, 6], [7, 2], [6, 7], [5], [2], [1], [2, 5], [1, 2], [5, 1], [2], [5, 2], [5], [2], [1], [1, 2], [5, 1], [2, 5], [4], [1], [0], [1, 4], [0, 1], [4, 0], [1], [4, 1], [4], [1], [0], [0, 1], [4, 0], [1, 4], [5], [2], [1], [2, 5], [1, 2], [5, 1], [2], [5, 2], [5], [2], [1], [1, 2], [5, 1], [2, 5], [7], [6], [2], [6, 7], [2, 6], [7, 2], [6], [7, 6], [7], [6], [2], [2, 6], [7, 2], [6, 7], [5], [2], [1], [2, 5], [1, 2], [5, 1], [2], [5, 2], [5], [2], [1], [1, 2], [5, 1]]}","{'map': {'0': 28, '1': 12, '2': 10, '3': 14, '4': 34, '5': 32, '6': 30, '7': 16}, 'arch': {'width': 9, 'height': 5, 'alg_qubits': [10, 28, 12, 30, 14, 32, 16, 34], 'magic_states': [1, 3, 5, 7, 17, 35, 43, 41, 39, 37, 9, 27]}, 'gates': [[3, 5], [2], [3, 2], [3], [2], [5], [5, 2], [3, 5], [2, 3], [1], [5], [4], [5, 1], [4, 5], [1, 4], [5], [1, 5], [1], [5], [4], [4, 5], [1, 4], [5, 1], [4], [1], [0], [1, 4], [0, 1], [4, 0], [1], [4, 1], [4], [1], [0], [0, 1], [4, 0], [1, 4], [5], [2], [1], [2, 5], [1, 2], [5, 1], [2], [5, 2], [5], [2], [1], [1, 2], [5, 1], [2, 5], [7], [6], [2], [6, 7], [2, 6], [7, 2], [6], [7, 6], [7], [6], [2], [2, 6], [7, 2], [6, 7], [5], [2], [1], [2, 5], [1, 2], [5, 1], [2], [5, 2], [5], [2], [1], [1, 2], [5, 1], [2, 5], [4], [1]]}"
jku_suite_54.qasm,"{'map': {'0': 24, '1': 20, '2': 46, '3': 50, '4': 14, '5': 16, '6': 40, '7': 22, '8': 48, '9': 18, '10': 44, '11': 26}, 'arch': {'width': 13, 'height': 5, 'alg_qubits': [14, 40, 16, 42, 18, 44, 20, 46, 22, 48, 24, 50], 'magic_states': [1, 3, 5, 7, 9, 11, 25, 51, 63, 61, 59, 57, 55, 53, 13, 39]}, 'gates': [[8, 10], [7], [11], [3], [11, 7], [3, 11], [7, 3], [11], [7, 11], [7], [11], [3], [3, 11], [7, 3], [11, 7], [10], [8], [11], [8, 10], [11, 8], [10, 11], [8], [10, 8], [10], [8], [11], [11, 8], [10, 11], [8, 10], [3], [11], [0], [11, 3], [0, 11], [3, 0], [11], [3, 11], [3], [11], [0], [0, 11], [3, 0], [11, 3], [1], [10], [11], [10, 1], [11, 10], [1, 11], [10], [1, 10], [1], [10], [11], [11, 10], [1, 11], [10, 1], [2], [9], [10], [9, 2], [10, 9], [2, 10], [9], [2, 9], [2], [9], [10], [10, 9], [2, 10], [9, 2], [6], [4], [9], [4, 6], [9, 4], [6, 9], [4], [6, 4], [6], [4]]}","{'map': {'0': 24, '1': 22, '2': 50, '3': 14, '4': 42, '5': 44, '6': 48, '7': 16, '8': 18, '9': 20, '10': 40, '11': 36}, 'arch': {'width': 13, 'height': 5, 'alg_qubits': [14, 40, 16, 42, 18, 44, 20, 46, 22, 48, 24, 50], 'magic_states': [1, 3, 5, 7, 9, 11, 25, 51, 63, 61, 59, 57, 55, 53, 13, 39]}, 'gates': [[2, 11], [8], [3], [4], [3, 8], [4, 3], [8, 4], [3], [8, 3], [8], [3], [4], [4, 3], [8, 4], [3, 8], [7], [4], [9], [4, 7], [9, 4], [7, 9], [4], [7, 4], [7], [4], [9], [9, 4], [7, 9], [4, 7], [6], [9], [10], [9, 6], [10, 9], [6, 10], [9], [6, 9], [6], [9], [10], [10, 9], [6, 10], [9, 6], [5], [10], [0], [10, 5], [0, 10], [5, 0], [10], [5, 10], [5], [10], [0], [0, 10], [5, 0], [10, 5], [6], [9], [10], [9, 6], [10, 9], [6, 10], [9], [6, 9], [6], [9], [10], [10, 9], [6, 10], [9, 6], [7], [4], [9], [4, 7], [9, 4], [7, 9], [4], [7, 4], [7], [4]]}","{'map': {'0': 20, '1': 14, '2': 44, '3': 48, '4': 40, '5': 22, '6': 46, '7': 16, '8': 18, '9': 24, '10': 50, '11': 42}, 'arch': {'width': 13, 'height': 5, 'alg_qubits': [14, 40, 16, 42, 18, 44, 20, 46, 22, 48, 24, 50], 'magic_states': [1, 3, 5, 7, 9, 11, 25, 51, 63, 61, 59, 57, 55, 53, 13, 39]}, 'gates': [[6], [11], [2], [11, 6], [2, 11], [6, 2], [11], [6, 11], [6], [11], [2], [2, 11], [6, 2], [11, 6], [8], [7], [11], [7, 8], [11, 7], [8, 11], [7], [8, 7], [8], [7], [11], [11, 7], [8, 11], [7, 8], [2], [11], [0], [11, 2], [0, 11], [2, 0], [11], [2, 11], [2], [11], [0], [0, 11], [2, 0], [11, 2], [1], [10], [11], [10, 1], [11, 10], [1, 11], [10], [1, 10], [1], [10], [11], [11, 10], [1, 11], [10, 1], [3], [9], [10], [9, 3], [10, 9], [3, 10], [9], [3, 9], [3], [9], [10], [10, 9], [3, 10], [9, 3], [5], [4], [9], [4, 5], [9, 4], [5, 9], [4], [5, 4], [5], [4], [9]]}","{'map': {'0': 24, '1': 48, '2': 16, '3': 50, '4': 14, '5': 42, '6': 44, '7': 20, '8': 46, '9': 40, '10': 18, '11': 22}, 'arch': {'width': 13, 'height': 5, 'alg_qubits': [14, 40, 16, 42, 18, 44, 20, 46, 22, 48, 24, 50], 'magic_states': [1, 3, 5, 7, 9, 11, 25, 51, 63, 61, 59, 57, 55, 53, 13, 39]}, 'gates': [[5], [11, 6], [5, 11], [6, 5], [11], [6, 11], [6], [11], [5], [5, 11], [6, 5], [11, 6], [8], [7], [11], [7, 8], [11, 7], [8, 11], [7], [8, 7], [8], [7], [11], [11, 7], [8, 11], [7, 8], [5], [11], [0], [11, 5], [0, 11], [5, 0], [11], [5, 11], [5], [11], [0], [0, 11], [5, 0], [11, 5], [1], [10], [11], [10, 1], [11, 10], [1, 11], [10], [1, 10], [1], [10], [11], [11, 10], [1, 11], [10, 1], [2], [9], [10], [9, 2], [10, 9], [2, 10], [9], [2, 9], [2], [9], [10], [10, 9], [2, 10], [9, 2], [4], [3], [9], [3, 4], [9, 3], [4, 9], [3], [4, 3], [4], [3], [9], [9, 3], [4, 9]]}","{'map': {'0': 42, '1': 16, '2': 50, '3': 18, '4': 44, '5': 22, '6': 40, '7': 24, '8': 20, '9': 46, '10': 48}, 'arch': {'width': 13, 'height': 5, 'alg_qubits': [14, 40, 16, 42, 18, 44, 20, 46, 22, 48, 24, 50], 'magic_states': [1, 3, 5, 7, 9, 11, 25, 51, 63, 61, 59, 57, 55, 53, 13, 39]}, 'gates': [[3], [7, 8], [3, 7], [8, 3], [7], [8, 7], [8], [7], [3], [3, 7], [8, 3], [7, 8], [5], [3], [6], [3, 5], [6, 3], [5, 6], [3], [5, 3], [5], [3], [6], [6, 3], [5, 6], [3, 5], [4], [6], [9], [6, 4], [9, 6], [4, 9], [6], [4, 6], [4], [6], [9], [9, 6], [4, 9], [6, 4], [2], [9], [10], [9, 2], [10, 9], [2, 10], [9], [2, 9], [2], [9], [10], [10, 9], [2, 10], [9, 2], [1], [10], [0], [10, 1], [0, 10], [1, 0], [10], [1, 10], [1], [10], [0], [0, 10], [1, 0], [10, 1], [2], [9], [10], [9, 2], [10, 9], [2, 10], [9], [2, 9], [2], [9], [10], [10, 9], [2, 10]]}"
vqe_3.qasm,"{'map': {'0': 14, '1': 32, '2': 12, '3': 16, '4': 30, '5': 28, '6': 10, '7': 34}, 'arch': {'width': 9, 'height': 5, 'alg_qubits': [10, 28, 12, 30, 14, 32, 16, 34], 'magic_states': [1, 3, 5, 7, 17, 35, 43, 41, 39, 37, 9, 27]}, 'gates': [[3, 6], [1], [7], [0], [7, 1], [0, 7], [1, 0], [7], [1, 7], [1], [7], [0], [0, 7], [1, 0], [7, 1], [6], [3], [7], [3, 6], [7, 3], [6, 7], [3], [6, 3], [6], [3], [7], [7, 3], [6, 7], [3, 6], [4], [5], [3], [5, 4], [3, 5], [4, 3], [5], [4, 5], [4], [5], [3], [3, 5], [4, 3], [5, 4], [6], [3], [7], [3, 6], [7, 3], [6, 7], [3], [6, 3], [6], [3], [7], [7, 3], [6, 7], [3, 6], [2], [3], [1], [3, 2], [1, 3], [2, 1], [3], [2, 3], [2], [3], [1], [1, 3], [2, 1], [3, 2], [1], [7], [0], [7, 1], [0, 7], [1, 0], [7], [1, 7], [1], [7]]}","{'map': {'0': 14, '1': 16, '2': 34, '3': 28, '4': 12, '5': 10, '6': 32, '7': 30}, 'arch': {'width': 9, 'height': 5, 'alg_qubits': [10, 28, 12, 30, 14, 32, 16, 34], 'magic_states': [1, 3, 5, 7, 17, 35, 43, 41, 39, 37, 9, 27]}, 'gates': [[0, 7], [4, 0], [7, 4], [3], [6], [7], [6, 3], [7, 6], [3, 7], [6], [3, 6], [3], [6], [7], [7, 6], [3, 7], [6, 3], [1], [2], [6], [2, 1], [6, 2], [1, 6], [2], [1, 2], [1], [2], [6], [6, 2], [1, 6], [2, 1], [3], [6], [7], [6, 3], [7, 6], [3, 7], [6], [3, 6], [3], [6], [7], [7, 6], [3, 7], [6, 3], [0], [5], [7], [5, 0], [7, 5], [0, 7], [5], [0, 5], [0], [5], [7], [7, 5], [0, 7], [5, 0], [7], [6], [5], [6, 7], [5, 6], [7, 5], [6], [7, 6], [7], [6], [5], [5, 6], [7, 5], [6, 7], [0], [5], [6], [5, 0], [6, 5], [0, 6], [5], [0, 5]]}","{'map': {'0': 28, '1': 14, '2': 16, '3': 32, '4': 34, '5': 30, '6': 12, '7': 10}, 'arch': {'width': 9, 'height': 5, 'alg_qubits': [10, 28, 12, 30, 14, 32, 16, 34], 'magic_states': [1, 3, 5, 7, 17, 35, 43, 41, 39, 37, 9, 27]}, 'gates': [[3, 5], [6], [7], [4], [7, 6], [4, 7], [6, 4], [7], [6, 7], [6], [7], [4], [4, 7], [6, 4], [7, 6], [5], [3], [7], [3, 5], [7, 3], [5, 7], [3], [5, 3], [5], [3], [7], [7, 3], [5, 7], [3, 5], [0], [1], [3], [1, 0], [3, 1], [0, 3], [1], [0, 1], [0], [1], [3], [3, 1], [0, 3], [1, 0], [5], [3], [7], [3, 5], [7, 3], [5, 7], [3], [5, 3], [5], [3], [7], [7, 3], [5, 7], [3, 5], [6], [7], [2], [7, 6], [2, 7], [6, 2], [7], [6, 7], [6], [7], [2], [2, 7], [6, 2], [7, 6], [3], [5], [7], [5, 3], [7, 5], [3, 7], [5], [3, 5], [3], [5]]}","{'map': {'0': 10, '1': 12, '2': 28, '3': 32, '4': 14, '5': 34, '6': 30, '7': 16}, 'arch': {'width': 9, 'height': 5, 'alg_qubits': [10, 28, 12, 30, 14, 32, 16, 34], 'magic_states': [1, 3, 5, 7, 17, 35, 43, 41, 39, 37, 9, 27]}, 'gates': [[0, 5], [0], [5], [6], [6, 5], [0, 6], [5, 0], [4], [7], [0], [7, 4], [0, 7], [4, 0], [7], [4, 7], [4], [7], [0], [0, 7], [4, 0], [7, 4], [3], [6], [7], [6, 3], [7, 6], [3, 7], [6], [3, 6], [3], [6], [7], [7, 6], [3, 7], [6, 3], [1], [2], [6], [2, 1], [6, 2], [1, 6], [2], [1, 2], [1], [2], [6], [6, 2], [1, 6], [2, 1], [3], [6], [7], [6, 3], [7, 6], [3, 7], [6], [3, 6], [3], [6], [7], [7, 6], [3, 7], [6, 3], [4], [7], [0], [7, 4], [0, 7], [4, 0], [7], [4, 7], [4], [7], [0], [0, 7], [4, 0], [7, 4], [3], [6], [7], [6, 3]]}","{'map': {'0': 32, '1': 34, '2': 12, '3': 30, '4': 28, '5': 10, '6': 14, '7': 16}, 'arch': {'width': 9, 'height': 5, 'alg_qubits': [10, 28, 12, 30, 14, 32, 16, 34], 'magic_states': [1, 3, 5, 7, 17, 35, 43, 41, 39, 37, 9, 27]}, 'gates': [[2], [7], [7, 2], [1, 7], [2, 1], [4], [7], [5], [7, 4], [5, 7], [4, 5], [7], [4, 7], [4], [7], [5], [5, 7], [4, 5], [7, 4], [1], [2], [7], [2, 1], [7, 2], [1, 7], [2], [1, 2], [1], [2], [7], [7, 2], [1, 7], [2, 1], [3], [6], [4], [6, 3], [4, 6], [3, 4], [6], [3, 6], [3], [6], [4], [4, 6], [3, 4], [6, 3], [3], [6], [1], [6, 3], [1, 6], [3, 1], [6], [3, 6], [3], [6], [1], [1, 6], [3, 1], [6, 3], [3], [6], [0], [6, 3], [0, 6], [3, 0], [6], [3, 6], [3], [6], [0], [0, 6], [3, 0], [6, 3], [4], [7], [6], [7, 4], [6, 7], [4, 6]]}"
grover_4.qasm,"{'map': {'0': 26, '1': 24, '2': 12, '3': 8, '4': 22, '5': 10}, 'arch': {'width': 7, 'height': 5, 'alg_qubits': [8, 22, 10, 24, 12, 26], 'magic_states': [1, 3, 5, 13, 27, 33, 31, 29, 7, 21]}, 'gates': [[1], [4], [2], [4, 1], [2, 4], [1, 2], [4], [1, 4], [1], [4], [2], [2, 4], [1, 2], [4, 1], [5], [3], [4], [3, 5], [4, 3], [5, 4], [3], [5, 3], [5], [3], [4], [4, 3], [5, 4], [3, 5], [0], [1], [3], [1, 0], [3, 1], [0, 3], [1], [0, 1], [0], [1], [3], [3, 1], [0, 3], [1, 0], [5], [3], [4], [3, 5], [4, 3], [5, 4], [3], [5, 3], [5], [3], [4], [4, 3], [5, 4], [3, 5], [0], [1], [3], [1, 0], [3, 1], [0, 3], [1], [0, 1], [0], [1], [3], [3, 1], [0, 3], [1, 0], [1], [5], [3], [5, 1], [3, 5], [1, 3], [5], [1, 5], [1], [5], [3]]}","{'map': {'0': 24, '1': 22, '2': 26, '3': 10, '4': 8, '5': 12}, 'arch': {'width': 7, 'height': 5, 'alg_qubits': [8, 22, 10, 24, 12, 26], 'magic_states': [1, 3, 5, 13, 27, 33, 31, 29, 7, 21]}, 'gates': [[4], [4, 0], [1, 4], [0, 1], [3], [2], [5], [2, 3], [5, 2], [3, 5], [2], [3, 2], [3], [2], [5], [5, 2], [3, 5], [2, 3], [5], [3], [4], [3, 5], [4, 3], [5, 4], [3], [5, 3], [5], [3], [4], [4, 3], [5, 4], [3, 5], [1], [0], [3], [0, 1], [3, 0], [1, 3], [0], [1, 0], [1], [0], [3], [3, 0], [1, 3], [0, 1], [5], [3], [4], [3, 5], [4, 3], [5, 4], [3], [5, 3], [5], [3], [4], [4, 3], [5, 4], [3, 5], [1], [0], [3], [0, 1], [3, 0], [1, 3], [0], [1, 0], [1], [0], [3], [3, 0], [1, 3], [0, 1], [3], [2], [5], [2, 3], [5, 2], [3, 5], [2]]}","{'map': {'0': 22, '1': 12, '2': 8, '3': 24, '4': 26, '5': 20}, 'arch': {'width': 7, 'height': 5, 'alg_qubits': [8, 22, 10, 24, 12, 26], 'magic_states': [1, 3, 5, 13, 27, 33, 31, 29, 7, 21]}, 'gates': [[2], [2], [2], [2], [2], [2], [2], [2], [2], [2], [2], [2], [2], [2], [2], [2], [2], [2], [2], [2], [2], [2], [2], [2], [2], [2], [2], [2], [2], [2], [2], [2], [2], [2], [2], [2], [2], [2], [2], [2], [2], [0, 2], [4, 5], [5], [3, 5], [5], [4, 5], [4], [5], [3, 5], [5], [5], [5], [5], [5], [5], [5], [5], [5], [5], [5], [5], [5], [5], [5], [5], [5], [5], [5], [5], [5], [5], [5], [5], [5], [5], [5], [5], [5], [5], [5]]}","{'map': {'0': 8, '1': 22, '2': 24, '3': 12, '4': 10, '5': 26}, 'arch': {'width': 7, 'height': 5, 'alg_qubits': [8, 22, 10, 24, 12, 26], 'magic_states': [1, 3, 5, 13, 27, 33, 31, 29, 7, 21]}, 'gates': [[1, 3], [1, 2], [3], [2], [5], [2, 3], [5, 2], [3, 5], [2], [3, 2], [3], [2], [5], [5, 2], [3, 5], [2, 3], [5], [3], [4], [3, 5], [4, 3], [5, 4], [3], [5, 3], [5], [3], [4], [4, 3], [5, 4], [3, 5], [1], [0], [3], [0, 1], [3, 0], [1, 3], [0], [1, 0], [1], [0], [3], [3, 0], [1, 3], [0, 1], [5], [3], [4], [3, 5], [4, 3], [5, 4], [3], [5, 3], [5], [3], [4], [4, 3], [5, 4], [3, 5], [1], [0], [3], [0, 1], [3, 0], [1, 3], [0], [1, 0], [1], [0], [3], [3, 0], [1, 3], [0, 1], [3], [2], [5], [2, 3], [5, 2], [3, 5], [2], [3, 2], [3]]}","{'map': {'0': 26, '1': 10, '2': 12, '3': 8, '4': 24, '5': 22}, 'arch': {'width': 7, 'height': 5, 'alg_qubits': [8, 22, 10, 24, 12, 26], 'magic_states': [1, 3, 5, 13, 27, 33, 31, 29, 7, 21]}, 'gates': [[3], [4], [4, 3], [5, 4], [3, 5], [1], [0], [3], [0, 1], [3, 0], [1, 3], [0], [1, 0], [1], [0], [3], [3, 0], [1, 3], [0, 1], [3], [2], [5], [2, 3], [5, 2], [3, 5], [2], [3, 2], [3], [2], [5], [5, 2], [3, 5], [2, 3], [5], [3], [4], [3, 5], [4, 3], [5, 4], [3], [5, 3], [5], [3], [4], [4, 3], [5, 4], [3, 5], [1], [0], [3], [0, 1], [3, 0], [1, 3], [0], [1, 0], [1], [0], [3], [3, 0], [1, 3], [0, 1], [5], [3], [4], [3, 5], [4, 3], [5, 4], [3], [5, 3], [5], [3], [4], [4, 3], [5, 4], [3, 5], [1], [0], [3], [0, 1], [3, 0], [1, 3]]}"
jku_suite_77.qasm,"{'map': {'0': 16, '1': 18, '2': 38, '3': 14, '4': 42, '5': 20, '6': 12, '7': 36, '8': 34, '9': 40}, 'arch': {'width': 11, 'height': 5, 'alg_qubits': [12, 34, 14, 36, 16, 38, 18, 40, 20, 42], 'magic_states': [1, 3, 5, 7, 9, 21, 43, 53, 51, 49, 47, 45, 11, 33]}, 'gates': [[1, 6], [2], [1, 2], [1], [2], [6], [6, 2], [1, 6], [2, 1], [3], [6], [7], [6, 3], [7, 6], [3, 7], [6], [3, 6], [3], [6], [7], [7, 6], [3, 7], [6, 3], [4], [7], [9], [7, 4], [9, 7], [4, 9], [7], [4, 7], [4], [7], [9], [9, 7], [4, 9], [7, 4], [5], [9], [0], [9, 5], [0, 9], [5, 0], [9], [5, 9], [5], [9], [0], [0, 9], [5, 0], [9, 5], [4], [8], [9], [8, 4], [9, 8], [4, 9], [8], [4, 8], [4], [8], [9], [9, 8], [4, 9], [8, 4], [3], [7], [8], [7, 3], [8, 7], [3, 8], [7], [3, 7], [3], [7], [8], [8, 7], [3, 8], [7, 3], [1], [2]]}","{'map': {'0': 16, '1': 40, '2': 14, '3': 20, '4': 36, '5': 18, '6': 38, '7': 12, '8': 42, '9': 34}, 'arch': {'width': 11, 'height': 5, 'alg_qubits': [12, 34, 14, 36, 16, 38, 18, 40, 20, 42], 'magic_states': [1, 3, 5, 7, 9, 21, 43, 53, 51, 49, 47, 45, 11, 33]}, 'gates': [[2], [4], [3], [3, 4], [2, 3], [4, 2], [6], [3], [5], [3, 6], [5, 3], [6, 5], [3], [6, 3], [6], [3], [5], [5, 3], [6, 5], [3, 6], [7], [5], [9], [5, 7], [9, 5], [7, 9], [5], [7, 5], [7], [5], [9], [9, 5], [7, 9], [5, 7], [8], [9], [1], [9, 8], [1, 9], [8, 1], [9], [8, 9], [8], [9], [1], [1, 9], [8, 1], [9, 8], [7], [4], [9], [4, 7], [9, 4], [7, 9], [4], [7, 4], [7], [4], [9], [9, 4], [7, 9], [4, 7], [6], [3], [4], [3, 6], [4, 3], [6, 4], [3], [6, 3], [6], [3], [4], [4, 3], [6, 4], [3, 6], [0], [5], [3], [5, 0], [3, 5]]}","{'map': {'0': 34, '1': 18, '2': 20, '3': 42, '4': 36, '5': 12, '6': 38, '7': 14, '8': 16, '9': 40}, 'arch': {'width': 11, 'height': 5, 'alg_qubits': [12, 34, 14, 36, 16, 38, 18, 40, 20, 42], 'magic_states': [1, 3, 5, 7, 9, 21, 43, 53, 51, 49, 47, 45, 11, 33]}, 'gates': [[0, 1], [0], [1], [5], [5, 1], [0, 5], [1, 0], [2], [5], [6], [5, 2], [6, 5], [2, 6], [5], [2, 5], [2], [5], [6], [6, 5], [2, 6], [5, 2], [3], [6], [9], [6, 3], [9, 6], [3, 9], [6], [3, 6], [3], [6], [9], [9, 6], [3, 9], [6, 3], [7], [9], [4], [9, 7], [4, 9], [7, 4], [9], [7, 9], [7], [9], [4], [4, 9], [7, 4], [9, 7], [3], [8], [9], [8, 3], [9, 8], [3, 9], [8], [3, 8], [3], [8], [9], [9, 8], [3, 9], [8, 3], [1], [2], [8], [2, 1], [8, 2], [1, 8], [2], [1, 2], [1], [2], [8], [8, 2], [1, 8], [2, 1], [3], [8], [9], [8, 3]]}","{'map': {'0': 38, '1': 36, '2': 12, '3': 16, '4': 14, '5': 34, '6': 18, '7': 42, '8': 40, '9': 20}, 'arch': {'width': 11, 'height': 5, 'alg_qubits': [12, 34, 14, 36, 16, 38, 18, 40, 20, 42], 'magic_states': [1, 3, 5, 7, 9, 21, 43, 53, 51, 49, 47, 45, 11, 33]}, 'gates': [[1, 4], [3, 1], [4], [3, 4], [3], [4], [1], [1, 4], [3, 1], [4, 3], [6], [1], [5], [1, 6], [5, 1], [6, 5], [1], [6, 1], [6], [1], [5], [5, 1], [6, 5], [1, 6], [7], [5], [9], [5, 7], [9, 5], [7, 9], [5], [7, 5], [7], [5], [9], [9, 5], [7, 9], [5, 7], [8], [9], [0], [9, 8], [0, 9], [8, 0], [9], [8, 9], [8], [9], [0], [0, 9], [8, 0], [9, 8], [7], [5], [9], [5, 7], [9, 5], [7, 9], [5], [7, 5], [7], [5], [9], [9, 5], [7, 9], [5, 7], [6], [3], [5], [3, 6], [5, 3], [6, 5], [3], [6, 3], [6], [3], [5], [5, 3], [6, 5], [3, 6], [2]]}","{'map': {'0': 40, '1': 38, '2': 16, '3': 42, '4': 12, '5': 36, '6': 18, '7': 20, '8': 14, '9': 34}, 'arch': {'width': 11, 'height': 5, 'alg_qubits': [12, 34, 14, 36, 16, 38, 18, 40, 20, 42], 'magic_states': [1, 3, 5, 7, 9, 21, 43, 53, 51, 49, 47, 45, 11, 33]}, 'gates': [[5], [4, 5], [4], [5], [3], [3, 5], [4, 3], [5, 4], [5], [9], [8], [9, 5], [8, 9], [5, 8], [9], [5, 9], [5], [9], [8], [8, 9], [5, 8], [9, 5], [3], [7], [9], [7, 3], [9, 7], [3, 9], [7], [3, 7], [3], [7], [9], [9, 7], [3, 9], [7, 3], [2], [6], [7], [6, 2], [7, 6], [2, 7], [6], [2, 6], [2], [6], [7], [7, 6], [2, 7], [6, 2], [0], [1], [6], [1, 0], [6, 1], [0, 6], [1], [0, 1], [0], [1], [6], [6, 1], [0, 6], [1, 0], [2], [6], [7], [6, 2], [7, 6], [2, 7], [6], [2, 6], [2], [6], [7], [7, 6], [2, 7], [6, 2], [3], [7], [9]]}"
autobraid_37.qasm,"{'map': {'0': 56, '1': 54, '2': 20, '3': 30, '4': 62, '5': 52, '6': 28, '7': 18, '8': 22, '9': 24, '10': 64, '11': 66, '12': 32, '13': 26, '14': 60}, 'arch': {'width': 17, 'height': 5, 'alg_qubits': [18, 52, 20, 54, 22, 56, 24, 58, 26, 60, 28, 62, 30, 64, 32, 66], 'magic_states': [1, 3, 5, 7, 9, 11, 13, 15, 33, 67, 83, 81, 79, 77, 75, 73, 71, 69, 17, 51]}, 'gates': [[8], [7], [9], [9, 7], [8, 9], [7, 8], [6], [9], [10], [9, 6], [10, 9], [6, 10], [9], [6, 9], [6], [9], [10], [10, 9], [6, 10], [9, 6], [5], [10], [11], [10, 5], [11, 10], [5, 11], [10], [5, 10], [5], [10], [11], [11, 10], [5, 11], [10, 5], [4], [11], [12], [11, 4], [12, 11], [4, 12], [11], [4, 11], [4], [11], [12], [12, 11], [4, 12], [11, 4], [2], [12], [13], [12, 2], [13, 12], [2, 13], [12], [2, 12], [2], [12], [13], [13, 12], [2, 13], [12, 2], [1], [13], [14], [13, 1], [14, 13], [1, 14], [13], [1, 13], [1], [13], [14], [14, 13], [1, 14], [13, 1], [3], [14], [0], [14, 3], [0, 14]]}","{'map': {'0': 18, '1': 24, '2': 14, '3': 46, '4': 20, '5': 48, '6': 42, '7': 50, '8': 22, '9': 44, '10': 40}, 'arch': {'width': 13, 'height': 5, 'alg_qubits': [14, 40, 16, 42, 18, 44, 20, 46, 22, 48, 24, 50], 'magic_states': [1, 3, 5, 7, 9, 11, 25, 51, 63, 61, 59, 57, 55, 53, 13, 39]}, 'gates': [[3], [8, 3], [8], [3], [2], [2, 3], [8, 2], [3, 8], [7], [2], [1], [2, 7], [1, 2], [7, 1], [2], [7, 2], [7], [2], [1], [1, 2], [7, 1], [2, 7], [6], [1], [0], [1, 6], [0, 1], [6, 0], [1], [6, 1], [6], [1], [0], [0, 1], [6, 0], [1, 6], [7], [2], [1], [2, 7], [1, 2], [7, 1], [2], [7, 2], [7], [2], [1], [1, 2], [7, 1], [2, 7], [8], [3], [2], [3, 8], [2, 3], [8, 2], [3], [8, 3], [8], [3], [2], [2, 3], [8, 2], [3, 8], [9], [4], [3], [4, 9], [3, 4], [9, 3], [4], [9, 4], [9], [4], [3], [3, 4], [9, 3], [4, 9], [10], [5], [4]]}","{'map': {'0': 36, '1': 16, '2': 40, '3': 42, '4': 12, '5': 34, '6': 18, '7': 14, '8': 20, '9': 38}, 'arch': {'width': 11, 'height': 5, 'alg_qubits': [12, 34, 14, 36, 16, 38, 18, 40, 20, 42], 'magic_states': [1, 3, 5, 7, 9, 21, 43, 53, 51, 49, 47, 45, 11, 33]}, 'gates': [[4], [2], [1], [2, 4], [1, 2], [4, 1], [2], [4, 2], [4], [2], [1], [1, 2], [4, 1], [2, 4], [5], [8], [2], [8, 5], [2, 8], [5, 2], [8], [5, 8], [5], [8], [2], [2, 8], [5, 2], [8, 5], [7], [6], [8], [6, 7], [8, 6], [7, 8], [6], [7, 6], [7], [6], [8], [8, 6], [7, 8], [6, 7], [5], [8], [2], [8, 5], [2, 8], [5, 2], [8], [5, 8], [5], [8], [2], [2, 8], [5, 2], [8, 5], [4], [2], [1], [2, 4], [1, 2], [4, 1], [2], [4, 2], [4], [2], [1], [1, 2], [4, 1], [2, 4], [0], [3], [9], [3, 0], [9, 3], [0, 9], [3], [0, 3], [0], [3], [9]]}","{'map': {'0': 42, '1': 50, '2': 46, '3': 24, '4': 48, '5': 16, '6': 44, '7': 40, '8': 22, '9': 14, '10': 20}, 'arch': {'width': 13, 'height': 5, 'alg_qubits': [14, 40, 16, 42, 18, 44, 20, 46, 22, 48, 24, 50], 'magic_states': [1, 3, 5, 7, 9, 11, 25, 51, 63, 61, 59, 57, 55, 53, 13, 39]}, 'gates': [[10], [9], [8], [8, 9], [10, 8], [9, 10], [5], [6], [0], [6, 5], [0, 6], [5, 0], [6], [5, 6], [5], [6], [0], [0, 6], [5, 0], [6, 5], [4], [7], [6], [7, 4], [6, 7], [4, 6], [7], [4, 7], [4], [7], [6], [6, 7], [4, 6], [7, 4], [3], [8], [7], [8, 3], [7, 8], [3, 7], [8], [3, 8], [3], [8], [7], [7, 8], [3, 7], [8, 3], [1], [2], [8], [2, 1], [8, 2], [1, 8], [2], [1, 2], [1], [2], [8], [8, 2], [1, 8], [2, 1], [3], [8], [7], [8, 3], [7, 8], [3, 7], [8], [3, 8], [3], [8], [7], [7, 8], [3, 7], [8, 3], [4], [7], [6], [7, 4], [6, 7]]}","{'map': {'0': 20, '1': 22, '2': 50, '3': 48, '4': 24, '5': 44, '6': 14, '7': 40, '8': 18, '9': 16, '10': 46}, 'arch': {'width': 13, 'height': 5, 'alg_qubits': [14, 40, 16, 42, 18, 44, 20, 46, 22, 48, 24, 50], 'magic_states': [1, 3, 5, 7, 9, 11, 25, 51, 63, 61, 59, 57, 55, 53, 13, 39]}, 'gates': [[10], [9], [8], [8, 9], [10, 8], [9, 10], [5], [6], [0], [6, 5], [0, 6], [5, 0], [6], [5, 6], [5], [6], [0], [0, 6], [5, 0], [6, 5], [4], [7], [6], [7, 4], [6, 7], [4, 6], [7], [4, 7], [4], [7], [6], [6, 7], [4, 6], [7, 4], [3], [8], [7], [8, 3], [7, 8], [3, 7], [8], [3, 8], [3], [8], [7], [7, 8], [3, 7], [8, 3], [1], [2], [8], [2, 1], [8, 2], [1, 8], [2], [1, 2], [1], [2], [8], [8, 2], [1, 8], [2, 1], [3], [8], [7], [8, 3], [7, 8], [3, 7], [8], [3, 8], [3], [8], [7], [7, 8], [3, 7], [8, 3], [4], [7], [6], [7, 4], [6, 7]]}"
autobraid_2.qasm,"{'map': {'0': 64, '1': 30, '2': 28, '3': 24, '4': 26, '5': 62, '6': 56, '7': 32, '8': 52, '9': 54, '10': 60, '11': 66, '12': 18, '13': 22, '14': 20}, 'arch': {'width': 17, 'height': 5, 'alg_qubits': [18, 52, 20, 54, 22, 56, 24, 58, 26, 60, 28, 62, 30, 64, 32, 66], 'magic_states': [1, 3, 5, 7, 9, 11, 13, 15, 33, 67, 83, 81, 79, 77, 75, 73, 71, 69, 17, 51]}, 'gates': [[0, 14], [3, 0], [14, 3], [1], [13], [14], [13, 1], [14, 13], [1, 14], [13], [1, 13], [1], [13], [14], [14, 13], [1, 14], [13, 1], [2], [12], [13], [12, 2], [13, 12], [2, 13], [12], [2, 12], [2], [12], [13], [13, 12], [2, 13], [12, 2], [4], [11], [12], [11, 4], [12, 11], [4, 12], [11], [4, 11], [4], [11], [12], [12, 11], [4, 12], [11, 4], [5], [10], [11], [10, 5], [11, 10], [5, 11], [10], [5, 10], [5], [10], [11], [11, 10], [5, 11], [10, 5], [6], [9], [10], [9, 6], [10, 9], [6, 10], [9], [6, 9], [6], [9], [10], [10, 9], [6, 10], [9, 6], [8], [7], [9], [7, 8], [9, 7], [8, 9], [7], [8, 7]]}","{'map': {'0': 56, '1': 54, '2': 20, '3': 30, '4': 62, '5': 52, '6': 28, '7': 18, '8': 22, '9': 24, '10': 64, '11': 66, '12': 32, '13': 26, '14': 60}, 'arch': {'width': 17, 'height': 5, 'alg_qubits': [18, 52, 20, 54, 22, 56, 24, 58, 26, 60, 28, 62, 30, 64, 32, 66], 'magic_states': [1, 3, 5, 7, 9, 11, 13, 15, 33, 67, 83, 81, 79, 77, 75, 73, 71, 69, 17, 51]}, 'gates': [[8], [7], [9], [9, 7], [8, 9], [7, 8], [6], [9], [10], [9, 6], [10, 9], [6, 10], [9], [6, 9], [6], [9], [10], [10, 9], [6, 10], [9, 6], [5], [10], [11], [10, 5], [11, 10], [5, 11], [10], [5, 10], [5], [10], [11], [11, 10], [5, 11], [10, 5], [4], [11], [12], [11, 4], [12, 11], [4, 12], [11], [4, 11], [4], [11], [12], [12, 11], [4, 12], [11, 4], [2], [12], [13], [12, 2], [13, 12], [2, 13], [12], [2, 12], [2], [12], [13], [13, 12], [2, 13], [12, 2], [1], [13], [14], [13, 1], [14, 13], [1, 14], [13], [1, 13], [1], [13], [14], [14, 13], [1, 14], [13, 1], [3], [14], [0], [14, 3], [0, 14]]}","{'map': {'0': 26, '1': 58, '2': 24, '3': 64, '4': 52, '5': 28, '6': 20, '7': 18, '8': 56, '9': 54, '10': 60, '11': 22, '12': 66, '13': 32, '14': 30}, 'arch': {'width': 17, 'height': 5, 'alg_qubits': [18, 52, 20, 54, 22, 56, 24, 58, 26, 60, 28, 62, 30, 64, 32, 66], 'magic_states': [1, 3, 5, 7, 9, 11, 13, 15, 33, 67, 83, 81, 79, 77, 75, 73, 71, 69, 17, 51]}, 'gates': [[8, 7], [10, 8], [7, 10], [4], [14], [0], [14, 4], [0, 14], [4, 0], [14], [4, 14], [4], [14], [0], [0, 14], [4, 0], [14, 4], [1], [13], [14], [13, 1], [14, 13], [1, 14], [13], [1, 13], [1], [13], [14], [14, 13], [1, 14], [13, 1], [2], [12], [13], [12, 2], [13, 12], [2, 13], [12], [2, 12], [2], [12], [13], [13, 12], [2, 13], [12, 2], [3], [11], [12], [11, 3], [12, 11], [3, 12], [11], [3, 11], [3], [11], [12], [12, 11], [3, 12], [11, 3], [5], [10], [11], [10, 5], [11, 10], [5, 11], [10], [5, 10], [5], [10], [11], [11, 10], [5, 11], [10, 5], [6], [9], [10], [9, 6], [10, 9], [6, 10], [9], [6, 9]]}","{'map': {'0': 20, '1': 28, '2': 54, '3': 60, '4': 32, '5': 66, '6': 30, '7': 26, '8': 64, '9': 56, '10': 22, '11': 52, '12': 18, '13': 58, '14': 24}, 'arch': {'width': 17, 'height': 5, 'alg_qubits': [18, 52, 20, 54, 22, 56, 24, 58, 26, 60, 28, 62, 30, 64, 32, 66], 'magic_states': [1, 3, 5, 7, 9, 11, 13, 15, 33, 67, 83, 81, 79, 77, 75, 73, 71, 69, 17, 51]}, 'gates': [[3, 0], [14, 3], [1], [13], [14], [13, 1], [14, 13], [1, 14], [13], [1, 13], [1], [13], [14], [14, 13], [1, 14], [13, 1], [2], [12], [13], [12, 2], [13, 12], [2, 13], [12], [2, 12], [2], [12], [13], [13, 12], [2, 13], [12, 2], [4], [11], [12], [11, 4], [12, 11], [4, 12], [11], [4, 11], [4], [11], [12], [12, 11], [4, 12], [11, 4], [5], [10], [11], [10, 5], [11, 10], [5, 11], [10], [5, 10], [5], [10], [11], [11, 10], [5, 11], [10, 5], [6], [9], [10], [9, 6], [10, 9], [6, 10], [9], [6, 9], [6], [9], [10], [10, 9], [6, 10], [9, 6], [8], [7], [9], [7, 8], [9, 7], [8, 9], [7], [8, 7], [8]]}","{'map': {'0': 20, '1': 18, '2': 60, '3': 54, '4': 32, '5': 56, '6': 58, '7': 30, '8': 52, '9': 62, '10': 28, '11': 22, '12': 64, '13': 66, '14': 26}, 'arch': {'width': 17, 'height': 5, 'alg_qubits': [18, 52, 20, 54, 22, 56, 24, 58, 26, 60, 28, 62, 30, 64, 32, 66], 'magic_states': [1, 3, 5, 7, 9, 11, 13, 15, 33, 67, 83, 81, 79, 77, 75, 73, 71, 69, 17, 51]}, 'gates': [[14, 12], [13], [14, 13], [14], [13], [12], [12, 13], [14, 12], [13, 14], [6], [1], [0], [1, 6], [0, 1], [6, 0], [1], [6, 1], [6], [1], [0], [0, 1], [6, 0], [1, 6], [7], [2], [1], [2, 7], [1, 2], [7, 1], [2], [7, 2], [7], [2], [1], [1, 2], [7, 1], [2, 7], [8], [3], [2], [3, 8], [2, 3], [8, 2], [3], [8, 3], [8], [3], [2], [2, 3], [8, 2], [3, 8], [9], [4], [3], [4, 9], [3, 4], [9, 3], [4], [9, 4], [9], [4], [3], [3, 4], [9, 3], [4, 9], [10], [5], [4], [5, 10], [4, 5], [10, 4], [5], [10, 5], [10], [5], [4], [4, 5], [10, 4], [5, 10], [12], [11]]}"
quarl_suite_2.qasm,"{'map': {'0': 36, '1': 20, '2': 34, '3': 42, '4': 40, '5': 18, '6': 12, '7': 38, '8': 16, '9': 14}, 'arch': {'width': 11, 'height': 5, 'alg_qubits': [12, 34, 14, 36, 16, 38, 18, 40, 20, 42], 'magic_states': [1, 3, 5, 7, 9, 21, 43, 53, 51, 49, 47, 45, 11, 33]}, 'gates': [[1, 6], [1], [6], [5], [5, 6], [1, 5], [6, 1], [9], [8], [7], [8, 9], [7, 8], [9, 7], [8], [9, 8], [9], [8], [7], [7, 8], [9, 7], [8, 9], [3], [1], [0], [1, 3], [0, 1], [3, 0], [1], [3, 1], [3], [1], [0], [0, 1], [3, 0], [1, 3], [4], [2], [1], [2, 4], [1, 2], [4, 1], [2], [4, 2], [4], [2], [1], [1, 2], [4, 1], [2, 4], [5], [8], [2], [8, 5], [2, 8], [5, 2], [8], [5, 8], [5], [8], [2], [2, 8], [5, 2], [8, 5], [7], [6], [8], [6, 7], [8, 6], [7, 8], [6], [7, 6], [7], [6], [8], [8, 6], [7, 8], [6, 7], [5], [8], [2], [8, 5]]}","{'map': {'0': 14, '1': 12, '2': 38, '3': 20, '4': 34, '5': 36, '6': 42, '7': 18, '8': 40, '9': 32}, 'arch': {'width': 11, 'height': 5, 'alg_qubits': [12, 34, 14, 36, 16, 38, 18, 40, 20, 42], 'magic_states': [1, 3, 5, 7, 9, 21, 43, 53, 51, 49, 47, 45, 11, 33]}, 'gates': [[1, 5], [7], [6], [9], [6, 7], [9, 6], [7, 9], [6], [7, 6], [7], [6], [9], [9, 6], [7, 9], [6, 7], [8], [9], [2], [9, 8], [2, 9], [8, 2], [9], [8, 9], [8], [9], [2], [2, 9], [8, 2], [9, 8], [7], [6], [9], [6, 7], [9, 6], [7, 9], [6], [7, 6], [7], [6], [9], [9, 6], [7, 9], [6, 7], [5], [1], [6], [1, 5], [6, 1], [5, 6], [1], [5, 1], [5], [1], [6], [6, 1], [5, 6], [1, 5], [3], [4], [1], [4, 3], [1, 4], [3, 1], [4], [3, 4], [3], [4], [1], [1, 4], [3, 1], [4, 3], [5], [1], [6], [1, 5], [6, 1], [5, 6], [1], [5, 1], [5], [1]]}","{'map': {'0': 42, '1': 20, '2': 14, '3': 40, '4': 38, '5': 16, '6': 36, '7': 12, '8': 34, '9': 28}, 'arch': {'width': 11, 'height': 5, 'alg_qubits': [12, 34, 14, 36, 16, 38, 18, 40, 20, 42], 'magic_states': [1, 3, 5, 7, 9, 21, 43, 53, 51, 49, 47, 45, 11, 33]}, 'gates': [[4, 9], [1], [5], [0], [5, 1], [0, 5], [1, 0], [5], [1, 5], [1], [5], [0], [0, 5], [1, 0], [5, 1], [9], [4], [5], [4, 9], [5, 4], [9, 5], [4], [9, 4], [9], [4], [5], [5, 4], [9, 5], [4, 9], [8], [3], [4], [3, 8], [4, 3], [8, 4], [3], [8, 3], [8], [3], [4], [4, 3], [8, 4], [3, 8], [6], [7], [3], [7, 6], [3, 7], [6, 3], [7], [6, 7], [6], [7], [3], [3, 7], [6, 3], [7, 6], [8], [3], [4], [3, 8], [4, 3], [8, 4], [3], [8, 3], [8], [3], [4], [4, 3], [8, 4], [3, 8], [9], [4], [5], [4, 9], [5, 4], [9, 5], [4], [9, 4], [9], [4]]}","{'map': {'0': 42, '1': 14, '2': 34, '3': 16, '4': 12, '5': 40, '6': 38, '7': 18, '8': 36, '9': 20}, 'arch': {'width': 11, 'height': 5, 'alg_qubits': [12, 34, 14, 36, 16, 38, 18, 40, 20, 42], 'magic_states': [1, 3, 5, 7, 9, 21, 43, 53, 51, 49, 47, 45, 11, 33]}, 'gates': [[6, 7], [5], [8], [2], [8, 5], [2, 8], [5, 2], [8], [5, 8], [5], [8], [2], [2, 8], [5, 2], [8, 5], [4], [2], [1], [2, 4], [1, 2], [4, 1], [2], [4, 2], [4], [2], [1], [1, 2], [4, 1], [2, 4], [0], [3], [9], [3, 0], [9, 3], [0, 9], [3], [0, 3], [0], [3], [9], [9, 3], [0, 9], [3, 0], [2], [1], [3], [1, 2], [3, 1], [2, 3], [1], [2, 1], [2], [1], [3], [3, 1], [2, 3], [1, 2], [0], [3], [9], [3, 0], [9, 3], [0, 9], [3], [0, 3], [0], [3], [9], [9, 3], [0, 9], [3, 0], [2], [1], [3], [1, 2], [3, 1], [2, 3], [1], [2, 1], [2], [1]]}","{'map': {'0': 40, '1': 34, '2': 36, '3': 18, '4': 20, '5': 12, '6': 16, '7': 42, '8': 38, '9': 14}, 'arch': {'width': 11, 'height': 5, 'alg_qubits': [12, 34, 14, 36, 16, 38, 18, 40, 20, 42], 'magic_states': [1, 3, 5, 7, 9, 21, 43, 53, 51, 49, 47, 45, 11, 33]}, 'gates': [[6, 7], [5], [8], [2], [8, 5], [2, 8], [5, 2], [8], [5, 8], [5], [8], [2], [2, 8], [5, 2], [8, 5], [4], [2], [1], [2, 4], [1, 2], [4, 1], [2], [4, 2], [4], [2], [1], [1, 2], [4, 1], [2, 4], [0], [3], [9], [3, 0], [9, 3], [0, 9], [3], [0, 3], [0], [3], [9], [9, 3], [0, 9], [3, 0], [2], [1], [3], [1, 2], [3, 1], [2, 3], [1], [2, 1], [2], [1], [3], [3, 1], [2, 3], [1, 2], [0], [3], [9], [3, 0], [9, 3], [0, 9], [3], [0, 3], [0], [3], [9], [9, 3], [0, 9], [3, 0], [2], [1], [3], [1, 2], [3, 1], [2, 3], [1], [2, 1], [2], [1]]}"
jku_suite_85.qasm,"{'map': {'0': 14, '1': 12, '2': 38, '3': 20, '4': 34, '5': 36, '6': 42, '7': 18, '8': 40, '9': 32}, 'arch': {'width': 11, 'height': 5, 'alg_qubits': [12, 34, 14, 36, 16, 38, 18, 40, 20, 42], 'magic_states': [1, 3, 5, 7, 9, 21, 43, 53, 51, 49, 47, 45, 11, 33]}, 'gates': [[1, 5], [7], [6], [9], [6, 7], [9, 6], [7, 9], [6], [7, 6], [7], [6], [9], [9, 6], [7, 9], [6, 7], [8], [9], [2], [9, 8], [2, 9], [8, 2], [9], [8, 9], [8], [9], [2], [2, 9], [8, 2], [9, 8], [7], [6], [9], [6, 7], [9, 6], [7, 9], [6], [7, 6], [7], [6], [9], [9, 6], [7, 9], [6, 7], [5], [1], [6], [1, 5], [6, 1], [5, 6], [1], [5, 1], [5], [1], [6], [6, 1], [5, 6], [1, 5], [3], [4], [1], [4, 3], [1, 4], [3, 1], [4], [3, 4], [3], [4], [1], [1, 4], [3, 1], [4, 3], [5], [1], [6], [1, 5], [6, 1], [5, 6], [1], [5, 1], [5], [1]]}","{'map': {'0': 42, '1': 40, '2': 16, '3': 20, '4': 18, '5': 36, '6': 12, '7': 34, '8': 38, '9': 14}, 'arch': {'width': 11, 'height': 5, 'alg_qubits': [12, 34, 14, 36, 16, 38, 18, 40, 20, 42], 'magic_states': [1, 3, 5, 7, 9, 21, 43, 53, 51, 49, 47, 45, 11, 33]}, 'gates': [[9], [8, 9], [8], [9], [0], [0, 9], [8, 0], [9, 8], [7], [6], [9], [6, 7], [9, 6], [7, 9], [6], [7, 6], [7], [6], [9], [9, 6], [7, 9], [6, 7], [5], [4], [6], [4, 5], [6, 4], [5, 6], [4], [5, 4], [5], [4], [6], [6, 4], [5, 6], [4, 5], [2], [3], [4], [3, 2], [4, 3], [2, 4], [3], [2, 3], [2], [3], [4], [4, 3], [2, 4], [3, 2], [5], [4], [6], [4, 5], [6, 4], [5, 6], [4], [5, 4], [5], [4], [6], [6, 4], [5, 6], [4, 5], [7], [6], [9], [6, 7], [9, 6], [7, 9], [6], [7, 6], [7], [6], [9], [9, 6], [7, 9], [6, 7], [8], [9], [1]]}","{'map': {'0': 40, '1': 38, '2': 42, '3': 20, '4': 12, '5': 36, '6': 18, '7': 34, '8': 16, '9': 22}, 'arch': {'width': 11, 'height': 5, 'alg_qubits': [12, 34, 14, 36, 16, 38, 18, 40, 20, 42], 'magic_states': [1, 3, 5, 7, 9, 21, 43, 53, 51, 49, 47, 45, 11, 33]}, 'gates': [[7, 0], [8], [9], [0], [9, 8], [0, 9], [8, 0], [9], [8, 9], [8], [9], [0], [0, 9], [8, 0], [9, 8], [7], [6], [9], [6, 7], [9, 6], [7, 9], [6], [7, 6], [7], [6], [9], [9, 6], [7, 9], [6, 7], [4], [5], [6], [5, 4], [6, 5], [4, 6], [5], [4, 5], [4], [5], [6], [6, 5], [4, 6], [5, 4], [1], [3], [5], [3, 1], [5, 3], [1, 5], [3], [1, 3], [1], [3], [5], [5, 3], [1, 5], [3, 1], [4], [5], [6], [5, 4], [6, 5], [4, 6], [5], [4, 5], [4], [5], [6], [6, 5], [4, 6], [5, 4], [7], [6], [9], [6, 7], [9, 6], [7, 9], [6], [7, 6], [7], [6]]}","{'map': {'0': 14, '1': 42, '2': 38, '3': 12, '4': 34, '5': 20, '6': 16, '7': 40, '8': 18, '9': 36}, 'arch': {'width': 11, 'height': 5, 'alg_qubits': [12, 34, 14, 36, 16, 38, 18, 40, 20, 42], 'magic_states': [1, 3, 5, 7, 9, 21, 43, 53, 51, 49, 47, 45, 11, 33]}, 'gates': [[3], [9], [6], [6, 9], [3, 6], [9, 3], [0], [1], [9], [1, 0], [9, 1], [0, 9], [1], [0, 1], [0], [1], [9], [9, 1], [0, 9], [1, 0], [3], [9], [6], [9, 3], [6, 9], [3, 6], [9], [3, 9], [3], [9], [6], [6, 9], [3, 6], [9, 3], [0], [1], [9], [1, 0], [9, 1], [0, 9], [1], [0, 1], [0], [1], [9], [9, 1], [0, 9], [1, 0], [6], [9], [2], [9, 6], [2, 9], [6, 2], [9], [6, 9], [6], [9], [2], [2, 9], [6, 2], [9, 6], [8], [7], [9], [7, 8], [9, 7], [8, 9], [7], [8, 7], [8], [7], [9], [9, 7], [8, 9], [7, 8], [4], [5], [7], [5, 4], [7, 5]]}","{'map': {'0': 20, '1': 38, '2': 42, '3': 14, '4': 34, '5': 18, '6': 40, '7': 36, '8': 16, '9': 12}, 'arch': {'width': 11, 'height': 5, 'alg_qubits': [12, 34, 14, 36, 16, 38, 18, 40, 20, 42], 'magic_states': [1, 3, 5, 7, 9, 21, 43, 53, 51, 49, 47, 45, 11, 33]}, 'gates': [[4], [5], [6], [6, 5], [4, 6], [5, 4], [0], [3], [5], [3, 0], [5, 3], [0, 5], [3], [0, 3], [0], [3], [5], [5, 3], [0, 5], [3, 0], [4], [5], [6], [5, 4], [6, 5], [4, 6], [5], [4, 5], [4], [5], [6], [6, 5], [4, 6], [5, 4], [7], [6], [9], [6, 7], [9, 6], [7, 9], [6], [7, 6], [7], [6], [9], [9, 6], [7, 9], [6, 7], [8], [9], [6], [9, 8], [6, 9], [8, 6], [9], [8, 9], [8], [9], [6], [6, 9], [8, 6], [9, 8], [7], [2], [9], [2, 7], [9, 2], [7, 9], [2], [7, 2], [7], [2], [9], [9, 2], [7, 9], [2, 7], [5], [1], [2], [1, 5], [2, 1]]}"
autobraid_15.qasm,"{'map': {'0': 32, '1': 34, '2': 30, '3': 14, '4': 10, '5': 28, '6': 16}, 'arch': {'width': 9, 'height': 5, 'alg_qubits': [10, 28, 12, 30, 14, 32, 16, 34], 'magic_states': [1, 3, 5, 7, 17, 35, 43, 41, 39, 37, 9, 27]}, 'gates': [[1], [5], [0], [5, 1], [0, 5], [1, 0], [5], [1, 5], [1], [5], [0], [0, 5], [1, 0], [5, 1], [1], [5], [2], [5, 1], [2, 5], [1, 2], [5], [1, 5], [1], [5], [2], [2, 5], [1, 2], [5, 1], [1], [5], [4], [5, 1], [4, 5], [1, 4], [5], [1, 5], [1], [5], [4], [4, 5], [1, 4], [5, 1], [1], [6], [2], [6, 1], [2, 6], [1, 2], [6], [1, 6], [1], [6], [2], [2, 6], [1, 2], [6, 1], [1], [6], [3], [6, 1], [3, 6], [1, 3], [6], [1, 6], [1], [6], [3], [3, 6], [1, 3], [6, 1], [1], [6], [4], [6, 1], [4, 6], [1, 4], [6], [1, 6], [1], [6], [4]]}","{'map': {'0': 28, '1': 12, '2': 10, '3': 14, '4': 34, '5': 32, '6': 30, '7': 16}, 'arch': {'width': 9, 'height': 5, 'alg_qubits': [10, 28, 12, 30, 14, 32, 16, 34], 'magic_states': [1, 3, 5, 7, 17, 35, 43, 41, 39, 37, 9, 27]}, 'gates': [[3, 5], [2], [3, 2], [3], [2], [5], [5, 2], [3, 5], [2, 3], [1], [5], [4], [5, 1], [4, 5], [1, 4], [5], [1, 5], [1], [5], [4], [4, 5], [1, 4], [5, 1], [4], [1], [0], [1, 4], [0, 1], [4, 0], [1], [4, 1], [4], [1], [0], [0, 1], [4, 0], [1, 4], [5], [2], [1], [2, 5], [1, 2], [5, 1], [2], [5, 2], [5], [2], [1], [1, 2], [5, 1], [2, 5], [7], [6], [2], [6, 7], [2, 6], [7, 2], [6], [7, 6], [7], [6], [2], [2, 6], [7, 2], [6, 7], [5], [2], [1], [2, 5], [1, 2], [5, 1], [2], [5, 2], [5], [2], [1], [1, 2], [5, 1], [2, 5], [4], [1]]}","{'map': {'0': 28, '1': 12, '2': 34, '3': 16, '4': 32, '5': 10, '6': 14, '7': 22}, 'arch': {'width': 9, 'height': 5, 'alg_qubits': [10, 28, 12, 30, 14, 32, 16, 34], 'magic_states': [1, 3, 5, 7, 17, 35, 43, 41, 39, 37, 9, 27]}, 'gates': [[2], [6, 7], [2, 6], [7, 2], [6], [7, 6], [7], [6], [2], [2, 6], [7, 2], [6, 7], [5], [2], [1], [2, 5], [1, 2], [5, 1], [2], [5, 2], [5], [2], [1], [1, 2], [5, 1], [2, 5], [4], [1], [0], [1, 4], [0, 1], [4, 0], [1], [4, 1], [4], [1], [0], [0, 1], [4, 0], [1, 4], [5], [2], [1], [2, 5], [1, 2], [5, 1], [2], [5, 2], [5], [2], [1], [1, 2], [5, 1], [2, 5], [7], [6], [2], [6, 7], [2, 6], [7, 2], [6], [7, 6], [7], [6], [2], [2, 6], [7, 2], [6, 7], [5], [2], [1], [2, 5], [1, 2], [5, 1], [2], [5, 2], [5], [2], [1], [1, 2], [5, 1]]}","{'map': {'0': 34, '1': 32, '2': 28, '3': 16, '4': 14, '5': 30, '6': 12}, 'arch': {'width': 9, 'height': 5, 'alg_qubits': [10, 28, 12, 30, 14, 32, 16, 34], 'magic_states': [1, 3, 5, 7, 17, 35, 43, 41, 39, 37, 9, 27]}, 'gates': [[6, 2], [0], [5], [1], [5, 0], [1, 5], [0, 1], [5], [0, 5], [0], [5], [1], [1, 5], [0, 1], [5, 0], [2], [6], [5], [6, 2], [5, 6], [2, 5], [6], [2, 6], [2], [6], [5], [5, 6], [2, 5], [6, 2], [4], [3], [6], [3, 4], [6, 3], [4, 6], [3], [4, 3], [4], [3], [6], [6, 3], [4, 6], [3, 4], [2], [6], [5], [6, 2], [5, 6], [2, 5], [6], [2, 6], [2], [6], [5], [5, 6], [2, 5], [6, 2], [5], [1], [0], [1, 5], [0, 1], [5, 0], [1], [5, 1], [5], [1], [0], [0, 1], [5, 0], [1, 5], [6], [2], [1], [2, 6], [1, 2], [6, 1], [2], [6, 2], [6], [2]]}","{'map': {'0': 16, '1': 10, '2': 28, '3': 12, '4': 14, '5': 34, '6': 32}, 'arch': {'width': 9, 'height': 5, 'alg_qubits': [10, 28, 12, 30, 14, 32, 16, 34], 'magic_states': [1, 3, 5, 7, 17, 35, 43, 41, 39, 37, 9, 27]}, 'gates': [[6, 2], [0], [5], [1], [5, 0], [1, 5], [0, 1], [5], [0, 5], [0], [5], [1], [1, 5], [0, 1], [5, 0], [2], [6], [5], [6, 2], [5, 6], [2, 5], [6], [2, 6], [2], [6], [5], [5, 6], [2, 5], [6, 2], [4], [3], [6], [3, 4], [6, 3], [4, 6], [3], [4, 3], [4], [3], [6], [6, 3], [4, 6], [3, 4], [2], [6], [5], [6, 2], [5, 6], [2, 5], [6], [2, 6], [2], [6], [5], [5, 6], [2, 5], [6, 2], [5], [1], [0], [1, 5], [0, 1], [5, 0], [1], [5, 1], [5], [1], [0], [0, 1], [5, 0], [1, 5], [6], [2], [1], [2, 6], [1, 2], [6, 1], [2], [6, 2], [6], [2]]}"
jku_suite_73.qasm,"{'map': {'0': 18, '1': 50, '2': 22, '3': 46, '4': 16, '5': 20, '6': 40, '7': 44, '8': 14, '9': 42, '10': 24, '12': 26}, 'arch': {'width': 13, 'height': 5, 'alg_qubits': [14, 40, 16, 42, 18, 44, 20, 46, 22, 48, 24, 50], 'magic_states': [1, 3, 5, 7, 9, 11, 25, 51, 63, 61, 59, 57, 55, 53, 13, 39]}, 'gates': [[9], [10], [12], [12, 10], [9, 12], [10, 9], [7], [8], [10], [8, 7], [10, 8], [7, 10], [8], [7, 8], [7], [8], [10], [10, 8], [7, 10], [8, 7], [5], [6], [8], [6, 5], [8, 6], [5, 8], [6], [5, 6], [5], [6], [8], [8, 6], [5, 8], [6, 5], [4], [0], [6], [0, 4], [6, 0], [4, 6], [0], [4, 0], [4], [0], [6], [6, 0], [4, 6], [0, 4], [2], [3], [0], [3, 2], [0, 3], [2, 0], [3], [2, 3], [2], [3], [0], [0, 3], [2, 0], [3, 2], [4], [0], [6], [0, 4], [6, 0], [4, 6], [0], [4, 0], [4], [0], [6], [6, 0], [4, 6], [0, 4], [5], [6], [8], [6, 5], [8, 6]]}","{'map': {'0': 40, '1': 24, '2': 22, '3': 18, '4': 44, '5': 48, '6': 42, '7': 14, '8': 20, '9': 50, '10': 16}, 'arch': {'width': 13, 'height': 5, 'alg_qubits': [14, 40, 16, 42, 18, 44, 20, 46, 22, 48, 24, 50], 'magic_states': [1, 3, 5, 7, 9, 11, 25, 51, 63, 61, 59, 57, 55, 53, 13, 39]}, 'gates': [[5, 10], [9], [4], [3], [4, 9], [3, 4], [9, 3], [4], [9, 4], [9], [4], [3], [3, 4], [9, 3], [4, 9], [8], [3], [2], [3, 8], [2, 3], [8, 2], [3], [8, 3], [8], [3], [2], [2, 3], [8, 2], [3, 8], [7], [2], [1], [2, 7], [1, 2], [7, 1], [2], [7, 2], [7], [2], [1], [1, 2], [7, 1], [2, 7], [6], [1], [0], [1, 6], [0, 1], [6, 0], [1], [6, 1], [6], [1], [0], [0, 1], [6, 0], [1, 6], [7], [2], [1], [2, 7], [1, 2], [7, 1], [2], [7, 2], [7], [2], [1], [1, 2], [7, 1], [2, 7], [8], [3], [2], [3, 8], [2, 3], [8, 2], [3], [8, 3], [8], [3]]}","{'map': {'0': 40, '1': 24, '2': 22, '3': 18, '4': 44, '5': 48, '6': 42, '7': 14, '8': 20, '9': 50, '10': 16}, 'arch': {'width': 13, 'height': 5, 'alg_qubits': [14, 40, 16, 42, 18, 44, 20, 46, 22, 48, 24, 50], 'magic_states': [1, 3, 5, 7, 9, 11, 25, 51, 63, 61, 59, 57, 55, 53, 13, 39]}, 'gates': [[5, 10], [9], [4], [3], [4, 9], [3, 4], [9, 3], [4], [9, 4], [9], [4], [3], [3, 4], [9, 3], [4, 9], [8], [3], [2], [3, 8], [2, 3], [8, 2], [3], [8, 3], [8], [3], [2], [2, 3], [8, 2], [3, 8], [7], [2], [1], [2, 7], [1, 2], [7, 1], [2], [7, 2], [7], [2], [1], [1, 2], [7, 1], [2, 7], [6], [1], [0], [1, 6], [0, 1], [6, 0], [1], [6, 1], [6], [1], [0], [0, 1], [6, 0], [1, 6], [7], [2], [1], [2, 7], [1, 2], [7, 1], [2], [7, 2], [7], [2], [1], [1, 2], [7, 1], [2, 7], [8], [3], [2], [3, 8], [2, 3], [8, 2], [3], [8, 3], [8], [3]]}","{'map': {'0': 22, '1': 40, '2': 16, '3': 18, '4': 50, '5': 24, '6': 14, '7': 46, '8': 44, '9': 42, '10': 48}, 'arch': {'width': 13, 'height': 5, 'alg_qubits': [14, 40, 16, 42, 18, 44, 20, 46, 22, 48, 24, 50], 'magic_states': [1, 3, 5, 7, 9, 11, 25, 51, 63, 61, 59, 57, 55, 53, 13, 39]}, 'gates': [[10], [0], [0, 10], [1, 0], [10, 1], [2], [8], [10], [8, 2], [10, 8], [2, 10], [8], [2, 8], [2], [8], [10], [10, 8], [2, 10], [8, 2], [5], [4], [8], [4, 5], [8, 4], [5, 8], [4], [5, 4], [5], [4], [8], [8, 4], [5, 8], [4, 5], [6], [3], [4], [3, 6], [4, 3], [6, 4], [3], [6, 3], [6], [3], [4], [4, 3], [6, 4], [3, 6], [9], [7], [3], [7, 9], [3, 7], [9, 3], [7], [9, 7], [9], [7], [3], [3, 7], [9, 3], [7, 9], [6], [3], [4], [3, 6], [4, 3], [6, 4], [3], [6, 3], [6], [3], [4], [4, 3], [6, 4], [3, 6], [5], [4], [8], [4, 5], [8, 4], [5, 8]]}","{'map': {'0': 24, '1': 22, '2': 50, '3': 42, '4': 14, '5': 46, '6': 40, '7': 44, '8': 48, '9': 16, '10': 20}, 'arch': {'width': 13, 'height': 5, 'alg_qubits': [14, 40, 16, 42, 18, 44, 20, 46, 22, 48, 24, 50], 'magic_states': [1, 3, 5, 7, 9, 11, 25, 51, 63, 61, 59, 57, 55, 53, 13, 39]}, 'gates': [[10], [5], [4], [4, 5], [10, 4], [5, 10], [9], [4], [3], [4, 9], [3, 4], [9, 3], [4], [9, 4], [9], [4], [3], [3, 4], [9, 3], [4, 9], [8], [3], [2], [3, 8], [2, 3], [8, 2], [3], [8, 3], [8], [3], [2], [2, 3], [8, 2], [3, 8], [7], [2], [1], [2, 7], [1, 2], [7, 1], [2], [7, 2], [7], [2], [1], [1, 2], [7, 1], [2, 7], [6], [1], [0], [1, 6], [0, 1], [6, 0], [1], [6, 1], [6], [1], [0], [0, 1], [6, 0], [1, 6], [7], [2], [1], [2, 7], [1, 2], [7, 1], [2], [7, 2], [7], [2], [1], [1, 2], [7, 1], [2, 7], [8], [3], [2], [3, 8], [2, 3]]}"
vqe_5.qasm,"{'map': {'0': 14, '1': 30, '2': 34, '3': 16, '4': 10, '5': 28, '6': 12, '7': 32}, 'arch': {'width': 9, 'height': 5, 'alg_qubits': [10, 28, 12, 30, 14, 32, 16, 34], 'magic_states': [1, 3, 5, 7, 17, 35, 43, 41, 39, 37, 9, 27]}, 'gates': [[0, 2], [1, 5], [0, 2], [1, 5], [2, 3], [0, 6], [1, 7], [4, 5], [2, 3], [0, 6], [1, 7], [4, 5], [3, 7], [4, 6], [1, 5], [0, 2], [3, 7], [4, 6], [1, 5], [0, 2], [4, 5], [2, 3], [0, 6], [1, 7], [4, 5], [2, 3], [0, 6], [1, 7], [4, 6], [3, 7], [4, 6], [3, 7]]}","{'map': {'0': 16, '1': 14, '2': 10, '3': 30, '4': 34, '5': 32, '6': 12}, 'arch': {'width': 9, 'height': 5, 'alg_qubits': [10, 28, 12, 30, 14, 32, 16, 34], 'magic_states': [1, 3, 5, 7, 17, 35, 43, 41, 39, 37, 9, 27]}, 'gates': [[6], [5], [6, 2], [5, 6], [2, 5], [6], [2, 6], [2], [6], [5], [5, 6], [2, 5], [6, 2], [0], [5], [1], [5, 0], [1, 5], [0, 1], [5], [0, 5], [0], [5], [1], [1, 5], [0, 1], [5, 0], [2], [6], [5], [6, 2], [5, 6], [2, 5], [6], [2, 6], [2], [6], [5], [5, 6], [2, 5], [6, 2], [4], [3], [6], [3, 4], [6, 3], [4, 6], [3], [4, 3], [4], [3], [6], [6, 3], [4, 6], [3, 4], [2], [6], [5], [6, 2], [5, 6], [2, 5], [6], [2, 6], [2], [6], [5], [5, 6], [2, 5], [6, 2], [4], [1], [0], [1, 4], [0, 1], [4, 0], [1], [4, 1], [4], [1], [0], [0, 1]]}","{'map': {'0': 28, '1': 30, '2': 34, '3': 16, '4': 10, '5': 12, '6': 32}, 'arch': {'width': 9, 'height': 5, 'alg_qubits': [10, 28, 12, 30, 14, 32, 16, 34], 'magic_states': [1, 3, 5, 7, 17, 35, 43, 41, 39, 37, 9, 27]}, 'gates': [[2, 3], [6, 2], [3, 6], [5], [1], [3], [1, 5], [3, 1], [5, 3], [1], [5, 1], [5], [1], [3], [3, 1], [5, 3], [1, 5], [0], [4], [1], [4, 0], [1, 4], [0, 1], [4], [0, 4], [0], [4], [1], [1, 4], [0, 1], [4, 0], [5], [1], [3], [1, 5], [3, 1], [5, 3], [1], [5, 1], [5], [1], [3], [3, 1], [5, 3], [1, 5], [2], [5], [6], [5, 2], [6, 5], [2, 6], [5], [2, 5], [2], [5], [6], [6, 5], [2, 6], [5, 2], [0], [4], [6], [4, 0], [6, 4], [0, 6], [4], [0, 4], [0], [4], [6], [6, 4], [0, 6], [4, 0], [1], [3], [6], [3, 1], [6, 3], [1, 6], [3], [1, 3]]}","{'map': {'0': 30, '1': 34, '2': 14, '3': 32, '4': 16, '5': 10, '6': 28, '7': 12}, 'arch': {'width': 9, 'height': 5, 'alg_qubits': [10, 28, 12, 30, 14, 32, 16, 34], 'magic_states': [1, 3, 5, 7, 17, 35, 43, 41, 39, 37, 9, 27]}, 'gates': [[5, 6], [4], [2], [1], [2, 4], [1, 2], [4, 1], [2], [4, 2], [4], [2], [1], [1, 2], [4, 1], [2, 4], [0], [3], [7], [3, 0], [7, 3], [0, 7], [3], [0, 3], [0], [3], [7], [7, 3], [0, 7], [3, 0], [2], [1], [3], [1, 2], [3, 1], [2, 3], [1], [2, 1], [2], [1], [3], [3, 1], [2, 3], [1, 2], [0], [3], [7], [3, 0], [7, 3], [0, 7], [3], [0, 3], [0], [3], [7], [7, 3], [0, 7], [3, 0], [2], [1], [3], [1, 2], [3, 1], [2, 3], [1], [2, 1], [2], [1], [3], [3, 1], [2, 3], [1, 2], [1], [5], [4], [5, 1], [4, 5], [1, 4], [5], [1, 5], [1], [5]]}","{'map': {'0': 14, '1': 30, '2': 12, '3': 10, '4': 28, '5': 16, '6': 32, '7': 34}, 'arch': {'width': 9, 'height': 5, 'alg_qubits': [10, 28, 12, 30, 14, 32, 16, 34], 'magic_states': [1, 3, 5, 7, 17, 35, 43, 41, 39, 37, 9, 27]}, 'gates': [[0, 1], [0], [1], [6], [6, 1], [0, 6], [1, 0], [2], [6], [7], [6, 2], [7, 6], [2, 7], [6], [2, 6], [2], [6], [7], [7, 6], [2, 7], [6, 2], [0], [1], [6], [1, 0], [6, 1], [0, 6], [1], [0, 1], [0], [1], [6], [6, 1], [0, 6], [1, 0], [7], [2], [6], [2, 7], [6, 2], [7, 6], [2], [7, 2], [7], [2], [6], [6, 2], [7, 6], [2, 7], [5], [1], [2], [1, 5], [2, 1], [5, 2], [1], [5, 1], [5], [1], [2], [2, 1], [5, 2], [1, 5], [3], [4], [1], [4, 3], [1, 4], [3, 1], [4], [3, 4], [3], [4], [1], [1, 4], [3, 1], [4, 3], [5], [1], [2], [1, 5]]}"
jku_suite_93.qasm,"{'map': {'0': 24, '1': 22, '2': 50, '3': 42, '4': 14, '5': 46, '6': 40, '7': 44, '8': 48, '9': 16, '10': 20}, 'arch': {'width': 13, 'height': 5, 'alg_qubits': [14, 40, 16, 42, 18, 44, 20, 46, 22, 48, 24, 50], 'magic_states': [1, 3, 5, 7, 9, 11, 25, 51, 63, 61, 59, 57, 55, 53, 13, 39]}, 'gates': [[10], [5], [4], [4, 5], [10, 4], [5, 10], [9], [4], [3], [4, 9], [3, 4], [9, 3], [4], [9, 4], [9], [4], [3], [3, 4], [9, 3], [4, 9], [8], [3], [2], [3, 8], [2, 3], [8, 2], [3], [8, 3], [8], [3], [2], [2, 3], [8, 2], [3, 8], [7], [2], [1], [2, 7], [1, 2], [7, 1], [2], [7, 2], [7], [2], [1], [1, 2], [7, 1], [2, 7], [6], [1], [0], [1, 6], [0, 1], [6, 0], [1], [6, 1], [6], [1], [0], [0, 1], [6, 0], [1, 6], [7], [2], [1], [2, 7], [1, 2], [7, 1], [2], [7, 2], [7], [2], [1], [1, 2], [7, 1], [2, 7], [8], [3], [2], [3, 8], [2, 3]]}","{'map': {'0': 24, '1': 22, '2': 50, '3': 42, '4': 14, '5': 46, '6': 40, '7': 44, '8': 48, '9': 16, '10': 20}, 'arch': {'width': 13, 'height': 5, 'alg_qubits': [14, 40, 16, 42, 18, 44, 20, 46, 22, 48, 24, 50], 'magic_states': [1, 3, 5, 7, 9, 11, 25, 51, 63, 61, 59, 57, 55, 53, 13, 39]}, 'gates': [[10], [5], [4], [4, 5], [10, 4], [5, 10], [9], [4], [3], [4, 9], [3, 4], [9, 3], [4], [9, 4], [9], [4], [3], [3, 4], [9, 3], [4, 9], [8], [3], [2], [3, 8], [2, 3], [8, 2], [3], [8, 3], [8], [3], [2], [2, 3], [8, 2], [3, 8], [7], [2], [1], [2, 7], [1, 2], [7, 1], [2], [7, 2], [7], [2], [1], [1, 2], [7, 1], [2, 7], [6], [1], [0], [1, 6], [0, 1], [6, 0], [1], [6, 1], [6], [1], [0], [0, 1], [6, 0], [1, 6], [7], [2], [1], [2, 7], [1, 2], [7, 1], [2], [7, 2], [7], [2], [1], [1, 2], [7, 1], [2, 7], [8], [3], [2], [3, 8], [2, 3]]}","{'map': {'0': 50, '1': 48, '2': 46, '3': 22, '4': 16, '5': 44, '6': 24, '7': 14, '8': 20, '9': 42, '10': 18}, 'arch': {'width': 13, 'height': 5, 'alg_qubits': [14, 40, 16, 42, 18, 44, 20, 46, 22, 48, 24, 50], 'magic_states': [1, 3, 5, 7, 9, 11, 25, 51, 63, 61, 59, 57, 55, 53, 13, 39]}, 'gates': [[7], [4], [5], [4, 7], [5, 4], [7, 5], [4], [7, 4], [7], [4], [5], [5, 4], [7, 5], [4, 7], [10], [9], [0], [9, 10], [0, 9], [10, 0], [9], [10, 9], [10], [9], [0], [0, 9], [10, 0], [9, 10], [1], [8], [9], [8, 1], [9, 8], [1, 9], [8], [1, 8], [1], [8], [9], [9, 8], [1, 9], [8, 1], [2], [7], [8], [7, 2], [8, 7], [2, 8], [7], [2, 7], [2], [7], [8], [8, 7], [2, 8], [7, 2], [3], [6], [7], [6, 3], [7, 6], [3, 7], [6], [3, 6], [3], [6], [7], [7, 6], [3, 7], [6, 3], [5], [4], [6], [4, 5], [6, 4], [5, 6], [4], [5, 4], [5], [4], [6]]}","{'map': {'0': 50, '1': 48, '2': 46, '3': 22, '4': 16, '5': 44, '6': 24, '7': 14, '8': 20, '9': 42, '10': 18}, 'arch': {'width': 13, 'height': 5, 'alg_qubits': [14, 40, 16, 42, 18, 44, 20, 46, 22, 48, 24, 50], 'magic_states': [1, 3, 5, 7, 9, 11, 25, 51, 63, 61, 59, 57, 55, 53, 13, 39]}, 'gates': [[7], [4], [5], [4, 7], [5, 4], [7, 5], [4], [7, 4], [7], [4], [5], [5, 4], [7, 5], [4, 7], [10], [9], [0], [9, 10], [0, 9], [10, 0], [9], [10, 9], [10], [9], [0], [0, 9], [10, 0], [9, 10], [1], [8], [9], [8, 1], [9, 8], [1, 9], [8], [1, 8], [1], [8], [9], [9, 8], [1, 9], [8, 1], [2], [7], [8], [7, 2], [8, 7], [2, 8], [7], [2, 7], [2], [7], [8], [8, 7], [2, 8], [7, 2], [3], [6], [7], [6, 3], [7, 6], [3, 7], [6], [3, 6], [3], [6], [7], [7, 6], [3, 7], [6, 3], [5], [4], [6], [4, 5], [6, 4], [5, 6], [4], [5, 4], [5], [4], [6]]}","{'map': {'0': 18, '1': 50, '2': 22, '3': 46, '4': 16, '5': 20, '6': 40, '7': 44, '8': 14, '9': 42, '10': 24, '12': 26}, 'arch': {'width': 13, 'height': 5, 'alg_qubits': [14, 40, 16, 42, 18, 44, 20, 46, 22, 48, 24, 50], 'magic_states': [1, 3, 5, 7, 9, 11, 25, 51, 63, 61, 59, 57, 55, 53, 13, 39]}, 'gates': [[9], [10], [12], [12, 10], [9, 12], [10, 9], [7], [8], [10], [8, 7], [10, 8], [7, 10], [8], [7, 8], [7], [8], [10], [10, 8], [7, 10], [8, 7], [5], [6], [8], [6, 5], [8, 6], [5, 8], [6], [5, 6], [5], [6], [8], [8, 6], [5, 8], [6, 5], [4], [0], [6], [0, 4], [6, 0], [4, 6], [0], [4, 0], [4], [0], [6], [6, 0], [4, 6], [0, 4], [2], [3], [0], [3, 2], [0, 3], [2, 0], [3], [2, 3], [2], [3], [0], [0, 3], [2, 0], [3, 2], [4], [0], [6], [0, 4], [6, 0], [4, 6], [0], [4, 0], [4], [0], [6], [6, 0], [4, 6], [0, 4], [5], [6], [8], [6, 5], [8, 6]]}"
jku_suite_42.qasm,"{'map': {'0': 22, '1': 40, '2': 16, '3': 18, '4': 50, '5': 24, '6': 14, '7': 46, '8': 44, '9': 42, '10': 48}, 'arch': {'width': 13, 'height': 5, 'alg_qubits': [14, 40, 16, 42, 18, 44, 20, 46, 22, 48, 24, 50], 'magic_states': [1, 3, 5, 7, 9, 11, 25, 51, 63, 61, 59, 57, 55, 53, 13, 39]}, 'gates': [[10], [0], [0, 10], [1, 0], [10, 1], [2], [8], [10], [8, 2], [10, 8], [2, 10], [8], [2, 8], [2], [8], [10], [10, 8], [2, 10], [8, 2], [5], [4], [8], [4, 5], [8, 4], [5, 8], [4], [5, 4], [5], [4], [8], [8, 4], [5, 8], [4, 5], [6], [3], [4], [3, 6], [4, 3], [6, 4], [3], [6, 3], [6], [3], [4], [4, 3], [6, 4], [3, 6], [9], [7], [3], [7, 9], [3, 7], [9, 3], [7], [9, 7], [9], [7], [3], [3, 7], [9, 3], [7, 9], [6], [3], [4], [3, 6], [4, 3], [6, 4], [3], [6, 3], [6], [3], [4], [4, 3], [6, 4], [3, 6], [5], [4], [8], [4, 5], [8, 4], [5, 8]]}","{'map': {'0': 18, '1': 50, '2': 22, '3': 46, '4': 16, '5': 20, '6': 40, '7': 44, '8': 14, '9': 42, '10': 24, '12': 26}, 'arch': {'width': 13, 'height': 5, 'alg_qubits': [14, 40, 16, 42, 18, 44, 20, 46, 22, 48, 24, 50], 'magic_states': [1, 3, 5, 7, 9, 11, 25, 51, 63, 61, 59, 57, 55, 53, 13, 39]}, 'gates': [[9], [10], [12], [12, 10], [9, 12], [10, 9], [7], [8], [10], [8, 7], [10, 8], [7, 10], [8], [7, 8], [7], [8], [10], [10, 8], [7, 10], [8, 7], [5], [6], [8], [6, 5], [8, 6], [5, 8], [6], [5, 6], [5], [6], [8], [8, 6], [5, 8], [6, 5], [4], [0], [6], [0, 4], [6, 0], [4, 6], [0], [4, 0], [4], [0], [6], [6, 0], [4, 6], [0, 4], [2], [3], [0], [3, 2], [0, 3], [2, 0], [3], [2, 3], [2], [3], [0], [0, 3], [2, 0], [3, 2], [4], [0], [6], [0, 4], [6, 0], [4, 6], [0], [4, 0], [4], [0], [6], [6, 0], [4, 6], [0, 4], [5], [6], [8], [6, 5], [8, 6]]}","{'map': {'0': 24, '1': 22, '2': 50, '3': 42, '4': 14, '5': 46, '6': 40, '7': 44, '8': 48, '9': 16, '10': 20}, 'arch': {'width': 13, 'height': 5, 'alg_qubits': [14, 40, 16, 42, 18, 44, 20, 46, 22, 48, 24, 50], 'magic_states': [1, 3, 5, 7, 9, 11, 25, 51, 63, 61, 59, 57, 55, 53, 13, 39]}, 'gates': [[10], [5], [4], [4, 5], [10, 4], [5, 10], [9], [4], [3], [4, 9], [3, 4], [9, 3], [4], [9, 4], [9], [4], [3], [3, 4], [9, 3], [4, 9], [8], [3], [2], [3, 8], [2, 3], [8, 2], [3], [8, 3], [8], [3], [2], [2, 3], [8, 2], [3, 8], [7], [2], [1], [2, 7], [1, 2], [7, 1], [2], [7, 2], [7], [2], [1], [1, 2], [7, 1], [2, 7], [6], [1], [0], [1, 6], [0, 1], [6, 0], [1], [6, 1], [6], [1], [0], [0, 1], [6, 0], [1, 6], [7], [2], [1], [2, 7], [1, 2], [7, 1], [2], [7, 2], [7], [2], [1], [1, 2], [7, 1], [2, 7], [8], [3], [2], [3, 8], [2, 3]]}","{'map': {'0': 24, '1': 22, '2': 50, '3': 42, '4': 14, '5': 46, '6': 40, '7': 44, '8': 48, '9': 16, '10': 20}, 'arch': {'width': 13, 'height': 5, 'alg_qubits': [14, 40, 16, 42, 18, 44, 20, 46, 22, 48, 24, 50], 'magic_states': [1, 3, 5, 7, 9, 11, 25, 51, 63, 61, 59, 57, 55, 53, 13, 39]}, 'gates': [[10], [5], [4], [4, 5], [10, 4], [5, 10], [9], [4], [3], [4, 9], [3, 4], [9, 3], [4], [9, 4], [9], [4], [3], [3, 4], [9, 3], [4, 9], [8], [3], [2], [3, 8], [2, 3], [8, 2], [3], [8, 3], [8], [3], [2], [2, 3], [8, 2], [3, 8], [7], [2], [1], [2, 7], [1, 2], [7, 1], [2], [7, 2], [7], [2], [1], [1, 2], [7, 1], [2, 7], [6], [1], [0], [1, 6], [0, 1], [6, 0], [1], [6, 1], [6], [1], [0], [0, 1], [6, 0], [1, 6], [7], [2], [1], [2, 7], [1, 2], [7, 1], [2], [7, 2], [7], [2], [1], [1, 2], [7, 1], [2, 7], [8], [3], [2], [3, 8], [2, 3]]}","{'map': {'0': 16, '1': 48, '2': 22, '3': 46, '4': 24, '5': 40, '6': 18, '7': 42, '8': 44, '9': 50, '10': 14, '12': 26}, 'arch': {'width': 13, 'height': 5, 'alg_qubits': [14, 40, 16, 42, 18, 44, 20, 46, 22, 48, 24, 50], 'magic_states': [1, 3, 5, 7, 9, 11, 25, 51, 63, 61, 59, 57, 55, 53, 13, 39]}, 'gates': [[9], [10], [12], [12, 10], [9, 12], [10, 9], [8], [6], [10], [6, 8], [10, 6], [8, 10], [6], [8, 6], [8], [6], [10], [10, 6], [8, 10], [6, 8], [7], [5], [6], [5, 7], [6, 5], [7, 6], [5], [7, 5], [7], [5], [6], [6, 5], [7, 6], [5, 7], [4], [0], [5], [0, 4], [5, 0], [4, 5], [0], [4, 0], [4], [0], [5], [5, 0], [4, 5], [0, 4], [2], [3], [0], [3, 2], [0, 3], [2, 0], [3], [2, 3], [2], [3], [0], [0, 3], [2, 0], [3, 2], [4], [0], [5], [0, 4], [5, 0], [4, 5], [0], [4, 0], [4], [0], [5], [5, 0], [4, 5], [0, 4], [7], [5], [6], [5, 7], [6, 5]]}"
shor_4.qasm,"{'map': {'0': 20, '1': 14, '2': 44, '3': 48, '4': 40, '5': 22, '6': 46, '7': 16, '8': 18, '9': 24, '10': 50, '11': 42}, 'arch': {'width': 13, 'height': 5, 'alg_qubits': [14, 40, 16, 42, 18, 44, 20, 46, 22, 48, 24, 50], 'magic_states': [1, 3, 5, 7, 9, 11, 25, 51, 63, 61, 59, 57, 55, 53, 13, 39]}, 'gates': [[6], [11], [2], [11, 6], [2, 11], [6, 2], [11], [6, 11], [6], [11], [2], [2, 11], [6, 2], [11, 6], [8], [7], [11], [7, 8], [11, 7], [8, 11], [7], [8, 7], [8], [7], [11], [11, 7], [8, 11], [7, 8], [2], [11], [0], [11, 2], [0, 11], [2, 0], [11], [2, 11], [2], [11], [0], [0, 11], [2, 0], [11, 2], [1], [10], [11], [10, 1], [11, 10], [1, 11], [10], [1, 10], [1], [10], [11], [11, 10], [1, 11], [10, 1], [3], [9], [10], [9, 3], [10, 9], [3, 10], [9], [3, 9], [3], [9], [10], [10, 9], [3, 10], [9, 3], [5], [4], [9], [4, 5], [9, 4], [5, 9], [4], [5, 4], [5], [4], [9]]}","{'map': {'0': 24, '1': 48, '2': 16, '3': 50, '4': 14, '5': 42, '6': 44, '7': 20, '8': 46, '9': 40, '10': 18, '11': 22}, 'arch': {'width': 13, 'height': 5, 'alg_qubits': [14, 40, 16, 42, 18, 44, 20, 46, 22, 48, 24, 50], 'magic_states': [1, 3, 5, 7, 9, 11, 25, 51, 63, 61, 59, 57, 55, 53, 13, 39]}, 'gates': [[5], [11, 6], [5, 11], [6, 5], [11], [6, 11], [6], [11], [5], [5, 11], [6, 5], [11, 6], [8], [7], [11], [7, 8], [11, 7], [8, 11], [7], [8, 7], [8], [7], [11], [11, 7], [8, 11], [7, 8], [5], [11], [0], [11, 5], [0, 11], [5, 0], [11], [5, 11], [5], [11], [0], [0, 11], [5, 0], [11, 5], [1], [10], [11], [10, 1], [11, 10], [1, 11], [10], [1, 10], [1], [10], [11], [11, 10], [1, 11], [10, 1], [2], [9], [10], [9, 2], [10, 9], [2, 10], [9], [2, 9], [2], [9], [10], [10, 9], [2, 10], [9, 2], [4], [3], [9], [3, 4], [9, 3], [4, 9], [3], [4, 3], [4], [3], [9], [9, 3], [4, 9]]}","{'map': {'0': 14, '1': 44, '2': 46, '3': 18, '4': 20, '5': 24, '6': 42, '7': 22, '8': 40, '9': 16, '10': 50, '11': 6}, 'arch': {'width': 13, 'height': 5, 'alg_qubits': [14, 40, 16, 42, 18, 44, 20, 46, 22, 48, 24, 50], 'magic_states': [1, 3, 5, 7, 9, 11, 25, 51, 63, 61, 59, 57, 55, 53, 13, 39]}, 'gates': [[11, 3], [2], [11, 2], [11], [2], [3], [3, 2], [11, 3], [2, 11], [10], [3], [4], [3, 10], [4, 3], [10, 4], [3], [10, 3], [10], [3], [4], [4, 3], [10, 4], [3, 10], [9], [4], [5], [4, 9], [5, 4], [9, 5], [4], [9, 4], [9], [4], [5], [5, 4], [9, 5], [4, 9], [8], [5], [6], [5, 8], [6, 5], [8, 6], [5], [8, 5], [8], [5], [6], [6, 5], [8, 6], [5, 8], [7], [6], [1], [6, 7], [1, 6], [7, 1], [6], [7, 6], [7], [6], [1], [1, 6], [7, 1], [6, 7], [8], [5], [6], [5, 8], [6, 5], [8, 6], [5], [8, 5], [8], [5], [6], [6, 5], [8, 6], [5, 8], [9], [4]]}","{'map': {'0': 14, '1': 20, '2': 46, '3': 44, '4': 42, '5': 22, '6': 16, '7': 24, '8': 18, '9': 40, '10': 50, '11': 38}, 'arch': {'width': 13, 'height': 5, 'alg_qubits': [14, 40, 16, 42, 18, 44, 20, 46, 22, 48, 24, 50], 'magic_states': [1, 3, 5, 7, 9, 11, 25, 51, 63, 61, 59, 57, 55, 53, 13, 39]}, 'gates': [[7, 11], [5], [7, 5], [7], [5], [11], [11, 5], [7, 11], [5, 7], [9], [11], [0], [11, 9], [0, 11], [9, 0], [11], [9, 11], [9], [11], [0], [0, 11], [9, 0], [11, 9], [1], [10], [11], [10, 1], [11, 10], [1, 11], [10], [1, 10], [1], [10], [11], [11, 10], [1, 11], [10, 1], [2], [8], [10], [8, 2], [10, 8], [2, 10], [8], [2, 8], [2], [8], [10], [10, 8], [2, 10], [8, 2], [3], [7], [8], [7, 3], [8, 7], [3, 8], [7], [3, 7], [3], [7], [8], [8, 7], [3, 8], [7, 3], [5], [4], [7], [4, 5], [7, 4], [5, 7], [4], [5, 4], [5], [4], [7], [7, 4], [5, 7], [4, 5], [3], [7]]}","{'map': {'0': 24, '1': 20, '2': 46, '3': 50, '4': 14, '5': 16, '6': 40, '7': 22, '8': 48, '9': 18, '10': 44, '11': 26}, 'arch': {'width': 13, 'height': 5, 'alg_qubits': [14, 40, 16, 42, 18, 44, 20, 46, 22, 48, 24, 50], 'magic_states': [1, 3, 5, 7, 9, 11, 25, 51, 63, 61, 59, 57, 55, 53, 13, 39]}, 'gates': [[8, 10], [7], [11], [3], [11, 7], [3, 11], [7, 3], [11], [7, 11], [7], [11], [3], [3, 11], [7, 3], [11, 7], [10], [8], [11], [8, 10], [11, 8], [10, 11], [8], [10, 8], [10], [8], [11], [11, 8], [10, 11], [8, 10], [3], [11], [0], [11, 3], [0, 11], [3, 0], [11], [3, 11], [3], [11], [0], [0, 11], [3, 0], [11, 3], [1], [10], [11], [10, 1], [11, 10], [1, 11], [10], [1, 10], [1], [10], [11], [11, 10], [1, 11], [10, 1], [2], [9], [10], [9, 2], [10, 9], [2, 10], [9], [2, 9], [2], [9], [10], [10, 9], [2, 10], [9, 2], [6], [4], [9], [4, 6], [9, 4], [6, 9], [4], [6, 4], [6], [4]]}"
qft_7.qasm,"{'map': {'0': 14, '1': 40, '2': 12, '3': 16, '4': 20, '5': 36, '6': 34, '7': 38, '8': 42, '9': 18}, 'arch': {'width': 11, 'height': 5, 'alg_qubits': [12, 34, 14, 36, 16, 38, 18, 40, 20, 42], 'magic_states': [1, 3, 5, 7, 9, 21, 43, 53, 51, 49, 47, 45, 11, 33]}, 'gates': [[0], [0], [0], [0], [0], [0], [0], [0], [1], [1], [1], [1], [1], [1], [1], [1], [2], [2], [2], [2], [2], [2], [2], [2], [3], [3], [3], [3], [3], [3], [3], [3], [4], [4], [4], [4], [4], [4], [4], [4], [5], [5], [5], [5], [5], [5], [5], [5], [6], [6], [6], [6], [6], [6], [6], [6], [7], [7], [7], [7], [7], [7], [7], [7], [8], [8], [8], [8], [8], [8], [8], [8], [8], [8], [8], [8], [8], [8], [8], [8], [8, 9]]}","{'map': {'0': 42, '1': 40, '2': 14, '3': 38, '4': 18, '5': 20, '6': 36, '7': 12, '8': 34}, 'arch': {'width': 11, 'height': 5, 'alg_qubits': [12, 34, 14, 36, 16, 38, 18, 40, 20, 42], 'magic_states': [1, 3, 5, 7, 9, 21, 43, 53, 51, 49, 47, 45, 11, 33]}, 'gates': [[2], [1], [2, 5], [1, 2], [5, 1], [2], [5, 2], [5], [2], [1], [1, 2], [5, 1], [2, 5], [8], [6], [2], [6, 8], [2, 6], [8, 2], [6], [8, 6], [8], [6], [2], [2, 6], [8, 2], [6, 8], [5], [2], [1], [2, 5], [1, 2], [5, 1], [2], [5, 2], [5], [2], [1], [1, 2], [5, 1], [2, 5], [0], [4], [7], [4, 0], [7, 4], [0, 7], [4], [0, 4], [0], [4], [7], [7, 4], [0, 7], [4, 0], [1], [5], [4], [5, 1], [4, 5], [1, 4], [5], [1, 5], [1], [5], [4], [4, 5], [1, 4], [5, 1], [3], [2], [5], [2, 3], [5, 2], [3, 5], [2], [3, 2], [3], [2], [5], [5, 2]]}","{'map': {'0': 40, '1': 34, '2': 36, '3': 38, '4': 14, '5': 12, '6': 42, '7': 18, '8': 20}, 'arch': {'width': 11, 'height': 5, 'alg_qubits': [12, 34, 14, 36, 16, 38, 18, 40, 20, 42], 'magic_states': [1, 3, 5, 7, 9, 21, 43, 53, 51, 49, 47, 45, 11, 33]}, 'gates': [[2], [1], [2, 5], [1, 2], [5, 1], [2], [5, 2], [5], [2], [1], [1, 2], [5, 1], [2, 5], [7], [6], [2], [6, 7], [2, 6], [7, 2], [6], [7, 6], [7], [6], [2], [2, 6], [7, 2], [6, 7], [5], [2], [1], [2, 5], [1, 2], [5, 1], [2], [5, 2], [5], [2], [1], [1, 2], [5, 1], [2, 5], [0], [4], [8], [4, 0], [8, 4], [0, 8], [4], [0, 4], [0], [4], [8], [8, 4], [0, 8], [4, 0], [1], [5], [4], [5, 1], [4, 5], [1, 4], [5], [1, 5], [1], [5], [4], [4, 5], [1, 4], [5, 1], [3], [2], [5], [2, 3], [5, 2], [3, 5], [2], [3, 2], [3], [2], [5], [5, 2]]}","{'map': {'0': 40, '1': 34, '2': 36, '3': 38, '4': 14, '5': 12, '6': 42, '7': 18, '8': 20}, 'arch': {'width': 11, 'height': 5, 'alg_qubits': [12, 34, 14, 36, 16, 38, 18, 40, 20, 42], 'magic_states': [1, 3, 5, 7, 9, 21, 43, 53, 51, 49, 47, 45, 11, 33]}, 'gates': [[2], [1], [2, 5], [1, 2], [5, 1], [2], [5, 2], [5], [2], [1], [1, 2], [5, 1], [2, 5], [7], [6], [2], [6, 7], [2, 6], [7, 2], [6], [7, 6], [7], [6], [2], [2, 6], [7, 2], [6, 7], [5], [2], [1], [2, 5], [1, 2], [5, 1], [2], [5, 2], [5], [2], [1], [1, 2], [5, 1], [2, 5], [0], [4], [8], [4, 0], [8, 4], [0, 8], [4], [0, 4], [0], [4], [8], [8, 4], [0, 8], [4, 0], [1], [5], [4], [5, 1], [4, 5], [1, 4], [5], [1, 5], [1], [5], [4], [4, 5], [1, 4], [5, 1], [3], [2], [5], [2, 3], [5, 2], [3, 5], [2], [3, 2], [3], [2], [5], [5, 2]]}","{'map': {'0': 42, '1': 12, '2': 20, '3': 40, '4': 36, '5': 34, '6': 16, '7': 38, '8': 18}, 'arch': {'width': 11, 'height': 5, 'alg_qubits': [12, 34, 14, 36, 16, 38, 18, 40, 20, 42], 'magic_states': [1, 3, 5, 7, 9, 21, 43, 53, 51, 49, 47, 45, 11, 33]}, 'gates': [[8], [7], [6], [7, 8], [6, 7], [8, 6], [7], [8, 7], [8], [7], [6], [6, 7], [8, 6], [7, 8], [3], [1], [0], [1, 3], [0, 1], [3, 0], [1], [3, 1], [3], [1], [0], [0, 1], [3, 0], [1, 3], [4], [2], [1], [2, 4], [1, 2], [4, 1], [2], [4, 2], [4], [2], [1], [1, 2], [4, 1], [2, 4], [6], [5], [2], [5, 6], [2, 5], [6, 2], [5], [6, 5], [6], [5], [2], [2, 5], [6, 2], [5, 6], [4], [2], [1], [2, 4], [1, 2], [4, 1], [2], [4, 2], [4], [2], [1], [1, 2], [4, 1], [2, 4], [3], [1], [0], [1, 3], [0, 1], [3, 0], [1], [3, 1], [3], [1], [0]]}"
qft_3.qasm,"{'map': {'0': 10, '1': 12, '2': 32, '3': 16, '4': 14, '5': 34, '6': 30, '7': 28}, 'arch': {'width': 9, 'height': 5, 'alg_qubits': [10, 28, 12, 30, 14, 32, 16, 34], 'magic_states': [1, 3, 5, 7, 17, 35, 43, 41, 39, 37, 9, 27]}, 'gates': [[4, 1], [2, 4], [3], [1], [0], [1, 3], [0, 1], [3, 0], [1], [3, 1], [3], [1], [0], [0, 1], [3, 0], [1, 3], [4], [2], [1], [2, 4], [1, 2], [4, 1], [2], [4, 2], [4], [2], [1], [1, 2], [4, 1], [2, 4], [6], [5], [2], [5, 6], [2, 5], [6, 2], [5], [6, 5], [6], [5], [2], [2, 5], [6, 2], [5, 6], [4], [2], [1], [2, 4], [1, 2], [4, 1], [2], [4, 2], [4], [2], [1], [1, 2], [4, 1], [2, 4], [0], [3], [7], [3, 0], [7, 3], [0, 7], [3], [0, 3], [0], [3], [7], [7, 3], [0, 7], [3, 0], [2], [1], [3], [1, 2], [3, 1], [2, 3], [1], [2, 1], [2]]}","{'map': {'0': 34, '1': 28, '2': 10, '3': 16, '4': 14, '5': 32, '6': 30}, 'arch': {'width': 9, 'height': 5, 'alg_qubits': [10, 28, 12, 30, 14, 32, 16, 34], 'magic_states': [1, 3, 5, 7, 17, 35, 43, 41, 39, 37, 9, 27]}, 'gates': [[4], [2], [1], [2, 4], [1, 2], [4, 1], [2], [4, 2], [4], [2], [1], [1, 2], [4, 1], [2, 4], [6], [5], [2], [5, 6], [2, 5], [6, 2], [5], [6, 5], [6], [5], [2], [2, 5], [6, 2], [5, 6], [4], [2], [1], [2, 4], [1, 2], [4, 1], [2], [4, 2], [4], [2], [1], [1, 2], [4, 1], [2, 4], [3], [1], [0], [1, 3], [0, 1], [3, 0], [1], [3, 1], [3], [1], [0], [0, 1], [3, 0], [1, 3], [4], [2], [1], [2, 4], [1, 2], [4, 1], [2], [4, 2], [4], [2], [1], [1, 2], [4, 1], [2, 4], [6], [5], [2], [5, 6], [2, 5], [6, 2], [5], [6, 5], [6], [5], [2]]}","{'map': {'0': 32, '1': 34, '2': 12, '3': 16, '4': 14, '5': 30, '6': 10}, 'arch': {'width': 9, 'height': 5, 'alg_qubits': [10, 28, 12, 30, 14, 32, 16, 34], 'magic_states': [1, 3, 5, 7, 17, 35, 43, 41, 39, 37, 9, 27]}, 'gates': [[4], [2], [1], [2, 4], [1, 2], [4, 1], [2], [4, 2], [4], [2], [1], [1, 2], [4, 1], [2, 4], [6], [5], [2], [5, 6], [2, 5], [6, 2], [5], [6, 5], [6], [5], [2], [2, 5], [6, 2], [5, 6], [4], [2], [1], [2, 4], [1, 2], [4, 1], [2], [4, 2], [4], [2], [1], [1, 2], [4, 1], [2, 4], [3], [1], [0], [1, 3], [0, 1], [3, 0], [1], [3, 1], [3], [1], [0], [0, 1], [3, 0], [1, 3], [4], [2], [1], [2, 4], [1, 2], [4, 1], [2], [4, 2], [4], [2], [1], [1, 2], [4, 1], [2, 4], [6], [5], [2], [5, 6], [2, 5], [6, 2], [5], [6, 5], [6], [5], [2]]}","{'map': {'0': 14, '1': 30, '2': 16, '3': 34, '4': 12, '5': 10, '6': 32, '7': 28}, 'arch': {'width': 9, 'height': 5, 'alg_qubits': [10, 28, 12, 30, 14, 32, 16, 34], 'magic_states': [1, 3, 5, 7, 17, 35, 43, 41, 39, 37, 9, 27]}, 'gates': [[2, 3], [1, 2], [0], [3], [7], [3, 0], [7, 3], [0, 7], [3], [0, 3], [0], [3], [7], [7, 3], [0, 7], [3, 0], [2], [1], [3], [1, 2], [3, 1], [2, 3], [1], [2, 1], [2], [1], [3], [3, 1], [2, 3], [1, 2], [1], [5], [4], [5, 1], [4, 5], [1, 4], [5], [1, 5], [1], [5], [4], [4, 5], [1, 4], [5, 1], [1], [5], [3], [5, 1], [3, 5], [1, 3], [5], [1, 5], [1], [5], [3], [3, 5], [1, 3], [5, 1], [1], [5], [2], [5, 1], [2, 5], [1, 2], [5], [1, 5], [1], [5], [2], [2, 5], [1, 2], [5, 1], [6], [3], [2], [3, 6], [2, 3], [6, 2], [3], [6, 3], [6]]}","{'map': {'0': 12, '1': 30, '2': 28, '3': 14, '4': 32, '5': 16, '6': 10, '7': 34}, 'arch': {'width': 9, 'height': 5, 'alg_qubits': [10, 28, 12, 30, 14, 32, 16, 34], 'magic_states': [1, 3, 5, 7, 17, 35, 43, 41, 39, 37, 9, 27]}, 'gates': [[3], [1], [0], [1, 3], [0, 1], [3, 0], [1], [3, 1], [3], [1], [0], [0, 1], [3, 0], [1, 3], [4], [2], [1], [2, 4], [1, 2], [4, 1], [2], [4, 2], [4], [2], [1], [1, 2], [4, 1], [2, 4], [6], [5], [2], [5, 6], [2, 5], [6, 2], [5], [6, 5], [6], [5], [2], [2, 5], [6, 2], [5, 6], [4], [2], [1], [2, 4], [1, 2], [4, 1], [2], [4, 2], [4], [2], [1], [1, 2], [4, 1], [2, 4], [0], [3], [7], [3, 0], [7, 3], [0, 7], [3], [0, 3], [0], [3], [7], [7, 3], [0, 7], [3, 0], [2], [1], [3], [1, 2], [3, 1], [2, 3], [1], [2, 1], [2], [1], [3]]}"
qaoa_1.qasm,"{'map': {'0': 42, '1': 14, '2': 34, '3': 16, '4': 12, '5': 40, '6': 38, '7': 18, '8': 36, '9': 20}, 'arch': {'width': 11, 'height': 5, 'alg_qubits': [12, 34, 14, 36, 16, 38, 18, 40, 20, 42], 'magic_states': [1, 3, 5, 7, 9, 21, 43, 53, 51, 49, 47, 45, 11, 33]}, 'gates': [[6, 7], [5], [8], [2], [8, 5], [2, 8], [5, 2], [8], [5, 8], [5], [8], [2], [2, 8], [5, 2], [8, 5], [4], [2], [1], [2, 4], [1, 2], [4, 1], [2], [4, 2], [4], [2], [1], [1, 2], [4, 1], [2, 4], [0], [3], [9], [3, 0], [9, 3], [0, 9], [3], [0, 3], [0], [3], [9], [9, 3], [0, 9], [3, 0], [2], [1], [3], [1, 2], [3, 1], [2, 3], [1], [2, 1], [2], [1], [3], [3, 1], [2, 3], [1, 2], [0], [3], [9], [3, 0], [9, 3], [0, 9], [3], [0, 3], [0], [3], [9], [9, 3], [0, 9], [3, 0], [2], [1], [3], [1, 2], [3, 1], [2, 3], [1], [2, 1], [2], [1]]}","{'map': {'0': 42, '1': 14, '2': 34, '3': 16, '4': 12, '5': 40, '6': 38, '7': 18, '8': 36, '9': 20}, 'arch': {'width': 11, 'height': 5, 'alg_qubits': [12, 34, 14, 36, 16, 38, 18, 40, 20, 42], 'magic_states': [1, 3, 5, 7, 9, 21, 43, 53, 51, 49, 47, 45, 11, 33]}, 'gates': [[6, 7], [5], [8], [2], [8, 5], [2, 8], [5, 2], [8], [5, 8], [5], [8], [2], [2, 8], [5, 2], [8, 5], [4], [2], [1], [2, 4], [1, 2], [4, 1], [2], [4, 2], [4], [2], [1], [1, 2], [4, 1], [2, 4], [0], [3], [9], [3, 0], [9, 3], [0, 9], [3], [0, 3], [0], [3], [9], [9, 3], [0, 9], [3, 0], [2], [1], [3], [1, 2], [3, 1], [2, 3], [1], [2, 1], [2], [1], [3], [3, 1], [2, 3], [1, 2], [0], [3], [9], [3, 0], [9, 3], [0, 9], [3], [0, 3], [0], [3], [9], [9, 3], [0, 9], [3, 0], [2], [1], [3], [1, 2], [3, 1], [2, 3], [1], [2, 1], [2], [1]]}","{'map': {'0': 40, '1': 34, '2': 36, '3': 18, '4': 20, '5': 12, '6': 16, '7': 42, '8': 38, '9': 14}, 'arch': {'width': 11, 'height': 5, 'alg_qubits': [12, 34, 14, 36, 16, 38, 18, 40, 20, 42], 'magic_states': [1, 3, 5, 7, 9, 21, 43, 53, 51, 49, 47, 45, 11, 33]}, 'gates': [[6, 7], [5], [8], [2], [8, 5], [2, 8], [5, 2], [8], [5, 8], [5], [8], [2], [2, 8], [5, 2], [8, 5], [4], [2], [1], [2, 4], [1, 2], [4, 1], [2], [4, 2], [4], [2], [1], [1, 2], [4, 1], [2, 4], [0], [3], [9], [3, 0], [9, 3], [0, 9], [3], [0, 3], [0], [3], [9], [9, 3], [0, 9], [3, 0], [2], [1], [3], [1, 2], [3, 1], [2, 3], [1], [2, 1], [2], [1], [3], [3, 1], [2, 3], [1, 2], [0], [3], [9], [3, 0], [9, 3], [0, 9], [3], [0, 3], [0], [3], [9], [9, 3], [0, 9], [3, 0], [2], [1], [3], [1, 2], [3, 1], [2, 3], [1], [2, 1], [2], [1]]}","{'map': {'0': 34, '1': 38, '2': 40, '3': 16, '4': 36, '5': 18, '6': 42, '7': 12, '8': 14}, 'arch': {'width': 11, 'height': 5, 'alg_qubits': [12, 34, 14, 36, 16, 38, 18, 40, 20, 42], 'magic_states': [1, 3, 5, 7, 9, 21, 43, 53, 51, 49, 47, 45, 11, 33]}, 'gates': [[6, 7], [5], [2], [1], [2, 5], [1, 2], [5, 1], [2], [5, 2], [5], [2], [1], [1, 2], [5, 1], [2, 5], [0], [4], [8], [4, 0], [8, 4], [0, 8], [4], [0, 4], [0], [4], [8], [8, 4], [0, 8], [4, 0], [1], [5], [4], [5, 1], [4, 5], [1, 4], [5], [1, 5], [1], [5], [4], [4, 5], [1, 4], [5, 1], [3], [2], [5], [2, 3], [5, 2], [3, 5], [2], [3, 2], [3], [2], [5], [5, 2], [3, 5], [2, 3], [1], [5], [4], [5, 1], [4, 5], [1, 4], [5], [1, 5], [1], [5], [4], [4, 5], [1, 4], [5, 1], [0], [4], [8], [4, 0], [8, 4], [0, 8], [4], [0, 4], [0], [4]]}","{'map': {'0': 18, '1': 38, '2': 12, '3': 20, '4': 40, '5': 36, '6': 34, '7': 14, '8': 42}, 'arch': {'width': 11, 'height': 5, 'alg_qubits': [12, 34, 14, 36, 16, 38, 18, 40, 20, 42], 'magic_states': [1, 3, 5, 7, 9, 21, 43, 53, 51, 49, 47, 45, 11, 33]}, 'gates': [[2], [0], [0, 2], [5, 0], [2, 5], [4], [0], [1], [0, 4], [1, 0], [4, 1], [0], [4, 0], [4], [0], [1], [1, 0], [4, 1], [0, 4], [5], [2], [0], [2, 5], [0, 2], [5, 0], [2], [5, 2], [5], [2], [0], [0, 2], [5, 0], [2, 5], [6], [3], [2], [3, 6], [2, 3], [6, 2], [3], [6, 3], [6], [3], [2], [2, 3], [6, 2], [3, 6], [8], [7], [3], [7, 8], [3, 7], [8, 3], [7], [8, 7], [8], [7], [3], [3, 7], [8, 3], [7, 8], [6], [3], [2], [3, 6], [2, 3], [6, 2], [3], [6, 3], [6], [3], [2], [2, 3], [6, 2], [3, 6], [5], [2], [0], [2, 5], [0, 2], [5, 0]]}"
quarl_suite_15.qasm,"{'map': {'0': 10, '1': 24, '2': 8, '3': 12, '4': 22, '5': 26}, 'arch': {'width': 7, 'height': 5, 'alg_qubits': [8, 22, 10, 24, 12, 26], 'magic_states': [1, 3, 5, 13, 27, 33, 31, 29, 7, 21]}, 'gates': [[5], [4], [0], [4, 5], [0, 4], [5, 0], [4], [5, 4], [5], [4], [0], [0, 4], [5, 0], [4, 5], [5], [4], [1], [4, 5], [1, 4], [5, 1], [4], [5, 4], [5], [4], [1], [1, 4], [5, 1], [4, 5], [1], [5], [0], [5, 1], [0, 5], [1, 0], [5], [1, 5], [1], [5], [0], [0, 5], [1, 0], [5, 1], [3], [2], [5], [2, 3], [5, 2], [3, 5], [2], [3, 2], [3], [2], [5], [5, 2], [3, 5], [2, 3], [1], [5], [0], [5, 1], [0, 5], [1, 0], [5], [1, 5], [1], [5], [0], [0, 5], [1, 0], [5, 1], [3], [2], [5], [2, 3], [5, 2], [3, 5], [2], [3, 2], [3], [2], [5]]}","{'map': {'0': 24, '1': 8, '2': 10, '3': 26, '4': 12, '5': 22}, 'arch': {'width': 7, 'height': 5, 'alg_qubits': [8, 22, 10, 24, 12, 26], 'magic_states': [1, 3, 5, 13, 27, 33, 31, 29, 7, 21]}, 'gates': [[3], [5], [1], [1, 5], [3, 1], [5, 3], [0], [2], [5], [2, 0], [5, 2], [0, 5], [2], [0, 2], [0], [2], [5], [5, 2], [0, 5], [2, 0], [2], [3], [1], [3, 2], [1, 3], [2, 1], [3], [2, 3], [2], [3], [1], [1, 3], [2, 1], [3, 2], [4, 3], [1], [3], [4], [3, 1], [4, 3], [1, 4], [3], [1, 3], [1], [3], [4], [4, 3], [1, 4], [3, 1], [4, 3], [4, 0], [4, 1], [2], [5], [3], [5, 2], [3, 5], [2, 3], [5], [2, 5], [2], [5], [3], [3, 5], [2, 3], [5, 2], [0], [1], [5], [1, 0], [5, 1], [0, 5], [1], [0, 1], [0], [1], [5], [5, 1], [0, 5], [1, 0], [2]]}","{'map': {'0': 26, '1': 24, '2': 8, '3': 10, '4': 12, '5': 22}, 'arch': {'width': 7, 'height': 5, 'alg_qubits': [8, 22, 10, 24, 12, 26], 'magic_states': [1, 3, 5, 13, 27, 33, 31, 29, 7, 21]}, 'gates': [[5], [2], [3], [2, 5], [3, 2], [5, 3], [2], [5, 2], [5], [2], [3], [3, 2], [5, 3], [2, 5], [0], [4], [2], [4, 0], [2, 4], [0, 2], [4], [0, 4], [0], [4], [2], [2, 4], [0, 2], [4, 0], [5], [2], [3], [2, 5], [3, 2], [5, 3], [2], [5, 2], [5], [2], [3], [3, 2], [5, 3], [2, 5], [0], [4], [2], [4, 0], [2, 4], [0, 2], [4], [0, 4], [0], [4], [2], [2, 4], [0, 2], [4, 0], [2], [5], [4], [5, 2], [4, 5], [2, 4], [5], [2, 5], [2], [5], [4], [4, 5], [2, 4], [5, 2], [2, 4], [1], [3], [4], [3, 1], [4, 3], [1, 4], [3], [1, 3], [1], [3]]}","{'map': {'0': 26, '1': 24, '2': 12, '3': 8, '4': 22, '5': 10}, 'arch': {'width': 7, 'height': 5, 'alg_qubits': [8, 22, 10, 24, 12, 26], 'magic_states': [1, 3, 5, 13, 27, 33, 31, 29, 7, 21]}, 'gates': [[1], [4], [2], [4, 1], [2, 4], [1, 2], [4], [1, 4], [1], [4], [2], [2, 4], [1, 2], [4, 1], [5], [3], [4], [3, 5], [4, 3], [5, 4], [3], [5, 3], [5], [3], [4], [4, 3], [5, 4], [3, 5], [0], [1], [3], [1, 0], [3, 1], [0, 3], [1], [0, 1], [0], [1], [3], [3, 1], [0, 3], [1, 0], [5], [3], [4], [3, 5], [4, 3], [5, 4], [3], [5, 3], [5], [3], [4], [4, 3], [5, 4], [3, 5], [0], [1], [3], [1, 0], [3, 1], [0, 3], [1], [0, 1], [0], [1], [3], [3, 1], [0, 3], [1, 0], [1], [5], [3], [5, 1], [3, 5], [1, 3], [5], [1, 5], [1], [5], [3]]}","{'map': {'0': 10, '1': 24, '2': 12, '3': 22, '4': 8, '5': 26}, 'arch': {'width': 7, 'height': 5, 'alg_qubits': [8, 22, 10, 24, 12, 26], 'magic_states': [1, 3, 5, 13, 27, 33, 31, 29, 7, 21]}, 'gates': [[2], [1], [0], [1, 2], [0, 1], [2, 0], [1], [2, 1], [2], [1], [0], [0, 1], [2, 0], [1, 2], [4, 0], [3], [2], [5], [2, 3], [5, 2], [3, 5], [2], [3, 2], [3], [2], [5], [5, 2], [3, 5], [2, 3], [5], [3], [4], [3, 5], [4, 3], [5, 4], [3], [5, 3], [5], [3], [4], [4, 3], [5, 4], [3, 5], [1], [0], [3], [0, 1], [3, 0], [1, 3], [0], [1, 0], [1], [0], [3], [3, 0], [1, 3], [0, 1], [5], [3], [4], [3, 5], [4, 3], [5, 4], [3], [5, 3], [5], [3], [4], [4, 3], [5, 4], [3, 5], [1], [0], [3], [0, 1], [3, 0], [1, 3], [0], [1, 0], [1], [0]]}"
jku_suite_64.qasm,"{'map': {'0': 16, '1': 36, '2': 12, '3': 42, '4': 20, '5': 34, '6': 40, '7': 38, '8': 14}, 'arch': {'width': 11, 'height': 5, 'alg_qubits': [12, 34, 14, 36, 16, 38, 18, 40, 20, 42], 'magic_states': [1, 3, 5, 7, 9, 21, 43, 53, 51, 49, 47, 45, 11, 33]}, 'gates': [[0, 4], [5], [2], [0], [2, 5], [0, 2], [5, 0], [2], [5, 2], [5], [2], [0], [0, 2], [5, 0], [2, 5], [6], [3], [2], [3, 6], [2, 3], [6, 2], [3], [6, 3], [6], [3], [2], [2, 3], [6, 2], [3, 6], [8], [7], [3], [7, 8], [3, 7], [8, 3], [7], [8, 7], [8], [7], [3], [3, 7], [8, 3], [7, 8], [6], [3], [2], [3, 6], [2, 3], [6, 2], [3], [6, 3], [6], [3], [2], [2, 3], [6, 2], [3, 6], [5], [2], [0], [2, 5], [0, 2], [5, 0], [2], [5, 2], [5], [2], [0], [0, 2], [5, 0], [2, 5], [1], [4], [0], [4, 1], [0, 4], [1, 0], [4], [1, 4], [1], [4]]}","{'map': {'0': 16, '1': 36, '2': 12, '3': 42, '4': 20, '5': 34, '6': 40, '7': 38, '8': 14}, 'arch': {'width': 11, 'height': 5, 'alg_qubits': [12, 34, 14, 36, 16, 38, 18, 40, 20, 42], 'magic_states': [1, 3, 5, 7, 9, 21, 43, 53, 51, 49, 47, 45, 11, 33]}, 'gates': [[0, 4], [5], [2], [0], [2, 5], [0, 2], [5, 0], [2], [5, 2], [5], [2], [0], [0, 2], [5, 0], [2, 5], [6], [3], [2], [3, 6], [2, 3], [6, 2], [3], [6, 3], [6], [3], [2], [2, 3], [6, 2], [3, 6], [8], [7], [3], [7, 8], [3, 7], [8, 3], [7], [8, 7], [8], [7], [3], [3, 7], [8, 3], [7, 8], [6], [3], [2], [3, 6], [2, 3], [6, 2], [3], [6, 3], [6], [3], [2], [2, 3], [6, 2], [3, 6], [5], [2], [0], [2, 5], [0, 2], [5, 0], [2], [5, 2], [5], [2], [0], [0, 2], [5, 0], [2, 5], [1], [4], [0], [4, 1], [0, 4], [1, 0], [4], [1, 4], [1], [4]]}","{'map': {'0': 18, '1': 38, '2': 12, '3': 20, '4': 40, '5': 36, '6': 34, '7': 14, '8': 42}, 'arch': {'width': 11, 'height': 5, 'alg_qubits': [12, 34, 14, 36, 16, 38, 18, 40, 20, 42], 'magic_states': [1, 3, 5, 7, 9, 21, 43, 53, 51, 49, 47, 45, 11, 33]}, 'gates': [[2], [0], [0, 2], [5, 0], [2, 5], [4], [0], [1], [0, 4], [1, 0], [4, 1], [0], [4, 0], [4], [0], [1], [1, 0], [4, 1], [0, 4], [5], [2], [0], [2, 5], [0, 2], [5, 0], [2], [5, 2], [5], [2], [0], [0, 2], [5, 0], [2, 5], [6], [3], [2], [3, 6], [2, 3], [6, 2], [3], [6, 3], [6], [3], [2], [2, 3], [6, 2], [3, 6], [8], [7], [3], [7, 8], [3, 7], [8, 3], [7], [8, 7], [8], [7], [3], [3, 7], [8, 3], [7, 8], [6], [3], [2], [3, 6], [2, 3], [6, 2], [3], [6, 3], [6], [3], [2], [2, 3], [6, 2], [3, 6], [5], [2], [0], [2, 5], [0, 2], [5, 0]]}","{'map': {'0': 18, '1': 38, '2': 12, '3': 20, '4': 40, '5': 36, '6': 34, '7': 14, '8': 42}, 'arch': {'width': 11, 'height': 5, 'alg_qubits': [12, 34, 14, 36, 16, 38, 18, 40, 20, 42], 'magic_states': [1, 3, 5, 7, 9, 21, 43, 53, 51, 49, 47, 45, 11, 33]}, 'gates': [[2], [0], [0, 2], [5, 0], [2, 5], [4], [0], [1], [0, 4], [1, 0], [4, 1], [0], [4, 0], [4], [0], [1], [1, 0], [4, 1], [0, 4], [5], [2], [0], [2, 5], [0, 2], [5, 0], [2], [5, 2], [5], [2], [0], [0, 2], [5, 0], [2, 5], [6], [3], [2], [3, 6], [2, 3], [6, 2], [3], [6, 3], [6], [3], [2], [2, 3], [6, 2], [3, 6], [8], [7], [3], [7, 8], [3, 7], [8, 3], [7], [8, 7], [8], [7], [3], [3, 7], [8, 3], [7, 8], [6], [3], [2], [3, 6], [2, 3], [6, 2], [3], [6, 3], [6], [3], [2], [2, 3], [6, 2], [3, 6], [5], [2], [0], [2, 5], [0, 2], [5, 0]]}","{'map': {'0': 16, '1': 40, '2': 14, '3': 20, '4': 36, '5': 18, '6': 38, '7': 12, '8': 42, '9': 34}, 'arch': {'width': 11, 'height': 5, 'alg_qubits': [12, 34, 14, 36, 16, 38, 18, 40, 20, 42], 'magic_states': [1, 3, 5, 7, 9, 21, 43, 53, 51, 49, 47, 45, 11, 33]}, 'gates': [[2], [4], [3], [3, 4], [2, 3], [4, 2], [6], [3], [5], [3, 6], [5, 3], [6, 5], [3], [6, 3], [6], [3], [5], [5, 3], [6, 5], [3, 6], [7], [5], [9], [5, 7], [9, 5], [7, 9], [5], [7, 5], [7], [5], [9], [9, 5], [7, 9], [5, 7], [8], [9], [1], [9, 8], [1, 9], [8, 1], [9], [8, 9], [8], [9], [1], [1, 9], [8, 1], [9, 8], [7], [4], [9], [4, 7], [9, 4], [7, 9], [4], [7, 4], [7], [4], [9], [9, 4], [7, 9], [4, 7], [6], [3], [4], [3, 6], [4, 3], [6, 4], [3], [6, 3], [6], [3], [4], [4, 3], [6, 4], [3, 6], [0], [5], [3], [5, 0], [3, 5]]}"
qft_2.qasm,"{'map': {'0': 26, '1': 46, '2': 56, '3': 20, '4': 22, '5': 54, '6': 50, '7': 28, '8': 24, '9': 58, '10': 18, '11': 16, '12': 52, '13': 48}, 'arch': {'width': 15, 'height': 5, 'alg_qubits': [16, 46, 18, 48, 20, 50, 22, 52, 24, 54, 26, 56, 28, 58], 'magic_states': [1, 3, 5, 7, 9, 11, 13, 29, 59, 73, 71, 69, 67, 65, 63, 61, 15, 45]}, 'gates': [[2], [1, 2], [1], [2], [12], [12, 2], [1, 12], [2, 1], [3], [12], [13], [12, 3], [13, 12], [3, 13], [12], [3, 12], [3], [12], [13], [13, 12], [3, 13], [12, 3], [7], [13], [0], [13, 7], [0, 13], [7, 0], [13], [7, 13], [7], [13], [0], [0, 13], [7, 0], [13, 7], [12], [11], [13], [11, 12], [13, 11], [12, 13], [11], [12, 11], [12], [11], [13], [13, 11], [12, 13], [11, 12], [10], [8], [11], [8, 10], [11, 8], [10, 11], [8], [10, 8], [10], [8], [11], [11, 8], [10, 11], [8, 10], [9], [4], [8], [4, 9], [8, 4], [9, 8], [4], [9, 4], [9], [4], [8], [8, 4], [9, 8], [4, 9], [5], [6], [4]]}","{'map': {'0': 50, '1': 20, '2': 18, '3': 58, '4': 52, '5': 28, '6': 24, '7': 48, '8': 22, '9': 56, '10': 46, '11': 26, '12': 16, '13': 54}, 'arch': {'width': 15, 'height': 5, 'alg_qubits': [16, 46, 18, 48, 20, 50, 22, 52, 24, 54, 26, 56, 28, 58], 'magic_states': [1, 3, 5, 7, 9, 11, 13, 29, 59, 73, 71, 69, 67, 65, 63, 61, 15, 45]}, 'gates': [[2], [1, 2], [1], [2], [12], [12, 2], [1, 12], [2, 1], [3], [12], [13], [12, 3], [13, 12], [3, 13], [12], [3, 12], [3], [12], [13], [13, 12], [3, 13], [12, 3], [6], [13], [0], [13, 6], [0, 13], [6, 0], [13], [6, 13], [6], [13], [0], [0, 13], [6, 0], [13, 6], [12], [11], [13], [11, 12], [13, 11], [12, 13], [11], [12, 11], [12], [11], [13], [13, 11], [12, 13], [11, 12], [10], [7], [11], [7, 10], [11, 7], [10, 11], [7], [10, 7], [10], [7], [11], [11, 7], [10, 11], [7, 10], [9], [4], [7], [4, 9], [7, 4], [9, 7], [4], [9, 4], [9], [4], [7], [7, 4], [9, 7], [4, 9], [5], [8], [4]]}","{'map': {'0': 24, '1': 52, '2': 58, '3': 22, '4': 26, '5': 18, '6': 54, '7': 50, '8': 20, '9': 28, '10': 46, '11': 16, '12': 48}, 'arch': {'width': 15, 'height': 5, 'alg_qubits': [16, 46, 18, 48, 20, 50, 22, 52, 24, 54, 26, 56, 28, 58], 'magic_states': [1, 3, 5, 7, 9, 11, 13, 29, 59, 73, 71, 69, 67, 65, 63, 61, 15, 45]}, 'gates': [[11], [6, 11], [6], [11], [12], [12, 11], [6, 12], [11, 6], [9], [12], [0], [12, 9], [0, 12], [9, 0], [12], [9, 12], [9], [12], [0], [0, 12], [9, 0], [12, 9], [6], [11], [12], [11, 6], [12, 11], [6, 12], [11], [6, 11], [6], [11], [12], [12, 11], [6, 12], [11, 6], [5], [10], [11], [10, 5], [11, 10], [5, 11], [10], [5, 10], [5], [10], [11], [11, 10], [5, 11], [10, 5], [4], [8], [10], [8, 4], [10, 8], [4, 10], [8], [4, 8], [4], [8], [10], [10, 8], [4, 10], [8, 4], [3], [7], [8], [7, 3], [8, 7], [3, 8], [7], [3, 7], [3], [7], [8], [8, 7], [3, 8], [7, 3], [1], [2], [7]]}","{'map': {'0': 18, '1': 54, '2': 22, '3': 48, '4': 56, '5': 16, '6': 20, '7': 52, '8': 50, '9': 24, '10': 58, '11': 28, '12': 46}, 'arch': {'width': 15, 'height': 5, 'alg_qubits': [16, 46, 18, 48, 20, 50, 22, 52, 24, 54, 26, 56, 28, 58], 'magic_states': [1, 3, 5, 7, 9, 11, 13, 29, 59, 73, 71, 69, 67, 65, 63, 61, 15, 45]}, 'gates': [[6], [0], [1], [1, 0], [6, 1], [0, 6], [4], [5], [0], [5, 4], [0, 5], [4, 0], [5], [4, 5], [4], [5], [0], [0, 5], [4, 0], [5, 4], [6], [0], [1], [0, 6], [1, 0], [6, 1], [0], [6, 0], [6], [0], [1], [1, 0], [6, 1], [0, 6], [7], [1], [2], [1, 7], [2, 1], [7, 2], [1], [7, 1], [7], [1], [2], [2, 1], [7, 2], [1, 7], [8], [2], [11], [2, 8], [11, 2], [8, 11], [2], [8, 2], [8], [2], [11], [11, 2], [8, 11], [2, 8], [9], [11], [12], [11, 9], [12, 11], [9, 12], [11], [9, 11], [9], [11], [12], [12, 11], [9, 12], [11, 9], [10], [12], [3], [12, 10], [3, 12]]}","{'map': {'0': 24, '1': 28, '2': 46, '3': 22, '4': 58, '5': 56, '6': 48, '7': 26, '8': 54, '9': 52, '10': 18, '11': 16, '12': 20}, 'arch': {'width': 15, 'height': 5, 'alg_qubits': [16, 46, 18, 48, 20, 50, 22, 52, 24, 54, 26, 56, 28, 58], 'magic_states': [1, 3, 5, 7, 9, 11, 13, 29, 59, 73, 71, 69, 67, 65, 63, 61, 15, 45]}, 'gates': [[8], [10], [12], [12, 10], [8, 12], [10, 8], [11], [12], [2], [12, 11], [2, 12], [11, 2], [12], [11, 12], [11], [12], [2], [2, 12], [11, 2], [12, 11], [8], [10], [12], [10, 8], [12, 10], [8, 12], [10], [8, 10], [8], [10], [12], [12, 10], [8, 12], [10, 8], [7], [9], [10], [9, 7], [10, 9], [7, 10], [9], [7, 9], [7], [9], [10], [10, 9], [7, 10], [9, 7], [6], [1], [9], [1, 6], [9, 1], [6, 9], [1], [6, 1], [6], [1], [9], [9, 1], [6, 9], [1, 6], [5], [0], [1], [0, 5], [1, 0], [5, 1], [0], [5, 0], [5], [0], [1], [1, 0], [5, 1], [0, 5], [3], [4], [0], [4, 3], [0, 4]]}"
autobraid_25.qasm,"{'map': {'0': 32, '1': 34, '2': 30, '3': 14, '4': 10, '5': 28, '6': 16}, 'arch': {'width': 9, 'height': 5, 'alg_qubits': [10, 28, 12, 30, 14, 32, 16, 34], 'magic_states': [1, 3, 5, 7, 17, 35, 43, 41, 39, 37, 9, 27]}, 'gates': [[1], [5], [0], [5, 1], [0, 5], [1, 0], [5], [1, 5], [1], [5], [0], [0, 5], [1, 0], [5, 1], [1], [5], [2], [5, 1], [2, 5], [1, 2], [5], [1, 5], [1], [5], [2], [2, 5], [1, 2], [5, 1], [1], [5], [4], [5, 1], [4, 5], [1, 4], [5], [1, 5], [1], [5], [4], [4, 5], [1, 4], [5, 1], [1], [6], [2], [6, 1], [2, 6], [1, 2], [6], [1, 6], [1], [6], [2], [2, 6], [1, 2], [6, 1], [1], [6], [3], [6, 1], [3, 6], [1, 3], [6], [1, 6], [1], [6], [3], [3, 6], [1, 3], [6, 1], [1], [6], [4], [6, 1], [4, 6], [1, 4], [6], [1, 6], [1], [6], [4]]}","{'map': {'0': 34, '1': 32, '2': 28, '3': 16, '4': 14, '5': 30, '6': 12}, 'arch': {'width': 9, 'height': 5, 'alg_qubits': [10, 28, 12, 30, 14, 32, 16, 34], 'magic_states': [1, 3, 5, 7, 17, 35, 43, 41, 39, 37, 9, 27]}, 'gates': [[6, 2], [0], [5], [1], [5, 0], [1, 5], [0, 1], [5], [0, 5], [0], [5], [1], [1, 5], [0, 1], [5, 0], [2], [6], [5], [6, 2], [5, 6], [2, 5], [6], [2, 6], [2], [6], [5], [5, 6], [2, 5], [6, 2], [4], [3], [6], [3, 4], [6, 3], [4, 6], [3], [4, 3], [4], [3], [6], [6, 3], [4, 6], [3, 4], [2], [6], [5], [6, 2], [5, 6], [2, 5], [6], [2, 6], [2], [6], [5], [5, 6], [2, 5], [6, 2], [5], [1], [0], [1, 5], [0, 1], [5, 0], [1], [5, 1], [5], [1], [0], [0, 1], [5, 0], [1, 5], [6], [2], [1], [2, 6], [1, 2], [6, 1], [2], [6, 2], [6], [2]]}","{'map': {'0': 16, '1': 10, '2': 28, '3': 12, '4': 14, '5': 34, '6': 32}, 'arch': {'width': 9, 'height': 5, 'alg_qubits': [10, 28, 12, 30, 14, 32, 16, 34], 'magic_states': [1, 3, 5, 7, 17, 35, 43, 41, 39, 37, 9, 27]}, 'gates': [[6, 2], [0], [5], [1], [5, 0], [1, 5], [0, 1], [5], [0, 5], [0], [5], [1], [1, 5], [0, 1], [5, 0], [2], [6], [5], [6, 2], [5, 6], [2, 5], [6], [2, 6], [2], [6], [5], [5, 6], [2, 5], [6, 2], [4], [3], [6], [3, 4], [6, 3], [4, 6], [3], [4, 3], [4], [3], [6], [6, 3], [4, 6], [3, 4], [2], [6], [5], [6, 2], [5, 6], [2, 5], [6], [2, 6], [2], [6], [5], [5, 6], [2, 5], [6, 2], [5], [1], [0], [1, 5], [0, 1], [5, 0], [1], [5, 1], [5], [1], [0], [0, 1], [5, 0], [1, 5], [6], [2], [1], [2, 6], [1, 2], [6, 1], [2], [6, 2], [6], [2]]}","{'map': {'0': 10, '1': 14, '2': 30, '3': 12, '4': 32, '5': 16, '6': 28}, 'arch': {'width': 9, 'height': 5, 'alg_qubits': [10, 28, 12, 30, 14, 32, 16, 34], 'magic_states': [1, 3, 5, 7, 17, 35, 43, 41, 39, 37, 9, 27]}, 'gates': [[4], [3], [6], [6, 3], [4, 6], [3, 4], [2], [6], [5], [6, 2], [5, 6], [2, 5], [6], [2, 6], [2], [6], [5], [5, 6], [2, 5], [6, 2], [0], [5], [1], [5, 0], [1, 5], [0, 1], [5], [0, 5], [0], [5], [1], [1, 5], [0, 1], [5, 0], [2], [6], [5], [6, 2], [5, 6], [2, 5], [6], [2, 6], [2], [6], [5], [5, 6], [2, 5], [6, 2], [4], [3], [6], [3, 4], [6, 3], [4, 6], [3], [4, 3], [4], [3], [6], [6, 3], [4, 6], [3, 4], [2], [6], [5], [6, 2], [5, 6], [2, 5], [6], [2, 6], [2], [6], [5], [5, 6], [2, 5], [6, 2], [5], [1], [0], [1, 5], [0, 1]]}","{'map': {'0': 28, '1': 12, '2': 10, '3': 14, '4': 34, '5': 32, '6': 30, '7': 16}, 'arch': {'width': 9, 'height': 5, 'alg_qubits': [10, 28, 12, 30, 14, 32, 16, 34], 'magic_states': [1, 3, 5, 7, 17, 35, 43, 41, 39, 37, 9, 27]}, 'gates': [[3, 5], [2], [3, 2], [3], [2], [5], [5, 2], [3, 5], [2, 3], [1], [5], [4], [5, 1], [4, 5], [1, 4], [5], [1, 5], [1], [5], [4], [4, 5], [1, 4], [5, 1], [4], [1], [0], [1, 4], [0, 1], [4, 0], [1], [4, 1], [4], [1], [0], [0, 1], [4, 0], [1, 4], [5], [2], [1], [2, 5], [1, 2], [5, 1], [2], [5, 2], [5], [2], [1], [1, 2], [5, 1], [2, 5], [7], [6], [2], [6, 7], [2, 6], [7, 2], [6], [7, 6], [7], [6], [2], [2, 6], [7, 2], [6, 7], [5], [2], [1], [2, 5], [1, 2], [5, 1], [2], [5, 2], [5], [2], [1], [1, 2], [5, 1], [2, 5], [4], [1]]}"
qft_0.qasm,"{'map': {'0': 34, '1': 16, '2': 30, '3': 10, '4': 14, '5': 28, '6': 12, '7': 32}, 'arch': {'width': 9, 'height': 5, 'alg_qubits': [10, 28, 12, 30, 14, 32, 16, 34], 'magic_states': [1, 3, 5, 7, 17, 35, 43, 41, 39, 37, 9, 27]}, 'gates': [[4], [0, 4], [0], [4], [7], [7, 4], [0, 7], [4, 0], [0], [4], [2], [4, 0], [2, 4], [0, 2], [4], [0, 4], [0], [4], [2], [2, 4], [0, 2], [4, 0], [0], [4], [1], [4, 0], [1, 4], [0, 1], [4], [0, 4], [0], [4], [1], [1, 4], [0, 1], [4, 0], [2], [7], [3], [7, 2], [3, 7], [2, 3], [7], [2, 7], [2], [7], [3], [3, 7], [2, 3], [7, 2], [2], [7], [5], [7, 2], [5, 7], [2, 5], [7], [2, 7], [2], [7], [5], [5, 7], [2, 5], [7, 2], [2], [7], [6], [7, 2], [6, 7], [2, 6], [7], [2, 7], [2], [7], [6], [6, 7], [2, 6], [7, 2], [5], [0], [4]]}","{'map': {'0': 28, '1': 32, '2': 14, '3': 34, '4': 10, '5': 12, '6': 30, '7': 16}, 'arch': {'width': 9, 'height': 5, 'alg_qubits': [10, 28, 12, 30, 14, 32, 16, 34], 'magic_states': [1, 3, 5, 7, 17, 35, 43, 41, 39, 37, 9, 27]}, 'gates': [[4], [7], [5], [5, 7], [4, 5], [7, 4], [6], [1], [7], [1, 6], [7, 1], [6, 7], [1], [6, 1], [6], [1], [7], [7, 1], [6, 7], [1, 6], [2], [3], [1], [3, 2], [1, 3], [2, 1], [3], [2, 3], [2], [3], [1], [1, 3], [2, 1], [3, 2], [6], [1], [7], [1, 6], [7, 1], [6, 7], [1], [6, 1], [6], [1], [7], [7, 1], [6, 7], [1, 6], [0], [1], [4], [1, 0], [4, 1], [0, 4], [1], [0, 1], [0], [1], [4], [4, 1], [0, 4], [1, 0], [4], [7], [5], [7, 4], [5, 7], [4, 5], [7], [4, 7], [4], [7], [5], [5, 7], [4, 5], [7, 4], [6], [1], [7], [1, 6], [7, 1]]}","{'map': {'0': 40, '1': 44, '2': 24, '3': 46, '4': 48, '5': 16, '6': 14, '7': 22, '8': 20, '9': 18, '10': 50}, 'arch': {'width': 13, 'height': 5, 'alg_qubits': [14, 40, 16, 42, 18, 44, 20, 46, 22, 48, 24, 50], 'magic_states': [1, 3, 5, 7, 9, 11, 25, 51, 63, 61, 59, 57, 55, 53, 13, 39]}, 'gates': [[7], [2], [1], [1, 2], [7, 1], [2, 7], [0], [6], [2], [6, 0], [2, 6], [0, 2], [6], [0, 6], [0], [6], [2], [2, 6], [0, 2], [6, 0], [7], [2], [1], [2, 7], [1, 2], [7, 1], [2], [7, 2], [7], [2], [1], [1, 2], [7, 1], [2, 7], [10], [9], [8], [9, 10], [8, 9], [10, 8], [9], [10, 9], [10], [9], [8], [8, 9], [10, 8], [9, 10], [5], [6], [0], [6, 5], [0, 6], [5, 0], [6], [5, 6], [5], [6], [0], [0, 6], [5, 0], [6, 5], [4], [7], [6], [7, 4], [6, 7], [4, 6], [7], [4, 7], [4], [7], [6], [6, 7], [4, 6], [7, 4], [3], [8], [7], [8, 3], [7, 8]]}","{'map': {'0': 18, '1': 46, '2': 24, '3': 50, '4': 22, '5': 16, '6': 40, '7': 48, '8': 44, '9': 14, '10': 20}, 'arch': {'width': 13, 'height': 5, 'alg_qubits': [14, 40, 16, 42, 18, 44, 20, 46, 22, 48, 24, 50], 'magic_states': [1, 3, 5, 7, 9, 11, 25, 51, 63, 61, 59, 57, 55, 53, 13, 39]}, 'gates': [[7], [2], [1], [1, 2], [7, 1], [2, 7], [0], [6], [2], [6, 0], [2, 6], [0, 2], [6], [0, 6], [0], [6], [2], [2, 6], [0, 2], [6, 0], [7], [2], [1], [2, 7], [1, 2], [7, 1], [2], [7, 2], [7], [2], [1], [1, 2], [7, 1], [2, 7], [10], [9], [8], [9, 10], [8, 9], [10, 8], [9], [10, 9], [10], [9], [8], [8, 9], [10, 8], [9, 10], [5], [6], [0], [6, 5], [0, 6], [5, 0], [6], [5, 6], [5], [6], [0], [0, 6], [5, 0], [6, 5], [4], [7], [6], [7, 4], [6, 7], [4, 6], [7], [4, 7], [4], [7], [6], [6, 7], [4, 6], [7, 4], [3], [8], [7], [8, 3], [7, 8]]}","{'map': {'0': 40, '1': 44, '2': 24, '3': 46, '4': 48, '5': 16, '6': 14, '7': 22, '8': 20, '9': 18, '10': 50}, 'arch': {'width': 13, 'height': 5, 'alg_qubits': [14, 40, 16, 42, 18, 44, 20, 46, 22, 48, 24, 50], 'magic_states': [1, 3, 5, 7, 9, 11, 25, 51, 63, 61, 59, 57, 55, 53, 13, 39]}, 'gates': [[7], [2], [1], [1, 2], [7, 1], [2, 7], [0], [6], [2], [6, 0], [2, 6], [0, 2], [6], [0, 6], [0], [6], [2], [2, 6], [0, 2], [6, 0], [7], [2], [1], [2, 7], [1, 2], [7, 1], [2], [7, 2], [7], [2], [1], [1, 2], [7, 1], [2, 7], [10], [9], [8], [9, 10], [8, 9], [10, 8], [9], [10, 9], [10], [9], [8], [8, 9], [10, 8], [9, 10], [5], [6], [0], [6, 5], [0, 6], [5, 0], [6], [5, 6], [5], [6], [0], [0, 6], [5, 0], [6, 5], [4], [7], [6], [7, 4], [6, 7], [4, 6], [7], [4, 7], [4], [7], [6], [6, 7], [4, 6], [7, 4], [3], [8], [7], [8, 3], [7, 8]]}"
quest_suite_4.qasm,"{'map': {'0': 14, '1': 30, '2': 34, '3': 16, '4': 10, '5': 28, '6': 12, '7': 32}, 'arch': {'width': 9, 'height': 5, 'alg_qubits': [10, 28, 12, 30, 14, 32, 16, 34], 'magic_states': [1, 3, 5, 7, 17, 35, 43, 41, 39, 37, 9, 27]}, 'gates': [[0, 2], [1, 5], [0, 2], [1, 5], [2, 3], [0, 6], [1, 7], [4, 5], [2, 3], [0, 6], [1, 7], [4, 5], [3, 7], [4, 6], [1, 5], [0, 2], [3, 7], [4, 6], [1, 5], [0, 2], [4, 5], [2, 3], [0, 6], [1, 7], [4, 5], [2, 3], [0, 6], [1, 7], [4, 6], [3, 7], [4, 6], [3, 7]]}","{'map': {'0': 10, '1': 34, '2': 16, '3': 30, '4': 12, '5': 28, '6': 14, '7': 32}, 'arch': {'width': 9, 'height': 5, 'alg_qubits': [10, 28, 12, 30, 14, 32, 16, 34], 'magic_states': [1, 3, 5, 7, 17, 35, 43, 41, 39, 37, 9, 27]}, 'gates': [[5, 2], [3, 5], [7], [6], [3], [6, 7], [3, 6], [7, 3], [6], [7, 6], [7], [6], [3], [3, 6], [7, 3], [6, 7], [5], [3], [2], [3, 5], [2, 3], [5, 2], [3], [5, 3], [5], [3], [2], [2, 3], [5, 2], [3, 5], [1], [4], [2], [4, 1], [2, 4], [1, 2], [4], [1, 4], [1], [4], [2], [2, 4], [1, 2], [4, 1], [1], [4], [3], [4, 1], [3, 4], [1, 3], [4], [1, 4], [1], [4], [3], [3, 4], [1, 3], [4, 1], [7], [6], [5], [6, 7], [5, 6], [7, 5], [6], [7, 6], [7], [6], [5], [5, 6], [7, 5], [6, 7], [2], [1], [0], [1, 2], [0, 1], [2, 0], [1], [2, 1], [2]]}","{'map': {'0': 16, '1': 10, '2': 28, '3': 14, '4': 12, '5': 30, '6': 34, '7': 32}, 'arch': {'width': 9, 'height': 5, 'alg_qubits': [10, 28, 12, 30, 14, 32, 16, 34], 'magic_states': [1, 3, 5, 7, 17, 35, 43, 41, 39, 37, 9, 27]}, 'gates': [[3, 5], [7], [6], [3], [6, 7], [3, 6], [7, 3], [6], [7, 6], [7], [6], [3], [3, 6], [7, 3], [6, 7], [5], [3], [2], [3, 5], [2, 3], [5, 2], [3], [5, 3], [5], [3], [2], [2, 3], [5, 2], [3, 5], [1], [4], [2], [4, 1], [2, 4], [1, 2], [4], [1, 4], [1], [4], [2], [2, 4], [1, 2], [4, 1], [1], [4], [3], [4, 1], [3, 4], [1, 3], [4], [1, 4], [1], [4], [3], [3, 4], [1, 3], [4, 1], [7], [6], [5], [6, 7], [5, 6], [7, 5], [6], [7, 6], [7], [6], [5], [5, 6], [7, 5], [6, 7], [2], [1], [0], [1, 2], [0, 1], [2, 0], [1], [2, 1], [2], [1]]}","{'map': {'0': 14, '1': 32, '2': 12, '3': 16, '4': 30, '5': 28, '6': 10, '7': 34}, 'arch': {'width': 9, 'height': 5, 'alg_qubits': [10, 28, 12, 30, 14, 32, 16, 34], 'magic_states': [1, 3, 5, 7, 17, 35, 43, 41, 39, 37, 9, 27]}, 'gates': [[3, 6], [1], [7], [0], [7, 1], [0, 7], [1, 0], [7], [1, 7], [1], [7], [0], [0, 7], [1, 0], [7, 1], [6], [3], [7], [3, 6], [7, 3], [6, 7], [3], [6, 3], [6], [3], [7], [7, 3], [6, 7], [3, 6], [4], [5], [3], [5, 4], [3, 5], [4, 3], [5], [4, 5], [4], [5], [3], [3, 5], [4, 3], [5, 4], [6], [3], [7], [3, 6], [7, 3], [6, 7], [3], [6, 3], [6], [3], [7], [7, 3], [6, 7], [3, 6], [2], [3], [1], [3, 2], [1, 3], [2, 1], [3], [2, 3], [2], [3], [1], [1, 3], [2, 1], [3, 2], [1], [7], [0], [7, 1], [0, 7], [1, 0], [7], [1, 7], [1], [7]]}","{'map': {'0': 28, '1': 14, '2': 16, '3': 32, '4': 34, '5': 30, '6': 12, '7': 10}, 'arch': {'width': 9, 'height': 5, 'alg_qubits': [10, 28, 12, 30, 14, 32, 16, 34], 'magic_states': [1, 3, 5, 7, 17, 35, 43, 41, 39, 37, 9, 27]}, 'gates': [[3, 5], [6], [7], [4], [7, 6], [4, 7], [6, 4], [7], [6, 7], [6], [7], [4], [4, 7], [6, 4], [7, 6], [5], [3], [7], [3, 5], [7, 3], [5, 7], [3], [5, 3], [5], [3], [7], [7, 3], [5, 7], [3, 5], [0], [1], [3], [1, 0], [3, 1], [0, 3], [1], [0, 1], [0], [1], [3], [3, 1], [0, 3], [1, 0], [5], [3], [7], [3, 5], [7, 3], [5, 7], [3], [5, 3], [5], [3], [7], [7, 3], [5, 7], [3, 5], [6], [7], [2], [7, 6], [2, 7], [6, 2], [7], [6, 7], [6], [7], [2], [2, 7], [6, 2], [7, 6], [3], [5], [7], [5, 3], [7, 5], [3, 7], [5], [3, 5], [3], [5]]}"
vqe_4.qasm,"{'map': {'0': 14, '1': 30, '2': 34, '3': 16, '4': 10, '5': 28, '6': 12, '7': 32}, 'arch': {'width': 9, 'height': 5, 'alg_qubits': [10, 28, 12, 30, 14, 32, 16, 34], 'magic_states': [1, 3, 5, 7, 17, 35, 43, 41, 39, 37, 9, 27]}, 'gates': [[0, 2], [1, 5], [0, 2], [1, 5], [2, 3], [0, 6], [1, 7], [4, 5], [2, 3], [0, 6], [1, 7], [4, 5], [3, 7], [4, 6], [1, 5], [0, 2], [3, 7], [4, 6], [1, 5], [0, 2], [4, 5], [2, 3], [0, 6], [1, 7], [4, 5], [2, 3], [0, 6], [1, 7], [4, 6], [3, 7], [4, 6], [3, 7]]}","{'map': {'0': 30, '1': 34, '2': 14, '3': 32, '4': 16, '5': 10, '6': 28, '7': 12}, 'arch': {'width': 9, 'height': 5, 'alg_qubits': [10, 28, 12, 30, 14, 32, 16, 34], 'magic_states': [1, 3, 5, 7, 17, 35, 43, 41, 39, 37, 9, 27]}, 'gates': [[5, 6], [4], [2], [1], [2, 4], [1, 2], [4, 1], [2], [4, 2], [4], [2], [1], [1, 2], [4, 1], [2, 4], [0], [3], [7], [3, 0], [7, 3], [0, 7], [3], [0, 3], [0], [3], [7], [7, 3], [0, 7], [3, 0], [2], [1], [3], [1, 2], [3, 1], [2, 3], [1], [2, 1], [2], [1], [3], [3, 1], [2, 3], [1, 2], [0], [3], [7], [3, 0], [7, 3], [0, 7], [3], [0, 3], [0], [3], [7], [7, 3], [0, 7], [3, 0], [2], [1], [3], [1, 2], [3, 1], [2, 3], [1], [2, 1], [2], [1], [3], [3, 1], [2, 3], [1, 2], [1], [5], [4], [5, 1], [4, 5], [1, 4], [5], [1, 5], [1], [5]]}","{'map': {'0': 16, '1': 10, '2': 28, '3': 14, '4': 12, '5': 30, '6': 34, '7': 32}, 'arch': {'width': 9, 'height': 5, 'alg_qubits': [10, 28, 12, 30, 14, 32, 16, 34], 'magic_states': [1, 3, 5, 7, 17, 35, 43, 41, 39, 37, 9, 27]}, 'gates': [[3, 5], [7], [6], [3], [6, 7], [3, 6], [7, 3], [6], [7, 6], [7], [6], [3], [3, 6], [7, 3], [6, 7], [5], [3], [2], [3, 5], [2, 3], [5, 2], [3], [5, 3], [5], [3], [2], [2, 3], [5, 2], [3, 5], [1], [4], [2], [4, 1], [2, 4], [1, 2], [4], [1, 4], [1], [4], [2], [2, 4], [1, 2], [4, 1], [1], [4], [3], [4, 1], [3, 4], [1, 3], [4], [1, 4], [1], [4], [3], [3, 4], [1, 3], [4, 1], [7], [6], [5], [6, 7], [5, 6], [7, 5], [6], [7, 6], [7], [6], [5], [5, 6], [7, 5], [6, 7], [2], [1], [0], [1, 2], [0, 1], [2, 0], [1], [2, 1], [2], [1]]}","{'map': {'0': 34, '1': 30, '2': 28, '3': 32, '4': 12, '5': 10, '6': 16, '7': 14}, 'arch': {'width': 9, 'height': 5, 'alg_qubits': [10, 28, 12, 30, 14, 32, 16, 34], 'magic_states': [1, 3, 5, 7, 17, 35, 43, 41, 39, 37, 9, 27]}, 'gates': [[4, 5], [4], [5], [3], [3, 5], [4, 3], [5, 4], [6], [3], [7], [3, 6], [7, 3], [6, 7], [3], [6, 3], [6], [3], [7], [7, 3], [6, 7], [3, 6], [1], [3], [0], [3, 1], [0, 3], [1, 0], [3], [1, 3], [1], [3], [0], [0, 3], [1, 0], [3, 1], [0], [7], [2], [7, 0], [2, 7], [0, 2], [7], [0, 7], [0], [7], [2], [2, 7], [0, 2], [7, 0], [6], [3], [7], [3, 6], [7, 3], [6, 7], [3], [6, 3], [6], [3], [7], [7, 3], [6, 7], [3, 6], [4], [5], [3], [5, 4], [3, 5], [4, 3], [5], [4, 5], [4], [5], [3], [3, 5], [4, 3], [5, 4], [6], [3], [7], [3, 6]]}","{'map': {'0': 10, '1': 34, '2': 16, '3': 30, '4': 12, '5': 28, '6': 14, '7': 32}, 'arch': {'width': 9, 'height': 5, 'alg_qubits': [10, 28, 12, 30, 14, 32, 16, 34], 'magic_states': [1, 3, 5, 7, 17, 35, 43, 41, 39, 37, 9, 27]}, 'gates': [[5, 2], [3, 5], [7], [6], [3], [6, 7], [3, 6], [7, 3], [6], [7, 6], [7], [6], [3], [3, 6], [7, 3], [6, 7], [5], [3], [2], [3, 5], [2, 3], [5, 2], [3], [5, 3], [5], [3], [2], [2, 3], [5, 2], [3, 5], [1], [4], [2], [4, 1], [2, 4], [1, 2], [4], [1, 4], [1], [4], [2], [2, 4], [1, 2], [4, 1], [1], [4], [3], [4, 1], [3, 4], [1, 3], [4], [1, 4], [1], [4], [3], [3, 4], [1, 3], [4, 1], [7], [6], [5], [6, 7], [5, 6], [7, 5], [6], [7, 6], [7], [6], [5], [5, 6], [7, 5], [6, 7], [2], [1], [0], [1, 2], [0, 1], [2, 0], [1], [2, 1], [2]]}"
autobraid_16.qasm,"{'map': {'0': 50, '1': 18, '2': 46, '3': 54, '4': 52, '5': 48, '6': 22, '7': 20, '8': 56, '9': 16, '10': 58, '11': 24, '12': 28, '13': 26}, 'arch': {'width': 15, 'height': 5, 'alg_qubits': [16, 46, 18, 48, 20, 50, 22, 52, 24, 54, 26, 56, 28, 58], 'magic_states': [1, 3, 5, 7, 9, 11, 13, 29, 59, 73, 71, 69, 67, 65, 63, 61, 15, 45]}, 'gates': [[4, 3], [6, 5], [8, 7], [10, 9], [12, 11], [4, 2], [0], [1], [2], [1, 0], [2, 1], [0, 2], [1], [0, 1], [0], [1], [2], [2, 1], [0, 2], [1, 0], [6, 4], [2], [3], [4], [3, 2], [4, 3], [2, 4], [3], [2, 3], [2], [3], [4], [4, 3], [2, 4], [3, 2], [8, 6], [4], [5], [6], [5, 4], [6, 5], [4, 6], [5], [4, 5], [4], [5], [6], [6, 5], [4, 6], [5, 4], [10, 8], [6], [7], [8], [7, 6], [8, 7], [6, 8], [7], [6, 7], [6], [7], [8], [8, 7], [6, 8], [7, 6], [12, 10], [8], [9], [10], [9, 8], [10, 9], [8, 10], [9], [8, 9], [8], [9], [10], [10, 9], [8, 10], [9, 8], [12, 13]]}","{'map': {'0': 54, '1': 50, '2': 24, '3': 52, '4': 26, '5': 18, '6': 56, '7': 16, '8': 22, '9': 58, '10': 46, '11': 28, '12': 20}, 'arch': {'width': 15, 'height': 5, 'alg_qubits': [16, 46, 18, 48, 20, 50, 22, 52, 24, 54, 26, 56, 28, 58], 'magic_states': [1, 3, 5, 7, 9, 11, 13, 29, 59, 73, 71, 69, 67, 65, 63, 61, 15, 45]}, 'gates': [[6, 1], [6], [1], [0], [0, 1], [6, 0], [1, 6], [7], [2], [1], [2, 7], [1, 2], [7, 1], [2], [7, 2], [7], [2], [1], [1, 2], [7, 1], [2, 7], [8], [3], [2], [3, 8], [2, 3], [8, 2], [3], [8, 3], [8], [3], [2], [2, 3], [8, 2], [3, 8], [9], [4], [3], [4, 9], [3, 4], [9, 3], [4], [9, 4], [9], [4], [3], [3, 4], [9, 3], [4, 9], [10], [5], [4], [5, 10], [4, 5], [10, 4], [5], [10, 5], [10], [5], [4], [4, 5], [10, 4], [5, 10], [12], [11], [5], [11, 12], [5, 11], [12, 5], [11], [12, 11], [12], [11], [5], [5, 11], [12, 5], [11, 12], [10], [5], [4], [5, 10]]}","{'map': {'0': 46, '1': 56, '2': 24, '3': 18, '4': 48, '5': 58, '6': 50, '7': 20, '8': 16, '9': 28, '10': 52, '11': 54, '12': 22}, 'arch': {'width': 15, 'height': 5, 'alg_qubits': [16, 46, 18, 48, 20, 50, 22, 52, 24, 54, 26, 56, 28, 58], 'magic_states': [1, 3, 5, 7, 9, 11, 13, 29, 59, 73, 71, 69, 67, 65, 63, 61, 15, 45]}, 'gates': [[2, 1], [6, 2], [1, 6], [2], [1, 2], [1], [2], [6], [6, 2], [1, 6], [2, 1], [3], [6], [7], [6, 3], [7, 6], [3, 7], [6], [3, 6], [3], [6], [7], [7, 6], [3, 7], [6, 3], [4], [7], [9], [7, 4], [9, 7], [4, 9], [7], [4, 7], [4], [7], [9], [9, 7], [4, 9], [7, 4], [5], [9], [11], [9, 5], [11, 9], [5, 11], [9], [5, 9], [5], [9], [11], [11, 9], [5, 11], [9, 5], [8], [11], [12], [11, 8], [12, 11], [8, 12], [11], [8, 11], [8], [11], [12], [12, 11], [8, 12], [11, 8], [10], [12], [0], [12, 10], [0, 12], [10, 0], [12], [10, 12], [10], [12], [0], [0, 12], [10, 0], [12, 10]]}","{'map': {'0': 54, '1': 46, '2': 58, '3': 48, '4': 50, '5': 24, '6': 18, '7': 56, '8': 52, '9': 22, '10': 20, '11': 28, '12': 26}, 'arch': {'width': 15, 'height': 5, 'alg_qubits': [16, 46, 18, 48, 20, 50, 22, 52, 24, 54, 26, 56, 28, 58], 'magic_states': [1, 3, 5, 7, 9, 11, 13, 29, 59, 73, 71, 69, 67, 65, 63, 61, 15, 45]}, 'gates': [[6, 11], [4, 6], [5], [11], [0], [11, 5], [0, 11], [5, 0], [11], [5, 11], [5], [11], [0], [0, 11], [5, 0], [11, 5], [6], [4], [11], [4, 6], [11, 4], [6, 11], [4], [6, 4], [6], [4], [11], [11, 4], [6, 11], [4, 6], [7], [3], [4], [3, 7], [4, 3], [7, 4], [3], [7, 3], [7], [3], [4], [4, 3], [7, 4], [3, 7], [8], [2], [3], [2, 8], [3, 2], [8, 3], [2], [8, 2], [8], [2], [3], [3, 2], [8, 3], [2, 8], [9], [1], [2], [1, 9], [2, 1], [9, 2], [1], [9, 1], [9], [1], [2], [2, 1], [9, 2], [1, 9], [12], [10], [1], [10, 12], [1, 10], [12, 1], [10], [12, 10], [12]]}","{'map': {'0': 46, '1': 20, '2': 58, '3': 26, '4': 50, '5': 28, '6': 54, '7': 56, '8': 24, '9': 48, '10': 16, '11': 22, '12': 18, '13': 72}, 'arch': {'width': 15, 'height': 5, 'alg_qubits': [16, 46, 18, 48, 20, 50, 22, 52, 24, 54, 26, 56, 28, 58], 'magic_states': [1, 3, 5, 7, 9, 11, 13, 29, 59, 73, 71, 69, 67, 65, 63, 61, 15, 45]}, 'gates': [[13, 2], [12], [13, 12], [13], [12], [2], [2, 12], [13, 2], [12, 13], [11], [2], [3], [2, 11], [3, 2], [11, 3], [2], [11, 2], [11], [2], [3], [3, 2], [11, 3], [2, 11], [8], [3], [4], [3, 8], [4, 3], [8, 4], [3], [8, 3], [8], [3], [4], [4, 3], [8, 4], [3, 8], [7], [4], [9], [4, 7], [9, 4], [7, 9], [4], [7, 4], [7], [4], [9], [9, 4], [7, 9], [4, 7], [6], [9], [10], [9, 6], [10, 9], [6, 10], [9], [6, 9], [6], [9], [10], [10, 9], [6, 10], [9, 6], [5], [10], [0], [10, 5], [0, 10], [5, 0], [10], [5, 10], [5], [10], [0], [0, 10], [5, 0], [10, 5], [6], [9]]}"
quest_suite_0.qasm,"{'map': {'0': 24, '1': 8, '2': 10, '3': 26, '4': 12, '5': 22}, 'arch': {'width': 7, 'height': 5, 'alg_qubits': [8, 22, 10, 24, 12, 26], 'magic_states': [1, 3, 5, 13, 27, 33, 31, 29, 7, 21]}, 'gates': [[3], [5], [1], [1, 5], [3, 1], [5, 3], [0], [2], [5], [2, 0], [5, 2], [0, 5], [2], [0, 2], [0], [2], [5], [5, 2], [0, 5], [2, 0], [2], [3], [1], [3, 2], [1, 3], [2, 1], [3], [2, 3], [2], [3], [1], [1, 3], [2, 1], [3, 2], [4, 3], [1], [3], [4], [3, 1], [4, 3], [1, 4], [3], [1, 3], [1], [3], [4], [4, 3], [1, 4], [3, 1], [4, 3], [4, 0], [4, 1], [2], [5], [3], [5, 2], [3, 5], [2, 3], [5], [2, 5], [2], [5], [3], [3, 5], [2, 3], [5, 2], [0], [1], [5], [1, 0], [5, 1], [0, 5], [1], [0, 1], [0], [1], [5], [5, 1], [0, 5], [1, 0], [2]]}","{'map': {'0': 26, '1': 8, '2': 10, '3': 24, '4': 12, '5': 22}, 'arch': {'width': 7, 'height': 5, 'alg_qubits': [8, 22, 10, 24, 12, 26], 'magic_states': [1, 3, 5, 13, 27, 33, 31, 29, 7, 21]}, 'gates': [[1, 2], [1], [2], [5], [5, 2], [1, 5], [2, 1], [5], [2], [0], [2, 5], [0, 2], [5, 0], [2], [5, 2], [5], [2], [0], [0, 2], [5, 0], [2, 5], [3], [4], [2], [4, 3], [2, 4], [3, 2], [4], [3, 4], [3], [4], [2], [2, 4], [3, 2], [4, 3], [5], [2], [0], [2, 5], [0, 2], [5, 0], [2], [5, 2], [5], [2], [0], [0, 2], [5, 0], [2, 5], [3], [4], [2], [4, 3], [2, 4], [3, 2], [4], [3, 4], [3], [4], [2], [2, 4], [3, 2], [4, 3], [4, 3], [3, 4], [4], [5], [0], [5, 4], [0, 5], [4, 0], [5], [4, 5], [4], [5], [0], [0, 5], [4, 0], [5, 4], [1], [3]]}","{'map': {'0': 26, '1': 8, '2': 10, '3': 24, '4': 12, '5': 22}, 'arch': {'width': 7, 'height': 5, 'alg_qubits': [8, 22, 10, 24, 12, 26], 'magic_states': [1, 3, 5, 13, 27, 33, 31, 29, 7, 21]}, 'gates': [[1, 2], [1], [2], [5], [5, 2], [1, 5], [2, 1], [5], [2], [0], [2, 5], [0, 2], [5, 0], [2], [5, 2], [5], [2], [0], [0, 2], [5, 0], [2, 5], [3], [4], [2], [4, 3], [2, 4], [3, 2], [4], [3, 4], [3], [4], [2], [2, 4], [3, 2], [4, 3], [5], [2], [0], [2, 5], [0, 2], [5, 0], [2], [5, 2], [5], [2], [0], [0, 2], [5, 0], [2, 5], [3], [4], [2], [4, 3], [2, 4], [3, 2], [4], [3, 4], [3], [4], [2], [2, 4], [3, 2], [4, 3], [4, 3], [3, 4], [4], [5], [0], [5, 4], [0, 5], [4, 0], [5], [4, 5], [4], [5], [0], [0, 5], [4, 0], [5, 4], [1], [3]]}","{'map': {'0': 12, '1': 26, '2': 8, '3': 24, '4': 22, '5': 10}, 'arch': {'width': 7, 'height': 5, 'alg_qubits': [8, 22, 10, 24, 12, 26], 'magic_states': [1, 3, 5, 13, 27, 33, 31, 29, 7, 21]}, 'gates': [[4], [3], [2], [3, 4], [2, 3], [4, 2], [3], [4, 3], [4], [3], [2], [2, 3], [4, 2], [3, 4], [4, 2], [1, 3], [4], [3], [5], [3, 4], [5, 3], [4, 5], [3], [4, 3], [4], [3], [5], [5, 3], [4, 5], [3, 4], [5], [4], [1], [4, 5], [1, 4], [5, 1], [4], [5, 4], [5], [4], [1], [1, 4], [5, 1], [4, 5], [2], [0], [4], [0, 2], [4, 0], [2, 4], [0], [2, 0], [2], [0], [4], [4, 0], [2, 4], [0, 2], [5], [4], [1], [4, 5], [1, 4], [5, 1], [4], [5, 4], [5], [4], [1], [1, 4], [5, 1], [4, 5], [2], [0], [4], [0, 2], [4, 0], [2, 4], [0], [2, 0], [2]]}","{'map': {'0': 26, '1': 24, '2': 8, '3': 10, '4': 12, '5': 22}, 'arch': {'width': 7, 'height': 5, 'alg_qubits': [8, 22, 10, 24, 12, 26], 'magic_states': [1, 3, 5, 13, 27, 33, 31, 29, 7, 21]}, 'gates': [[5], [2], [3], [2, 5], [3, 2], [5, 3], [2], [5, 2], [5], [2], [3], [3, 2], [5, 3], [2, 5], [0], [4], [2], [4, 0], [2, 4], [0, 2], [4], [0, 4], [0], [4], [2], [2, 4], [0, 2], [4, 0], [5], [2], [3], [2, 5], [3, 2], [5, 3], [2], [5, 2], [5], [2], [3], [3, 2], [5, 3], [2, 5], [0], [4], [2], [4, 0], [2, 4], [0, 2], [4], [0, 4], [0], [4], [2], [2, 4], [0, 2], [4, 0], [2], [5], [4], [5, 2], [4, 5], [2, 4], [5], [2, 5], [2], [5], [4], [4, 5], [2, 4], [5, 2], [2, 4], [1], [3], [4], [3, 1], [4, 3], [1, 4], [3], [1, 3], [1], [3]]}"
autobraid_28.qasm,"{'map': {'0': 32, '1': 34, '2': 30, '3': 14, '4': 10, '5': 28, '6': 16}, 'arch': {'width': 9, 'height': 5, 'alg_qubits': [10, 28, 12, 30, 14, 32, 16, 34], 'magic_states': [1, 3, 5, 7, 17, 35, 43, 41, 39, 37, 9, 27]}, 'gates': [[1], [5], [0], [5, 1], [0, 5], [1, 0], [5], [1, 5], [1], [5], [0], [0, 5], [1, 0], [5, 1], [1], [5], [2], [5, 1], [2, 5], [1, 2], [5], [1, 5], [1], [5], [2], [2, 5], [1, 2], [5, 1], [1], [5], [4], [5, 1], [4, 5], [1, 4], [5], [1, 5], [1], [5], [4], [4, 5], [1, 4], [5, 1], [1], [6], [2], [6, 1], [2, 6], [1, 2], [6], [1, 6], [1], [6], [2], [2, 6], [1, 2], [6, 1], [1], [6], [3], [6, 1], [3, 6], [1, 3], [6], [1, 6], [1], [6], [3], [3, 6], [1, 3], [6, 1], [1], [6], [4], [6, 1], [4, 6], [1, 4], [6], [1, 6], [1], [6], [4]]}","{'map': {'0': 16, '1': 58, '2': 52, '3': 22, '4': 56, '5': 54, '6': 50, '7': 24, '8': 26, '9': 18, '10': 28, '11': 46, '12': 20}, 'arch': {'width': 15, 'height': 5, 'alg_qubits': [16, 46, 18, 48, 20, 50, 22, 52, 24, 54, 26, 56, 28, 58], 'magic_states': [1, 3, 5, 7, 9, 11, 13, 29, 59, 73, 71, 69, 67, 65, 63, 61, 15, 45]}, 'gates': [[12], [2], [2, 12], [11, 2], [12, 11], [9], [10], [12], [10, 9], [12, 10], [9, 12], [10], [9, 10], [9], [10], [12], [12, 10], [9, 12], [10, 9], [8], [7], [10], [7, 8], [10, 7], [8, 10], [7], [8, 7], [8], [7], [10], [10, 7], [8, 10], [7, 8], [6], [1], [7], [1, 6], [7, 1], [6, 7], [1], [6, 1], [6], [1], [7], [7, 1], [6, 7], [1, 6], [5], [0], [1], [0, 5], [1, 0], [5, 1], [0], [5, 0], [5], [0], [1], [1, 0], [5, 1], [0, 5], [3], [4], [0], [4, 3], [0, 4], [3, 0], [4], [3, 4], [3], [4], [0], [0, 4], [3, 0], [4, 3], [5], [0], [1], [0, 5], [1, 0], [5, 1]]}","{'map': {'0': 10, '1': 14, '2': 30, '3': 12, '4': 32, '5': 16, '6': 28}, 'arch': {'width': 9, 'height': 5, 'alg_qubits': [10, 28, 12, 30, 14, 32, 16, 34], 'magic_states': [1, 3, 5, 7, 17, 35, 43, 41, 39, 37, 9, 27]}, 'gates': [[4], [3], [6], [6, 3], [4, 6], [3, 4], [2], [6], [5], [6, 2], [5, 6], [2, 5], [6], [2, 6], [2], [6], [5], [5, 6], [2, 5], [6, 2], [0], [5], [1], [5, 0], [1, 5], [0, 1], [5], [0, 5], [0], [5], [1], [1, 5], [0, 1], [5, 0], [2], [6], [5], [6, 2], [5, 6], [2, 5], [6], [2, 6], [2], [6], [5], [5, 6], [2, 5], [6, 2], [4], [3], [6], [3, 4], [6, 3], [4, 6], [3], [4, 3], [4], [3], [6], [6, 3], [4, 6], [3, 4], [2], [6], [5], [6, 2], [5, 6], [2, 5], [6], [2, 6], [2], [6], [5], [5, 6], [2, 5], [6, 2], [5], [1], [0], [1, 5], [0, 1]]}","{'map': {'0': 28, '1': 12, '2': 10, '3': 14, '4': 34, '5': 32, '6': 30, '7': 16}, 'arch': {'width': 9, 'height': 5, 'alg_qubits': [10, 28, 12, 30, 14, 32, 16, 34], 'magic_states': [1, 3, 5, 7, 17, 35, 43, 41, 39, 37, 9, 27]}, 'gates': [[3, 5], [2], [3, 2], [3], [2], [5], [5, 2], [3, 5], [2, 3], [1], [5], [4], [5, 1], [4, 5], [1, 4], [5], [1, 5], [1], [5], [4], [4, 5], [1, 4], [5, 1], [4], [1], [0], [1, 4], [0, 1], [4, 0], [1], [4, 1], [4], [1], [0], [0, 1], [4, 0], [1, 4], [5], [2], [1], [2, 5], [1, 2], [5, 1], [2], [5, 2], [5], [2], [1], [1, 2], [5, 1], [2, 5], [7], [6], [2], [6, 7], [2, 6], [7, 2], [6], [7, 6], [7], [6], [2], [2, 6], [7, 2], [6, 7], [5], [2], [1], [2, 5], [1, 2], [5, 1], [2], [5, 2], [5], [2], [1], [1, 2], [5, 1], [2, 5], [4], [1]]}","{'map': {'0': 34, '1': 32, '2': 28, '3': 16, '4': 14, '5': 30, '6': 12}, 'arch': {'width': 9, 'height': 5, 'alg_qubits': [10, 28, 12, 30, 14, 32, 16, 34], 'magic_states': [1, 3, 5, 7, 17, 35, 43, 41, 39, 37, 9, 27]}, 'gates': [[6, 2], [0], [5], [1], [5, 0], [1, 5], [0, 1], [5], [0, 5], [0], [5], [1], [1, 5], [0, 1], [5, 0], [2], [6], [5], [6, 2], [5, 6], [2, 5], [6], [2, 6], [2], [6], [5], [5, 6], [2, 5], [6, 2], [4], [3], [6], [3, 4], [6, 3], [4, 6], [3], [4, 3], [4], [3], [6], [6, 3], [4, 6], [3, 4], [2], [6], [5], [6, 2], [5, 6], [2, 5], [6], [2, 6], [2], [6], [5], [5, 6], [2, 5], [6, 2], [5], [1], [0], [1, 5], [0, 1], [5, 0], [1], [5, 1], [5], [1], [0], [0, 1], [5, 0], [1, 5], [6], [2], [1], [2, 6], [1, 2], [6, 1], [2], [6, 2], [6], [2]]}"
grover_6.qasm,"{'map': {'0': 22, '1': 12, '2': 8, '3': 24, '4': 26, '5': 20}, 'arch': {'width': 7, 'height': 5, 'alg_qubits': [8, 22, 10, 24, 12, 26], 'magic_states': [1, 3, 5, 13, 27, 33, 31, 29, 7, 21]}, 'gates': [[2], [2], [2], [2], [2], [2], [2], [2], [2], [2], [2], [2], [2], [2], [2], [2], [2], [2], [2], [2], [2], [2], [2], [2], [2], [2], [2], [2], [2], [2], [2], [2], [2], [2], [2], [2], [2], [2], [2], [2], [2], [0, 2], [4, 5], [5], [3, 5], [5], [4, 5], [4], [5], [3, 5], [5], [5], [5], [5], [5], [5], [5], [5], [5], [5], [5], [5], [5], [5], [5], [5], [5], [5], [5], [5], [5], [5], [5], [5], [5], [5], [5], [5], [5], [5], [5]]}","{'map': {'0': 10, '1': 24, '2': 8, '3': 12, '4': 22, '5': 26}, 'arch': {'width': 7, 'height': 5, 'alg_qubits': [8, 22, 10, 24, 12, 26], 'magic_states': [1, 3, 5, 13, 27, 33, 31, 29, 7, 21]}, 'gates': [[5], [4], [0], [4, 5], [0, 4], [5, 0], [4], [5, 4], [5], [4], [0], [0, 4], [5, 0], [4, 5], [5], [4], [1], [4, 5], [1, 4], [5, 1], [4], [5, 4], [5], [4], [1], [1, 4], [5, 1], [4, 5], [1], [5], [0], [5, 1], [0, 5], [1, 0], [5], [1, 5], [1], [5], [0], [0, 5], [1, 0], [5, 1], [3], [2], [5], [2, 3], [5, 2], [3, 5], [2], [3, 2], [3], [2], [5], [5, 2], [3, 5], [2, 3], [1], [5], [0], [5, 1], [0, 5], [1, 0], [5], [1, 5], [1], [5], [0], [0, 5], [1, 0], [5, 1], [3], [2], [5], [2, 3], [5, 2], [3, 5], [2], [3, 2], [3], [2], [5]]}","{'map': {'0': 24, '1': 22, '2': 26, '3': 10, '4': 8, '5': 12}, 'arch': {'width': 7, 'height': 5, 'alg_qubits': [8, 22, 10, 24, 12, 26], 'magic_states': [1, 3, 5, 13, 27, 33, 31, 29, 7, 21]}, 'gates': [[4], [4, 0], [1, 4], [0, 1], [3], [2], [5], [2, 3], [5, 2], [3, 5], [2], [3, 2], [3], [2], [5], [5, 2], [3, 5], [2, 3], [5], [3], [4], [3, 5], [4, 3], [5, 4], [3], [5, 3], [5], [3], [4], [4, 3], [5, 4], [3, 5], [1], [0], [3], [0, 1], [3, 0], [1, 3], [0], [1, 0], [1], [0], [3], [3, 0], [1, 3], [0, 1], [5], [3], [4], [3, 5], [4, 3], [5, 4], [3], [5, 3], [5], [3], [4], [4, 3], [5, 4], [3, 5], [1], [0], [3], [0, 1], [3, 0], [1, 3], [0], [1, 0], [1], [0], [3], [3, 0], [1, 3], [0, 1], [3], [2], [5], [2, 3], [5, 2], [3, 5], [2]]}","{'map': {'0': 26, '1': 24, '2': 12, '3': 8, '4': 22, '5': 10}, 'arch': {'width': 7, 'height': 5, 'alg_qubits': [8, 22, 10, 24, 12, 26], 'magic_states': [1, 3, 5, 13, 27, 33, 31, 29, 7, 21]}, 'gates': [[1], [4], [2], [4, 1], [2, 4], [1, 2], [4], [1, 4], [1], [4], [2], [2, 4], [1, 2], [4, 1], [5], [3], [4], [3, 5], [4, 3], [5, 4], [3], [5, 3], [5], [3], [4], [4, 3], [5, 4], [3, 5], [0], [1], [3], [1, 0], [3, 1], [0, 3], [1], [0, 1], [0], [1], [3], [3, 1], [0, 3], [1, 0], [5], [3], [4], [3, 5], [4, 3], [5, 4], [3], [5, 3], [5], [3], [4], [4, 3], [5, 4], [3, 5], [0], [1], [3], [1, 0], [3, 1], [0, 3], [1], [0, 1], [0], [1], [3], [3, 1], [0, 3], [1, 0], [1], [5], [3], [5, 1], [3, 5], [1, 3], [5], [1, 5], [1], [5], [3]]}","{'map': {'0': 26, '1': 10, '2': 12, '3': 8, '4': 24, '5': 22}, 'arch': {'width': 7, 'height': 5, 'alg_qubits': [8, 22, 10, 24, 12, 26], 'magic_states': [1, 3, 5, 13, 27, 33, 31, 29, 7, 21]}, 'gates': [[3], [4], [4, 3], [5, 4], [3, 5], [1], [0], [3], [0, 1], [3, 0], [1, 3], [0], [1, 0], [1], [0], [3], [3, 0], [1, 3], [0, 1], [3], [2], [5], [2, 3], [5, 2], [3, 5], [2], [3, 2], [3], [2], [5], [5, 2], [3, 5], [2, 3], [5], [3], [4], [3, 5], [4, 3], [5, 4], [3], [5, 3], [5], [3], [4], [4, 3], [5, 4], [3, 5], [1], [0], [3], [0, 1], [3, 0], [1, 3], [0], [1, 0], [1], [0], [3], [3, 0], [1, 3], [0, 1], [5], [3], [4], [3, 5], [4, 3], [5, 4], [3], [5, 3], [5], [3], [4], [4, 3], [5, 4], [3, 5], [1], [0], [3], [0, 1], [3, 0], [1, 3]]}"
jku_suite_90.qasm,"{'map': {'0': 42, '1': 38, '2': 40, '3': 12, '4': 36, '5': 18, '6': 20, '7': 14, '8': 16}, 'arch': {'width': 11, 'height': 5, 'alg_qubits': [12, 34, 14, 36, 16, 38, 18, 40, 20, 42], 'magic_states': [1, 3, 5, 7, 9, 21, 43, 53, 51, 49, 47, 45, 11, 33]}, 'gates': [[4, 6], [7], [4, 7], [4], [7], [6], [6, 7], [4, 6], [7, 4], [5], [6], [0], [6, 5], [0, 6], [5, 0], [6], [5, 6], [5], [6], [0], [0, 6], [5, 0], [6, 5], [4], [7], [6], [7, 4], [6, 7], [4, 6], [7], [4, 7], [4], [7], [6], [6, 7], [4, 6], [7, 4], [3], [8], [7], [8, 3], [7, 8], [3, 7], [8], [3, 8], [3], [8], [7], [7, 8], [3, 7], [8, 3], [1], [2], [8], [2, 1], [8, 2], [1, 8], [2], [1, 2], [1], [2], [8], [8, 2], [1, 8], [2, 1], [3], [8], [7], [8, 3], [7, 8], [3, 7], [8], [3, 8], [3], [8], [7], [7, 8], [3, 7], [8, 3], [4], [7]]}","{'map': {'0': 42, '1': 40, '2': 16, '3': 12, '4': 14, '5': 20, '6': 18, '7': 36, '8': 34}, 'arch': {'width': 11, 'height': 5, 'alg_qubits': [12, 34, 14, 36, 16, 38, 18, 40, 20, 42], 'magic_states': [1, 3, 5, 7, 9, 21, 43, 53, 51, 49, 47, 45, 11, 33]}, 'gates': [[4, 6], [7], [4, 7], [4], [7], [6], [6, 7], [4, 6], [7, 4], [5], [6], [0], [6, 5], [0, 6], [5, 0], [6], [5, 6], [5], [6], [0], [0, 6], [5, 0], [6, 5], [4], [7], [6], [7, 4], [6, 7], [4, 6], [7], [4, 7], [4], [7], [6], [6, 7], [4, 6], [7, 4], [3], [8], [7], [8, 3], [7, 8], [3, 7], [8], [3, 8], [3], [8], [7], [7, 8], [3, 7], [8, 3], [1], [2], [8], [2, 1], [8, 2], [1, 8], [2], [1, 2], [1], [2], [8], [8, 2], [1, 8], [2, 1], [3], [8], [7], [8, 3], [7, 8], [3, 7], [8], [3, 8], [3], [8], [7], [7, 8], [3, 7], [8, 3], [4], [7]]}","{'map': {'0': 42, '1': 40, '2': 16, '3': 12, '4': 14, '5': 20, '6': 18, '7': 36, '8': 34}, 'arch': {'width': 11, 'height': 5, 'alg_qubits': [12, 34, 14, 36, 16, 38, 18, 40, 20, 42], 'magic_states': [1, 3, 5, 7, 9, 21, 43, 53, 51, 49, 47, 45, 11, 33]}, 'gates': [[4, 6], [7], [4, 7], [4], [7], [6], [6, 7], [4, 6], [7, 4], [5], [6], [0], [6, 5], [0, 6], [5, 0], [6], [5, 6], [5], [6], [0], [0, 6], [5, 0], [6, 5], [4], [7], [6], [7, 4], [6, 7], [4, 6], [7], [4, 7], [4], [7], [6], [6, 7], [4, 6], [7, 4], [3], [8], [7], [8, 3], [7, 8], [3, 7], [8], [3, 8], [3], [8], [7], [7, 8], [3, 7], [8, 3], [1], [2], [8], [2, 1], [8, 2], [1, 8], [2], [1, 2], [1], [2], [8], [8, 2], [1, 8], [2, 1], [3], [8], [7], [8, 3], [7, 8], [3, 7], [8], [3, 8], [3], [8], [7], [7, 8], [3, 7], [8, 3], [4], [7]]}","{'map': {'0': 42, '1': 38, '2': 40, '3': 12, '4': 36, '5': 18, '6': 20, '7': 14, '8': 16}, 'arch': {'width': 11, 'height': 5, 'alg_qubits': [12, 34, 14, 36, 16, 38, 18, 40, 20, 42], 'magic_states': [1, 3, 5, 7, 9, 21, 43, 53, 51, 49, 47, 45, 11, 33]}, 'gates': [[4, 6], [7], [4, 7], [4], [7], [6], [6, 7], [4, 6], [7, 4], [5], [6], [0], [6, 5], [0, 6], [5, 0], [6], [5, 6], [5], [6], [0], [0, 6], [5, 0], [6, 5], [4], [7], [6], [7, 4], [6, 7], [4, 6], [7], [4, 7], [4], [7], [6], [6, 7], [4, 6], [7, 4], [3], [8], [7], [8, 3], [7, 8], [3, 7], [8], [3, 8], [3], [8], [7], [7, 8], [3, 7], [8, 3], [1], [2], [8], [2, 1], [8, 2], [1, 8], [2], [1, 2], [1], [2], [8], [8, 2], [1, 8], [2, 1], [3], [8], [7], [8, 3], [7, 8], [3, 7], [8], [3, 8], [3], [8], [7], [7, 8], [3, 7], [8, 3], [4], [7]]}","{'map': {'0': 42, '1': 38, '2': 40, '3': 12, '4': 36, '5': 18, '6': 20, '7': 14, '8': 16}, 'arch': {'width': 11, 'height': 5, 'alg_qubits': [12, 34, 14, 36, 16, 38, 18, 40, 20, 42], 'magic_states': [1, 3, 5, 7, 9, 21, 43, 53, 51, 49, 47, 45, 11, 33]}, 'gates': [[4, 6], [7], [4, 7], [4], [7], [6], [6, 7], [4, 6], [7, 4], [5], [6], [0], [6, 5], [0, 6], [5, 0], [6], [5, 6], [5], [6], [0], [0, 6], [5, 0], [6, 5], [4], [7], [6], [7, 4], [6, 7], [4, 6], [7], [4, 7], [4], [7], [6], [6, 7], [4, 6], [7, 4], [3], [8], [7], [8, 3], [7, 8], [3, 7], [8], [3, 8], [3], [8], [7], [7, 8], [3, 7], [8, 3], [1], [2], [8], [2, 1], [8, 2], [1, 8], [2], [1, 2], [1], [2], [8], [8, 2], [1, 8], [2, 1], [3], [8], [7], [8, 3], [7, 8], [3, 7], [8], [3, 8], [3], [8], [7], [7, 8], [3, 7], [8, 3], [4], [7]]}"
jku_suite_38.qasm,"{'map': {'0': 24, '1': 22, '2': 50, '3': 42, '4': 14, '5': 46, '6': 40, '7': 44, '8': 48, '9': 16, '10': 20}, 'arch': {'width': 13, 'height': 5, 'alg_qubits': [14, 40, 16, 42, 18, 44, 20, 46, 22, 48, 24, 50], 'magic_states': [1, 3, 5, 7, 9, 11, 25, 51, 63, 61, 59, 57, 55, 53, 13, 39]}, 'gates': [[10], [5], [4], [4, 5], [10, 4], [5, 10], [9], [4], [3], [4, 9], [3, 4], [9, 3], [4], [9, 4], [9], [4], [3], [3, 4], [9, 3], [4, 9], [8], [3], [2], [3, 8], [2, 3], [8, 2], [3], [8, 3], [8], [3], [2], [2, 3], [8, 2], [3, 8], [7], [2], [1], [2, 7], [1, 2], [7, 1], [2], [7, 2], [7], [2], [1], [1, 2], [7, 1], [2, 7], [6], [1], [0], [1, 6], [0, 1], [6, 0], [1], [6, 1], [6], [1], [0], [0, 1], [6, 0], [1, 6], [7], [2], [1], [2, 7], [1, 2], [7, 1], [2], [7, 2], [7], [2], [1], [1, 2], [7, 1], [2, 7], [8], [3], [2], [3, 8], [2, 3]]}","{'map': {'0': 24, '1': 22, '2': 50, '3': 42, '4': 14, '5': 46, '6': 40, '7': 44, '8': 48, '9': 16, '10': 20}, 'arch': {'width': 13, 'height': 5, 'alg_qubits': [14, 40, 16, 42, 18, 44, 20, 46, 22, 48, 24, 50], 'magic_states': [1, 3, 5, 7, 9, 11, 25, 51, 63, 61, 59, 57, 55, 53, 13, 39]}, 'gates': [[10], [5], [4], [4, 5], [10, 4], [5, 10], [9], [4], [3], [4, 9], [3, 4], [9, 3], [4], [9, 4], [9], [4], [3], [3, 4], [9, 3], [4, 9], [8], [3], [2], [3, 8], [2, 3], [8, 2], [3], [8, 3], [8], [3], [2], [2, 3], [8, 2], [3, 8], [7], [2], [1], [2, 7], [1, 2], [7, 1], [2], [7, 2], [7], [2], [1], [1, 2], [7, 1], [2, 7], [6], [1], [0], [1, 6], [0, 1], [6, 0], [1], [6, 1], [6], [1], [0], [0, 1], [6, 0], [1, 6], [7], [2], [1], [2, 7], [1, 2], [7, 1], [2], [7, 2], [7], [2], [1], [1, 2], [7, 1], [2, 7], [8], [3], [2], [3, 8], [2, 3]]}","{'map': {'0': 18, '1': 50, '2': 22, '3': 46, '4': 16, '5': 20, '6': 40, '7': 44, '8': 14, '9': 42, '10': 24, '12': 26}, 'arch': {'width': 13, 'height': 5, 'alg_qubits': [14, 40, 16, 42, 18, 44, 20, 46, 22, 48, 24, 50], 'magic_states': [1, 3, 5, 7, 9, 11, 25, 51, 63, 61, 59, 57, 55, 53, 13, 39]}, 'gates': [[9], [10], [12], [12, 10], [9, 12], [10, 9], [7], [8], [10], [8, 7], [10, 8], [7, 10], [8], [7, 8], [7], [8], [10], [10, 8], [7, 10], [8, 7], [5], [6], [8], [6, 5], [8, 6], [5, 8], [6], [5, 6], [5], [6], [8], [8, 6], [5, 8], [6, 5], [4], [0], [6], [0, 4], [6, 0], [4, 6], [0], [4, 0], [4], [0], [6], [6, 0], [4, 6], [0, 4], [2], [3], [0], [3, 2], [0, 3], [2, 0], [3], [2, 3], [2], [3], [0], [0, 3], [2, 0], [3, 2], [4], [0], [6], [0, 4], [6, 0], [4, 6], [0], [4, 0], [4], [0], [6], [6, 0], [4, 6], [0, 4], [5], [6], [8], [6, 5], [8, 6]]}","{'map': {'0': 24, '1': 14, '2': 50, '3': 18, '4': 46, '5': 48, '6': 22, '7': 40, '8': 42, '9': 44, '10': 16}, 'arch': {'width': 13, 'height': 5, 'alg_qubits': [14, 40, 16, 42, 18, 44, 20, 46, 22, 48, 24, 50], 'magic_states': [1, 3, 5, 7, 9, 11, 25, 51, 63, 61, 59, 57, 55, 53, 13, 39]}, 'gates': [[10], [9], [8], [9, 10], [8, 9], [10, 8], [9], [10, 9], [10], [9], [8], [8, 9], [10, 8], [9, 10], [5], [6], [0], [6, 5], [0, 6], [5, 0], [6], [5, 6], [5], [6], [0], [0, 6], [5, 0], [6, 5], [4], [7], [6], [7, 4], [6, 7], [4, 6], [7], [4, 7], [4], [7], [6], [6, 7], [4, 6], [7, 4], [3], [8], [7], [8, 3], [7, 8], [3, 7], [8], [3, 8], [3], [8], [7], [7, 8], [3, 7], [8, 3], [1], [2], [8], [2, 1], [8, 2], [1, 8], [2], [1, 2], [1], [2], [8], [8, 2], [1, 8], [2, 1], [3], [8], [7], [8, 3], [7, 8], [3, 7], [8], [3, 8], [3], [8], [7]]}","{'map': {'0': 24, '1': 14, '2': 50, '3': 18, '4': 46, '5': 48, '6': 22, '7': 40, '8': 42, '9': 44, '10': 16}, 'arch': {'width': 13, 'height': 5, 'alg_qubits': [14, 40, 16, 42, 18, 44, 20, 46, 22, 48, 24, 50], 'magic_states': [1, 3, 5, 7, 9, 11, 25, 51, 63, 61, 59, 57, 55, 53, 13, 39]}, 'gates': [[10], [9], [8], [9, 10], [8, 9], [10, 8], [9], [10, 9], [10], [9], [8], [8, 9], [10, 8], [9, 10], [5], [6], [0], [6, 5], [0, 6], [5, 0], [6], [5, 6], [5], [6], [0], [0, 6], [5, 0], [6, 5], [4], [7], [6], [7, 4], [6, 7], [4, 6], [7], [4, 7], [4], [7], [6], [6, 7], [4, 6], [7, 4], [3], [8], [7], [8, 3], [7, 8], [3, 7], [8], [3, 8], [3], [8], [7], [7, 8], [3, 7], [8, 3], [1], [2], [8], [2, 1], [8, 2], [1, 8], [2], [1, 2], [1], [2], [8], [8, 2], [1, 8], [2, 1], [3], [8], [7], [8, 3], [7, 8], [3, 7], [8], [3, 8], [3], [8], [7]]}"
quarl_suite_3.qasm,"{'map': {'0': 40, '1': 14, '2': 42, '3': 16, '4': 36, '5': 18, '6': 12, '7': 20, '8': 34}, 'arch': {'width': 11, 'height': 5, 'alg_qubits': [12, 34, 14, 36, 16, 38, 18, 40, 20, 42], 'magic_states': [1, 3, 5, 7, 9, 21, 43, 53, 51, 49, 47, 45, 11, 33]}, 'gates': [[7, 4], [5], [6], [0], [6, 5], [0, 6], [5, 0], [6], [5, 6], [5], [6], [0], [0, 6], [5, 0], [6, 5], [4], [7], [6], [7, 4], [6, 7], [4, 6], [7], [4, 7], [4], [7], [6], [6, 7], [4, 6], [7, 4], [3], [8], [7], [8, 3], [7, 8], [3, 7], [8], [3, 8], [3], [8], [7], [7, 8], [3, 7], [8, 3], [1], [2], [8], [2, 1], [8, 2], [1, 8], [2], [1, 2], [1], [2], [8], [8, 2], [1, 8], [2, 1], [3], [8], [7], [8, 3], [7, 8], [3, 7], [8], [3, 8], [3], [8], [7], [7, 8], [3, 7], [8, 3], [4], [7], [6], [7, 4], [6, 7], [4, 6], [7], [4, 7], [4], [7]]}","{'map': {'0': 34, '1': 14, '2': 36, '3': 40, '4': 20, '5': 16, '6': 42, '7': 38, '8': 18}, 'arch': {'width': 11, 'height': 5, 'alg_qubits': [12, 34, 14, 36, 16, 38, 18, 40, 20, 42], 'magic_states': [1, 3, 5, 7, 9, 21, 43, 53, 51, 49, 47, 45, 11, 33]}, 'gates': [[7, 4], [5], [6], [0], [6, 5], [0, 6], [5, 0], [6], [5, 6], [5], [6], [0], [0, 6], [5, 0], [6, 5], [4], [7], [6], [7, 4], [6, 7], [4, 6], [7], [4, 7], [4], [7], [6], [6, 7], [4, 6], [7, 4], [3], [8], [7], [8, 3], [7, 8], [3, 7], [8], [3, 8], [3], [8], [7], [7, 8], [3, 7], [8, 3], [1], [2], [8], [2, 1], [8, 2], [1, 8], [2], [1, 2], [1], [2], [8], [8, 2], [1, 8], [2, 1], [3], [8], [7], [8, 3], [7, 8], [3, 7], [8], [3, 8], [3], [8], [7], [7, 8], [3, 7], [8, 3], [4], [7], [6], [7, 4], [6, 7], [4, 6], [7], [4, 7], [4], [7]]}","{'map': {'0': 40, '1': 14, '2': 42, '3': 16, '4': 36, '5': 18, '6': 12, '7': 20, '8': 34}, 'arch': {'width': 11, 'height': 5, 'alg_qubits': [12, 34, 14, 36, 16, 38, 18, 40, 20, 42], 'magic_states': [1, 3, 5, 7, 9, 21, 43, 53, 51, 49, 47, 45, 11, 33]}, 'gates': [[7, 4], [5], [6], [0], [6, 5], [0, 6], [5, 0], [6], [5, 6], [5], [6], [0], [0, 6], [5, 0], [6, 5], [4], [7], [6], [7, 4], [6, 7], [4, 6], [7], [4, 7], [4], [7], [6], [6, 7], [4, 6], [7, 4], [3], [8], [7], [8, 3], [7, 8], [3, 7], [8], [3, 8], [3], [8], [7], [7, 8], [3, 7], [8, 3], [1], [2], [8], [2, 1], [8, 2], [1, 8], [2], [1, 2], [1], [2], [8], [8, 2], [1, 8], [2, 1], [3], [8], [7], [8, 3], [7, 8], [3, 7], [8], [3, 8], [3], [8], [7], [7, 8], [3, 7], [8, 3], [4], [7], [6], [7, 4], [6, 7], [4, 6], [7], [4, 7], [4], [7]]}","{'map': {'0': 40, '1': 14, '2': 42, '3': 16, '4': 36, '5': 18, '6': 12, '7': 20, '8': 34}, 'arch': {'width': 11, 'height': 5, 'alg_qubits': [12, 34, 14, 36, 16, 38, 18, 40, 20, 42], 'magic_states': [1, 3, 5, 7, 9, 21, 43, 53, 51, 49, 47, 45, 11, 33]}, 'gates': [[7, 4], [5], [6], [0], [6, 5], [0, 6], [5, 0], [6], [5, 6], [5], [6], [0], [0, 6], [5, 0], [6, 5], [4], [7], [6], [7, 4], [6, 7], [4, 6], [7], [4, 7], [4], [7], [6], [6, 7], [4, 6], [7, 4], [3], [8], [7], [8, 3], [7, 8], [3, 7], [8], [3, 8], [3], [8], [7], [7, 8], [3, 7], [8, 3], [1], [2], [8], [2, 1], [8, 2], [1, 8], [2], [1, 2], [1], [2], [8], [8, 2], [1, 8], [2, 1], [3], [8], [7], [8, 3], [7, 8], [3, 7], [8], [3, 8], [3], [8], [7], [7, 8], [3, 7], [8, 3], [4], [7], [6], [7, 4], [6, 7], [4, 6], [7], [4, 7], [4], [7]]}","{'map': {'0': 34, '1': 14, '2': 36, '3': 40, '4': 20, '5': 16, '6': 42, '7': 38, '8': 18}, 'arch': {'width': 11, 'height': 5, 'alg_qubits': [12, 34, 14, 36, 16, 38, 18, 40, 20, 42], 'magic_states': [1, 3, 5, 7, 9, 21, 43, 53, 51, 49, 47, 45, 11, 33]}, 'gates': [[7, 4], [5], [6], [0], [6, 5], [0, 6], [5, 0], [6], [5, 6], [5], [6], [0], [0, 6], [5, 0], [6, 5], [4], [7], [6], [7, 4], [6, 7], [4, 6], [7], [4, 7], [4], [7], [6], [6, 7], [4, 6], [7, 4], [3], [8], [7], [8, 3], [7, 8], [3, 7], [8], [3, 8], [3], [8], [7], [7, 8], [3, 7], [8, 3], [1], [2], [8], [2, 1], [8, 2], [1, 8], [2], [1, 2], [1], [2], [8], [8, 2], [1, 8], [2, 1], [3], [8], [7], [8, 3], [7, 8], [3, 7], [8], [3, 8], [3], [8], [7], [7, 8], [3, 7], [8, 3], [4], [7], [6], [7, 4], [6, 7], [4, 6], [7], [4, 7], [4], [7]]}"
quest_suite_21.qasm,"{'map': {'0': 40, '1': 12, '2': 42, '3': 20, '4': 34, '5': 18, '6': 36, '7': 14, '8': 38}, 'arch': {'width': 11, 'height': 5, 'alg_qubits': [12, 34, 14, 36, 16, 38, 18, 40, 20, 42], 'magic_states': [1, 3, 5, 7, 9, 21, 43, 53, 51, 49, 47, 45, 11, 33]}, 'gates': [[6, 7], [5], [8], [2], [8, 5], [2, 8], [5, 2], [8], [5, 8], [5], [8], [2], [2, 8], [5, 2], [8, 5], [4], [2], [1], [2, 4], [1, 2], [4, 1], [2], [4, 2], [4], [2], [1], [1, 2], [4, 1], [2, 4], [3], [1], [0], [1, 3], [0, 1], [3, 0], [1], [3, 1], [3], [1], [0], [0, 1], [3, 0], [1, 3], [4], [2], [1], [2, 4], [1, 2], [4, 1], [2], [4, 2], [4], [2], [1], [1, 2], [4, 1], [2, 4], [5], [8], [2], [8, 5], [2, 8], [5, 2], [8], [5, 8], [5], [8], [2], [2, 8], [5, 2], [8, 5], [7], [6], [8], [6, 7], [8, 6], [7, 8], [6], [7, 6], [7], [6]]}","{'map': {'0': 40, '1': 12, '2': 42, '3': 20, '4': 34, '5': 18, '6': 36, '7': 14, '8': 38}, 'arch': {'width': 11, 'height': 5, 'alg_qubits': [12, 34, 14, 36, 16, 38, 18, 40, 20, 42], 'magic_states': [1, 3, 5, 7, 9, 21, 43, 53, 51, 49, 47, 45, 11, 33]}, 'gates': [[6, 7], [5], [8], [2], [8, 5], [2, 8], [5, 2], [8], [5, 8], [5], [8], [2], [2, 8], [5, 2], [8, 5], [4], [2], [1], [2, 4], [1, 2], [4, 1], [2], [4, 2], [4], [2], [1], [1, 2], [4, 1], [2, 4], [3], [1], [0], [1, 3], [0, 1], [3, 0], [1], [3, 1], [3], [1], [0], [0, 1], [3, 0], [1, 3], [4], [2], [1], [2, 4], [1, 2], [4, 1], [2], [4, 2], [4], [2], [1], [1, 2], [4, 1], [2, 4], [5], [8], [2], [8, 5], [2, 8], [5, 2], [8], [5, 8], [5], [8], [2], [2, 8], [5, 2], [8, 5], [7], [6], [8], [6, 7], [8, 6], [7, 8], [6], [7, 6], [7], [6]]}","{'map': {'0': 12, '1': 18, '2': 14, '3': 16, '4': 20, '5': 40, '6': 38, '7': 42, '8': 36, '9': 34}, 'arch': {'width': 11, 'height': 5, 'alg_qubits': [12, 34, 14, 36, 16, 38, 18, 40, 20, 42], 'magic_states': [1, 3, 5, 7, 9, 21, 43, 53, 51, 49, 47, 45, 11, 33]}, 'gates': [[1], [6], [4], [4, 6], [1, 4], [6, 1], [1], [6], [5], [6, 1], [5, 6], [1, 5], [6], [1, 6], [1], [6], [5], [5, 6], [1, 5], [6, 1], [9], [8], [7], [8, 9], [7, 8], [9, 7], [8], [9, 8], [9], [8], [7], [7, 8], [9, 7], [8, 9], [3], [1], [0], [1, 3], [0, 1], [3, 0], [1], [3, 1], [3], [1], [0], [0, 1], [3, 0], [1, 3], [4], [2], [1], [2, 4], [1, 2], [4, 1], [2], [4, 2], [4], [2], [1], [1, 2], [4, 1], [2, 4], [5], [8], [2], [8, 5], [2, 8], [5, 2], [8], [5, 8], [5], [8], [2], [2, 8], [5, 2], [8, 5], [7], [6], [8], [6, 7], [8, 6]]}","{'map': {'0': 34, '1': 16, '2': 42, '3': 18, '4': 20, '5': 38, '6': 40, '7': 14, '8': 36}, 'arch': {'width': 11, 'height': 5, 'alg_qubits': [12, 34, 14, 36, 16, 38, 18, 40, 20, 42], 'magic_states': [1, 3, 5, 7, 9, 21, 43, 53, 51, 49, 47, 45, 11, 33]}, 'gates': [[4, 6], [7], [4, 7], [4], [7], [6], [6, 7], [4, 6], [7, 4], [3], [8], [7], [8, 3], [7, 8], [3, 7], [8], [3, 8], [3], [8], [7], [7, 8], [3, 7], [8, 3], [1], [2], [8], [2, 1], [8, 2], [1, 8], [2], [1, 2], [1], [2], [8], [8, 2], [1, 8], [2, 1], [3], [8], [7], [8, 3], [7, 8], [3, 7], [8], [3, 8], [3], [8], [7], [7, 8], [3, 7], [8, 3], [4], [7], [6], [7, 4], [6, 7], [4, 6], [7], [4, 7], [4], [7], [6], [6, 7], [4, 6], [7, 4], [5], [6], [0], [6, 5], [0, 6], [5, 0], [6], [5, 6], [5], [6], [0], [0, 6], [5, 0], [6, 5], [4], [7]]}","{'map': {'0': 34, '1': 16, '2': 42, '3': 18, '4': 20, '5': 38, '6': 40, '7': 14, '8': 36}, 'arch': {'width': 11, 'height': 5, 'alg_qubits': [12, 34, 14, 36, 16, 38, 18, 40, 20, 42], 'magic_states': [1, 3, 5, 7, 9, 21, 43, 53, 51, 49, 47, 45, 11, 33]}, 'gates': [[4, 6], [7], [4, 7], [4], [7], [6], [6, 7], [4, 6], [7, 4], [3], [8], [7], [8, 3], [7, 8], [3, 7], [8], [3, 8], [3], [8], [7], [7, 8], [3, 7], [8, 3], [1], [2], [8], [2, 1], [8, 2], [1, 8], [2], [1, 2], [1], [2], [8], [8, 2], [1, 8], [2, 1], [3], [8], [7], [8, 3], [7, 8], [3, 7], [8], [3, 8], [3], [8], [7], [7, 8], [3, 7], [8, 3], [4], [7], [6], [7, 4], [6, 7], [4, 6], [7], [4, 7], [4], [7], [6], [6, 7], [4, 6], [7, 4], [5], [6], [0], [6, 5], [0, 6], [5, 0], [6], [5, 6], [5], [6], [0], [0, 6], [5, 0], [6, 5], [4], [7]]}"
jku_suite_14.qasm,"{'map': {'0': 16, '1': 40, '2': 14, '3': 20, '4': 36, '5': 18, '6': 38, '7': 12, '8': 42, '9': 34}, 'arch': {'width': 11, 'height': 5, 'alg_qubits': [12, 34, 14, 36, 16, 38, 18, 40, 20, 42], 'magic_states': [1, 3, 5, 7, 9, 21, 43, 53, 51, 49, 47, 45, 11, 33]}, 'gates': [[2], [4], [3], [3, 4], [2, 3], [4, 2], [6], [3], [5], [3, 6], [5, 3], [6, 5], [3], [6, 3], [6], [3], [5], [5, 3], [6, 5], [3, 6], [7], [5], [9], [5, 7], [9, 5], [7, 9], [5], [7, 5], [7], [5], [9], [9, 5], [7, 9], [5, 7], [8], [9], [1], [9, 8], [1, 9], [8, 1], [9], [8, 9], [8], [9], [1], [1, 9], [8, 1], [9, 8], [7], [4], [9], [4, 7], [9, 4], [7, 9], [4], [7, 4], [7], [4], [9], [9, 4], [7, 9], [4, 7], [6], [3], [4], [3, 6], [4, 3], [6, 4], [3], [6, 3], [6], [3], [4], [4, 3], [6, 4], [3, 6], [0], [5], [3], [5, 0], [3, 5]]}","{'map': {'0': 42, '1': 14, '2': 34, '3': 16, '4': 12, '5': 40, '6': 38, '7': 18, '8': 36, '9': 20}, 'arch': {'width': 11, 'height': 5, 'alg_qubits': [12, 34, 14, 36, 16, 38, 18, 40, 20, 42], 'magic_states': [1, 3, 5, 7, 9, 21, 43, 53, 51, 49, 47, 45, 11, 33]}, 'gates': [[6, 7], [5], [8], [2], [8, 5], [2, 8], [5, 2], [8], [5, 8], [5], [8], [2], [2, 8], [5, 2], [8, 5], [4], [2], [1], [2, 4], [1, 2], [4, 1], [2], [4, 2], [4], [2], [1], [1, 2], [4, 1], [2, 4], [0], [3], [9], [3, 0], [9, 3], [0, 9], [3], [0, 3], [0], [3], [9], [9, 3], [0, 9], [3, 0], [2], [1], [3], [1, 2], [3, 1], [2, 3], [1], [2, 1], [2], [1], [3], [3, 1], [2, 3], [1, 2], [0], [3], [9], [3, 0], [9, 3], [0, 9], [3], [0, 3], [0], [3], [9], [9, 3], [0, 9], [3, 0], [2], [1], [3], [1, 2], [3, 1], [2, 3], [1], [2, 1], [2], [1]]}","{'map': {'0': 40, '1': 34, '2': 36, '3': 18, '4': 20, '5': 12, '6': 16, '7': 42, '8': 38, '9': 14}, 'arch': {'width': 11, 'height': 5, 'alg_qubits': [12, 34, 14, 36, 16, 38, 18, 40, 20, 42], 'magic_states': [1, 3, 5, 7, 9, 21, 43, 53, 51, 49, 47, 45, 11, 33]}, 'gates': [[6, 7], [5], [8], [2], [8, 5], [2, 8], [5, 2], [8], [5, 8], [5], [8], [2], [2, 8], [5, 2], [8, 5], [4], [2], [1], [2, 4], [1, 2], [4, 1], [2], [4, 2], [4], [2], [1], [1, 2], [4, 1], [2, 4], [0], [3], [9], [3, 0], [9, 3], [0, 9], [3], [0, 3], [0], [3], [9], [9, 3], [0, 9], [3, 0], [2], [1], [3], [1, 2], [3, 1], [2, 3], [1], [2, 1], [2], [1], [3], [3, 1], [2, 3], [1, 2], [0], [3], [9], [3, 0], [9, 3], [0, 9], [3], [0, 3], [0], [3], [9], [9, 3], [0, 9], [3, 0], [2], [1], [3], [1, 2], [3, 1], [2, 3], [1], [2, 1], [2], [1]]}","{'map': {'0': 42, '1': 14, '2': 34, '3': 16, '4': 12, '5': 40, '6': 38, '7': 18, '8': 36, '9': 20}, 'arch': {'width': 11, 'height': 5, 'alg_qubits': [12, 34, 14, 36, 16, 38, 18, 40, 20, 42], 'magic_states': [1, 3, 5, 7, 9, 21, 43, 53, 51, 49, 47, 45, 11, 33]}, 'gates': [[6, 7], [5], [8], [2], [8, 5], [2, 8], [5, 2], [8], [5, 8], [5], [8], [2], [2, 8], [5, 2], [8, 5], [4], [2], [1], [2, 4], [1, 2], [4, 1], [2], [4, 2], [4], [2], [1], [1, 2], [4, 1], [2, 4], [0], [3], [9], [3, 0], [9, 3], [0, 9], [3], [0, 3], [0], [3], [9], [9, 3], [0, 9], [3, 0], [2], [1], [3], [1, 2], [3, 1], [2, 3], [1], [2, 1], [2], [1], [3], [3, 1], [2, 3], [1, 2], [0], [3], [9], [3, 0], [9, 3], [0, 9], [3], [0, 3], [0], [3], [9], [9, 3], [0, 9], [3, 0], [2], [1], [3], [1, 2], [3, 1], [2, 3], [1], [2, 1], [2], [1]]}","{'map': {'0': 20, '1': 40, '2': 16, '3': 42, '4': 36, '5': 38, '6': 34, '7': 12, '8': 14, '9': 18}, 'arch': {'width': 11, 'height': 5, 'alg_qubits': [12, 34, 14, 36, 16, 38, 18, 40, 20, 42], 'magic_states': [1, 3, 5, 7, 9, 21, 43, 53, 51, 49, 47, 45, 11, 33]}, 'gates': [[1], [6], [4], [6, 1], [4, 6], [1, 4], [6], [1, 6], [1], [6], [4], [4, 6], [1, 4], [6, 1], [1], [6], [5], [6, 1], [5, 6], [1, 5], [6], [1, 6], [1], [6], [5], [5, 6], [1, 5], [6, 1], [9], [8], [7], [8, 9], [7, 8], [9, 7], [8], [9, 8], [9], [8], [7], [7, 8], [9, 7], [8, 9], [3], [1], [0], [1, 3], [0, 1], [3, 0], [1], [3, 1], [3], [1], [0], [0, 1], [3, 0], [1, 3], [4], [2], [1], [2, 4], [1, 2], [4, 1], [2], [4, 2], [4], [2], [1], [1, 2], [4, 1], [2, 4], [5], [8], [2], [8, 5], [2, 8], [5, 2], [8], [5, 8], [5], [8], [2]]}"
jku_suite_88.qasm,"{'map': {'0': 34, '1': 16, '2': 42, '3': 18, '4': 20, '5': 38, '6': 40, '7': 14, '8': 36}, 'arch': {'width': 11, 'height': 5, 'alg_qubits': [12, 34, 14, 36, 16, 38, 18, 40, 20, 42], 'magic_states': [1, 3, 5, 7, 9, 21, 43, 53, 51, 49, 47, 45, 11, 33]}, 'gates': [[4, 6], [7], [4, 7], [4], [7], [6], [6, 7], [4, 6], [7, 4], [3], [8], [7], [8, 3], [7, 8], [3, 7], [8], [3, 8], [3], [8], [7], [7, 8], [3, 7], [8, 3], [1], [2], [8], [2, 1], [8, 2], [1, 8], [2], [1, 2], [1], [2], [8], [8, 2], [1, 8], [2, 1], [3], [8], [7], [8, 3], [7, 8], [3, 7], [8], [3, 8], [3], [8], [7], [7, 8], [3, 7], [8, 3], [4], [7], [6], [7, 4], [6, 7], [4, 6], [7], [4, 7], [4], [7], [6], [6, 7], [4, 6], [7, 4], [5], [6], [0], [6, 5], [0, 6], [5, 0], [6], [5, 6], [5], [6], [0], [0, 6], [5, 0], [6, 5], [4], [7]]}","{'map': {'0': 14, '1': 40, '2': 20, '3': 34, '4': 36, '5': 12, '6': 42, '7': 16, '8': 18}, 'arch': {'width': 11, 'height': 5, 'alg_qubits': [12, 34, 14, 36, 16, 38, 18, 40, 20, 42], 'magic_states': [1, 3, 5, 7, 9, 21, 43, 53, 51, 49, 47, 45, 11, 33]}, 'gates': [[4, 6], [7], [4, 7], [4], [7], [6], [6, 7], [4, 6], [7, 4], [3], [8], [7], [8, 3], [7, 8], [3, 7], [8], [3, 8], [3], [8], [7], [7, 8], [3, 7], [8, 3], [1], [2], [8], [2, 1], [8, 2], [1, 8], [2], [1, 2], [1], [2], [8], [8, 2], [1, 8], [2, 1], [3], [8], [7], [8, 3], [7, 8], [3, 7], [8], [3, 8], [3], [8], [7], [7, 8], [3, 7], [8, 3], [4], [7], [6], [7, 4], [6, 7], [4, 6], [7], [4, 7], [4], [7], [6], [6, 7], [4, 6], [7, 4], [5], [6], [0], [6, 5], [0, 6], [5, 0], [6], [5, 6], [5], [6], [0], [0, 6], [5, 0], [6, 5], [4], [7]]}","{'map': {'0': 14, '1': 40, '2': 20, '3': 34, '4': 36, '5': 12, '6': 42, '7': 16, '8': 18}, 'arch': {'width': 11, 'height': 5, 'alg_qubits': [12, 34, 14, 36, 16, 38, 18, 40, 20, 42], 'magic_states': [1, 3, 5, 7, 9, 21, 43, 53, 51, 49, 47, 45, 11, 33]}, 'gates': [[4, 6], [7], [4, 7], [4], [7], [6], [6, 7], [4, 6], [7, 4], [3], [8], [7], [8, 3], [7, 8], [3, 7], [8], [3, 8], [3], [8], [7], [7, 8], [3, 7], [8, 3], [1], [2], [8], [2, 1], [8, 2], [1, 8], [2], [1, 2], [1], [2], [8], [8, 2], [1, 8], [2, 1], [3], [8], [7], [8, 3], [7, 8], [3, 7], [8], [3, 8], [3], [8], [7], [7, 8], [3, 7], [8, 3], [4], [7], [6], [7, 4], [6, 7], [4, 6], [7], [4, 7], [4], [7], [6], [6, 7], [4, 6], [7, 4], [5], [6], [0], [6, 5], [0, 6], [5, 0], [6], [5, 6], [5], [6], [0], [0, 6], [5, 0], [6, 5], [4], [7]]}","{'map': {'0': 34, '1': 16, '2': 42, '3': 18, '4': 20, '5': 38, '6': 40, '7': 14, '8': 36}, 'arch': {'width': 11, 'height': 5, 'alg_qubits': [12, 34, 14, 36, 16, 38, 18, 40, 20, 42], 'magic_states': [1, 3, 5, 7, 9, 21, 43, 53, 51, 49, 47, 45, 11, 33]}, 'gates': [[4, 6], [7], [4, 7], [4], [7], [6], [6, 7], [4, 6], [7, 4], [3], [8], [7], [8, 3], [7, 8], [3, 7], [8], [3, 8], [3], [8], [7], [7, 8], [3, 7], [8, 3], [1], [2], [8], [2, 1], [8, 2], [1, 8], [2], [1, 2], [1], [2], [8], [8, 2], [1, 8], [2, 1], [3], [8], [7], [8, 3], [7, 8], [3, 7], [8], [3, 8], [3], [8], [7], [7, 8], [3, 7], [8, 3], [4], [7], [6], [7, 4], [6, 7], [4, 6], [7], [4, 7], [4], [7], [6], [6, 7], [4, 6], [7, 4], [5], [6], [0], [6, 5], [0, 6], [5, 0], [6], [5, 6], [5], [6], [0], [0, 6], [5, 0], [6, 5], [4], [7]]}","{'map': {'0': 34, '1': 16, '2': 42, '3': 18, '4': 20, '5': 38, '6': 40, '7': 14, '8': 36}, 'arch': {'width': 11, 'height': 5, 'alg_qubits': [12, 34, 14, 36, 16, 38, 18, 40, 20, 42], 'magic_states': [1, 3, 5, 7, 9, 21, 43, 53, 51, 49, 47, 45, 11, 33]}, 'gates': [[4, 6], [7], [4, 7], [4], [7], [6], [6, 7], [4, 6], [7, 4], [3], [8], [7], [8, 3], [7, 8], [3, 7], [8], [3, 8], [3], [8], [7], [7, 8], [3, 7], [8, 3], [1], [2], [8], [2, 1], [8, 2], [1, 8], [2], [1, 2], [1], [2], [8], [8, 2], [1, 8], [2, 1], [3], [8], [7], [8, 3], [7, 8], [3, 7], [8], [3, 8], [3], [8], [7], [7, 8], [3, 7], [8, 3], [4], [7], [6], [7, 4], [6, 7], [4, 6], [7], [4, 7], [4], [7], [6], [6, 7], [4, 6], [7, 4], [5], [6], [0], [6, 5], [0, 6], [5, 0], [6], [5, 6], [5], [6], [0], [0, 6], [5, 0], [6, 5], [4], [7]]}"
quest_suite_12.qasm,"{'map': {'0': 44, '1': 50, '2': 40, '3': 18, '4': 14, '5': 24, '6': 46, '7': 48, '8': 42, '9': 16, '10': 22}, 'arch': {'width': 13, 'height': 5, 'alg_qubits': [14, 40, 16, 42, 18, 44, 20, 46, 22, 48, 24, 50], 'magic_states': [1, 3, 5, 7, 9, 11, 25, 51, 63, 61, 59, 57, 55, 53, 13, 39]}, 'gates': [[10, 6], [5, 10], [6, 5], [4], [7], [6], [7, 4], [6, 7], [4, 6], [7], [4, 7], [4], [7], [6], [6, 7], [4, 6], [7, 4], [3], [8], [7], [8, 3], [7, 8], [3, 7], [8], [3, 8], [3], [8], [7], [7, 8], [3, 7], [8, 3], [2], [9], [8], [9, 2], [8, 9], [2, 8], [9], [2, 9], [2], [9], [8], [8, 9], [2, 8], [9, 2], [0], [1], [9], [1, 0], [9, 1], [0, 9], [1], [0, 1], [0], [1], [9], [9, 1], [0, 9], [1, 0], [2], [9], [8], [9, 2], [8, 9], [2, 8], [9], [2, 9], [2], [9], [8], [8, 9], [2, 8], [9, 2], [3], [8], [7], [8, 3], [7, 8], [3, 7], [8], [3, 8]]}","{'map': {'0': 50, '1': 48, '2': 46, '3': 22, '4': 16, '5': 44, '6': 24, '7': 14, '8': 20, '9': 42, '10': 18}, 'arch': {'width': 13, 'height': 5, 'alg_qubits': [14, 40, 16, 42, 18, 44, 20, 46, 22, 48, 24, 50], 'magic_states': [1, 3, 5, 7, 9, 11, 25, 51, 63, 61, 59, 57, 55, 53, 13, 39]}, 'gates': [[7], [4], [5], [4, 7], [5, 4], [7, 5], [4], [7, 4], [7], [4], [5], [5, 4], [7, 5], [4, 7], [10], [9], [0], [9, 10], [0, 9], [10, 0], [9], [10, 9], [10], [9], [0], [0, 9], [10, 0], [9, 10], [1], [8], [9], [8, 1], [9, 8], [1, 9], [8], [1, 8], [1], [8], [9], [9, 8], [1, 9], [8, 1], [2], [7], [8], [7, 2], [8, 7], [2, 8], [7], [2, 7], [2], [7], [8], [8, 7], [2, 8], [7, 2], [3], [6], [7], [6, 3], [7, 6], [3, 7], [6], [3, 6], [3], [6], [7], [7, 6], [3, 7], [6, 3], [5], [4], [6], [4, 5], [6, 4], [5, 6], [4], [5, 4], [5], [4], [6]]}","{'map': {'0': 50, '1': 48, '2': 46, '3': 22, '4': 16, '5': 44, '6': 24, '7': 14, '8': 20, '9': 42, '10': 18}, 'arch': {'width': 13, 'height': 5, 'alg_qubits': [14, 40, 16, 42, 18, 44, 20, 46, 22, 48, 24, 50], 'magic_states': [1, 3, 5, 7, 9, 11, 25, 51, 63, 61, 59, 57, 55, 53, 13, 39]}, 'gates': [[7], [4], [5], [4, 7], [5, 4], [7, 5], [4], [7, 4], [7], [4], [5], [5, 4], [7, 5], [4, 7], [10], [9], [0], [9, 10], [0, 9], [10, 0], [9], [10, 9], [10], [9], [0], [0, 9], [10, 0], [9, 10], [1], [8], [9], [8, 1], [9, 8], [1, 9], [8], [1, 8], [1], [8], [9], [9, 8], [1, 9], [8, 1], [2], [7], [8], [7, 2], [8, 7], [2, 8], [7], [2, 7], [2], [7], [8], [8, 7], [2, 8], [7, 2], [3], [6], [7], [6, 3], [7, 6], [3, 7], [6], [3, 6], [3], [6], [7], [7, 6], [3, 7], [6, 3], [5], [4], [6], [4, 5], [6, 4], [5, 6], [4], [5, 4], [5], [4], [6]]}","{'map': {'0': 24, '1': 22, '2': 50, '3': 42, '4': 14, '5': 46, '6': 40, '7': 44, '8': 48, '9': 16, '10': 20}, 'arch': {'width': 13, 'height': 5, 'alg_qubits': [14, 40, 16, 42, 18, 44, 20, 46, 22, 48, 24, 50], 'magic_states': [1, 3, 5, 7, 9, 11, 25, 51, 63, 61, 59, 57, 55, 53, 13, 39]}, 'gates': [[10], [5], [4], [4, 5], [10, 4], [5, 10], [9], [4], [3], [4, 9], [3, 4], [9, 3], [4], [9, 4], [9], [4], [3], [3, 4], [9, 3], [4, 9], [8], [3], [2], [3, 8], [2, 3], [8, 2], [3], [8, 3], [8], [3], [2], [2, 3], [8, 2], [3, 8], [7], [2], [1], [2, 7], [1, 2], [7, 1], [2], [7, 2], [7], [2], [1], [1, 2], [7, 1], [2, 7], [6], [1], [0], [1, 6], [0, 1], [6, 0], [1], [6, 1], [6], [1], [0], [0, 1], [6, 0], [1, 6], [7], [2], [1], [2, 7], [1, 2], [7, 1], [2], [7, 2], [7], [2], [1], [1, 2], [7, 1], [2, 7], [8], [3], [2], [3, 8], [2, 3]]}","{'map': {'0': 24, '1': 22, '2': 50, '3': 42, '4': 14, '5': 46, '6': 40, '7': 44, '8': 48, '9': 16, '10': 20}, 'arch': {'width': 13, 'height': 5, 'alg_qubits': [14, 40, 16, 42, 18, 44, 20, 46, 22, 48, 24, 50], 'magic_states': [1, 3, 5, 7, 9, 11, 25, 51, 63, 61, 59, 57, 55, 53, 13, 39]}, 'gates': [[10], [5], [4], [4, 5], [10, 4], [5, 10], [9], [4], [3], [4, 9], [3, 4], [9, 3], [4], [9, 4], [9], [4], [3], [3, 4], [9, 3], [4, 9], [8], [3], [2], [3, 8], [2, 3], [8, 2], [3], [8, 3], [8], [3], [2], [2, 3], [8, 2], [3, 8], [7], [2], [1], [2, 7], [1, 2], [7, 1], [2], [7, 2], [7], [2], [1], [1, 2], [7, 1], [2, 7], [6], [1], [0], [1, 6], [0, 1], [6, 0], [1], [6, 1], [6], [1], [0], [0, 1], [6, 0], [1, 6], [7], [2], [1], [2, 7], [1, 2], [7, 1], [2], [7, 2], [7], [2], [1], [1, 2], [7, 1], [2, 7], [8], [3], [2], [3, 8], [2, 3]]}"
qaoa_9.qasm,"{'map': {'0': 36, '1': 38, '2': 16, '3': 42, '4': 14, '5': 40, '6': 20, '7': 34, '8': 18}, 'arch': {'width': 11, 'height': 5, 'alg_qubits': [12, 34, 14, 36, 16, 38, 18, 40, 20, 42], 'magic_states': [1, 3, 5, 7, 9, 21, 43, 53, 51, 49, 47, 45, 11, 33]}, 'gates': [[3], [7, 8], [3, 7], [8, 3], [7], [8, 7], [8], [7], [3], [3, 7], [8, 3], [7, 8], [6], [3], [2], [3, 6], [2, 3], [6, 2], [3], [6, 3], [6], [3], [2], [2, 3], [6, 2], [3, 6], [5], [2], [0], [2, 5], [0, 2], [5, 0], [2], [5, 2], [5], [2], [0], [0, 2], [5, 0], [2, 5], [4], [0], [1], [0, 4], [1, 0], [4, 1], [0], [4, 0], [4], [0], [1], [1, 0], [4, 1], [0, 4], [5], [2], [0], [2, 5], [0, 2], [5, 0], [2], [5, 2], [5], [2], [0], [0, 2], [5, 0], [2, 5], [6], [3], [2], [3, 6], [2, 3], [6, 2], [3], [6, 3], [6], [3], [2], [2, 3], [6, 2]]}","{'map': {'0': 18, '1': 16, '2': 34, '3': 42, '4': 38, '5': 20, '6': 40, '7': 36, '8': 14}, 'arch': {'width': 11, 'height': 5, 'alg_qubits': [12, 34, 14, 36, 16, 38, 18, 40, 20, 42], 'magic_states': [1, 3, 5, 7, 9, 21, 43, 53, 51, 49, 47, 45, 11, 33]}, 'gates': [[3], [7, 8], [3, 7], [8, 3], [7], [8, 7], [8], [7], [3], [3, 7], [8, 3], [7, 8], [6], [3], [2], [3, 6], [2, 3], [6, 2], [3], [6, 3], [6], [3], [2], [2, 3], [6, 2], [3, 6], [5], [2], [0], [2, 5], [0, 2], [5, 0], [2], [5, 2], [5], [2], [0], [0, 2], [5, 0], [2, 5], [4], [0], [1], [0, 4], [1, 0], [4, 1], [0], [4, 0], [4], [0], [1], [1, 0], [4, 1], [0, 4], [5], [2], [0], [2, 5], [0, 2], [5, 0], [2], [5, 2], [5], [2], [0], [0, 2], [5, 0], [2, 5], [6], [3], [2], [3, 6], [2, 3], [6, 2], [3], [6, 3], [6], [3], [2], [2, 3], [6, 2]]}","{'map': {'0': 36, '1': 38, '2': 16, '3': 42, '4': 14, '5': 40, '6': 20, '7': 34, '8': 18}, 'arch': {'width': 11, 'height': 5, 'alg_qubits': [12, 34, 14, 36, 16, 38, 18, 40, 20, 42], 'magic_states': [1, 3, 5, 7, 9, 21, 43, 53, 51, 49, 47, 45, 11, 33]}, 'gates': [[3], [7, 8], [3, 7], [8, 3], [7], [8, 7], [8], [7], [3], [3, 7], [8, 3], [7, 8], [6], [3], [2], [3, 6], [2, 3], [6, 2], [3], [6, 3], [6], [3], [2], [2, 3], [6, 2], [3, 6], [5], [2], [0], [2, 5], [0, 2], [5, 0], [2], [5, 2], [5], [2], [0], [0, 2], [5, 0], [2, 5], [4], [0], [1], [0, 4], [1, 0], [4, 1], [0], [4, 0], [4], [0], [1], [1, 0], [4, 1], [0, 4], [5], [2], [0], [2, 5], [0, 2], [5, 0], [2], [5, 2], [5], [2], [0], [0, 2], [5, 0], [2, 5], [6], [3], [2], [3, 6], [2, 3], [6, 2], [3], [6, 3], [6], [3], [2], [2, 3], [6, 2]]}","{'map': {'0': 18, '1': 16, '2': 34, '3': 42, '4': 38, '5': 20, '6': 40, '7': 36, '8': 14}, 'arch': {'width': 11, 'height': 5, 'alg_qubits': [12, 34, 14, 36, 16, 38, 18, 40, 20, 42], 'magic_states': [1, 3, 5, 7, 9, 21, 43, 53, 51, 49, 47, 45, 11, 33]}, 'gates': [[3], [7, 8], [3, 7], [8, 3], [7], [8, 7], [8], [7], [3], [3, 7], [8, 3], [7, 8], [6], [3], [2], [3, 6], [2, 3], [6, 2], [3], [6, 3], [6], [3], [2], [2, 3], [6, 2], [3, 6], [5], [2], [0], [2, 5], [0, 2], [5, 0], [2], [5, 2], [5], [2], [0], [0, 2], [5, 0], [2, 5], [4], [0], [1], [0, 4], [1, 0], [4, 1], [0], [4, 0], [4], [0], [1], [1, 0], [4, 1], [0, 4], [5], [2], [0], [2, 5], [0, 2], [5, 0], [2], [5, 2], [5], [2], [0], [0, 2], [5, 0], [2, 5], [6], [3], [2], [3, 6], [2, 3], [6, 2], [3], [6, 3], [6], [3], [2], [2, 3], [6, 2]]}","{'map': {'0': 38, '1': 40, '2': 16, '3': 34, '4': 14, '5': 18, '6': 20, '7': 42, '8': 12}, 'arch': {'width': 11, 'height': 5, 'alg_qubits': [12, 34, 14, 36, 16, 38, 18, 40, 20, 42], 'magic_states': [1, 3, 5, 7, 9, 21, 43, 53, 51, 49, 47, 45, 11, 33]}, 'gates': [[5], [6], [0], [6, 5], [0, 6], [5, 0], [6], [5, 6], [5], [6], [0], [0, 6], [5, 0], [6, 5], [4], [7], [6], [7, 4], [6, 7], [4, 6], [7], [4, 7], [4], [7], [6], [6, 7], [4, 6], [7, 4], [3], [8], [7], [8, 3], [7, 8], [3, 7], [8], [3, 8], [3], [8], [7], [7, 8], [3, 7], [8, 3], [1], [2], [8], [2, 1], [8, 2], [1, 8], [2], [1, 2], [1], [2], [8], [8, 2], [1, 8], [2, 1], [3], [8], [7], [8, 3], [7, 8], [3, 7], [8], [3, 8], [3], [8], [7], [7, 8], [3, 7], [8, 3], [4], [7], [6], [7, 4], [6, 7], [4, 6], [7], [4, 7], [4], [7], [6]]}"
jku_suite_36.qasm,"{'map': {'0': 50, '1': 48, '2': 46, '3': 22, '4': 16, '5': 44, '6': 24, '7': 14, '8': 20, '9': 42, '10': 18}, 'arch': {'width': 13, 'height': 5, 'alg_qubits': [14, 40, 16, 42, 18, 44, 20, 46, 22, 48, 24, 50], 'magic_states': [1, 3, 5, 7, 9, 11, 25, 51, 63, 61, 59, 57, 55, 53, 13, 39]}, 'gates': [[7], [4], [5], [4, 7], [5, 4], [7, 5], [4], [7, 4], [7], [4], [5], [5, 4], [7, 5], [4, 7], [10], [9], [0], [9, 10], [0, 9], [10, 0], [9], [10, 9], [10], [9], [0], [0, 9], [10, 0], [9, 10], [1], [8], [9], [8, 1], [9, 8], [1, 9], [8], [1, 8], [1], [8], [9], [9, 8], [1, 9], [8, 1], [2], [7], [8], [7, 2], [8, 7], [2, 8], [7], [2, 7], [2], [7], [8], [8, 7], [2, 8], [7, 2], [3], [6], [7], [6, 3], [7, 6], [3, 7], [6], [3, 6], [3], [6], [7], [7, 6], [3, 7], [6, 3], [5], [4], [6], [4, 5], [6, 4], [5, 6], [4], [5, 4], [5], [4], [6]]}","{'map': {'0': 50, '1': 48, '2': 46, '3': 22, '4': 16, '5': 44, '6': 24, '7': 14, '8': 20, '9': 42, '10': 18}, 'arch': {'width': 13, 'height': 5, 'alg_qubits': [14, 40, 16, 42, 18, 44, 20, 46, 22, 48, 24, 50], 'magic_states': [1, 3, 5, 7, 9, 11, 25, 51, 63, 61, 59, 57, 55, 53, 13, 39]}, 'gates': [[7], [4], [5], [4, 7], [5, 4], [7, 5], [4], [7, 4], [7], [4], [5], [5, 4], [7, 5], [4, 7], [10], [9], [0], [9, 10], [0, 9], [10, 0], [9], [10, 9], [10], [9], [0], [0, 9], [10, 0], [9, 10], [1], [8], [9], [8, 1], [9, 8], [1, 9], [8], [1, 8], [1], [8], [9], [9, 8], [1, 9], [8, 1], [2], [7], [8], [7, 2], [8, 7], [2, 8], [7], [2, 7], [2], [7], [8], [8, 7], [2, 8], [7, 2], [3], [6], [7], [6, 3], [7, 6], [3, 7], [6], [3, 6], [3], [6], [7], [7, 6], [3, 7], [6, 3], [5], [4], [6], [4, 5], [6, 4], [5, 6], [4], [5, 4], [5], [4], [6]]}","{'map': {'0': 24, '1': 22, '2': 50, '3': 42, '4': 14, '5': 46, '6': 40, '7': 44, '8': 48, '9': 16, '10': 20}, 'arch': {'width': 13, 'height': 5, 'alg_qubits': [14, 40, 16, 42, 18, 44, 20, 46, 22, 48, 24, 50], 'magic_states': [1, 3, 5, 7, 9, 11, 25, 51, 63, 61, 59, 57, 55, 53, 13, 39]}, 'gates': [[10], [5], [4], [4, 5], [10, 4], [5, 10], [9], [4], [3], [4, 9], [3, 4], [9, 3], [4], [9, 4], [9], [4], [3], [3, 4], [9, 3], [4, 9], [8], [3], [2], [3, 8], [2, 3], [8, 2], [3], [8, 3], [8], [3], [2], [2, 3], [8, 2], [3, 8], [7], [2], [1], [2, 7], [1, 2], [7, 1], [2], [7, 2], [7], [2], [1], [1, 2], [7, 1], [2, 7], [6], [1], [0], [1, 6], [0, 1], [6, 0], [1], [6, 1], [6], [1], [0], [0, 1], [6, 0], [1, 6], [7], [2], [1], [2, 7], [1, 2], [7, 1], [2], [7, 2], [7], [2], [1], [1, 2], [7, 1], [2, 7], [8], [3], [2], [3, 8], [2, 3]]}","{'map': {'0': 24, '1': 22, '2': 50, '3': 42, '4': 14, '5': 46, '6': 40, '7': 44, '8': 48, '9': 16, '10': 20}, 'arch': {'width': 13, 'height': 5, 'alg_qubits': [14, 40, 16, 42, 18, 44, 20, 46, 22, 48, 24, 50], 'magic_states': [1, 3, 5, 7, 9, 11, 25, 51, 63, 61, 59, 57, 55, 53, 13, 39]}, 'gates': [[10], [5], [4], [4, 5], [10, 4], [5, 10], [9], [4], [3], [4, 9], [3, 4], [9, 3], [4], [9, 4], [9], [4], [3], [3, 4], [9, 3], [4, 9], [8], [3], [2], [3, 8], [2, 3], [8, 2], [3], [8, 3], [8], [3], [2], [2, 3], [8, 2], [3, 8], [7], [2], [1], [2, 7], [1, 2], [7, 1], [2], [7, 2], [7], [2], [1], [1, 2], [7, 1], [2, 7], [6], [1], [0], [1, 6], [0, 1], [6, 0], [1], [6, 1], [6], [1], [0], [0, 1], [6, 0], [1, 6], [7], [2], [1], [2, 7], [1, 2], [7, 1], [2], [7, 2], [7], [2], [1], [1, 2], [7, 1], [2, 7], [8], [3], [2], [3, 8], [2, 3]]}","{'map': {'0': 18, '1': 44, '2': 46, '3': 22, '4': 14, '5': 20, '6': 50, '7': 24, '8': 16, '9': 40, '10': 42}, 'arch': {'width': 13, 'height': 5, 'alg_qubits': [14, 40, 16, 42, 18, 44, 20, 46, 22, 48, 24, 50], 'magic_states': [1, 3, 5, 7, 9, 11, 25, 51, 63, 61, 59, 57, 55, 53, 13, 39]}, 'gates': [[5], [4, 5], [4], [5], [7], [7, 5], [4, 7], [5, 4], [6], [3], [5], [3, 6], [5, 3], [6, 5], [3], [6, 3], [6], [3], [5], [5, 3], [6, 5], [3, 6], [9], [8], [3], [8, 9], [3, 8], [9, 3], [8], [9, 8], [9], [8], [3], [3, 8], [9, 3], [8, 9], [6], [3], [5], [3, 6], [5, 3], [6, 5], [3], [6, 3], [6], [3], [5], [5, 3], [6, 5], [3, 6], [4], [5], [7], [5, 4], [7, 5], [4, 7], [5], [4, 5], [4], [5], [7], [7, 5], [4, 7], [5, 4], [2], [7], [10], [7, 2], [10, 7], [2, 10], [7], [2, 7], [2], [7], [10], [10, 7], [2, 10], [7, 2], [1], [10], [0]]}"
autobraid_14.qasm,"{'map': {'0': 56, '1': 54, '2': 20, '3': 30, '4': 62, '5': 52, '6': 28, '7': 18, '8': 22, '9': 24, '10': 64, '11': 66, '12': 32, '13': 26, '14': 60}, 'arch': {'width': 17, 'height': 5, 'alg_qubits': [18, 52, 20, 54, 22, 56, 24, 58, 26, 60, 28, 62, 30, 64, 32, 66], 'magic_states': [1, 3, 5, 7, 9, 11, 13, 15, 33, 67, 83, 81, 79, 77, 75, 73, 71, 69, 17, 51]}, 'gates': [[8], [7], [9], [9, 7], [8, 9], [7, 8], [6], [9], [10], [9, 6], [10, 9], [6, 10], [9], [6, 9], [6], [9], [10], [10, 9], [6, 10], [9, 6], [5], [10], [11], [10, 5], [11, 10], [5, 11], [10], [5, 10], [5], [10], [11], [11, 10], [5, 11], [10, 5], [4], [11], [12], [11, 4], [12, 11], [4, 12], [11], [4, 11], [4], [11], [12], [12, 11], [4, 12], [11, 4], [2], [12], [13], [12, 2], [13, 12], [2, 13], [12], [2, 12], [2], [12], [13], [13, 12], [2, 13], [12, 2], [1], [13], [14], [13, 1], [14, 13], [1, 14], [13], [1, 13], [1], [13], [14], [14, 13], [1, 14], [13, 1], [3], [14], [0], [14, 3], [0, 14]]}","{'map': {'0': 12, '1': 32, '2': 14, '3': 28, '4': 10, '5': 16, '6': 34, '7': 30}, 'arch': {'width': 9, 'height': 5, 'alg_qubits': [10, 28, 12, 30, 14, 32, 16, 34], 'magic_states': [1, 3, 5, 7, 17, 35, 43, 41, 39, 37, 9, 27]}, 'gates': [[6, 5], [6], [5], [2], [2, 5], [6, 2], [5, 6], [4], [2], [1], [2, 4], [1, 2], [4, 1], [2], [4, 2], [4], [2], [1], [1, 2], [4, 1], [2, 4], [3], [1], [0], [1, 3], [0, 1], [3, 0], [1], [3, 1], [3], [1], [0], [0, 1], [3, 0], [1, 3], [4], [2], [1], [2, 4], [1, 2], [4, 1], [2], [4, 2], [4], [2], [1], [1, 2], [4, 1], [2, 4], [6], [5], [2], [5, 6], [2, 5], [6, 2], [5], [6, 5], [6], [5], [2], [2, 5], [6, 2], [5, 6], [4], [2], [1], [2, 4], [1, 2], [4, 1], [2], [4, 2], [4], [2], [1], [1, 2], [4, 1], [2, 4], [0], [3], [7], [3, 0]]}","{'map': {'0': 12, '1': 32, '2': 14, '3': 28, '4': 10, '5': 16, '6': 34, '7': 30}, 'arch': {'width': 9, 'height': 5, 'alg_qubits': [10, 28, 12, 30, 14, 32, 16, 34], 'magic_states': [1, 3, 5, 7, 17, 35, 43, 41, 39, 37, 9, 27]}, 'gates': [[6, 5], [6], [5], [2], [2, 5], [6, 2], [5, 6], [4], [2], [1], [2, 4], [1, 2], [4, 1], [2], [4, 2], [4], [2], [1], [1, 2], [4, 1], [2, 4], [3], [1], [0], [1, 3], [0, 1], [3, 0], [1], [3, 1], [3], [1], [0], [0, 1], [3, 0], [1, 3], [4], [2], [1], [2, 4], [1, 2], [4, 1], [2], [4, 2], [4], [2], [1], [1, 2], [4, 1], [2, 4], [6], [5], [2], [5, 6], [2, 5], [6, 2], [5], [6, 5], [6], [5], [2], [2, 5], [6, 2], [5, 6], [4], [2], [1], [2, 4], [1, 2], [4, 1], [2], [4, 2], [4], [2], [1], [1, 2], [4, 1], [2, 4], [0], [3], [7], [3, 0]]}","{'map': {'0': 16, '1': 32, '2': 28, '3': 34, '4': 12, '5': 30, '6': 14, '7': 10}, 'arch': {'width': 9, 'height': 5, 'alg_qubits': [10, 28, 12, 30, 14, 32, 16, 34], 'magic_states': [1, 3, 5, 7, 17, 35, 43, 41, 39, 37, 9, 27]}, 'gates': [[5], [6, 5], [6], [5], [2], [2, 5], [6, 2], [5, 6], [4], [2], [1], [2, 4], [1, 2], [4, 1], [2], [4, 2], [4], [2], [1], [1, 2], [4, 1], [2, 4], [3], [1], [0], [1, 3], [0, 1], [3, 0], [1], [3, 1], [3], [1], [0], [0, 1], [3, 0], [1, 3], [4], [2], [1], [2, 4], [1, 2], [4, 1], [2], [4, 2], [4], [2], [1], [1, 2], [4, 1], [2, 4], [6], [5], [2], [5, 6], [2, 5], [6, 2], [5], [6, 5], [6], [5], [2], [2, 5], [6, 2], [5, 6], [4], [2], [1], [2, 4], [1, 2], [4, 1], [2], [4, 2], [4], [2], [1], [1, 2], [4, 1], [2, 4], [0], [3], [7]]}","{'map': {'0': 26, '1': 32, '2': 62, '3': 18, '4': 58, '5': 56, '6': 22, '7': 54, '8': 28, '9': 60, '10': 24, '11': 64, '12': 20, '13': 30, '14': 66}, 'arch': {'width': 17, 'height': 5, 'alg_qubits': [18, 52, 20, 54, 22, 56, 24, 58, 26, 60, 28, 62, 30, 64, 32, 66], 'magic_states': [1, 3, 5, 7, 9, 11, 13, 15, 33, 67, 83, 81, 79, 77, 75, 73, 71, 69, 17, 51]}, 'gates': [[13, 14], [6], [1], [0], [1, 6], [0, 1], [6, 0], [1], [6, 1], [6], [1], [0], [0, 1], [6, 0], [1, 6], [7], [2], [1], [2, 7], [1, 2], [7, 1], [2], [7, 2], [7], [2], [1], [1, 2], [7, 1], [2, 7], [8], [3], [2], [3, 8], [2, 3], [8, 2], [3], [8, 3], [8], [3], [2], [2, 3], [8, 2], [3, 8], [9], [4], [3], [4, 9], [3, 4], [9, 3], [4], [9, 4], [9], [4], [3], [3, 4], [9, 3], [4, 9], [10], [5], [4], [5, 10], [4, 5], [10, 4], [5], [10, 5], [10], [5], [4], [4, 5], [10, 4], [5, 10], [12], [11], [5], [11, 12], [5, 11], [12, 5], [11], [12, 11], [12], [11]]}"
jku_suite_79.qasm,"{'map': {'0': 48, '1': 20, '2': 42, '3': 44, '4': 14, '5': 50, '6': 16, '7': 22, '8': 46, '9': 18, '10': 24}, 'arch': {'width': 13, 'height': 5, 'alg_qubits': [14, 40, 16, 42, 18, 44, 20, 46, 22, 48, 24, 50], 'magic_states': [1, 3, 5, 7, 9, 11, 25, 51, 63, 61, 59, 57, 55, 53, 13, 39]}, 'gates': [[9], [9, 8], [1, 9], [8, 1], [10], [9], [0], [9, 10], [0, 9], [10, 0], [9], [10, 9], [10], [9], [0], [0, 9], [10, 0], [9, 10], [1], [8], [9], [8, 1], [9, 8], [1, 9], [8], [1, 8], [1], [8], [9], [9, 8], [1, 9], [8, 1], [2], [7], [8], [7, 2], [8, 7], [2, 8], [7], [2, 7], [2], [7], [8], [8, 7], [2, 8], [7, 2], [3], [6], [7], [6, 3], [7, 6], [3, 7], [6], [3, 6], [3], [6], [7], [7, 6], [3, 7], [6, 3], [5], [4], [6], [4, 5], [6, 4], [5, 6], [4], [5, 4], [5], [4], [6], [6, 4], [5, 6], [4, 5], [3], [6], [7], [6, 3], [7, 6], [3, 7], [6]]}","{'map': {'0': 48, '1': 20, '2': 42, '3': 44, '4': 14, '5': 50, '6': 16, '7': 22, '8': 46, '9': 18, '10': 24}, 'arch': {'width': 13, 'height': 5, 'alg_qubits': [14, 40, 16, 42, 18, 44, 20, 46, 22, 48, 24, 50], 'magic_states': [1, 3, 5, 7, 9, 11, 25, 51, 63, 61, 59, 57, 55, 53, 13, 39]}, 'gates': [[9], [9, 8], [1, 9], [8, 1], [10], [9], [0], [9, 10], [0, 9], [10, 0], [9], [10, 9], [10], [9], [0], [0, 9], [10, 0], [9, 10], [1], [8], [9], [8, 1], [9, 8], [1, 9], [8], [1, 8], [1], [8], [9], [9, 8], [1, 9], [8, 1], [2], [7], [8], [7, 2], [8, 7], [2, 8], [7], [2, 7], [2], [7], [8], [8, 7], [2, 8], [7, 2], [3], [6], [7], [6, 3], [7, 6], [3, 7], [6], [3, 6], [3], [6], [7], [7, 6], [3, 7], [6, 3], [5], [4], [6], [4, 5], [6, 4], [5, 6], [4], [5, 4], [5], [4], [6], [6, 4], [5, 6], [4, 5], [3], [6], [7], [6, 3], [7, 6], [3, 7], [6]]}","{'map': {'0': 16, '1': 24, '2': 46, '3': 42, '4': 50, '5': 20, '6': 44, '7': 18, '8': 48, '9': 22, '10': 14}, 'arch': {'width': 13, 'height': 5, 'alg_qubits': [14, 40, 16, 42, 18, 44, 20, 46, 22, 48, 24, 50], 'magic_states': [1, 3, 5, 7, 9, 11, 25, 51, 63, 61, 59, 57, 55, 53, 13, 39]}, 'gates': [[4], [8, 9], [4, 8], [9, 4], [8], [9, 8], [9], [8], [4], [4, 8], [9, 4], [8, 9], [7], [4], [5], [4, 7], [5, 4], [7, 5], [4], [7, 4], [7], [4], [5], [5, 4], [7, 5], [4, 7], [10], [9], [0], [9, 10], [0, 9], [10, 0], [9], [10, 9], [10], [9], [0], [0, 9], [10, 0], [9, 10], [1], [8], [9], [8, 1], [9, 8], [1, 9], [8], [1, 8], [1], [8], [9], [9, 8], [1, 9], [8, 1], [2], [7], [8], [7, 2], [8, 7], [2, 8], [7], [2, 7], [2], [7], [8], [8, 7], [2, 8], [7, 2], [3], [6], [7], [6, 3], [7, 6], [3, 7], [6], [3, 6], [3], [6], [7], [7, 6], [3, 7]]}","{'map': {'0': 50, '1': 40, '2': 46, '3': 22, '4': 18, '5': 42, '6': 14, '7': 44, '8': 24, '9': 20, '10': 48}, 'arch': {'width': 13, 'height': 5, 'alg_qubits': [14, 40, 16, 42, 18, 44, 20, 46, 22, 48, 24, 50], 'magic_states': [1, 3, 5, 7, 9, 11, 25, 51, 63, 61, 59, 57, 55, 53, 13, 39]}, 'gates': [[4], [8, 9], [4, 8], [9, 4], [8], [9, 8], [9], [8], [4], [4, 8], [9, 4], [8, 9], [7], [4], [5], [4, 7], [5, 4], [7, 5], [4], [7, 4], [7], [4], [5], [5, 4], [7, 5], [4, 7], [10], [9], [0], [9, 10], [0, 9], [10, 0], [9], [10, 9], [10], [9], [0], [0, 9], [10, 0], [9, 10], [1], [8], [9], [8, 1], [9, 8], [1, 9], [8], [1, 8], [1], [8], [9], [9, 8], [1, 9], [8, 1], [2], [7], [8], [7, 2], [8, 7], [2, 8], [7], [2, 7], [2], [7], [8], [8, 7], [2, 8], [7, 2], [3], [6], [7], [6, 3], [7, 6], [3, 7], [6], [3, 6], [3], [6], [7], [7, 6], [3, 7]]}","{'map': {'0': 50, '1': 40, '2': 46, '3': 22, '4': 18, '5': 42, '6': 14, '7': 44, '8': 24, '9': 20, '10': 48}, 'arch': {'width': 13, 'height': 5, 'alg_qubits': [14, 40, 16, 42, 18, 44, 20, 46, 22, 48, 24, 50], 'magic_states': [1, 3, 5, 7, 9, 11, 25, 51, 63, 61, 59, 57, 55, 53, 13, 39]}, 'gates': [[4], [8, 9], [4, 8], [9, 4], [8], [9, 8], [9], [8], [4], [4, 8], [9, 4], [8, 9], [7], [4], [5], [4, 7], [5, 4], [7, 5], [4], [7, 4], [7], [4], [5], [5, 4], [7, 5], [4, 7], [10], [9], [0], [9, 10], [0, 9], [10, 0], [9], [10, 9], [10], [9], [0], [0, 9], [10, 0], [9, 10], [1], [8], [9], [8, 1], [9, 8], [1, 9], [8], [1, 8], [1], [8], [9], [9, 8], [1, 9], [8, 1], [2], [7], [8], [7, 2], [8, 7], [2, 8], [7], [2, 7], [2], [7], [8], [8, 7], [2, 8], [7, 2], [3], [6], [7], [6, 3], [7, 6], [3, 7], [6], [3, 6], [3], [6], [7], [7, 6], [3, 7]]}"
autobraid_19.qasm,"{'map': {'0': 40, '1': 24, '2': 22, '3': 18, '4': 44, '5': 48, '6': 42, '7': 14, '8': 20, '9': 50, '10': 16}, 'arch': {'width': 13, 'height': 5, 'alg_qubits': [14, 40, 16, 42, 18, 44, 20, 46, 22, 48, 24, 50], 'magic_states': [1, 3, 5, 7, 9, 11, 25, 51, 63, 61, 59, 57, 55, 53, 13, 39]}, 'gates': [[5, 10], [9], [4], [3], [4, 9], [3, 4], [9, 3], [4], [9, 4], [9], [4], [3], [3, 4], [9, 3], [4, 9], [8], [3], [2], [3, 8], [2, 3], [8, 2], [3], [8, 3], [8], [3], [2], [2, 3], [8, 2], [3, 8], [7], [2], [1], [2, 7], [1, 2], [7, 1], [2], [7, 2], [7], [2], [1], [1, 2], [7, 1], [2, 7], [6], [1], [0], [1, 6], [0, 1], [6, 0], [1], [6, 1], [6], [1], [0], [0, 1], [6, 0], [1, 6], [7], [2], [1], [2, 7], [1, 2], [7, 1], [2], [7, 2], [7], [2], [1], [1, 2], [7, 1], [2, 7], [8], [3], [2], [3, 8], [2, 3], [8, 2], [3], [8, 3], [8], [3]]}","{'map': {'0': 40, '1': 24, '2': 22, '3': 18, '4': 44, '5': 48, '6': 42, '7': 14, '8': 20, '9': 50, '10': 16}, 'arch': {'width': 13, 'height': 5, 'alg_qubits': [14, 40, 16, 42, 18, 44, 20, 46, 22, 48, 24, 50], 'magic_states': [1, 3, 5, 7, 9, 11, 25, 51, 63, 61, 59, 57, 55, 53, 13, 39]}, 'gates': [[5, 10], [9], [4], [3], [4, 9], [3, 4], [9, 3], [4], [9, 4], [9], [4], [3], [3, 4], [9, 3], [4, 9], [8], [3], [2], [3, 8], [2, 3], [8, 2], [3], [8, 3], [8], [3], [2], [2, 3], [8, 2], [3, 8], [7], [2], [1], [2, 7], [1, 2], [7, 1], [2], [7, 2], [7], [2], [1], [1, 2], [7, 1], [2, 7], [6], [1], [0], [1, 6], [0, 1], [6, 0], [1], [6, 1], [6], [1], [0], [0, 1], [6, 0], [1, 6], [7], [2], [1], [2, 7], [1, 2], [7, 1], [2], [7, 2], [7], [2], [1], [1, 2], [7, 1], [2, 7], [8], [3], [2], [3, 8], [2, 3], [8, 2], [3], [8, 3], [8], [3]]}","{'map': {'0': 44, '1': 50, '2': 40, '3': 18, '4': 14, '5': 24, '6': 46, '7': 48, '8': 42, '9': 16, '10': 22}, 'arch': {'width': 13, 'height': 5, 'alg_qubits': [14, 40, 16, 42, 18, 44, 20, 46, 22, 48, 24, 50], 'magic_states': [1, 3, 5, 7, 9, 11, 25, 51, 63, 61, 59, 57, 55, 53, 13, 39]}, 'gates': [[10, 6], [5, 10], [6, 5], [4], [7], [6], [7, 4], [6, 7], [4, 6], [7], [4, 7], [4], [7], [6], [6, 7], [4, 6], [7, 4], [3], [8], [7], [8, 3], [7, 8], [3, 7], [8], [3, 8], [3], [8], [7], [7, 8], [3, 7], [8, 3], [2], [9], [8], [9, 2], [8, 9], [2, 8], [9], [2, 9], [2], [9], [8], [8, 9], [2, 8], [9, 2], [0], [1], [9], [1, 0], [9, 1], [0, 9], [1], [0, 1], [0], [1], [9], [9, 1], [0, 9], [1, 0], [2], [9], [8], [9, 2], [8, 9], [2, 8], [9], [2, 9], [2], [9], [8], [8, 9], [2, 8], [9, 2], [3], [8], [7], [8, 3], [7, 8], [3, 7], [8], [3, 8]]}","{'map': {'0': 18, '1': 50, '2': 22, '3': 46, '4': 16, '5': 20, '6': 40, '7': 44, '8': 14, '9': 42, '10': 24, '12': 26}, 'arch': {'width': 13, 'height': 5, 'alg_qubits': [14, 40, 16, 42, 18, 44, 20, 46, 22, 48, 24, 50], 'magic_states': [1, 3, 5, 7, 9, 11, 25, 51, 63, 61, 59, 57, 55, 53, 13, 39]}, 'gates': [[9], [10], [12], [12, 10], [9, 12], [10, 9], [7], [8], [10], [8, 7], [10, 8], [7, 10], [8], [7, 8], [7], [8], [10], [10, 8], [7, 10], [8, 7], [5], [6], [8], [6, 5], [8, 6], [5, 8], [6], [5, 6], [5], [6], [8], [8, 6], [5, 8], [6, 5], [4], [0], [6], [0, 4], [6, 0], [4, 6], [0], [4, 0], [4], [0], [6], [6, 0], [4, 6], [0, 4], [2], [3], [0], [3, 2], [0, 3], [2, 0], [3], [2, 3], [2], [3], [0], [0, 3], [2, 0], [3, 2], [4], [0], [6], [0, 4], [6, 0], [4, 6], [0], [4, 0], [4], [0], [6], [6, 0], [4, 6], [0, 4], [5], [6], [8], [6, 5], [8, 6]]}","{'map': {'0': 18, '1': 16, '2': 24, '3': 22, '4': 46, '5': 42, '6': 48, '7': 20, '8': 50, '9': 40, '10': 44}, 'arch': {'width': 13, 'height': 5, 'alg_qubits': [14, 40, 16, 42, 18, 44, 20, 46, 22, 48, 24, 50], 'magic_states': [1, 3, 5, 7, 9, 11, 25, 51, 63, 61, 59, 57, 55, 53, 13, 39]}, 'gates': [[1], [8], [9], [9, 8], [1, 9], [8, 1], [10], [9], [0], [9, 10], [0, 9], [10, 0], [9], [10, 9], [10], [9], [0], [0, 9], [10, 0], [9, 10], [1], [8], [9], [8, 1], [9, 8], [1, 9], [8], [1, 8], [1], [8], [9], [9, 8], [1, 9], [8, 1], [2], [7], [8], [7, 2], [8, 7], [2, 8], [7], [2, 7], [2], [7], [8], [8, 7], [2, 8], [7, 2], [3], [6], [7], [6, 3], [7, 6], [3, 7], [6], [3, 6], [3], [6], [7], [7, 6], [3, 7], [6, 3], [5], [4], [6], [4, 5], [6, 4], [5, 6], [4], [5, 4], [5], [4], [6], [6, 4], [5, 6], [4, 5], [3], [6], [7], [6, 3], [7, 6]]}"
jku_suite_56.qasm,"{'map': {'0': 18, '1': 50, '2': 22, '3': 46, '4': 16, '5': 20, '6': 40, '7': 44, '8': 14, '9': 42, '10': 24, '12': 26}, 'arch': {'width': 13, 'height': 5, 'alg_qubits': [14, 40, 16, 42, 18, 44, 20, 46, 22, 48, 24, 50], 'magic_states': [1, 3, 5, 7, 9, 11, 25, 51, 63, 61, 59, 57, 55, 53, 13, 39]}, 'gates': [[9], [10], [12], [12, 10], [9, 12], [10, 9], [7], [8], [10], [8, 7], [10, 8], [7, 10], [8], [7, 8], [7], [8], [10], [10, 8], [7, 10], [8, 7], [5], [6], [8], [6, 5], [8, 6], [5, 8], [6], [5, 6], [5], [6], [8], [8, 6], [5, 8], [6, 5], [4], [0], [6], [0, 4], [6, 0], [4, 6], [0], [4, 0], [4], [0], [6], [6, 0], [4, 6], [0, 4], [2], [3], [0], [3, 2], [0, 3], [2, 0], [3], [2, 3], [2], [3], [0], [0, 3], [2, 0], [3, 2], [4], [0], [6], [0, 4], [6, 0], [4, 6], [0], [4, 0], [4], [0], [6], [6, 0], [4, 6], [0, 4], [5], [6], [8], [6, 5], [8, 6]]}","{'map': {'0': 16, '1': 48, '2': 22, '3': 46, '4': 24, '5': 40, '6': 18, '7': 42, '8': 44, '9': 50, '10': 14, '12': 26}, 'arch': {'width': 13, 'height': 5, 'alg_qubits': [14, 40, 16, 42, 18, 44, 20, 46, 22, 48, 24, 50], 'magic_states': [1, 3, 5, 7, 9, 11, 25, 51, 63, 61, 59, 57, 55, 53, 13, 39]}, 'gates': [[9], [10], [12], [12, 10], [9, 12], [10, 9], [8], [6], [10], [6, 8], [10, 6], [8, 10], [6], [8, 6], [8], [6], [10], [10, 6], [8, 10], [6, 8], [7], [5], [6], [5, 7], [6, 5], [7, 6], [5], [7, 5], [7], [5], [6], [6, 5], [7, 6], [5, 7], [4], [0], [5], [0, 4], [5, 0], [4, 5], [0], [4, 0], [4], [0], [5], [5, 0], [4, 5], [0, 4], [2], [3], [0], [3, 2], [0, 3], [2, 0], [3], [2, 3], [2], [3], [0], [0, 3], [2, 0], [3, 2], [4], [0], [5], [0, 4], [5, 0], [4, 5], [0], [4, 0], [4], [0], [5], [5, 0], [4, 5], [0, 4], [7], [5], [6], [5, 7], [6, 5]]}","{'map': {'0': 44, '1': 50, '2': 40, '3': 18, '4': 14, '5': 24, '6': 46, '7': 48, '8': 42, '9': 16, '10': 22}, 'arch': {'width': 13, 'height': 5, 'alg_qubits': [14, 40, 16, 42, 18, 44, 20, 46, 22, 48, 24, 50], 'magic_states': [1, 3, 5, 7, 9, 11, 25, 51, 63, 61, 59, 57, 55, 53, 13, 39]}, 'gates': [[10, 6], [5, 10], [6, 5], [4], [7], [6], [7, 4], [6, 7], [4, 6], [7], [4, 7], [4], [7], [6], [6, 7], [4, 6], [7, 4], [3], [8], [7], [8, 3], [7, 8], [3, 7], [8], [3, 8], [3], [8], [7], [7, 8], [3, 7], [8, 3], [2], [9], [8], [9, 2], [8, 9], [2, 8], [9], [2, 9], [2], [9], [8], [8, 9], [2, 8], [9, 2], [0], [1], [9], [1, 0], [9, 1], [0, 9], [1], [0, 1], [0], [1], [9], [9, 1], [0, 9], [1, 0], [2], [9], [8], [9, 2], [8, 9], [2, 8], [9], [2, 9], [2], [9], [8], [8, 9], [2, 8], [9, 2], [3], [8], [7], [8, 3], [7, 8], [3, 7], [8], [3, 8]]}","{'map': {'0': 24, '1': 22, '2': 50, '3': 42, '4': 14, '5': 46, '6': 40, '7': 44, '8': 48, '9': 16, '10': 20}, 'arch': {'width': 13, 'height': 5, 'alg_qubits': [14, 40, 16, 42, 18, 44, 20, 46, 22, 48, 24, 50], 'magic_states': [1, 3, 5, 7, 9, 11, 25, 51, 63, 61, 59, 57, 55, 53, 13, 39]}, 'gates': [[10], [5], [4], [4, 5], [10, 4], [5, 10], [9], [4], [3], [4, 9], [3, 4], [9, 3], [4], [9, 4], [9], [4], [3], [3, 4], [9, 3], [4, 9], [8], [3], [2], [3, 8], [2, 3], [8, 2], [3], [8, 3], [8], [3], [2], [2, 3], [8, 2], [3, 8], [7], [2], [1], [2, 7], [1, 2], [7, 1], [2], [7, 2], [7], [2], [1], [1, 2], [7, 1], [2, 7], [6], [1], [0], [1, 6], [0, 1], [6, 0], [1], [6, 1], [6], [1], [0], [0, 1], [6, 0], [1, 6], [7], [2], [1], [2, 7], [1, 2], [7, 1], [2], [7, 2], [7], [2], [1], [1, 2], [7, 1], [2, 7], [8], [3], [2], [3, 8], [2, 3]]}","{'map': {'0': 24, '1': 22, '2': 50, '3': 42, '4': 14, '5': 46, '6': 40, '7': 44, '8': 48, '9': 16, '10': 20}, 'arch': {'width': 13, 'height': 5, 'alg_qubits': [14, 40, 16, 42, 18, 44, 20, 46, 22, 48, 24, 50], 'magic_states': [1, 3, 5, 7, 9, 11, 25, 51, 63, 61, 59, 57, 55, 53, 13, 39]}, 'gates': [[10], [5], [4], [4, 5], [10, 4], [5, 10], [9], [4], [3], [4, 9], [3, 4], [9, 3], [4], [9, 4], [9], [4], [3], [3, 4], [9, 3], [4, 9], [8], [3], [2], [3, 8], [2, 3], [8, 2], [3], [8, 3], [8], [3], [2], [2, 3], [8, 2], [3, 8], [7], [2], [1], [2, 7], [1, 2], [7, 1], [2], [7, 2], [7], [2], [1], [1, 2], [7, 1], [2, 7], [6], [1], [0], [1, 6], [0, 1], [6, 0], [1], [6, 1], [6], [1], [0], [0, 1], [6, 0], [1, 6], [7], [2], [1], [2, 7], [1, 2], [7, 1], [2], [7, 2], [7], [2], [1], [1, 2], [7, 1], [2, 7], [8], [3], [2], [3, 8], [2, 3]]}"
jku_suite_96.qasm,"{'map': {'0': 14, '1': 30, '2': 34, '3': 16, '4': 10, '5': 28, '6': 12, '7': 32}, 'arch': {'width': 9, 'height': 5, 'alg_qubits': [10, 28, 12, 30, 14, 32, 16, 34], 'magic_states': [1, 3, 5, 7, 17, 35, 43, 41, 39, 37, 9, 27]}, 'gates': [[0, 2], [1, 5], [0, 2], [1, 5], [2, 3], [0, 6], [1, 7], [4, 5], [2, 3], [0, 6], [1, 7], [4, 5], [3, 7], [4, 6], [1, 5], [0, 2], [3, 7], [4, 6], [1, 5], [0, 2], [4, 5], [2, 3], [0, 6], [1, 7], [4, 5], [2, 3], [0, 6], [1, 7], [4, 6], [3, 7], [4, 6], [3, 7]]}","{'map': {'0': 12, '1': 10, '2': 28, '3': 30, '4': 34, '5': 14, '6': 32}, 'arch': {'width': 9, 'height': 5, 'alg_qubits': [10, 28, 12, 30, 14, 32, 16, 34], 'magic_states': [1, 3, 5, 7, 17, 35, 43, 41, 39, 37, 9, 27]}, 'gates': [[1, 2], [3], [1], [0], [1, 3], [0, 1], [3, 0], [1], [3, 1], [3], [1], [0], [0, 1], [3, 0], [1, 3], [4], [2], [1], [2, 4], [1, 2], [4, 1], [2], [4, 2], [4], [2], [1], [1, 2], [4, 1], [2, 4], [6], [5], [2], [5, 6], [2, 5], [6, 2], [5], [6, 5], [6], [5], [2], [2, 5], [6, 2], [5, 6], [4], [2], [1], [2, 4], [1, 2], [4, 1], [2], [4, 2], [4], [2], [1], [1, 2], [4, 1], [2, 4], [3], [1], [0], [1, 3], [0, 1], [3, 0], [1], [3, 1], [3], [1], [0], [0, 1], [3, 0], [1, 3], [4], [2], [1], [2, 4], [1, 2], [4, 1], [2], [4, 2], [4], [2]]}","{'map': {'0': 30, '1': 34, '2': 14, '3': 32, '4': 16, '5': 10, '6': 28, '7': 12}, 'arch': {'width': 9, 'height': 5, 'alg_qubits': [10, 28, 12, 30, 14, 32, 16, 34], 'magic_states': [1, 3, 5, 7, 17, 35, 43, 41, 39, 37, 9, 27]}, 'gates': [[5, 6], [4], [2], [1], [2, 4], [1, 2], [4, 1], [2], [4, 2], [4], [2], [1], [1, 2], [4, 1], [2, 4], [0], [3], [7], [3, 0], [7, 3], [0, 7], [3], [0, 3], [0], [3], [7], [7, 3], [0, 7], [3, 0], [2], [1], [3], [1, 2], [3, 1], [2, 3], [1], [2, 1], [2], [1], [3], [3, 1], [2, 3], [1, 2], [0], [3], [7], [3, 0], [7, 3], [0, 7], [3], [0, 3], [0], [3], [7], [7, 3], [0, 7], [3, 0], [2], [1], [3], [1, 2], [3, 1], [2, 3], [1], [2, 1], [2], [1], [3], [3, 1], [2, 3], [1, 2], [1], [5], [4], [5, 1], [4, 5], [1, 4], [5], [1, 5], [1], [5]]}","{'map': {'0': 34, '1': 28, '2': 12, '3': 32, '4': 10, '5': 16, '6': 30, '7': 14}, 'arch': {'width': 9, 'height': 5, 'alg_qubits': [10, 28, 12, 30, 14, 32, 16, 34], 'magic_states': [1, 3, 5, 7, 17, 35, 43, 41, 39, 37, 9, 27]}, 'gates': [[0], [2], [1], [1, 2], [0, 1], [2, 0], [5], [3], [2], [3, 5], [2, 3], [5, 2], [3], [5, 3], [5], [3], [2], [2, 3], [5, 2], [3, 5], [7], [6], [3], [6, 7], [3, 6], [7, 3], [6], [7, 6], [7], [6], [3], [3, 6], [7, 3], [6, 7], [5], [3], [2], [3, 5], [2, 3], [5, 2], [3], [5, 3], [5], [3], [2], [2, 3], [5, 2], [3, 5], [1], [4], [2], [4, 1], [2, 4], [1, 2], [4], [1, 4], [1], [4], [2], [2, 4], [1, 2], [4, 1], [1], [4], [3], [4, 1], [3, 4], [1, 3], [4], [1, 4], [1], [4], [3], [3, 4], [1, 3], [4, 1], [7], [6], [5], [6, 7], [5, 6]]}","{'map': {'0': 14, '1': 30, '2': 12, '3': 10, '4': 28, '5': 16, '6': 32, '7': 34}, 'arch': {'width': 9, 'height': 5, 'alg_qubits': [10, 28, 12, 30, 14, 32, 16, 34], 'magic_states': [1, 3, 5, 7, 17, 35, 43, 41, 39, 37, 9, 27]}, 'gates': [[0, 1], [0], [1], [6], [6, 1], [0, 6], [1, 0], [2], [6], [7], [6, 2], [7, 6], [2, 7], [6], [2, 6], [2], [6], [7], [7, 6], [2, 7], [6, 2], [0], [1], [6], [1, 0], [6, 1], [0, 6], [1], [0, 1], [0], [1], [6], [6, 1], [0, 6], [1, 0], [7], [2], [6], [2, 7], [6, 2], [7, 6], [2], [7, 2], [7], [2], [6], [6, 2], [7, 6], [2, 7], [5], [1], [2], [1, 5], [2, 1], [5, 2], [1], [5, 1], [5], [1], [2], [2, 1], [5, 2], [1, 5], [3], [4], [1], [4, 3], [1, 4], [3, 1], [4], [3, 4], [3], [4], [1], [1, 4], [3, 1], [4, 3], [5], [1], [2], [1, 5]]}"
autobraid_44.qasm,"{'map': {'0': 40, '1': 24, '2': 22, '3': 18, '4': 44, '5': 48, '6': 42, '7': 14, '8': 20, '9': 50, '10': 16}, 'arch': {'width': 13, 'height': 5, 'alg_qubits': [14, 40, 16, 42, 18, 44, 20, 46, 22, 48, 24, 50], 'magic_states': [1, 3, 5, 7, 9, 11, 25, 51, 63, 61, 59, 57, 55, 53, 13, 39]}, 'gates': [[5, 10], [9], [4], [3], [4, 9], [3, 4], [9, 3], [4], [9, 4], [9], [4], [3], [3, 4], [9, 3], [4, 9], [8], [3], [2], [3, 8], [2, 3], [8, 2], [3], [8, 3], [8], [3], [2], [2, 3], [8, 2], [3, 8], [7], [2], [1], [2, 7], [1, 2], [7, 1], [2], [7, 2], [7], [2], [1], [1, 2], [7, 1], [2, 7], [6], [1], [0], [1, 6], [0, 1], [6, 0], [1], [6, 1], [6], [1], [0], [0, 1], [6, 0], [1, 6], [7], [2], [1], [2, 7], [1, 2], [7, 1], [2], [7, 2], [7], [2], [1], [1, 2], [7, 1], [2, 7], [8], [3], [2], [3, 8], [2, 3], [8, 2], [3], [8, 3], [8], [3]]}","{'map': {'0': 40, '1': 24, '2': 22, '3': 18, '4': 44, '5': 48, '6': 42, '7': 14, '8': 20, '9': 50, '10': 16}, 'arch': {'width': 13, 'height': 5, 'alg_qubits': [14, 40, 16, 42, 18, 44, 20, 46, 22, 48, 24, 50], 'magic_states': [1, 3, 5, 7, 9, 11, 25, 51, 63, 61, 59, 57, 55, 53, 13, 39]}, 'gates': [[5, 10], [9], [4], [3], [4, 9], [3, 4], [9, 3], [4], [9, 4], [9], [4], [3], [3, 4], [9, 3], [4, 9], [8], [3], [2], [3, 8], [2, 3], [8, 2], [3], [8, 3], [8], [3], [2], [2, 3], [8, 2], [3, 8], [7], [2], [1], [2, 7], [1, 2], [7, 1], [2], [7, 2], [7], [2], [1], [1, 2], [7, 1], [2, 7], [6], [1], [0], [1, 6], [0, 1], [6, 0], [1], [6, 1], [6], [1], [0], [0, 1], [6, 0], [1, 6], [7], [2], [1], [2, 7], [1, 2], [7, 1], [2], [7, 2], [7], [2], [1], [1, 2], [7, 1], [2, 7], [8], [3], [2], [3, 8], [2, 3], [8, 2], [3], [8, 3], [8], [3]]}","{'map': {'0': 18, '1': 24, '2': 44, '3': 46, '4': 50, '5': 40, '6': 16, '7': 42, '8': 48, '9': 20, '10': 22}, 'arch': {'width': 13, 'height': 5, 'alg_qubits': [14, 40, 16, 42, 18, 44, 20, 46, 22, 48, 24, 50], 'magic_states': [1, 3, 5, 7, 9, 11, 25, 51, 63, 61, 59, 57, 55, 53, 13, 39]}, 'gates': [[8], [3], [2], [2, 3], [8, 2], [3, 8], [7], [2], [1], [2, 7], [1, 2], [7, 1], [2], [7, 2], [7], [2], [1], [1, 2], [7, 1], [2, 7], [6], [1], [0], [1, 6], [0, 1], [6, 0], [1], [6, 1], [6], [1], [0], [0, 1], [6, 0], [1, 6], [7], [2], [1], [2, 7], [1, 2], [7, 1], [2], [7, 2], [7], [2], [1], [1, 2], [7, 1], [2, 7], [8], [3], [2], [3, 8], [2, 3], [8, 2], [3], [8, 3], [8], [3], [2], [2, 3], [8, 2], [3, 8], [9], [4], [3], [4, 9], [3, 4], [9, 3], [4], [9, 4], [9], [4], [3], [3, 4], [9, 3], [4, 9], [10], [5], [4], [5, 10], [4, 5]]}","{'map': {'0': 18, '1': 24, '2': 14, '3': 46, '4': 20, '5': 48, '6': 42, '7': 50, '8': 22, '9': 44, '10': 40}, 'arch': {'width': 13, 'height': 5, 'alg_qubits': [14, 40, 16, 42, 18, 44, 20, 46, 22, 48, 24, 50], 'magic_states': [1, 3, 5, 7, 9, 11, 25, 51, 63, 61, 59, 57, 55, 53, 13, 39]}, 'gates': [[3], [8, 3], [8], [3], [2], [2, 3], [8, 2], [3, 8], [7], [2], [1], [2, 7], [1, 2], [7, 1], [2], [7, 2], [7], [2], [1], [1, 2], [7, 1], [2, 7], [6], [1], [0], [1, 6], [0, 1], [6, 0], [1], [6, 1], [6], [1], [0], [0, 1], [6, 0], [1, 6], [7], [2], [1], [2, 7], [1, 2], [7, 1], [2], [7, 2], [7], [2], [1], [1, 2], [7, 1], [2, 7], [8], [3], [2], [3, 8], [2, 3], [8, 2], [3], [8, 3], [8], [3], [2], [2, 3], [8, 2], [3, 8], [9], [4], [3], [4, 9], [3, 4], [9, 3], [4], [9, 4], [9], [4], [3], [3, 4], [9, 3], [4, 9], [10], [5], [4]]}","{'map': {'0': 40, '1': 44, '2': 24, '3': 46, '4': 48, '5': 16, '6': 14, '7': 22, '8': 20, '9': 18, '10': 50}, 'arch': {'width': 13, 'height': 5, 'alg_qubits': [14, 40, 16, 42, 18, 44, 20, 46, 22, 48, 24, 50], 'magic_states': [1, 3, 5, 7, 9, 11, 25, 51, 63, 61, 59, 57, 55, 53, 13, 39]}, 'gates': [[7], [2], [1], [1, 2], [7, 1], [2, 7], [0], [6], [2], [6, 0], [2, 6], [0, 2], [6], [0, 6], [0], [6], [2], [2, 6], [0, 2], [6, 0], [7], [2], [1], [2, 7], [1, 2], [7, 1], [2], [7, 2], [7], [2], [1], [1, 2], [7, 1], [2, 7], [10], [9], [8], [9, 10], [8, 9], [10, 8], [9], [10, 9], [10], [9], [8], [8, 9], [10, 8], [9, 10], [5], [6], [0], [6, 5], [0, 6], [5, 0], [6], [5, 6], [5], [6], [0], [0, 6], [5, 0], [6, 5], [4], [7], [6], [7, 4], [6, 7], [4, 6], [7], [4, 7], [4], [7], [6], [6, 7], [4, 6], [7, 4], [3], [8], [7], [8, 3], [7, 8]]}"
jku_suite_86.qasm,"{'map': {'0': 18, '1': 16, '2': 8, '3': 6}, 'arch': {'width': 5, 'height': 5, 'alg_qubits': [6, 16, 8, 18], 'magic_states': [1, 3, 9, 19, 23, 21, 5, 15]}, 'gates': [[0, 1], [0, 1], [0, 3], [0, 3], [0, 2], [0, 2], [1, 2], [1, 2], [1, 3], [1, 3], [0, 1], [0, 1], [2, 3], [2, 3], [0, 3], [0, 3], [0, 2], [0, 2], [1, 2], [1, 2], [1, 3], [1, 3], [0, 1], [0, 1], [2, 3], [2, 3], [0, 3], [0, 3], [0, 2], [0, 2], [1, 2], [1, 2], [1, 3], [1, 3], [0, 1], [0, 1], [2, 3], [2, 3], [0, 3], [0, 3], [0, 2], [0, 2], [1, 2], [1, 2], [1, 3], [1, 3], [2, 3], [2, 3]]}","{'map': {'0': 18, '1': 8, '2': 16, '3': 6}, 'arch': {'width': 5, 'height': 5, 'alg_qubits': [6, 16, 8, 18], 'magic_states': [1, 3, 9, 19, 23, 21, 5, 15]}, 'gates': [[0, 1], [0, 1], [1, 2], [2, 3], [2, 3], [1, 2], [0, 1], [0, 1], [1, 2], [2, 3], [2, 3], [1, 2], [0, 1], [1, 2], [2, 3], [2, 3], [1, 2], [0, 1], [0, 1], [1, 2], [2, 3], [2, 3], [1, 2], [0, 1], [1, 2], [2, 3], [2, 3], [1, 2], [0, 1], [0, 1], [1, 2], [2, 3], [2, 3], [1, 2], [0, 1], [1, 2], [2, 3], [2, 3], [1, 2], [0, 1], [0, 1], [1, 2], [2, 3], [2, 3], [1, 2], [0, 1], [2, 3], [2, 3], [1, 2], [2, 3], [2, 3], [1, 2], [2, 3], [2, 3], [1, 2], [1, 2], [0, 1], [1, 2], [2, 3], [2, 3], [1, 2], [0, 1], [1, 2], [2, 3], [2, 3], [1, 2], [0, 1], [1, 2], [1, 2], [0, 1], [1, 2], [1, 2], [0, 1], [0, 1]]}","{'map': {'0': 16, '1': 18, '2': 8}, 'arch': {'width': 5, 'height': 5, 'alg_qubits': [6, 16, 8, 18], 'magic_states': [1, 3, 9, 19, 23, 21, 5, 15]}, 'gates': [[1], [1], [1], [1], [1], [1], [1], [1], [1], [1], [1], [1], [1], [1], [1], [1], [1], [1], [1], [1], [1], [1], [1], [0, 1], [1, 2], [2], [2], [2], [2], [2], [2], [2], [2], [2], [2], [2], [2], [2], [2], [2], [2], [2], [2], [2], [2], [2], [2], [2], [2], [2], [2], [2], [2], [2], [2], [2], [2], [2], [2], [2], [2], [2], [2], [2], [2], [2], [2], [2], [2], [2], [2], [2], [2], [2], [2], [2], [2], [2], [2], [2], [2]]}","{'map': {'0': 32, '1': 34, '2': 28, '3': 10, '4': 30, '5': 12, '6': 16}, 'arch': {'width': 9, 'height': 5, 'alg_qubits': [10, 28, 12, 30, 14, 32, 16, 34], 'magic_states': [1, 3, 5, 7, 17, 35, 43, 41, 39, 37, 9, 27]}, 'gates': [[1], [6, 3], [1, 6], [3, 1], [6], [3, 6], [3], [6], [1], [1, 6], [3, 1], [6, 3], [2], [1], [0], [1, 2], [0, 1], [2, 0], [1], [2, 1], [2], [1], [0], [0, 1], [2, 0], [1, 2], [3], [6], [1], [6, 3], [1, 6], [3, 1], [6], [3, 6], [3], [6], [1], [1, 6], [3, 1], [6, 3], [5], [4], [6], [4, 5], [6, 4], [5, 6], [4], [5, 4], [5], [4], [6], [6, 4], [5, 6], [4, 5], [3], [6], [1], [6, 3], [1, 6], [3, 1], [6], [3, 6], [3], [6], [1], [1, 6], [3, 1], [6, 3], [0], [1], [6], [1, 0], [6, 1], [0, 6], [1], [0, 1], [0], [1], [6], [6, 1], [0, 6]]}","{'map': {'0': 28, '1': 10, '2': 32, '3': 16, '4': 30, '5': 14, '6': 12}, 'arch': {'width': 9, 'height': 5, 'alg_qubits': [10, 28, 12, 30, 14, 32, 16, 34], 'magic_states': [1, 3, 5, 7, 17, 35, 43, 41, 39, 37, 9, 27]}, 'gates': [[6, 2], [1, 6], [2], [1, 2], [1], [2], [6], [6, 2], [1, 6], [2, 1], [5], [6], [0], [6, 5], [0, 6], [5, 0], [6], [5, 6], [5], [6], [0], [0, 6], [5, 0], [6, 5], [1], [2], [6], [2, 1], [6, 2], [1, 6], [2], [1, 2], [1], [2], [6], [6, 2], [1, 6], [2, 1], [4], [6], [5], [6, 4], [5, 6], [4, 5], [6], [4, 6], [4], [6], [5], [5, 6], [4, 5], [6, 4], [3], [0], [6], [0, 3], [6, 0], [3, 6], [0], [3, 0], [3], [0], [6], [6, 0], [3, 6], [0, 3], [1], [2], [0], [2, 1], [0, 2], [1, 0], [2], [1, 2], [1], [2], [0], [0, 2], [1, 0], [2, 1], [3]]}"
quarl_suite_20.qasm,"{'map': {'0': 20, '1': 18, '2': 60, '3': 54, '4': 32, '5': 56, '6': 58, '7': 30, '8': 52, '9': 62, '10': 28, '11': 22, '12': 64, '13': 66, '14': 26}, 'arch': {'width': 17, 'height': 5, 'alg_qubits': [18, 52, 20, 54, 22, 56, 24, 58, 26, 60, 28, 62, 30, 64, 32, 66], 'magic_states': [1, 3, 5, 7, 9, 11, 13, 15, 33, 67, 83, 81, 79, 77, 75, 73, 71, 69, 17, 51]}, 'gates': [[14, 12], [13], [14, 13], [14], [13], [12], [12, 13], [14, 12], [13, 14], [6], [1], [0], [1, 6], [0, 1], [6, 0], [1], [6, 1], [6], [1], [0], [0, 1], [6, 0], [1, 6], [7], [2], [1], [2, 7], [1, 2], [7, 1], [2], [7, 2], [7], [2], [1], [1, 2], [7, 1], [2, 7], [8], [3], [2], [3, 8], [2, 3], [8, 2], [3], [8, 3], [8], [3], [2], [2, 3], [8, 2], [3, 8], [9], [4], [3], [4, 9], [3, 4], [9, 3], [4], [9, 4], [9], [4], [3], [3, 4], [9, 3], [4, 9], [10], [5], [4], [5, 10], [4, 5], [10, 4], [5], [10, 5], [10], [5], [4], [4, 5], [10, 4], [5, 10], [12], [11]]}","{'map': {'0': 56, '1': 54, '2': 20, '3': 30, '4': 62, '5': 52, '6': 28, '7': 18, '8': 22, '9': 24, '10': 64, '11': 66, '12': 32, '13': 26, '14': 60}, 'arch': {'width': 17, 'height': 5, 'alg_qubits': [18, 52, 20, 54, 22, 56, 24, 58, 26, 60, 28, 62, 30, 64, 32, 66], 'magic_states': [1, 3, 5, 7, 9, 11, 13, 15, 33, 67, 83, 81, 79, 77, 75, 73, 71, 69, 17, 51]}, 'gates': [[8], [7], [9], [9, 7], [8, 9], [7, 8], [6], [9], [10], [9, 6], [10, 9], [6, 10], [9], [6, 9], [6], [9], [10], [10, 9], [6, 10], [9, 6], [5], [10], [11], [10, 5], [11, 10], [5, 11], [10], [5, 10], [5], [10], [11], [11, 10], [5, 11], [10, 5], [4], [11], [12], [11, 4], [12, 11], [4, 12], [11], [4, 11], [4], [11], [12], [12, 11], [4, 12], [11, 4], [2], [12], [13], [12, 2], [13, 12], [2, 13], [12], [2, 12], [2], [12], [13], [13, 12], [2, 13], [12, 2], [1], [13], [14], [13, 1], [14, 13], [1, 14], [13], [1, 13], [1], [13], [14], [14, 13], [1, 14], [13, 1], [3], [14], [0], [14, 3], [0, 14]]}","{'map': {'0': 26, '1': 32, '2': 62, '3': 18, '4': 58, '5': 56, '6': 22, '7': 54, '8': 28, '9': 60, '10': 24, '11': 64, '12': 20, '13': 30, '14': 66}, 'arch': {'width': 17, 'height': 5, 'alg_qubits': [18, 52, 20, 54, 22, 56, 24, 58, 26, 60, 28, 62, 30, 64, 32, 66], 'magic_states': [1, 3, 5, 7, 9, 11, 13, 15, 33, 67, 83, 81, 79, 77, 75, 73, 71, 69, 17, 51]}, 'gates': [[13, 14], [6], [1], [0], [1, 6], [0, 1], [6, 0], [1], [6, 1], [6], [1], [0], [0, 1], [6, 0], [1, 6], [7], [2], [1], [2, 7], [1, 2], [7, 1], [2], [7, 2], [7], [2], [1], [1, 2], [7, 1], [2, 7], [8], [3], [2], [3, 8], [2, 3], [8, 2], [3], [8, 3], [8], [3], [2], [2, 3], [8, 2], [3, 8], [9], [4], [3], [4, 9], [3, 4], [9, 3], [4], [9, 4], [9], [4], [3], [3, 4], [9, 3], [4, 9], [10], [5], [4], [5, 10], [4, 5], [10, 4], [5], [10, 5], [10], [5], [4], [4, 5], [10, 4], [5, 10], [12], [11], [5], [11, 12], [5, 11], [12, 5], [11], [12, 11], [12], [11]]}","{'map': {'0': 26, '1': 32, '2': 62, '3': 18, '4': 58, '5': 56, '6': 22, '7': 54, '8': 28, '9': 60, '10': 24, '11': 64, '12': 20, '13': 30, '14': 66}, 'arch': {'width': 17, 'height': 5, 'alg_qubits': [18, 52, 20, 54, 22, 56, 24, 58, 26, 60, 28, 62, 30, 64, 32, 66], 'magic_states': [1, 3, 5, 7, 9, 11, 13, 15, 33, 67, 83, 81, 79, 77, 75, 73, 71, 69, 17, 51]}, 'gates': [[13, 14], [6], [1], [0], [1, 6], [0, 1], [6, 0], [1], [6, 1], [6], [1], [0], [0, 1], [6, 0], [1, 6], [7], [2], [1], [2, 7], [1, 2], [7, 1], [2], [7, 2], [7], [2], [1], [1, 2], [7, 1], [2, 7], [8], [3], [2], [3, 8], [2, 3], [8, 2], [3], [8, 3], [8], [3], [2], [2, 3], [8, 2], [3, 8], [9], [4], [3], [4, 9], [3, 4], [9, 3], [4], [9, 4], [9], [4], [3], [3, 4], [9, 3], [4, 9], [10], [5], [4], [5, 10], [4, 5], [10, 4], [5], [10, 5], [10], [5], [4], [4, 5], [10, 4], [5, 10], [12], [11], [5], [11, 12], [5, 11], [12, 5], [11], [12, 11], [12], [11]]}","{'map': {'0': 64, '1': 30, '2': 28, '3': 24, '4': 26, '5': 62, '6': 56, '7': 32, '8': 52, '9': 54, '10': 60, '11': 66, '12': 18, '13': 22, '14': 20}, 'arch': {'width': 17, 'height': 5, 'alg_qubits': [18, 52, 20, 54, 22, 56, 24, 58, 26, 60, 28, 62, 30, 64, 32, 66], 'magic_states': [1, 3, 5, 7, 9, 11, 13, 15, 33, 67, 83, 81, 79, 77, 75, 73, 71, 69, 17, 51]}, 'gates': [[0, 14], [3, 0], [14, 3], [1], [13], [14], [13, 1], [14, 13], [1, 14], [13], [1, 13], [1], [13], [14], [14, 13], [1, 14], [13, 1], [2], [12], [13], [12, 2], [13, 12], [2, 13], [12], [2, 12], [2], [12], [13], [13, 12], [2, 13], [12, 2], [4], [11], [12], [11, 4], [12, 11], [4, 12], [11], [4, 11], [4], [11], [12], [12, 11], [4, 12], [11, 4], [5], [10], [11], [10, 5], [11, 10], [5, 11], [10], [5, 10], [5], [10], [11], [11, 10], [5, 11], [10, 5], [6], [9], [10], [9, 6], [10, 9], [6, 10], [9], [6, 9], [6], [9], [10], [10, 9], [6, 10], [9, 6], [8], [7], [9], [7, 8], [9, 7], [8, 9], [7], [8, 7]]}"
autobraid_17.qasm,"{'map': {'0': 40, '1': 24, '2': 22, '3': 18, '4': 44, '5': 48, '6': 42, '7': 14, '8': 20, '9': 50, '10': 16}, 'arch': {'width': 13, 'height': 5, 'alg_qubits': [14, 40, 16, 42, 18, 44, 20, 46, 22, 48, 24, 50], 'magic_states': [1, 3, 5, 7, 9, 11, 25, 51, 63, 61, 59, 57, 55, 53, 13, 39]}, 'gates': [[5, 10], [9], [4], [3], [4, 9], [3, 4], [9, 3], [4], [9, 4], [9], [4], [3], [3, 4], [9, 3], [4, 9], [8], [3], [2], [3, 8], [2, 3], [8, 2], [3], [8, 3], [8], [3], [2], [2, 3], [8, 2], [3, 8], [7], [2], [1], [2, 7], [1, 2], [7, 1], [2], [7, 2], [7], [2], [1], [1, 2], [7, 1], [2, 7], [6], [1], [0], [1, 6], [0, 1], [6, 0], [1], [6, 1], [6], [1], [0], [0, 1], [6, 0], [1, 6], [7], [2], [1], [2, 7], [1, 2], [7, 1], [2], [7, 2], [7], [2], [1], [1, 2], [7, 1], [2, 7], [8], [3], [2], [3, 8], [2, 3], [8, 2], [3], [8, 3], [8], [3]]}","{'map': {'0': 40, '1': 24, '2': 22, '3': 18, '4': 44, '5': 48, '6': 42, '7': 14, '8': 20, '9': 50, '10': 16}, 'arch': {'width': 13, 'height': 5, 'alg_qubits': [14, 40, 16, 42, 18, 44, 20, 46, 22, 48, 24, 50], 'magic_states': [1, 3, 5, 7, 9, 11, 25, 51, 63, 61, 59, 57, 55, 53, 13, 39]}, 'gates': [[5, 10], [9], [4], [3], [4, 9], [3, 4], [9, 3], [4], [9, 4], [9], [4], [3], [3, 4], [9, 3], [4, 9], [8], [3], [2], [3, 8], [2, 3], [8, 2], [3], [8, 3], [8], [3], [2], [2, 3], [8, 2], [3, 8], [7], [2], [1], [2, 7], [1, 2], [7, 1], [2], [7, 2], [7], [2], [1], [1, 2], [7, 1], [2, 7], [6], [1], [0], [1, 6], [0, 1], [6, 0], [1], [6, 1], [6], [1], [0], [0, 1], [6, 0], [1, 6], [7], [2], [1], [2, 7], [1, 2], [7, 1], [2], [7, 2], [7], [2], [1], [1, 2], [7, 1], [2, 7], [8], [3], [2], [3, 8], [2, 3], [8, 2], [3], [8, 3], [8], [3]]}","{'map': {'0': 40, '1': 44, '2': 24, '3': 46, '4': 48, '5': 16, '6': 14, '7': 22, '8': 20, '9': 18, '10': 50}, 'arch': {'width': 13, 'height': 5, 'alg_qubits': [14, 40, 16, 42, 18, 44, 20, 46, 22, 48, 24, 50], 'magic_states': [1, 3, 5, 7, 9, 11, 25, 51, 63, 61, 59, 57, 55, 53, 13, 39]}, 'gates': [[7], [2], [1], [1, 2], [7, 1], [2, 7], [0], [6], [2], [6, 0], [2, 6], [0, 2], [6], [0, 6], [0], [6], [2], [2, 6], [0, 2], [6, 0], [7], [2], [1], [2, 7], [1, 2], [7, 1], [2], [7, 2], [7], [2], [1], [1, 2], [7, 1], [2, 7], [10], [9], [8], [9, 10], [8, 9], [10, 8], [9], [10, 9], [10], [9], [8], [8, 9], [10, 8], [9, 10], [5], [6], [0], [6, 5], [0, 6], [5, 0], [6], [5, 6], [5], [6], [0], [0, 6], [5, 0], [6, 5], [4], [7], [6], [7, 4], [6, 7], [4, 6], [7], [4, 7], [4], [7], [6], [6, 7], [4, 6], [7, 4], [3], [8], [7], [8, 3], [7, 8]]}","{'map': {'0': 18, '1': 46, '2': 24, '3': 50, '4': 22, '5': 16, '6': 40, '7': 48, '8': 44, '9': 14, '10': 20}, 'arch': {'width': 13, 'height': 5, 'alg_qubits': [14, 40, 16, 42, 18, 44, 20, 46, 22, 48, 24, 50], 'magic_states': [1, 3, 5, 7, 9, 11, 25, 51, 63, 61, 59, 57, 55, 53, 13, 39]}, 'gates': [[7], [2], [1], [1, 2], [7, 1], [2, 7], [0], [6], [2], [6, 0], [2, 6], [0, 2], [6], [0, 6], [0], [6], [2], [2, 6], [0, 2], [6, 0], [7], [2], [1], [2, 7], [1, 2], [7, 1], [2], [7, 2], [7], [2], [1], [1, 2], [7, 1], [2, 7], [10], [9], [8], [9, 10], [8, 9], [10, 8], [9], [10, 9], [10], [9], [8], [8, 9], [10, 8], [9, 10], [5], [6], [0], [6, 5], [0, 6], [5, 0], [6], [5, 6], [5], [6], [0], [0, 6], [5, 0], [6, 5], [4], [7], [6], [7, 4], [6, 7], [4, 6], [7], [4, 7], [4], [7], [6], [6, 7], [4, 6], [7, 4], [3], [8], [7], [8, 3], [7, 8]]}","{'map': {'0': 40, '1': 44, '2': 24, '3': 46, '4': 48, '5': 16, '6': 14, '7': 22, '8': 20, '9': 18, '10': 50}, 'arch': {'width': 13, 'height': 5, 'alg_qubits': [14, 40, 16, 42, 18, 44, 20, 46, 22, 48, 24, 50], 'magic_states': [1, 3, 5, 7, 9, 11, 25, 51, 63, 61, 59, 57, 55, 53, 13, 39]}, 'gates': [[7], [2], [1], [1, 2], [7, 1], [2, 7], [0], [6], [2], [6, 0], [2, 6], [0, 2], [6], [0, 6], [0], [6], [2], [2, 6], [0, 2], [6, 0], [7], [2], [1], [2, 7], [1, 2], [7, 1], [2], [7, 2], [7], [2], [1], [1, 2], [7, 1], [2, 7], [10], [9], [8], [9, 10], [8, 9], [10, 8], [9], [10, 9], [10], [9], [8], [8, 9], [10, 8], [9, 10], [5], [6], [0], [6, 5], [0, 6], [5, 0], [6], [5, 6], [5], [6], [0], [0, 6], [5, 0], [6, 5], [4], [7], [6], [7, 4], [6, 7], [4, 6], [7], [4, 7], [4], [7], [6], [6, 7], [4, 6], [7, 4], [3], [8], [7], [8, 3], [7, 8]]}"
jku_suite_76.qasm,"{'map': {'0': 36, '1': 16, '2': 14, '3': 42, '4': 34, '5': 20, '6': 12, '7': 40, '8': 18}, 'arch': {'width': 11, 'height': 5, 'alg_qubits': [12, 34, 14, 36, 16, 38, 18, 40, 20, 42], 'magic_states': [1, 3, 5, 7, 9, 21, 43, 53, 51, 49, 47, 45, 11, 33]}, 'gates': [[7], [8], [4], [4, 8], [7, 4], [8, 7], [6], [5], [8], [5, 6], [8, 5], [6, 8], [5], [6, 5], [6], [5], [8], [8, 5], [6, 8], [5, 6], [2], [3], [5], [3, 2], [5, 3], [2, 5], [3], [2, 3], [2], [3], [5], [5, 3], [2, 5], [3, 2], [0], [1], [3], [1, 0], [3, 1], [0, 3], [1], [0, 1], [0], [1], [3], [3, 1], [0, 3], [1, 0], [2], [3], [5], [3, 2], [5, 3], [2, 5], [3], [2, 3], [2], [3], [5], [5, 3], [2, 5], [3, 2], [6], [5], [8], [5, 6], [8, 5], [6, 8], [5], [6, 5], [6], [5], [8], [8, 5], [6, 8], [5, 6], [7], [8], [1], [8, 7], [1, 8]]}","{'map': {'0': 14, '1': 16, '2': 12, '3': 40, '4': 36, '5': 38, '6': 20, '7': 18, '8': 42}, 'arch': {'width': 11, 'height': 5, 'alg_qubits': [12, 34, 14, 36, 16, 38, 18, 40, 20, 42], 'magic_states': [1, 3, 5, 7, 9, 21, 43, 53, 51, 49, 47, 45, 11, 33]}, 'gates': [[1, 4], [5], [1, 5], [1], [5], [4], [4, 5], [1, 4], [5, 1], [1], [5], [3], [5, 1], [3, 5], [1, 3], [5], [1, 5], [1], [5], [3], [3, 5], [1, 3], [5, 1], [1], [5], [2], [5, 1], [2, 5], [1, 2], [5], [1, 5], [1], [5], [2], [2, 5], [1, 2], [5, 1], [6], [3], [2], [3, 6], [2, 3], [6, 2], [3], [6, 3], [6], [3], [2], [2, 3], [6, 2], [3, 6], [8], [7], [3], [7, 8], [3, 7], [8, 3], [7], [8, 7], [8], [7], [3], [3, 7], [8, 3], [7, 8], [6], [3], [2], [3, 6], [2, 3], [6, 2], [3], [6, 3], [6], [3], [2], [2, 3], [6, 2], [3, 6], [0], [2]]}","{'map': {'0': 36, '1': 20, '2': 34, '3': 38, '4': 40, '5': 16, '6': 18, '7': 12, '8': 14, '9': 42}, 'arch': {'width': 11, 'height': 5, 'alg_qubits': [12, 34, 14, 36, 16, 38, 18, 40, 20, 42], 'magic_states': [1, 3, 5, 7, 9, 21, 43, 53, 51, 49, 47, 45, 11, 33]}, 'gates': [[1], [1, 2], [4, 1], [2, 4], [5], [8], [2], [8, 5], [2, 8], [5, 2], [8], [5, 8], [5], [8], [2], [2, 8], [5, 2], [8, 5], [7], [6], [8], [6, 7], [8, 6], [7, 8], [6], [7, 6], [7], [6], [8], [8, 6], [7, 8], [6, 7], [5], [8], [2], [8, 5], [2, 8], [5, 2], [8], [5, 8], [5], [8], [2], [2, 8], [5, 2], [8, 5], [4], [2], [1], [2, 4], [1, 2], [4, 1], [2], [4, 2], [4], [2], [1], [1, 2], [4, 1], [2, 4], [0], [3], [9], [3, 0], [9, 3], [0, 9], [3], [0, 3], [0], [3], [9], [9, 3], [0, 9], [3, 0], [2], [1], [3], [1, 2], [3, 1], [2, 3], [1]]}","{'map': {'0': 16, '1': 36, '2': 12, '3': 42, '4': 20, '5': 34, '6': 40, '7': 38, '8': 14}, 'arch': {'width': 11, 'height': 5, 'alg_qubits': [12, 34, 14, 36, 16, 38, 18, 40, 20, 42], 'magic_states': [1, 3, 5, 7, 9, 21, 43, 53, 51, 49, 47, 45, 11, 33]}, 'gates': [[0, 4], [5], [2], [0], [2, 5], [0, 2], [5, 0], [2], [5, 2], [5], [2], [0], [0, 2], [5, 0], [2, 5], [6], [3], [2], [3, 6], [2, 3], [6, 2], [3], [6, 3], [6], [3], [2], [2, 3], [6, 2], [3, 6], [8], [7], [3], [7, 8], [3, 7], [8, 3], [7], [8, 7], [8], [7], [3], [3, 7], [8, 3], [7, 8], [6], [3], [2], [3, 6], [2, 3], [6, 2], [3], [6, 3], [6], [3], [2], [2, 3], [6, 2], [3, 6], [5], [2], [0], [2, 5], [0, 2], [5, 0], [2], [5, 2], [5], [2], [0], [0, 2], [5, 0], [2, 5], [1], [4], [0], [4, 1], [0, 4], [1, 0], [4], [1, 4], [1], [4]]}","{'map': {'0': 16, '1': 36, '2': 12, '3': 42, '4': 20, '5': 34, '6': 40, '7': 38, '8': 14}, 'arch': {'width': 11, 'height': 5, 'alg_qubits': [12, 34, 14, 36, 16, 38, 18, 40, 20, 42], 'magic_states': [1, 3, 5, 7, 9, 21, 43, 53, 51, 49, 47, 45, 11, 33]}, 'gates': [[0, 4], [5], [2], [0], [2, 5], [0, 2], [5, 0], [2], [5, 2], [5], [2], [0], [0, 2], [5, 0], [2, 5], [6], [3], [2], [3, 6], [2, 3], [6, 2], [3], [6, 3], [6], [3], [2], [2, 3], [6, 2], [3, 6], [8], [7], [3], [7, 8], [3, 7], [8, 3], [7], [8, 7], [8], [7], [3], [3, 7], [8, 3], [7, 8], [6], [3], [2], [3, 6], [2, 3], [6, 2], [3], [6, 3], [6], [3], [2], [2, 3], [6, 2], [3, 6], [5], [2], [0], [2, 5], [0, 2], [5, 0], [2], [5, 2], [5], [2], [0], [0, 2], [5, 0], [2, 5], [1], [4], [0], [4, 1], [0, 4], [1, 0], [4], [1, 4], [1], [4]]}"
autobraid_36.qasm,"{'map': {'0': 12, '1': 34, '2': 36, '3': 18, '4': 16, '5': 38, '6': 14, '7': 42, '8': 40}, 'arch': {'width': 11, 'height': 5, 'alg_qubits': [12, 34, 14, 36, 16, 38, 18, 40, 20, 42], 'magic_states': [1, 3, 5, 7, 9, 21, 43, 53, 51, 49, 47, 45, 11, 33]}, 'gates': [[0, 4], [1, 0], [4], [1, 4], [1], [4], [0], [0, 4], [1, 0], [4, 1], [3], [2], [4], [2, 3], [4, 2], [3, 4], [2], [3, 2], [3], [2], [4], [4, 2], [3, 4], [2, 3], [4], [0], [1], [0, 4], [1, 0], [4, 1], [0], [4, 0], [4], [0], [1], [1, 0], [4, 1], [0, 4], [5], [2], [0], [2, 5], [0, 2], [5, 0], [2], [5, 2], [5], [2], [0], [0, 2], [5, 0], [2, 5], [6], [3], [2], [3, 6], [2, 3], [6, 2], [3], [6, 3], [6], [3], [2], [2, 3], [6, 2], [3, 6], [8], [7], [3], [7, 8], [3, 7], [8, 3], [7], [8, 7], [8], [7], [3], [3, 7], [8, 3], [7, 8], [6]]}","{'map': {'0': 20, '1': 36, '2': 42, '3': 38, '4': 40, '5': 14, '6': 12, '7': 16, '8': 34}, 'arch': {'width': 11, 'height': 5, 'alg_qubits': [12, 34, 14, 36, 16, 38, 18, 40, 20, 42], 'magic_states': [1, 3, 5, 7, 9, 21, 43, 53, 51, 49, 47, 45, 11, 33]}, 'gates': [[0, 4], [1, 0], [4], [1, 4], [1], [4], [0], [0, 4], [1, 0], [4, 1], [3], [2], [4], [2, 3], [4, 2], [3, 4], [2], [3, 2], [3], [2], [4], [4, 2], [3, 4], [2, 3], [4], [0], [1], [0, 4], [1, 0], [4, 1], [0], [4, 0], [4], [0], [1], [1, 0], [4, 1], [0, 4], [5], [2], [0], [2, 5], [0, 2], [5, 0], [2], [5, 2], [5], [2], [0], [0, 2], [5, 0], [2, 5], [6], [3], [2], [3, 6], [2, 3], [6, 2], [3], [6, 3], [6], [3], [2], [2, 3], [6, 2], [3, 6], [8], [7], [3], [7, 8], [3, 7], [8, 3], [7], [8, 7], [8], [7], [3], [3, 7], [8, 3], [7, 8], [6]]}","{'map': {'0': 34, '1': 38, '2': 40, '3': 16, '4': 36, '5': 18, '6': 42, '7': 12, '8': 14}, 'arch': {'width': 11, 'height': 5, 'alg_qubits': [12, 34, 14, 36, 16, 38, 18, 40, 20, 42], 'magic_states': [1, 3, 5, 7, 9, 21, 43, 53, 51, 49, 47, 45, 11, 33]}, 'gates': [[6, 7], [5], [2], [1], [2, 5], [1, 2], [5, 1], [2], [5, 2], [5], [2], [1], [1, 2], [5, 1], [2, 5], [0], [4], [8], [4, 0], [8, 4], [0, 8], [4], [0, 4], [0], [4], [8], [8, 4], [0, 8], [4, 0], [1], [5], [4], [5, 1], [4, 5], [1, 4], [5], [1, 5], [1], [5], [4], [4, 5], [1, 4], [5, 1], [3], [2], [5], [2, 3], [5, 2], [3, 5], [2], [3, 2], [3], [2], [5], [5, 2], [3, 5], [2, 3], [1], [5], [4], [5, 1], [4, 5], [1, 4], [5], [1, 5], [1], [5], [4], [4, 5], [1, 4], [5, 1], [0], [4], [8], [4, 0], [8, 4], [0, 8], [4], [0, 4], [0], [4]]}","{'map': {'0': 14, '1': 42, '2': 20, '3': 40, '4': 18, '5': 16, '6': 38, '7': 34, '8': 12}, 'arch': {'width': 11, 'height': 5, 'alg_qubits': [12, 34, 14, 36, 16, 38, 18, 40, 20, 42], 'magic_states': [1, 3, 5, 7, 9, 21, 43, 53, 51, 49, 47, 45, 11, 33]}, 'gates': [[3, 4], [2], [3, 2], [3], [2], [4], [4, 2], [3, 4], [2, 3], [1], [4], [0], [4, 1], [0, 4], [1, 0], [4], [1, 4], [1], [4], [0], [0, 4], [1, 0], [4, 1], [3], [2], [4], [2, 3], [4, 2], [3, 4], [2], [3, 2], [3], [2], [4], [4, 2], [3, 4], [2, 3], [4], [0], [1], [0, 4], [1, 0], [4, 1], [0], [4, 0], [4], [0], [1], [1, 0], [4, 1], [0, 4], [5], [2], [0], [2, 5], [0, 2], [5, 0], [2], [5, 2], [5], [2], [0], [0, 2], [5, 0], [2, 5], [6], [3], [2], [3, 6], [2, 3], [6, 2], [3], [6, 3], [6], [3], [2], [2, 3], [6, 2], [3, 6], [8], [7]]}","{'map': {'0': 34, '1': 20, '2': 12, '3': 40, '4': 16, '5': 42, '6': 38, '7': 14, '8': 18}, 'arch': {'width': 11, 'height': 5, 'alg_qubits': [12, 34, 14, 36, 16, 38, 18, 40, 20, 42], 'magic_states': [1, 3, 5, 7, 9, 21, 43, 53, 51, 49, 47, 45, 11, 33]}, 'gates': [[3, 4], [2], [3, 2], [3], [2], [4], [4, 2], [3, 4], [2, 3], [1], [4], [0], [4, 1], [0, 4], [1, 0], [4], [1, 4], [1], [4], [0], [0, 4], [1, 0], [4, 1], [3], [2], [4], [2, 3], [4, 2], [3, 4], [2], [3, 2], [3], [2], [4], [4, 2], [3, 4], [2, 3], [4], [0], [1], [0, 4], [1, 0], [4, 1], [0], [4, 0], [4], [0], [1], [1, 0], [4, 1], [0, 4], [5], [2], [0], [2, 5], [0, 2], [5, 0], [2], [5, 2], [5], [2], [0], [0, 2], [5, 0], [2, 5], [6], [3], [2], [3, 6], [2, 3], [6, 2], [3], [6, 3], [6], [3], [2], [2, 3], [6, 2], [3, 6], [8], [7]]}"
jku_suite_71.qasm,"{'map': {'0': 50, '1': 48, '2': 46, '3': 22, '4': 16, '5': 44, '6': 24, '7': 14, '8': 20, '9': 42, '10': 18}, 'arch': {'width': 13, 'height': 5, 'alg_qubits': [14, 40, 16, 42, 18, 44, 20, 46, 22, 48, 24, 50], 'magic_states': [1, 3, 5, 7, 9, 11, 25, 51, 63, 61, 59, 57, 55, 53, 13, 39]}, 'gates': [[7], [4], [5], [4, 7], [5, 4], [7, 5], [4], [7, 4], [7], [4], [5], [5, 4], [7, 5], [4, 7], [10], [9], [0], [9, 10], [0, 9], [10, 0], [9], [10, 9], [10], [9], [0], [0, 9], [10, 0], [9, 10], [1], [8], [9], [8, 1], [9, 8], [1, 9], [8], [1, 8], [1], [8], [9], [9, 8], [1, 9], [8, 1], [2], [7], [8], [7, 2], [8, 7], [2, 8], [7], [2, 7], [2], [7], [8], [8, 7], [2, 8], [7, 2], [3], [6], [7], [6, 3], [7, 6], [3, 7], [6], [3, 6], [3], [6], [7], [7, 6], [3, 7], [6, 3], [5], [4], [6], [4, 5], [6, 4], [5, 6], [4], [5, 4], [5], [4], [6]]}","{'map': {'0': 50, '1': 48, '2': 46, '3': 22, '4': 16, '5': 44, '6': 24, '7': 14, '8': 20, '9': 42, '10': 18}, 'arch': {'width': 13, 'height': 5, 'alg_qubits': [14, 40, 16, 42, 18, 44, 20, 46, 22, 48, 24, 50], 'magic_states': [1, 3, 5, 7, 9, 11, 25, 51, 63, 61, 59, 57, 55, 53, 13, 39]}, 'gates': [[7], [4], [5], [4, 7], [5, 4], [7, 5], [4], [7, 4], [7], [4], [5], [5, 4], [7, 5], [4, 7], [10], [9], [0], [9, 10], [0, 9], [10, 0], [9], [10, 9], [10], [9], [0], [0, 9], [10, 0], [9, 10], [1], [8], [9], [8, 1], [9, 8], [1, 9], [8], [1, 8], [1], [8], [9], [9, 8], [1, 9], [8, 1], [2], [7], [8], [7, 2], [8, 7], [2, 8], [7], [2, 7], [2], [7], [8], [8, 7], [2, 8], [7, 2], [3], [6], [7], [6, 3], [7, 6], [3, 7], [6], [3, 6], [3], [6], [7], [7, 6], [3, 7], [6, 3], [5], [4], [6], [4, 5], [6, 4], [5, 6], [4], [5, 4], [5], [4], [6]]}","{'map': {'0': 24, '1': 44, '2': 40, '3': 22, '4': 48, '5': 20, '6': 50, '7': 18, '8': 16, '9': 42, '10': 14}, 'arch': {'width': 13, 'height': 5, 'alg_qubits': [14, 40, 16, 42, 18, 44, 20, 46, 22, 48, 24, 50], 'magic_states': [1, 3, 5, 7, 9, 11, 25, 51, 63, 61, 59, 57, 55, 53, 13, 39]}, 'gates': [[2], [1], [2, 7], [1, 2], [7, 1], [2], [7, 2], [7], [2], [1], [1, 2], [7, 1], [2, 7], [10], [9], [8], [9, 10], [8, 9], [10, 8], [9], [10, 9], [10], [9], [8], [8, 9], [10, 8], [9, 10], [5], [6], [0], [6, 5], [0, 6], [5, 0], [6], [5, 6], [5], [6], [0], [0, 6], [5, 0], [6, 5], [4], [7], [6], [7, 4], [6, 7], [4, 6], [7], [4, 7], [4], [7], [6], [6, 7], [4, 6], [7, 4], [3], [8], [7], [8, 3], [7, 8], [3, 7], [8], [3, 8], [3], [8], [7], [7, 8], [3, 7], [8, 3], [1], [2], [8], [2, 1], [8, 2], [1, 8], [2], [1, 2], [1], [2], [8], [8, 2]]}","{'map': {'0': 24, '1': 44, '2': 40, '3': 22, '4': 48, '5': 20, '6': 50, '7': 18, '8': 16, '9': 42, '10': 14}, 'arch': {'width': 13, 'height': 5, 'alg_qubits': [14, 40, 16, 42, 18, 44, 20, 46, 22, 48, 24, 50], 'magic_states': [1, 3, 5, 7, 9, 11, 25, 51, 63, 61, 59, 57, 55, 53, 13, 39]}, 'gates': [[2], [1], [2, 7], [1, 2], [7, 1], [2], [7, 2], [7], [2], [1], [1, 2], [7, 1], [2, 7], [10], [9], [8], [9, 10], [8, 9], [10, 8], [9], [10, 9], [10], [9], [8], [8, 9], [10, 8], [9, 10], [5], [6], [0], [6, 5], [0, 6], [5, 0], [6], [5, 6], [5], [6], [0], [0, 6], [5, 0], [6, 5], [4], [7], [6], [7, 4], [6, 7], [4, 6], [7], [4, 7], [4], [7], [6], [6, 7], [4, 6], [7, 4], [3], [8], [7], [8, 3], [7, 8], [3, 7], [8], [3, 8], [3], [8], [7], [7, 8], [3, 7], [8, 3], [1], [2], [8], [2, 1], [8, 2], [1, 8], [2], [1, 2], [1], [2], [8], [8, 2]]}","{'map': {'0': 14, '1': 18, '2': 24, '3': 48, '4': 50, '5': 16, '6': 40, '7': 22, '8': 46, '9': 44, '10': 20}, 'arch': {'width': 13, 'height': 5, 'alg_qubits': [14, 40, 16, 42, 18, 44, 20, 46, 22, 48, 24, 50], 'magic_states': [1, 3, 5, 7, 9, 11, 25, 51, 63, 61, 59, 57, 55, 53, 13, 39]}, 'gates': [[2], [1], [2, 7], [1, 2], [7, 1], [2], [7, 2], [7], [2], [1], [1, 2], [7, 1], [2, 7], [10], [9], [8], [9, 10], [8, 9], [10, 8], [9], [10, 9], [10], [9], [8], [8, 9], [10, 8], [9, 10], [5], [6], [0], [6, 5], [0, 6], [5, 0], [6], [5, 6], [5], [6], [0], [0, 6], [5, 0], [6, 5], [4], [7], [6], [7, 4], [6, 7], [4, 6], [7], [4, 7], [4], [7], [6], [6, 7], [4, 6], [7, 4], [3], [8], [7], [8, 3], [7, 8], [3, 7], [8], [3, 8], [3], [8], [7], [7, 8], [3, 7], [8, 3], [1], [2], [8], [2, 1], [8, 2], [1, 8], [2], [1, 2], [1], [2], [8], [8, 2]]}"
quarl_suite_14.qasm,"{'map': {'0': 42, '1': 20, '2': 14, '3': 40, '4': 38, '5': 16, '6': 36, '7': 12, '8': 34, '9': 28}, 'arch': {'width': 11, 'height': 5, 'alg_qubits': [12, 34, 14, 36, 16, 38, 18, 40, 20, 42], 'magic_states': [1, 3, 5, 7, 9, 21, 43, 53, 51, 49, 47, 45, 11, 33]}, 'gates': [[4, 9], [1], [5], [0], [5, 1], [0, 5], [1, 0], [5], [1, 5], [1], [5], [0], [0, 5], [1, 0], [5, 1], [9], [4], [5], [4, 9], [5, 4], [9, 5], [4], [9, 4], [9], [4], [5], [5, 4], [9, 5], [4, 9], [8], [3], [4], [3, 8], [4, 3], [8, 4], [3], [8, 3], [8], [3], [4], [4, 3], [8, 4], [3, 8], [6], [7], [3], [7, 6], [3, 7], [6, 3], [7], [6, 7], [6], [7], [3], [3, 7], [6, 3], [7, 6], [8], [3], [4], [3, 8], [4, 3], [8, 4], [3], [8, 3], [8], [3], [4], [4, 3], [8, 4], [3, 8], [9], [4], [5], [4, 9], [5, 4], [9, 5], [4], [9, 4], [9], [4]]}","{'map': {'0': 40, '1': 34, '2': 36, '3': 18, '4': 20, '5': 12, '6': 16, '7': 42, '8': 38, '9': 14}, 'arch': {'width': 11, 'height': 5, 'alg_qubits': [12, 34, 14, 36, 16, 38, 18, 40, 20, 42], 'magic_states': [1, 3, 5, 7, 9, 21, 43, 53, 51, 49, 47, 45, 11, 33]}, 'gates': [[6, 7], [5], [8], [2], [8, 5], [2, 8], [5, 2], [8], [5, 8], [5], [8], [2], [2, 8], [5, 2], [8, 5], [4], [2], [1], [2, 4], [1, 2], [4, 1], [2], [4, 2], [4], [2], [1], [1, 2], [4, 1], [2, 4], [0], [3], [9], [3, 0], [9, 3], [0, 9], [3], [0, 3], [0], [3], [9], [9, 3], [0, 9], [3, 0], [2], [1], [3], [1, 2], [3, 1], [2, 3], [1], [2, 1], [2], [1], [3], [3, 1], [2, 3], [1, 2], [0], [3], [9], [3, 0], [9, 3], [0, 9], [3], [0, 3], [0], [3], [9], [9, 3], [0, 9], [3, 0], [2], [1], [3], [1, 2], [3, 1], [2, 3], [1], [2, 1], [2], [1]]}","{'map': {'0': 42, '1': 14, '2': 34, '3': 16, '4': 12, '5': 40, '6': 38, '7': 18, '8': 36, '9': 20}, 'arch': {'width': 11, 'height': 5, 'alg_qubits': [12, 34, 14, 36, 16, 38, 18, 40, 20, 42], 'magic_states': [1, 3, 5, 7, 9, 21, 43, 53, 51, 49, 47, 45, 11, 33]}, 'gates': [[6, 7], [5], [8], [2], [8, 5], [2, 8], [5, 2], [8], [5, 8], [5], [8], [2], [2, 8], [5, 2], [8, 5], [4], [2], [1], [2, 4], [1, 2], [4, 1], [2], [4, 2], [4], [2], [1], [1, 2], [4, 1], [2, 4], [0], [3], [9], [3, 0], [9, 3], [0, 9], [3], [0, 3], [0], [3], [9], [9, 3], [0, 9], [3, 0], [2], [1], [3], [1, 2], [3, 1], [2, 3], [1], [2, 1], [2], [1], [3], [3, 1], [2, 3], [1, 2], [0], [3], [9], [3, 0], [9, 3], [0, 9], [3], [0, 3], [0], [3], [9], [9, 3], [0, 9], [3, 0], [2], [1], [3], [1, 2], [3, 1], [2, 3], [1], [2, 1], [2], [1]]}","{'map': {'0': 42, '1': 14, '2': 34, '3': 16, '4': 12, '5': 40, '6': 38, '7': 18, '8': 36, '9': 20}, 'arch': {'width': 11, 'height': 5, 'alg_qubits': [12, 34, 14, 36, 16, 38, 18, 40, 20, 42], 'magic_states': [1, 3, 5, 7, 9, 21, 43, 53, 51, 49, 47, 45, 11, 33]}, 'gates': [[6, 7], [5], [8], [2], [8, 5], [2, 8], [5, 2], [8], [5, 8], [5], [8], [2], [2, 8], [5, 2], [8, 5], [4], [2], [1], [2, 4], [1, 2], [4, 1], [2], [4, 2], [4], [2], [1], [1, 2], [4, 1], [2, 4], [0], [3], [9], [3, 0], [9, 3], [0, 9], [3], [0, 3], [0], [3], [9], [9, 3], [0, 9], [3, 0], [2], [1], [3], [1, 2], [3, 1], [2, 3], [1], [2, 1], [2], [1], [3], [3, 1], [2, 3], [1, 2], [0], [3], [9], [3, 0], [9, 3], [0, 9], [3], [0, 3], [0], [3], [9], [9, 3], [0, 9], [3, 0], [2], [1], [3], [1, 2], [3, 1], [2, 3], [1], [2, 1], [2], [1]]}","{'map': {'0': 40, '1': 34, '2': 18, '3': 14, '4': 20, '5': 36, '6': 12, '7': 16, '8': 42, '9': 52}, 'arch': {'width': 11, 'height': 5, 'alg_qubits': [12, 34, 14, 36, 16, 38, 18, 40, 20, 42], 'magic_states': [1, 3, 5, 7, 9, 21, 43, 53, 51, 49, 47, 45, 11, 33]}, 'gates': [[9, 8], [6], [7], [9], [7, 6], [9, 7], [6, 9], [7], [6, 7], [6], [7], [9], [9, 7], [6, 9], [7, 6], [5], [1], [7], [1, 5], [7, 1], [5, 7], [1], [5, 1], [5], [1], [7], [7, 1], [5, 7], [1, 5], [2], [4], [1], [4, 2], [1, 4], [2, 1], [4], [2, 4], [2], [4], [1], [1, 4], [2, 1], [4, 2], [5], [1], [7], [1, 5], [7, 1], [5, 7], [1], [5, 1], [5], [1], [7], [7, 1], [5, 7], [1, 5], [6], [7], [9], [7, 6], [9, 7], [6, 9], [7], [6, 7], [6], [7], [9], [9, 7], [6, 9], [7, 6], [8], [9], [0], [9, 8], [0, 9], [8, 0], [9], [8, 9], [8], [9]]}"
vqe_2.qasm,"{'map': {'0': 34, '1': 30, '2': 32, '3': 10, '4': 12, '5': 28, '6': 16}, 'arch': {'width': 9, 'height': 5, 'alg_qubits': [10, 28, 12, 30, 14, 32, 16, 34], 'magic_states': [1, 3, 5, 7, 17, 35, 43, 41, 39, 37, 9, 27]}, 'gates': [[1, 2], [6, 1], [2, 6], [0], [5], [1], [5, 0], [1, 5], [0, 1], [5], [0, 5], [0], [5], [1], [1, 5], [0, 1], [5, 0], [2], [6], [5], [6, 2], [5, 6], [2, 5], [6], [2, 6], [2], [6], [5], [5, 6], [2, 5], [6, 2], [4], [3], [6], [3, 4], [6, 3], [4, 6], [3], [4, 3], [4], [3], [6], [6, 3], [4, 6], [3, 4], [2], [6], [5], [6, 2], [5, 6], [2, 5], [6], [2, 6], [2], [6], [5], [5, 6], [2, 5], [6, 2], [0], [5], [1], [5, 0], [1, 5], [0, 1], [5], [0, 5], [0], [5], [1], [1, 5], [0, 1], [5, 0], [2], [6], [5], [6, 2], [5, 6], [2, 5], [6], [2, 6]]}","{'map': {'0': 16, '1': 28, '2': 32, '3': 12, '4': 34, '5': 10, '6': 30}, 'arch': {'width': 9, 'height': 5, 'alg_qubits': [10, 28, 12, 30, 14, 32, 16, 34], 'magic_states': [1, 3, 5, 7, 17, 35, 43, 41, 39, 37, 9, 27]}, 'gates': [[6, 1], [0, 6], [1, 0], [5, 0], [1], [3], [5], [3, 1], [5, 3], [1, 5], [3], [1, 3], [1], [3], [5], [5, 3], [1, 5], [3, 1], [3], [6], [5], [6, 3], [5, 6], [3, 5], [6], [3, 6], [3], [6], [5], [5, 6], [3, 5], [6, 3], [1], [2], [6], [2, 1], [6, 2], [1, 6], [2], [1, 2], [1], [2], [6], [6, 2], [1, 6], [2, 1], [3], [6], [5], [6, 3], [5, 6], [3, 5], [6], [3, 6], [3], [6], [5], [5, 6], [3, 5], [6, 3], [1], [2], [6], [2, 1], [6, 2], [1, 6], [2], [1, 2], [1], [2], [6], [6, 2], [1, 6], [2, 1], [4, 2], [5, 4], [4], [6], [5], [6, 4], [5, 6]]}","{'map': {'0': 28, '1': 10, '2': 34, '3': 14, '4': 30, '5': 12, '6': 16}, 'arch': {'width': 9, 'height': 5, 'alg_qubits': [10, 28, 12, 30, 14, 32, 16, 34], 'magic_states': [1, 3, 5, 7, 17, 35, 43, 41, 39, 37, 9, 27]}, 'gates': [[6, 2], [0], [5], [1], [5, 0], [1, 5], [0, 1], [5], [0, 5], [0], [5], [1], [1, 5], [0, 1], [5, 0], [2], [6], [5], [6, 2], [5, 6], [2, 5], [6], [2, 6], [2], [6], [5], [5, 6], [2, 5], [6, 2], [4], [3], [6], [3, 4], [6, 3], [4, 6], [3], [4, 3], [4], [3], [6], [6, 3], [4, 6], [3, 4], [2], [6], [5], [6, 2], [5, 6], [2, 5], [6], [2, 6], [2], [6], [5], [5, 6], [2, 5], [6, 2], [4], [1], [0], [1, 4], [0, 1], [4, 0], [1], [4, 1], [4], [1], [0], [0, 1], [4, 0], [1, 4], [5], [2], [1], [2, 5], [1, 2], [5, 1], [2], [5, 2], [5], [2]]}","{'map': {'0': 10, '1': 12, '2': 14, '3': 28, '4': 16, '5': 30, '6': 32}, 'arch': {'width': 9, 'height': 5, 'alg_qubits': [10, 28, 12, 30, 14, 32, 16, 34], 'magic_states': [1, 3, 5, 7, 17, 35, 43, 41, 39, 37, 9, 27]}, 'gates': [[5], [5, 6], [2, 5], [6, 2], [4], [3], [6], [3, 4], [6, 3], [4, 6], [3], [4, 3], [4], [3], [6], [6, 3], [4, 6], [3, 4], [2], [6], [5], [6, 2], [5, 6], [2, 5], [6], [2, 6], [2], [6], [5], [5, 6], [2, 5], [6, 2], [0], [5], [1], [5, 0], [1, 5], [0, 1], [5], [0, 5], [0], [5], [1], [1, 5], [0, 1], [5, 0], [2], [6], [5], [6, 2], [5, 6], [2, 5], [6], [2, 6], [2], [6], [5], [5, 6], [2, 5], [6, 2], [4], [3], [6], [3, 4], [6, 3], [4, 6], [3], [4, 3], [4], [3], [6], [6, 3], [4, 6], [3, 4], [2], [6], [5], [6, 2], [5, 6], [2, 5], [6]]}","{'map': {'0': 34, '1': 10, '2': 16, '3': 12, '4': 28, '5': 14, '6': 30}, 'arch': {'width': 9, 'height': 5, 'alg_qubits': [10, 28, 12, 30, 14, 32, 16, 34], 'magic_states': [1, 3, 5, 7, 17, 35, 43, 41, 39, 37, 9, 27]}, 'gates': [[5], [1], [1, 5], [0, 1], [5, 0], [2], [6], [5], [6, 2], [5, 6], [2, 5], [6], [2, 6], [2], [6], [5], [5, 6], [2, 5], [6, 2], [4], [3], [6], [3, 4], [6, 3], [4, 6], [3], [4, 3], [4], [3], [6], [6, 3], [4, 6], [3, 4], [2], [6], [5], [6, 2], [5, 6], [2, 5], [6], [2, 6], [2], [6], [5], [5, 6], [2, 5], [6, 2], [0], [5], [1], [5, 0], [1, 5], [0, 1], [5], [0, 5], [0], [5], [1], [1, 5], [0, 1], [5, 0], [2], [6], [5], [6, 2], [5, 6], [2, 5], [6], [2, 6], [2], [6], [5], [5, 6], [2, 5], [6, 2], [4], [3], [6], [3, 4], [6, 3], [4, 6]]}"
qaoa_7.qasm,"{'map': {'0': 12, '1': 10, '2': 28, '3': 30, '4': 34, '5': 14, '6': 32}, 'arch': {'width': 9, 'height': 5, 'alg_qubits': [10, 28, 12, 30, 14, 32, 16, 34], 'magic_states': [1, 3, 5, 7, 17, 35, 43, 41, 39, 37, 9, 27]}, 'gates': [[1, 2], [3], [1], [0], [1, 3], [0, 1], [3, 0], [1], [3, 1], [3], [1], [0], [0, 1], [3, 0], [1, 3], [4], [2], [1], [2, 4], [1, 2], [4, 1], [2], [4, 2], [4], [2], [1], [1, 2], [4, 1], [2, 4], [6], [5], [2], [5, 6], [2, 5], [6, 2], [5], [6, 5], [6], [5], [2], [2, 5], [6, 2], [5, 6], [4], [2], [1], [2, 4], [1, 2], [4, 1], [2], [4, 2], [4], [2], [1], [1, 2], [4, 1], [2, 4], [3], [1], [0], [1, 3], [0, 1], [3, 0], [1], [3, 1], [3], [1], [0], [0, 1], [3, 0], [1, 3], [4], [2], [1], [2, 4], [1, 2], [4, 1], [2], [4, 2], [4], [2]]}","{'map': {'0': 10, '1': 34, '2': 30, '3': 28, '4': 16, '5': 32, '6': 12}, 'arch': {'width': 9, 'height': 5, 'alg_qubits': [10, 28, 12, 30, 14, 32, 16, 34], 'magic_states': [1, 3, 5, 7, 17, 35, 43, 41, 39, 37, 9, 27]}, 'gates': [[2], [1], [2, 4], [1, 2], [4, 1], [2], [4, 2], [4], [2], [1], [1, 2], [4, 1], [2, 4], [6], [5], [2], [5, 6], [2, 5], [6, 2], [5], [6, 5], [6], [5], [2], [2, 5], [6, 2], [5, 6], [4], [2], [1], [2, 4], [1, 2], [4, 1], [2], [4, 2], [4], [2], [1], [1, 2], [4, 1], [2, 4], [3], [1], [0], [1, 3], [0, 1], [3, 0], [1], [3, 1], [3], [1], [0], [0, 1], [3, 0], [1, 3], [4], [2], [1], [2, 4], [1, 2], [4, 1], [2], [4, 2], [4], [2], [1], [1, 2], [4, 1], [2, 4], [6], [5], [2], [5, 6], [2, 5], [6, 2], [5], [6, 5], [6], [5], [2], [2, 5]]}","{'map': {'0': 10, '1': 34, '2': 30, '3': 28, '4': 16, '5': 32, '6': 12}, 'arch': {'width': 9, 'height': 5, 'alg_qubits': [10, 28, 12, 30, 14, 32, 16, 34], 'magic_states': [1, 3, 5, 7, 17, 35, 43, 41, 39, 37, 9, 27]}, 'gates': [[2], [1], [2, 4], [1, 2], [4, 1], [2], [4, 2], [4], [2], [1], [1, 2], [4, 1], [2, 4], [6], [5], [2], [5, 6], [2, 5], [6, 2], [5], [6, 5], [6], [5], [2], [2, 5], [6, 2], [5, 6], [4], [2], [1], [2, 4], [1, 2], [4, 1], [2], [4, 2], [4], [2], [1], [1, 2], [4, 1], [2, 4], [3], [1], [0], [1, 3], [0, 1], [3, 0], [1], [3, 1], [3], [1], [0], [0, 1], [3, 0], [1, 3], [4], [2], [1], [2, 4], [1, 2], [4, 1], [2], [4, 2], [4], [2], [1], [1, 2], [4, 1], [2, 4], [6], [5], [2], [5, 6], [2, 5], [6, 2], [5], [6, 5], [6], [5], [2], [2, 5]]}","{'map': {'0': 16, '1': 12, '2': 30, '3': 14, '4': 32, '5': 28, '6': 10, '7': 34}, 'arch': {'width': 9, 'height': 5, 'alg_qubits': [10, 28, 12, 30, 14, 32, 16, 34], 'magic_states': [1, 3, 5, 7, 17, 35, 43, 41, 39, 37, 9, 27]}, 'gates': [[2, 4], [3], [1], [0], [1, 3], [0, 1], [3, 0], [1], [3, 1], [3], [1], [0], [0, 1], [3, 0], [1, 3], [4], [2], [1], [2, 4], [1, 2], [4, 1], [2], [4, 2], [4], [2], [1], [1, 2], [4, 1], [2, 4], [6], [5], [2], [5, 6], [2, 5], [6, 2], [5], [6, 5], [6], [5], [2], [2, 5], [6, 2], [5, 6], [4], [2], [1], [2, 4], [1, 2], [4, 1], [2], [4, 2], [4], [2], [1], [1, 2], [4, 1], [2, 4], [0], [3], [7], [3, 0], [7, 3], [0, 7], [3], [0, 3], [0], [3], [7], [7, 3], [0, 7], [3, 0], [2], [1], [3], [1, 2], [3, 1], [2, 3], [1], [2, 1], [2], [1]]}","{'map': {'0': 16, '1': 12, '2': 30, '3': 14, '4': 32, '5': 28, '6': 10, '7': 34}, 'arch': {'width': 9, 'height': 5, 'alg_qubits': [10, 28, 12, 30, 14, 32, 16, 34], 'magic_states': [1, 3, 5, 7, 17, 35, 43, 41, 39, 37, 9, 27]}, 'gates': [[2, 4], [3], [1], [0], [1, 3], [0, 1], [3, 0], [1], [3, 1], [3], [1], [0], [0, 1], [3, 0], [1, 3], [4], [2], [1], [2, 4], [1, 2], [4, 1], [2], [4, 2], [4], [2], [1], [1, 2], [4, 1], [2, 4], [6], [5], [2], [5, 6], [2, 5], [6, 2], [5], [6, 5], [6], [5], [2], [2, 5], [6, 2], [5, 6], [4], [2], [1], [2, 4], [1, 2], [4, 1], [2], [4, 2], [4], [2], [1], [1, 2], [4, 1], [2, 4], [0], [3], [7], [3, 0], [7, 3], [0, 7], [3], [0, 3], [0], [3], [7], [7, 3], [0, 7], [3, 0], [2], [1], [3], [1, 2], [3, 1], [2, 3], [1], [2, 1], [2], [1]]}"
jku_suite_52.qasm,"{'map': {'0': 34, '1': 18, '2': 20, '3': 42, '4': 36, '5': 12, '6': 38, '7': 14, '8': 16, '9': 40}, 'arch': {'width': 11, 'height': 5, 'alg_qubits': [12, 34, 14, 36, 16, 38, 18, 40, 20, 42], 'magic_states': [1, 3, 5, 7, 9, 21, 43, 53, 51, 49, 47, 45, 11, 33]}, 'gates': [[0, 1], [0], [1], [5], [5, 1], [0, 5], [1, 0], [2], [5], [6], [5, 2], [6, 5], [2, 6], [5], [2, 5], [2], [5], [6], [6, 5], [2, 6], [5, 2], [3], [6], [9], [6, 3], [9, 6], [3, 9], [6], [3, 6], [3], [6], [9], [9, 6], [3, 9], [6, 3], [7], [9], [4], [9, 7], [4, 9], [7, 4], [9], [7, 9], [7], [9], [4], [4, 9], [7, 4], [9, 7], [3], [8], [9], [8, 3], [9, 8], [3, 9], [8], [3, 8], [3], [8], [9], [9, 8], [3, 9], [8, 3], [1], [2], [8], [2, 1], [8, 2], [1, 8], [2], [1, 2], [1], [2], [8], [8, 2], [1, 8], [2, 1], [3], [8], [9], [8, 3]]}","{'map': {'0': 42, '1': 20, '2': 14, '3': 40, '4': 38, '5': 16, '6': 36, '7': 12, '8': 34, '9': 28}, 'arch': {'width': 11, 'height': 5, 'alg_qubits': [12, 34, 14, 36, 16, 38, 18, 40, 20, 42], 'magic_states': [1, 3, 5, 7, 9, 21, 43, 53, 51, 49, 47, 45, 11, 33]}, 'gates': [[4, 9], [1], [5], [0], [5, 1], [0, 5], [1, 0], [5], [1, 5], [1], [5], [0], [0, 5], [1, 0], [5, 1], [9], [4], [5], [4, 9], [5, 4], [9, 5], [4], [9, 4], [9], [4], [5], [5, 4], [9, 5], [4, 9], [8], [3], [4], [3, 8], [4, 3], [8, 4], [3], [8, 3], [8], [3], [4], [4, 3], [8, 4], [3, 8], [6], [7], [3], [7, 6], [3, 7], [6, 3], [7], [6, 7], [6], [7], [3], [3, 7], [6, 3], [7, 6], [8], [3], [4], [3, 8], [4, 3], [8, 4], [3], [8, 3], [8], [3], [4], [4, 3], [8, 4], [3, 8], [9], [4], [5], [4, 9], [5, 4], [9, 5], [4], [9, 4], [9], [4]]}","{'map': {'0': 16, '1': 40, '2': 14, '3': 20, '4': 36, '5': 18, '6': 38, '7': 12, '8': 42, '9': 34}, 'arch': {'width': 11, 'height': 5, 'alg_qubits': [12, 34, 14, 36, 16, 38, 18, 40, 20, 42], 'magic_states': [1, 3, 5, 7, 9, 21, 43, 53, 51, 49, 47, 45, 11, 33]}, 'gates': [[2], [4], [3], [3, 4], [2, 3], [4, 2], [6], [3], [5], [3, 6], [5, 3], [6, 5], [3], [6, 3], [6], [3], [5], [5, 3], [6, 5], [3, 6], [7], [5], [9], [5, 7], [9, 5], [7, 9], [5], [7, 5], [7], [5], [9], [9, 5], [7, 9], [5, 7], [8], [9], [1], [9, 8], [1, 9], [8, 1], [9], [8, 9], [8], [9], [1], [1, 9], [8, 1], [9, 8], [7], [4], [9], [4, 7], [9, 4], [7, 9], [4], [7, 4], [7], [4], [9], [9, 4], [7, 9], [4, 7], [6], [3], [4], [3, 6], [4, 3], [6, 4], [3], [6, 3], [6], [3], [4], [4, 3], [6, 4], [3, 6], [0], [5], [3], [5, 0], [3, 5]]}","{'map': {'0': 40, '1': 18, '2': 12, '3': 16, '4': 36, '5': 14, '6': 42, '7': 20, '8': 34, '9': 38}, 'arch': {'width': 11, 'height': 5, 'alg_qubits': [12, 34, 14, 36, 16, 38, 18, 40, 20, 42], 'magic_states': [1, 3, 5, 7, 9, 21, 43, 53, 51, 49, 47, 45, 11, 33]}, 'gates': [[3, 1], [2, 3], [1, 2], [0], [3], [9], [3, 0], [9, 3], [0, 9], [3], [0, 3], [0], [3], [9], [9, 3], [0, 9], [3, 0], [2], [1], [3], [1, 2], [3, 1], [2, 3], [1], [2, 1], [2], [1], [3], [3, 1], [2, 3], [1, 2], [3], [1], [0], [1, 3], [0, 1], [3, 0], [1], [3, 1], [3], [1], [0], [0, 1], [3, 0], [1, 3], [4], [2], [1], [2, 4], [1, 2], [4, 1], [2], [4, 2], [4], [2], [1], [1, 2], [4, 1], [2, 4], [5], [8], [2], [8, 5], [2, 8], [5, 2], [8], [5, 8], [5], [8], [2], [2, 8], [5, 2], [8, 5], [7], [6], [8], [6, 7], [8, 6], [7, 8], [6], [7, 6]]}","{'map': {'0': 16, '1': 40, '2': 38, '3': 12, '4': 20, '5': 34, '6': 14, '7': 36, '8': 42, '9': 18}, 'arch': {'width': 11, 'height': 5, 'alg_qubits': [12, 34, 14, 36, 16, 38, 18, 40, 20, 42], 'magic_states': [1, 3, 5, 7, 9, 21, 43, 53, 51, 49, 47, 45, 11, 33]}, 'gates': [[3], [9], [8], [8, 9], [3, 8], [9, 3], [5], [4], [9], [4, 5], [9, 4], [5, 9], [4], [5, 4], [5], [4], [9], [9, 4], [5, 9], [4, 5], [3], [9], [8], [9, 3], [8, 9], [3, 8], [9], [3, 9], [3], [9], [8], [8, 9], [3, 8], [9, 3], [2], [8], [7], [8, 2], [7, 8], [2, 7], [8], [2, 8], [2], [8], [7], [7, 8], [2, 7], [8, 2], [1], [7], [6], [7, 1], [6, 7], [1, 6], [7], [1, 7], [1], [7], [6], [6, 7], [1, 6], [7, 1], [6], [1], [0], [1, 6], [0, 1], [6, 0], [1], [6, 1], [6], [1], [0], [0, 1], [6, 0], [1, 6], [7], [2], [1], [2, 7], [1, 2]]}"
autobraid_30.qasm,"{'map': {'0': 34, '1': 30, '2': 28, '3': 14, '4': 16, '5': 12, '6': 10}, 'arch': {'width': 9, 'height': 5, 'alg_qubits': [10, 28, 12, 30, 14, 32, 16, 34], 'magic_states': [1, 3, 5, 7, 17, 35, 43, 41, 39, 37, 9, 27]}, 'gates': [[3, 6], [3], [6], [1], [1, 6], [3, 1], [6, 3], [2], [1], [0], [1, 2], [0, 1], [2, 0], [1], [2, 1], [2], [1], [0], [0, 1], [2, 0], [1, 2], [3], [6], [1], [6, 3], [1, 6], [3, 1], [6], [3, 6], [3], [6], [1], [1, 6], [3, 1], [6, 3], [5], [4], [6], [4, 5], [6, 4], [5, 6], [4], [5, 4], [5], [4], [6], [6, 4], [5, 6], [4, 5], [3], [6], [1], [6, 3], [1, 6], [3, 1], [6], [3, 6], [3], [6], [1], [1, 6], [3, 1], [6, 3], [0], [1], [6], [1, 0], [6, 1], [0, 6], [1], [0, 1], [0], [1], [6], [6, 1], [0, 6], [1, 0], [2], [1], [0], [1, 2]]}","{'map': {'0': 16, '1': 32, '2': 10, '3': 14, '4': 12, '5': 30, '6': 28, '7': 34}, 'arch': {'width': 9, 'height': 5, 'alg_qubits': [10, 28, 12, 30, 14, 32, 16, 34], 'magic_states': [1, 3, 5, 7, 17, 35, 43, 41, 39, 37, 9, 27]}, 'gates': [[3, 6], [3], [6], [1], [1, 6], [3, 1], [6, 3], [2], [1], [0], [1, 2], [0, 1], [2, 0], [1], [2, 1], [2], [1], [0], [0, 1], [2, 0], [1, 2], [3], [6], [1], [6, 3], [1, 6], [3, 1], [6], [3, 6], [3], [6], [1], [1, 6], [3, 1], [6, 3], [5], [4], [6], [4, 5], [6, 4], [5, 6], [4], [5, 4], [5], [4], [6], [6, 4], [5, 6], [4, 5], [3], [6], [1], [6, 3], [1, 6], [3, 1], [6], [3, 6], [3], [6], [1], [1, 6], [3, 1], [6, 3], [0], [1], [7], [1, 0], [7, 1], [0, 7], [1], [0, 1], [0], [1], [7], [7, 1], [0, 7], [1, 0], [7], [6], [5], [6, 7]]}","{'map': {'0': 12, '1': 16, '2': 28, '3': 14, '4': 34, '5': 10, '6': 30, '7': 32}, 'arch': {'width': 9, 'height': 5, 'alg_qubits': [10, 28, 12, 30, 14, 32, 16, 34], 'magic_states': [1, 3, 5, 7, 17, 35, 43, 41, 39, 37, 9, 27]}, 'gates': [[5, 6], [2, 5], [6], [2, 6], [2], [6], [5], [5, 6], [2, 5], [6, 2], [4], [3], [6], [3, 4], [6, 3], [4, 6], [3], [4, 3], [4], [3], [6], [6, 3], [4, 6], [3, 4], [2], [6], [5], [6, 2], [5, 6], [2, 5], [6], [2, 6], [2], [6], [5], [5, 6], [2, 5], [6, 2], [4], [1], [0], [1, 4], [0, 1], [4, 0], [1], [4, 1], [4], [1], [0], [0, 1], [4, 0], [1, 4], [5], [2], [1], [2, 5], [1, 2], [5, 1], [2], [5, 2], [5], [2], [1], [1, 2], [5, 1], [2, 5], [7], [6], [2], [6, 7], [2, 6], [7, 2], [6], [7, 6], [7], [6], [2], [2, 6], [7, 2], [6, 7], [5]]}","{'map': {'0': 12, '1': 34, '2': 28, '3': 14, '4': 10, '5': 32, '6': 16}, 'arch': {'width': 9, 'height': 5, 'alg_qubits': [10, 28, 12, 30, 14, 32, 16, 34], 'magic_states': [1, 3, 5, 7, 17, 35, 43, 41, 39, 37, 9, 27]}, 'gates': [[4], [6], [4, 3], [6, 4], [3, 6], [4], [3, 4], [3], [4], [6], [6, 4], [3, 6], [4, 3], [5], [6], [1], [6, 5], [1, 6], [5, 1], [6], [5, 6], [5], [6], [1], [1, 6], [5, 1], [6, 5], [3], [4], [6], [4, 3], [6, 4], [3, 6], [4], [3, 4], [3], [4], [6], [6, 4], [3, 6], [4, 3], [1, 0], [5], [6], [0], [6, 5], [0, 6], [5, 0], [6], [5, 6], [5], [6], [0], [0, 6], [5, 0], [6, 5], [2], [4], [6], [4, 2], [6, 4], [2, 6], [4], [2, 4], [2], [4], [6], [6, 4], [2, 6], [4, 2], [5], [6], [0], [6, 5], [0, 6], [5, 0], [6], [5, 6], [5], [6], [0]]}","{'map': {'0': 30, '1': 14, '2': 10, '3': 34, '4': 16, '5': 28, '6': 12}, 'arch': {'width': 9, 'height': 5, 'alg_qubits': [10, 28, 12, 30, 14, 32, 16, 34], 'magic_states': [1, 3, 5, 7, 17, 35, 43, 41, 39, 37, 9, 27]}, 'gates': [[6, 2], [6], [2], [1], [1, 2], [6, 1], [2, 6], [0], [5], [1], [5, 0], [1, 5], [0, 1], [5], [0, 5], [0], [5], [1], [1, 5], [0, 1], [5, 0], [2], [6], [5], [6, 2], [5, 6], [2, 5], [6], [2, 6], [2], [6], [5], [5, 6], [2, 5], [6, 2], [4], [3], [6], [3, 4], [6, 3], [4, 6], [3], [4, 3], [4], [3], [6], [6, 3], [4, 6], [3, 4], [2], [6], [5], [6, 2], [5, 6], [2, 5], [6], [2, 6], [2], [6], [5], [5, 6], [2, 5], [6, 2], [0], [5], [1], [5, 0], [1, 5], [0, 1], [5], [0, 5], [0], [5], [1], [1, 5], [0, 1], [5, 0], [2], [6], [5], [6, 2]]}"
jku_suite_55.qasm,"{'map': {'0': 42, '1': 14, '2': 34, '3': 16, '4': 12, '5': 40, '6': 38, '7': 18, '8': 36, '9': 20}, 'arch': {'width': 11, 'height': 5, 'alg_qubits': [12, 34, 14, 36, 16, 38, 18, 40, 20, 42], 'magic_states': [1, 3, 5, 7, 9, 21, 43, 53, 51, 49, 47, 45, 11, 33]}, 'gates': [[6, 7], [5], [8], [2], [8, 5], [2, 8], [5, 2], [8], [5, 8], [5], [8], [2], [2, 8], [5, 2], [8, 5], [4], [2], [1], [2, 4], [1, 2], [4, 1], [2], [4, 2], [4], [2], [1], [1, 2], [4, 1], [2, 4], [0], [3], [9], [3, 0], [9, 3], [0, 9], [3], [0, 3], [0], [3], [9], [9, 3], [0, 9], [3, 0], [2], [1], [3], [1, 2], [3, 1], [2, 3], [1], [2, 1], [2], [1], [3], [3, 1], [2, 3], [1, 2], [0], [3], [9], [3, 0], [9, 3], [0, 9], [3], [0, 3], [0], [3], [9], [9, 3], [0, 9], [3, 0], [2], [1], [3], [1, 2], [3, 1], [2, 3], [1], [2, 1], [2], [1]]}","{'map': {'0': 42, '1': 14, '2': 34, '3': 16, '4': 12, '5': 40, '6': 38, '7': 18, '8': 36, '9': 20}, 'arch': {'width': 11, 'height': 5, 'alg_qubits': [12, 34, 14, 36, 16, 38, 18, 40, 20, 42], 'magic_states': [1, 3, 5, 7, 9, 21, 43, 53, 51, 49, 47, 45, 11, 33]}, 'gates': [[6, 7], [5], [8], [2], [8, 5], [2, 8], [5, 2], [8], [5, 8], [5], [8], [2], [2, 8], [5, 2], [8, 5], [4], [2], [1], [2, 4], [1, 2], [4, 1], [2], [4, 2], [4], [2], [1], [1, 2], [4, 1], [2, 4], [0], [3], [9], [3, 0], [9, 3], [0, 9], [3], [0, 3], [0], [3], [9], [9, 3], [0, 9], [3, 0], [2], [1], [3], [1, 2], [3, 1], [2, 3], [1], [2, 1], [2], [1], [3], [3, 1], [2, 3], [1, 2], [0], [3], [9], [3, 0], [9, 3], [0, 9], [3], [0, 3], [0], [3], [9], [9, 3], [0, 9], [3, 0], [2], [1], [3], [1, 2], [3, 1], [2, 3], [1], [2, 1], [2], [1]]}","{'map': {'0': 40, '1': 34, '2': 36, '3': 18, '4': 20, '5': 12, '6': 16, '7': 42, '8': 38, '9': 14}, 'arch': {'width': 11, 'height': 5, 'alg_qubits': [12, 34, 14, 36, 16, 38, 18, 40, 20, 42], 'magic_states': [1, 3, 5, 7, 9, 21, 43, 53, 51, 49, 47, 45, 11, 33]}, 'gates': [[6, 7], [5], [8], [2], [8, 5], [2, 8], [5, 2], [8], [5, 8], [5], [8], [2], [2, 8], [5, 2], [8, 5], [4], [2], [1], [2, 4], [1, 2], [4, 1], [2], [4, 2], [4], [2], [1], [1, 2], [4, 1], [2, 4], [0], [3], [9], [3, 0], [9, 3], [0, 9], [3], [0, 3], [0], [3], [9], [9, 3], [0, 9], [3, 0], [2], [1], [3], [1, 2], [3, 1], [2, 3], [1], [2, 1], [2], [1], [3], [3, 1], [2, 3], [1, 2], [0], [3], [9], [3, 0], [9, 3], [0, 9], [3], [0, 3], [0], [3], [9], [9, 3], [0, 9], [3, 0], [2], [1], [3], [1, 2], [3, 1], [2, 3], [1], [2, 1], [2], [1]]}","{'map': {'0': 16, '1': 40, '2': 14, '3': 20, '4': 36, '5': 18, '6': 38, '7': 12, '8': 42, '9': 34}, 'arch': {'width': 11, 'height': 5, 'alg_qubits': [12, 34, 14, 36, 16, 38, 18, 40, 20, 42], 'magic_states': [1, 3, 5, 7, 9, 21, 43, 53, 51, 49, 47, 45, 11, 33]}, 'gates': [[2], [4], [3], [3, 4], [2, 3], [4, 2], [6], [3], [5], [3, 6], [5, 3], [6, 5], [3], [6, 3], [6], [3], [5], [5, 3], [6, 5], [3, 6], [7], [5], [9], [5, 7], [9, 5], [7, 9], [5], [7, 5], [7], [5], [9], [9, 5], [7, 9], [5, 7], [8], [9], [1], [9, 8], [1, 9], [8, 1], [9], [8, 9], [8], [9], [1], [1, 9], [8, 1], [9, 8], [7], [4], [9], [4, 7], [9, 4], [7, 9], [4], [7, 4], [7], [4], [9], [9, 4], [7, 9], [4, 7], [6], [3], [4], [3, 6], [4, 3], [6, 4], [3], [6, 3], [6], [3], [4], [4, 3], [6, 4], [3, 6], [0], [5], [3], [5, 0], [3, 5]]}","{'map': {'0': 34, '1': 18, '2': 20, '3': 42, '4': 36, '5': 12, '6': 38, '7': 14, '8': 16, '9': 40}, 'arch': {'width': 11, 'height': 5, 'alg_qubits': [12, 34, 14, 36, 16, 38, 18, 40, 20, 42], 'magic_states': [1, 3, 5, 7, 9, 21, 43, 53, 51, 49, 47, 45, 11, 33]}, 'gates': [[0, 1], [0], [1], [5], [5, 1], [0, 5], [1, 0], [2], [5], [6], [5, 2], [6, 5], [2, 6], [5], [2, 5], [2], [5], [6], [6, 5], [2, 6], [5, 2], [3], [6], [9], [6, 3], [9, 6], [3, 9], [6], [3, 6], [3], [6], [9], [9, 6], [3, 9], [6, 3], [7], [9], [4], [9, 7], [4, 9], [7, 4], [9], [7, 9], [7], [9], [4], [4, 9], [7, 4], [9, 7], [3], [8], [9], [8, 3], [9, 8], [3, 9], [8], [3, 8], [3], [8], [9], [9, 8], [3, 9], [8, 3], [1], [2], [8], [2, 1], [8, 2], [1, 8], [2], [1, 2], [1], [2], [8], [8, 2], [1, 8], [2, 1], [3], [8], [9], [8, 3]]}"
vqe_0.qasm,"{'map': {'0': 14, '1': 30, '2': 34, '3': 16, '4': 10, '5': 28, '6': 12, '7': 32}, 'arch': {'width': 9, 'height': 5, 'alg_qubits': [10, 28, 12, 30, 14, 32, 16, 34], 'magic_states': [1, 3, 5, 7, 17, 35, 43, 41, 39, 37, 9, 27]}, 'gates': [[0, 2], [1, 5], [0, 2], [1, 5], [2, 3], [0, 6], [1, 7], [4, 5], [2, 3], [0, 6], [1, 7], [4, 5], [3, 7], [4, 6], [1, 5], [0, 2], [3, 7], [4, 6], [1, 5], [0, 2], [4, 5], [2, 3], [0, 6], [1, 7], [4, 5], [2, 3], [0, 6], [1, 7], [4, 6], [3, 7], [4, 6], [3, 7]]}","{'map': {'0': 28, '1': 30, '2': 34, '3': 16, '4': 10, '5': 12, '6': 32}, 'arch': {'width': 9, 'height': 5, 'alg_qubits': [10, 28, 12, 30, 14, 32, 16, 34], 'magic_states': [1, 3, 5, 7, 17, 35, 43, 41, 39, 37, 9, 27]}, 'gates': [[2, 3], [6, 2], [3, 6], [5], [1], [3], [1, 5], [3, 1], [5, 3], [1], [5, 1], [5], [1], [3], [3, 1], [5, 3], [1, 5], [0], [4], [1], [4, 0], [1, 4], [0, 1], [4], [0, 4], [0], [4], [1], [1, 4], [0, 1], [4, 0], [5], [1], [3], [1, 5], [3, 1], [5, 3], [1], [5, 1], [5], [1], [3], [3, 1], [5, 3], [1, 5], [2], [5], [6], [5, 2], [6, 5], [2, 6], [5], [2, 5], [2], [5], [6], [6, 5], [2, 6], [5, 2], [0], [4], [6], [4, 0], [6, 4], [0, 6], [4], [0, 4], [0], [4], [6], [6, 4], [0, 6], [4, 0], [1], [3], [6], [3, 1], [6, 3], [1, 6], [3], [1, 3]]}","{'map': {'0': 16, '1': 32, '2': 14, '3': 34, '4': 30, '5': 12, '6': 10}, 'arch': {'width': 9, 'height': 5, 'alg_qubits': [10, 28, 12, 30, 14, 32, 16, 34], 'magic_states': [1, 3, 5, 7, 17, 35, 43, 41, 39, 37, 9, 27]}, 'gates': [[0, 5], [1], [3], [5], [3, 1], [5, 3], [1, 5], [3], [1, 3], [1], [3], [5], [5, 3], [1, 5], [3, 1], [0], [3], [5], [3, 0], [5, 3], [0, 5], [3], [0, 3], [0], [3], [5], [5, 3], [0, 5], [3, 0], [2, 6], [0], [3], [6], [3, 0], [6, 3], [0, 6], [3], [0, 3], [0], [3], [6], [6, 3], [0, 6], [3, 0], [2], [3], [6], [3, 2], [6, 3], [2, 6], [3], [2, 3], [2], [3], [6], [6, 3], [2, 6], [3, 2], [6, 5], [4], [5], [6], [5, 4], [6, 5], [4, 6], [5], [4, 5], [4], [5], [6], [6, 5], [4, 6], [5, 4]]}","{'map': {'0': 16, '1': 32, '2': 28, '3': 34, '4': 12, '5': 14, '6': 10}, 'arch': {'width': 9, 'height': 5, 'alg_qubits': [10, 28, 12, 30, 14, 32, 16, 34], 'magic_states': [1, 3, 5, 7, 17, 35, 43, 41, 39, 37, 9, 27]}, 'gates': [[2, 4], [2, 4], [2, 4], [1, 5], [1, 5], [1, 5], [0, 6], [0, 6], [0, 6], [1, 0], [1, 0], [2, 0], [2, 0], [3, 0], [2, 1], [3, 0], [4, 0], [2, 1], [4, 0], [3, 1], [5, 0], [3, 1], [5, 0], [4, 1], [3, 2], [6, 0], [4, 1], [3, 2], [5, 1], [6, 0], [5, 1], [4, 2], [6, 1], [4, 2], [6, 1], [5, 2], [4, 3], [5, 2], [4, 3], [6, 2], [5, 3], [6, 2], [5, 3], [6, 3], [5, 4], [6, 3], [5, 4], [6, 4], [6, 4], [6, 5], [6, 5]]}","{'map': {'0': 32, '1': 16, '2': 34, '3': 12, '4': 10, '5': 30, '6': 28}, 'arch': {'width': 9, 'height': 5, 'alg_qubits': [10, 28, 12, 30, 14, 32, 16, 34], 'magic_states': [1, 3, 5, 7, 17, 35, 43, 41, 39, 37, 9, 27]}, 'gates': [[5, 1], [0, 5], [2], [1], [6], [1, 2], [6, 1], [2, 6], [1], [2, 1], [2], [1], [6], [6, 1], [2, 6], [1, 2], [5], [0], [1], [0, 5], [1, 0], [5, 1], [0], [5, 0], [5], [0], [1], [1, 0], [5, 1], [0, 5], [3], [4], [0], [4, 3], [0, 4], [3, 0], [4], [3, 4], [3], [4], [0], [0, 4], [3, 0], [4, 3], [5], [0], [1], [0, 5], [1, 0], [5, 1], [0], [5, 0], [5], [0], [1], [1, 0], [5, 1], [0, 5], [5], [2], [6], [2, 5], [6, 2], [5, 6], [2], [5, 2], [5], [2], [6], [6, 2], [5, 6], [2, 5], [4], [0], [2], [0, 4], [2, 0], [4, 2], [0], [4, 0], [4]]}"
autobraid_40.qasm,"{'map': {'0': 40, '1': 24, '2': 22, '3': 18, '4': 44, '5': 48, '6': 42, '7': 14, '8': 20, '9': 50, '10': 16}, 'arch': {'width': 13, 'height': 5, 'alg_qubits': [14, 40, 16, 42, 18, 44, 20, 46, 22, 48, 24, 50], 'magic_states': [1, 3, 5, 7, 9, 11, 25, 51, 63, 61, 59, 57, 55, 53, 13, 39]}, 'gates': [[5, 10], [9], [4], [3], [4, 9], [3, 4], [9, 3], [4], [9, 4], [9], [4], [3], [3, 4], [9, 3], [4, 9], [8], [3], [2], [3, 8], [2, 3], [8, 2], [3], [8, 3], [8], [3], [2], [2, 3], [8, 2], [3, 8], [7], [2], [1], [2, 7], [1, 2], [7, 1], [2], [7, 2], [7], [2], [1], [1, 2], [7, 1], [2, 7], [6], [1], [0], [1, 6], [0, 1], [6, 0], [1], [6, 1], [6], [1], [0], [0, 1], [6, 0], [1, 6], [7], [2], [1], [2, 7], [1, 2], [7, 1], [2], [7, 2], [7], [2], [1], [1, 2], [7, 1], [2, 7], [8], [3], [2], [3, 8], [2, 3], [8, 2], [3], [8, 3], [8], [3]]}","{'map': {'0': 40, '1': 24, '2': 22, '3': 18, '4': 44, '5': 48, '6': 42, '7': 14, '8': 20, '9': 50, '10': 16}, 'arch': {'width': 13, 'height': 5, 'alg_qubits': [14, 40, 16, 42, 18, 44, 20, 46, 22, 48, 24, 50], 'magic_states': [1, 3, 5, 7, 9, 11, 25, 51, 63, 61, 59, 57, 55, 53, 13, 39]}, 'gates': [[5, 10], [9], [4], [3], [4, 9], [3, 4], [9, 3], [4], [9, 4], [9], [4], [3], [3, 4], [9, 3], [4, 9], [8], [3], [2], [3, 8], [2, 3], [8, 2], [3], [8, 3], [8], [3], [2], [2, 3], [8, 2], [3, 8], [7], [2], [1], [2, 7], [1, 2], [7, 1], [2], [7, 2], [7], [2], [1], [1, 2], [7, 1], [2, 7], [6], [1], [0], [1, 6], [0, 1], [6, 0], [1], [6, 1], [6], [1], [0], [0, 1], [6, 0], [1, 6], [7], [2], [1], [2, 7], [1, 2], [7, 1], [2], [7, 2], [7], [2], [1], [1, 2], [7, 1], [2, 7], [8], [3], [2], [3, 8], [2, 3], [8, 2], [3], [8, 3], [8], [3]]}","{'map': {'0': 22, '1': 16, '2': 20, '3': 14, '4': 24, '5': 18, '6': 40, '7': 50, '8': 46, '9': 42, '10': 44}, 'arch': {'width': 13, 'height': 5, 'alg_qubits': [14, 40, 16, 42, 18, 44, 20, 46, 22, 48, 24, 50], 'magic_states': [1, 3, 5, 7, 9, 11, 25, 51, 63, 61, 59, 57, 55, 53, 13, 39]}, 'gates': [[3], [6], [7], [6, 3], [7, 6], [3, 7], [6], [3, 6], [3], [6], [7], [7, 6], [3, 7], [6, 3], [5], [4], [6], [4, 5], [6, 4], [5, 6], [4], [5, 4], [5], [4], [6], [6, 4], [5, 6], [4, 5], [3], [6], [7], [6, 3], [7, 6], [3, 7], [6], [3, 6], [3], [6], [7], [7, 6], [3, 7], [6, 3], [2], [7], [8], [7, 2], [8, 7], [2, 8], [7], [2, 7], [2], [7], [8], [8, 7], [2, 8], [7, 2], [1], [8], [9], [8, 1], [9, 8], [1, 9], [8], [1, 8], [1], [8], [9], [9, 8], [1, 9], [8, 1], [10], [9], [0], [9, 10], [0, 9], [10, 0], [9], [10, 9], [10], [9], [0]]}","{'map': {'0': 22, '1': 16, '2': 20, '3': 14, '4': 24, '5': 18, '6': 40, '7': 50, '8': 46, '9': 42, '10': 44}, 'arch': {'width': 13, 'height': 5, 'alg_qubits': [14, 40, 16, 42, 18, 44, 20, 46, 22, 48, 24, 50], 'magic_states': [1, 3, 5, 7, 9, 11, 25, 51, 63, 61, 59, 57, 55, 53, 13, 39]}, 'gates': [[3], [6], [7], [6, 3], [7, 6], [3, 7], [6], [3, 6], [3], [6], [7], [7, 6], [3, 7], [6, 3], [5], [4], [6], [4, 5], [6, 4], [5, 6], [4], [5, 4], [5], [4], [6], [6, 4], [5, 6], [4, 5], [3], [6], [7], [6, 3], [7, 6], [3, 7], [6], [3, 6], [3], [6], [7], [7, 6], [3, 7], [6, 3], [2], [7], [8], [7, 2], [8, 7], [2, 8], [7], [2, 7], [2], [7], [8], [8, 7], [2, 8], [7, 2], [1], [8], [9], [8, 1], [9, 8], [1, 9], [8], [1, 8], [1], [8], [9], [9, 8], [1, 9], [8, 1], [10], [9], [0], [9, 10], [0, 9], [10, 0], [9], [10, 9], [10], [9], [0]]}","{'map': {'0': 40, '1': 44, '2': 24, '3': 46, '4': 48, '5': 16, '6': 14, '7': 22, '8': 20, '9': 18, '10': 50}, 'arch': {'width': 13, 'height': 5, 'alg_qubits': [14, 40, 16, 42, 18, 44, 20, 46, 22, 48, 24, 50], 'magic_states': [1, 3, 5, 7, 9, 11, 25, 51, 63, 61, 59, 57, 55, 53, 13, 39]}, 'gates': [[7], [2], [1], [1, 2], [7, 1], [2, 7], [0], [6], [2], [6, 0], [2, 6], [0, 2], [6], [0, 6], [0], [6], [2], [2, 6], [0, 2], [6, 0], [7], [2], [1], [2, 7], [1, 2], [7, 1], [2], [7, 2], [7], [2], [1], [1, 2], [7, 1], [2, 7], [10], [9], [8], [9, 10], [8, 9], [10, 8], [9], [10, 9], [10], [9], [8], [8, 9], [10, 8], [9, 10], [5], [6], [0], [6, 5], [0, 6], [5, 0], [6], [5, 6], [5], [6], [0], [0, 6], [5, 0], [6, 5], [4], [7], [6], [7, 4], [6, 7], [4, 6], [7], [4, 7], [4], [7], [6], [6, 7], [4, 6], [7, 4], [3], [8], [7], [8, 3], [7, 8]]}"
jku_suite_98.qasm,"{'map': {'0': 46, '1': 50, '2': 56, '3': 20, '4': 48, '5': 54, '6': 24, '7': 28, '8': 52, '9': 22, '10': 58, '11': 26, '12': 16}, 'arch': {'width': 15, 'height': 5, 'alg_qubits': [16, 46, 18, 48, 20, 50, 22, 52, 24, 54, 26, 56, 28, 58], 'magic_states': [1, 3, 5, 7, 9, 11, 13, 29, 59, 73, 71, 69, 67, 65, 63, 61, 15, 45]}, 'gates': [[0, 3], [2, 0], [3, 2], [4], [0], [5], [0, 4], [5, 0], [4, 5], [0], [4, 0], [4], [0], [5], [5, 0], [4, 5], [0, 4], [7], [5], [6], [5, 7], [6, 5], [7, 6], [5], [7, 5], [7], [5], [6], [6, 5], [7, 6], [5, 7], [8], [6], [10], [6, 8], [10, 6], [8, 10], [6], [8, 6], [8], [6], [10], [10, 6], [8, 10], [6, 8], [9], [10], [12], [10, 9], [12, 10], [9, 12], [10], [9, 10], [9], [10], [12], [12, 10], [9, 12], [10, 9], [11], [12], [1], [12, 11], [1, 12], [11, 1], [12], [11, 12], [11], [12], [1], [1, 12], [11, 1], [12, 11], [9], [10], [12], [10, 9], [12, 10], [9, 12], [10], [9, 10]]}","{'map': {'0': 18, '1': 54, '2': 22, '3': 48, '4': 56, '5': 16, '6': 20, '7': 52, '8': 50, '9': 24, '10': 58, '11': 28, '12': 46}, 'arch': {'width': 15, 'height': 5, 'alg_qubits': [16, 46, 18, 48, 20, 50, 22, 52, 24, 54, 26, 56, 28, 58], 'magic_states': [1, 3, 5, 7, 9, 11, 13, 29, 59, 73, 71, 69, 67, 65, 63, 61, 15, 45]}, 'gates': [[6], [0], [1], [1, 0], [6, 1], [0, 6], [4], [5], [0], [5, 4], [0, 5], [4, 0], [5], [4, 5], [4], [5], [0], [0, 5], [4, 0], [5, 4], [6], [0], [1], [0, 6], [1, 0], [6, 1], [0], [6, 0], [6], [0], [1], [1, 0], [6, 1], [0, 6], [7], [1], [2], [1, 7], [2, 1], [7, 2], [1], [7, 1], [7], [1], [2], [2, 1], [7, 2], [1, 7], [8], [2], [11], [2, 8], [11, 2], [8, 11], [2], [8, 2], [8], [2], [11], [11, 2], [8, 11], [2, 8], [9], [11], [12], [11, 9], [12, 11], [9, 12], [11], [9, 11], [9], [11], [12], [12, 11], [9, 12], [11, 9], [10], [12], [3], [12, 10], [3, 12]]}","{'map': {'0': 48, '1': 28, '2': 50, '3': 54, '4': 56, '5': 46, '6': 20, '7': 52, '8': 22, '9': 26, '10': 16, '11': 24, '12': 58}, 'arch': {'width': 15, 'height': 5, 'alg_qubits': [16, 46, 18, 48, 20, 50, 22, 52, 24, 54, 26, 56, 28, 58], 'magic_states': [1, 3, 5, 7, 9, 11, 13, 29, 59, 73, 71, 69, 67, 65, 63, 61, 15, 45]}, 'gates': [[4], [0], [7], [7, 0], [4, 7], [0, 4], [2], [3], [0], [3, 2], [0, 3], [2, 0], [3], [2, 3], [2], [3], [0], [0, 3], [2, 0], [3, 2], [4], [0], [7], [0, 4], [7, 0], [4, 7], [0], [4, 0], [4], [0], [7], [7, 0], [4, 7], [0, 4], [5], [7], [9], [7, 5], [9, 7], [5, 9], [7], [5, 7], [5], [7], [9], [9, 7], [5, 9], [7, 5], [6], [9], [10], [9, 6], [10, 9], [6, 10], [9], [6, 9], [6], [9], [10], [10, 9], [6, 10], [9, 6], [8], [10], [12], [10, 8], [12, 10], [8, 12], [10], [8, 10], [8], [10], [12], [12, 10], [8, 12], [10, 8], [11], [12], [1], [12, 11], [1, 12]]}","{'map': {'0': 46, '1': 56, '2': 24, '3': 18, '4': 48, '5': 58, '6': 50, '7': 20, '8': 16, '9': 28, '10': 52, '11': 54, '12': 22}, 'arch': {'width': 15, 'height': 5, 'alg_qubits': [16, 46, 18, 48, 20, 50, 22, 52, 24, 54, 26, 56, 28, 58], 'magic_states': [1, 3, 5, 7, 9, 11, 13, 29, 59, 73, 71, 69, 67, 65, 63, 61, 15, 45]}, 'gates': [[2, 1], [6, 2], [1, 6], [2], [1, 2], [1], [2], [6], [6, 2], [1, 6], [2, 1], [3], [6], [7], [6, 3], [7, 6], [3, 7], [6], [3, 6], [3], [6], [7], [7, 6], [3, 7], [6, 3], [4], [7], [9], [7, 4], [9, 7], [4, 9], [7], [4, 7], [4], [7], [9], [9, 7], [4, 9], [7, 4], [5], [9], [11], [9, 5], [11, 9], [5, 11], [9], [5, 9], [5], [9], [11], [11, 9], [5, 11], [9, 5], [8], [11], [12], [11, 8], [12, 11], [8, 12], [11], [8, 11], [8], [11], [12], [12, 11], [8, 12], [11, 8], [10], [12], [0], [12, 10], [0, 12], [10, 0], [12], [10, 12], [10], [12], [0], [0, 12], [10, 0], [12, 10]]}","{'map': {'0': 52, '1': 24, '2': 18, '3': 46, '4': 50, '5': 22, '6': 28, '7': 58, '8': 56, '9': 48, '10': 26, '11': 16, '12': 20}, 'arch': {'width': 15, 'height': 5, 'alg_qubits': [16, 46, 18, 48, 20, 50, 22, 52, 24, 54, 26, 56, 28, 58], 'magic_states': [1, 3, 5, 7, 9, 11, 13, 29, 59, 73, 71, 69, 67, 65, 63, 61, 15, 45]}, 'gates': [[6, 7], [4, 6], [5], [7], [0], [7, 5], [0, 7], [5, 0], [7], [5, 7], [5], [7], [0], [0, 7], [5, 0], [7, 5], [6], [4], [7], [4, 6], [7, 4], [6, 7], [4], [6, 4], [6], [4], [7], [7, 4], [6, 7], [4, 6], [8], [3], [4], [3, 8], [4, 3], [8, 4], [3], [8, 3], [8], [3], [4], [4, 3], [8, 4], [3, 8], [9], [2], [3], [2, 9], [3, 2], [9, 3], [2], [9, 2], [9], [2], [3], [3, 2], [9, 3], [2, 9], [10], [1], [2], [1, 10], [2, 1], [10, 2], [1], [10, 1], [10], [1], [2], [2, 1], [10, 2], [1, 10], [12], [11], [1], [11, 12], [1, 11], [12, 1], [11], [12, 11], [12]]}"
autobraid_18.qasm,"{'map': {'0': 18, '1': 16, '2': 8, '3': 6}, 'arch': {'width': 5, 'height': 5, 'alg_qubits': [6, 16, 8, 18], 'magic_states': [1, 3, 9, 19, 23, 21, 5, 15]}, 'gates': [[0, 1], [0, 1], [0, 3], [0, 3], [0, 2], [0, 2], [1, 2], [1, 2], [1, 3], [1, 3], [0, 1], [0, 1], [2, 3], [2, 3], [0, 3], [0, 3], [0, 2], [0, 2], [1, 2], [1, 2], [1, 3], [1, 3], [0, 1], [0, 1], [2, 3], [2, 3], [0, 3], [0, 3], [0, 2], [0, 2], [1, 2], [1, 2], [1, 3], [1, 3], [0, 1], [0, 1], [2, 3], [2, 3], [0, 3], [0, 3], [0, 2], [0, 2], [1, 2], [1, 2], [1, 3], [1, 3], [2, 3], [2, 3]]}","{'map': {'0': 18, '1': 8, '2': 16, '3': 6}, 'arch': {'width': 5, 'height': 5, 'alg_qubits': [6, 16, 8, 18], 'magic_states': [1, 3, 9, 19, 23, 21, 5, 15]}, 'gates': [[0, 1], [0, 1], [1, 2], [2, 3], [2, 3], [1, 2], [0, 1], [0, 1], [1, 2], [2, 3], [2, 3], [1, 2], [0, 1], [1, 2], [2, 3], [2, 3], [1, 2], [0, 1], [0, 1], [1, 2], [2, 3], [2, 3], [1, 2], [0, 1], [1, 2], [2, 3], [2, 3], [1, 2], [0, 1], [0, 1], [1, 2], [2, 3], [2, 3], [1, 2], [0, 1], [1, 2], [2, 3], [2, 3], [1, 2], [0, 1], [0, 1], [1, 2], [2, 3], [2, 3], [1, 2], [0, 1], [2, 3], [2, 3], [1, 2], [2, 3], [2, 3], [1, 2], [2, 3], [2, 3], [1, 2], [1, 2], [0, 1], [1, 2], [2, 3], [2, 3], [1, 2], [0, 1], [1, 2], [2, 3], [2, 3], [1, 2], [0, 1], [1, 2], [1, 2], [0, 1], [1, 2], [1, 2], [0, 1], [0, 1]]}","{'map': {'0': 16, '1': 18, '2': 8}, 'arch': {'width': 5, 'height': 5, 'alg_qubits': [6, 16, 8, 18], 'magic_states': [1, 3, 9, 19, 23, 21, 5, 15]}, 'gates': [[1], [1], [1], [1], [1], [1], [1], [1], [1], [1], [1], [1], [1], [1], [1], [1], [1], [1], [1], [1], [1], [1], [1], [0, 1], [1, 2], [2], [2], [2], [2], [2], [2], [2], [2], [2], [2], [2], [2], [2], [2], [2], [2], [2], [2], [2], [2], [2], [2], [2], [2], [2], [2], [2], [2], [2], [2], [2], [2], [2], [2], [2], [2], [2], [2], [2], [2], [2], [2], [2], [2], [2], [2], [2], [2], [2], [2], [2], [2], [2], [2], [2], [2]]}","{'map': {'0': 16, '1': 10, '2': 14, '3': 32, '4': 30, '5': 34, '6': 12}, 'arch': {'width': 9, 'height': 5, 'alg_qubits': [10, 28, 12, 30, 14, 32, 16, 34], 'magic_states': [1, 3, 5, 7, 17, 35, 43, 41, 39, 37, 9, 27]}, 'gates': [[0], [5], [3], [3, 5], [0, 3], [5, 0], [3], [5], [0], [5, 3], [0, 5], [3, 0], [5], [3, 5], [3], [5], [0], [0, 5], [3, 0], [5, 3], [0], [6], [4], [6, 0], [4, 6], [0, 4], [6], [0, 6], [0], [6], [4], [4, 6], [0, 4], [6, 0], [0], [6], [3], [6, 0], [3, 6], [0, 3], [6], [0, 6], [0], [6], [3], [3, 6], [0, 3], [6, 0], [0], [6], [2], [6, 0], [2, 6], [0, 2], [6], [0, 6], [0], [6], [2], [2, 6], [0, 2], [6, 0], [0], [6], [1], [6, 0], [1, 6], [0, 1], [6], [0, 6], [0], [6], [1], [1, 6], [0, 1], [6, 0], [1], [2], [6], [2, 1], [6, 2]]}","{'map': {'0': 30, '1': 12, '2': 34, '3': 32, '4': 14, '5': 16, '6': 28, '7': 10, '8': 18}, 'arch': {'width': 9, 'height': 5, 'alg_qubits': [10, 28, 12, 30, 14, 32, 16, 34], 'magic_states': [1, 3, 5, 7, 17, 35, 43, 41, 39, 37, 9, 27]}, 'gates': [[8], [3, 0], [8, 3], [0, 8], [3], [0, 3], [0], [3], [8], [8, 3], [0, 8], [3, 0], [2], [1], [3], [1, 2], [3, 1], [2, 3], [1], [2, 1], [2], [1], [3], [3, 1], [2, 3], [1, 2], [1], [6], [5], [6, 1], [5, 6], [1, 5], [6], [1, 6], [1], [6], [5], [5, 6], [1, 5], [6, 1], [1], [6], [4], [6, 1], [4, 6], [1, 4], [6], [1, 6], [1], [6], [4], [4, 6], [1, 4], [6, 1], [1], [6], [3], [6, 1], [3, 6], [1, 3], [6], [1, 6], [1], [6], [3], [3, 6], [1, 3], [6, 1], [1], [6], [2], [6, 1], [2, 6], [1, 2], [6], [1, 6], [1], [6], [2], [2, 6], [1, 2]]}"
qaoa_3.qasm,"{'map': {'0': 40, '1': 24, '2': 22, '3': 18, '4': 44, '5': 48, '6': 42, '7': 14, '8': 20, '9': 50, '10': 16}, 'arch': {'width': 13, 'height': 5, 'alg_qubits': [14, 40, 16, 42, 18, 44, 20, 46, 22, 48, 24, 50], 'magic_states': [1, 3, 5, 7, 9, 11, 25, 51, 63, 61, 59, 57, 55, 53, 13, 39]}, 'gates': [[5, 10], [9], [4], [3], [4, 9], [3, 4], [9, 3], [4], [9, 4], [9], [4], [3], [3, 4], [9, 3], [4, 9], [8], [3], [2], [3, 8], [2, 3], [8, 2], [3], [8, 3], [8], [3], [2], [2, 3], [8, 2], [3, 8], [7], [2], [1], [2, 7], [1, 2], [7, 1], [2], [7, 2], [7], [2], [1], [1, 2], [7, 1], [2, 7], [6], [1], [0], [1, 6], [0, 1], [6, 0], [1], [6, 1], [6], [1], [0], [0, 1], [6, 0], [1, 6], [7], [2], [1], [2, 7], [1, 2], [7, 1], [2], [7, 2], [7], [2], [1], [1, 2], [7, 1], [2, 7], [8], [3], [2], [3, 8], [2, 3], [8, 2], [3], [8, 3], [8], [3]]}","{'map': {'0': 40, '1': 24, '2': 22, '3': 18, '4': 44, '5': 48, '6': 42, '7': 14, '8': 20, '9': 50, '10': 16}, 'arch': {'width': 13, 'height': 5, 'alg_qubits': [14, 40, 16, 42, 18, 44, 20, 46, 22, 48, 24, 50], 'magic_states': [1, 3, 5, 7, 9, 11, 25, 51, 63, 61, 59, 57, 55, 53, 13, 39]}, 'gates': [[5, 10], [9], [4], [3], [4, 9], [3, 4], [9, 3], [4], [9, 4], [9], [4], [3], [3, 4], [9, 3], [4, 9], [8], [3], [2], [3, 8], [2, 3], [8, 2], [3], [8, 3], [8], [3], [2], [2, 3], [8, 2], [3, 8], [7], [2], [1], [2, 7], [1, 2], [7, 1], [2], [7, 2], [7], [2], [1], [1, 2], [7, 1], [2, 7], [6], [1], [0], [1, 6], [0, 1], [6, 0], [1], [6, 1], [6], [1], [0], [0, 1], [6, 0], [1, 6], [7], [2], [1], [2, 7], [1, 2], [7, 1], [2], [7, 2], [7], [2], [1], [1, 2], [7, 1], [2, 7], [8], [3], [2], [3, 8], [2, 3], [8, 2], [3], [8, 3], [8], [3]]}","{'map': {'0': 34, '1': 16, '2': 30, '3': 10, '4': 14, '5': 28, '6': 12, '7': 32}, 'arch': {'width': 9, 'height': 5, 'alg_qubits': [10, 28, 12, 30, 14, 32, 16, 34], 'magic_states': [1, 3, 5, 7, 17, 35, 43, 41, 39, 37, 9, 27]}, 'gates': [[4], [0, 4], [0], [4], [7], [7, 4], [0, 7], [4, 0], [0], [4], [2], [4, 0], [2, 4], [0, 2], [4], [0, 4], [0], [4], [2], [2, 4], [0, 2], [4, 0], [0], [4], [1], [4, 0], [1, 4], [0, 1], [4], [0, 4], [0], [4], [1], [1, 4], [0, 1], [4, 0], [2], [7], [3], [7, 2], [3, 7], [2, 3], [7], [2, 7], [2], [7], [3], [3, 7], [2, 3], [7, 2], [2], [7], [5], [7, 2], [5, 7], [2, 5], [7], [2, 7], [2], [7], [5], [5, 7], [2, 5], [7, 2], [2], [7], [6], [7, 2], [6, 7], [2, 6], [7], [2, 7], [2], [7], [6], [6, 7], [2, 6], [7, 2], [5], [0], [4]]}","{'map': {'0': 18, '1': 24, '2': 44, '3': 46, '4': 50, '5': 40, '6': 16, '7': 42, '8': 48, '9': 20, '10': 22}, 'arch': {'width': 13, 'height': 5, 'alg_qubits': [14, 40, 16, 42, 18, 44, 20, 46, 22, 48, 24, 50], 'magic_states': [1, 3, 5, 7, 9, 11, 25, 51, 63, 61, 59, 57, 55, 53, 13, 39]}, 'gates': [[8], [3], [2], [2, 3], [8, 2], [3, 8], [7], [2], [1], [2, 7], [1, 2], [7, 1], [2], [7, 2], [7], [2], [1], [1, 2], [7, 1], [2, 7], [6], [1], [0], [1, 6], [0, 1], [6, 0], [1], [6, 1], [6], [1], [0], [0, 1], [6, 0], [1, 6], [7], [2], [1], [2, 7], [1, 2], [7, 1], [2], [7, 2], [7], [2], [1], [1, 2], [7, 1], [2, 7], [8], [3], [2], [3, 8], [2, 3], [8, 2], [3], [8, 3], [8], [3], [2], [2, 3], [8, 2], [3, 8], [9], [4], [3], [4, 9], [3, 4], [9, 3], [4], [9, 4], [9], [4], [3], [3, 4], [9, 3], [4, 9], [10], [5], [4], [5, 10], [4, 5]]}","{'map': {'0': 18, '1': 46, '2': 24, '3': 50, '4': 22, '5': 16, '6': 40, '7': 48, '8': 44, '9': 14, '10': 20}, 'arch': {'width': 13, 'height': 5, 'alg_qubits': [14, 40, 16, 42, 18, 44, 20, 46, 22, 48, 24, 50], 'magic_states': [1, 3, 5, 7, 9, 11, 25, 51, 63, 61, 59, 57, 55, 53, 13, 39]}, 'gates': [[7], [2], [1], [1, 2], [7, 1], [2, 7], [0], [6], [2], [6, 0], [2, 6], [0, 2], [6], [0, 6], [0], [6], [2], [2, 6], [0, 2], [6, 0], [7], [2], [1], [2, 7], [1, 2], [7, 1], [2], [7, 2], [7], [2], [1], [1, 2], [7, 1], [2, 7], [10], [9], [8], [9, 10], [8, 9], [10, 8], [9], [10, 9], [10], [9], [8], [8, 9], [10, 8], [9, 10], [5], [6], [0], [6, 5], [0, 6], [5, 0], [6], [5, 6], [5], [6], [0], [0, 6], [5, 0], [6, 5], [4], [7], [6], [7, 4], [6, 7], [4, 6], [7], [4, 7], [4], [7], [6], [6, 7], [4, 6], [7, 4], [3], [8], [7], [8, 3], [7, 8]]}"
jku_suite_7.qasm,"{'map': {'0': 20, '1': 18, '2': 60, '3': 54, '4': 32, '5': 56, '6': 58, '7': 30, '8': 52, '9': 62, '10': 28, '11': 22, '12': 64, '13': 66, '14': 26}, 'arch': {'width': 17, 'height': 5, 'alg_qubits': [18, 52, 20, 54, 22, 56, 24, 58, 26, 60, 28, 62, 30, 64, 32, 66], 'magic_states': [1, 3, 5, 7, 9, 11, 13, 15, 33, 67, 83, 81, 79, 77, 75, 73, 71, 69, 17, 51]}, 'gates': [[14, 12], [13], [14, 13], [14], [13], [12], [12, 13], [14, 12], [13, 14], [6], [1], [0], [1, 6], [0, 1], [6, 0], [1], [6, 1], [6], [1], [0], [0, 1], [6, 0], [1, 6], [7], [2], [1], [2, 7], [1, 2], [7, 1], [2], [7, 2], [7], [2], [1], [1, 2], [7, 1], [2, 7], [8], [3], [2], [3, 8], [2, 3], [8, 2], [3], [8, 3], [8], [3], [2], [2, 3], [8, 2], [3, 8], [9], [4], [3], [4, 9], [3, 4], [9, 3], [4], [9, 4], [9], [4], [3], [3, 4], [9, 3], [4, 9], [10], [5], [4], [5, 10], [4, 5], [10, 4], [5], [10, 5], [10], [5], [4], [4, 5], [10, 4], [5, 10], [12], [11]]}","{'map': {'0': 26, '1': 32, '2': 62, '3': 18, '4': 58, '5': 56, '6': 22, '7': 54, '8': 28, '9': 60, '10': 24, '11': 64, '12': 20, '13': 30, '14': 66}, 'arch': {'width': 17, 'height': 5, 'alg_qubits': [18, 52, 20, 54, 22, 56, 24, 58, 26, 60, 28, 62, 30, 64, 32, 66], 'magic_states': [1, 3, 5, 7, 9, 11, 13, 15, 33, 67, 83, 81, 79, 77, 75, 73, 71, 69, 17, 51]}, 'gates': [[13, 14], [6], [1], [0], [1, 6], [0, 1], [6, 0], [1], [6, 1], [6], [1], [0], [0, 1], [6, 0], [1, 6], [7], [2], [1], [2, 7], [1, 2], [7, 1], [2], [7, 2], [7], [2], [1], [1, 2], [7, 1], [2, 7], [8], [3], [2], [3, 8], [2, 3], [8, 2], [3], [8, 3], [8], [3], [2], [2, 3], [8, 2], [3, 8], [9], [4], [3], [4, 9], [3, 4], [9, 3], [4], [9, 4], [9], [4], [3], [3, 4], [9, 3], [4, 9], [10], [5], [4], [5, 10], [4, 5], [10, 4], [5], [10, 5], [10], [5], [4], [4, 5], [10, 4], [5, 10], [12], [11], [5], [11, 12], [5, 11], [12, 5], [11], [12, 11], [12], [11]]}","{'map': {'0': 26, '1': 32, '2': 62, '3': 18, '4': 58, '5': 56, '6': 22, '7': 54, '8': 28, '9': 60, '10': 24, '11': 64, '12': 20, '13': 30, '14': 66}, 'arch': {'width': 17, 'height': 5, 'alg_qubits': [18, 52, 20, 54, 22, 56, 24, 58, 26, 60, 28, 62, 30, 64, 32, 66], 'magic_states': [1, 3, 5, 7, 9, 11, 13, 15, 33, 67, 83, 81, 79, 77, 75, 73, 71, 69, 17, 51]}, 'gates': [[13, 14], [6], [1], [0], [1, 6], [0, 1], [6, 0], [1], [6, 1], [6], [1], [0], [0, 1], [6, 0], [1, 6], [7], [2], [1], [2, 7], [1, 2], [7, 1], [2], [7, 2], [7], [2], [1], [1, 2], [7, 1], [2, 7], [8], [3], [2], [3, 8], [2, 3], [8, 2], [3], [8, 3], [8], [3], [2], [2, 3], [8, 2], [3, 8], [9], [4], [3], [4, 9], [3, 4], [9, 3], [4], [9, 4], [9], [4], [3], [3, 4], [9, 3], [4, 9], [10], [5], [4], [5, 10], [4, 5], [10, 4], [5], [10, 5], [10], [5], [4], [4, 5], [10, 4], [5, 10], [12], [11], [5], [11, 12], [5, 11], [12, 5], [11], [12, 11], [12], [11]]}","{'map': {'0': 56, '1': 54, '2': 20, '3': 30, '4': 62, '5': 52, '6': 28, '7': 18, '8': 22, '9': 24, '10': 64, '11': 66, '12': 32, '13': 26, '14': 60}, 'arch': {'width': 17, 'height': 5, 'alg_qubits': [18, 52, 20, 54, 22, 56, 24, 58, 26, 60, 28, 62, 30, 64, 32, 66], 'magic_states': [1, 3, 5, 7, 9, 11, 13, 15, 33, 67, 83, 81, 79, 77, 75, 73, 71, 69, 17, 51]}, 'gates': [[8], [7], [9], [9, 7], [8, 9], [7, 8], [6], [9], [10], [9, 6], [10, 9], [6, 10], [9], [6, 9], [6], [9], [10], [10, 9], [6, 10], [9, 6], [5], [10], [11], [10, 5], [11, 10], [5, 11], [10], [5, 10], [5], [10], [11], [11, 10], [5, 11], [10, 5], [4], [11], [12], [11, 4], [12, 11], [4, 12], [11], [4, 11], [4], [11], [12], [12, 11], [4, 12], [11, 4], [2], [12], [13], [12, 2], [13, 12], [2, 13], [12], [2, 12], [2], [12], [13], [13, 12], [2, 13], [12, 2], [1], [13], [14], [13, 1], [14, 13], [1, 14], [13], [1, 13], [1], [13], [14], [14, 13], [1, 14], [13, 1], [3], [14], [0], [14, 3], [0, 14]]}","{'map': {'0': 64, '1': 30, '2': 28, '3': 24, '4': 26, '5': 62, '6': 56, '7': 32, '8': 52, '9': 54, '10': 60, '11': 66, '12': 18, '13': 22, '14': 20}, 'arch': {'width': 17, 'height': 5, 'alg_qubits': [18, 52, 20, 54, 22, 56, 24, 58, 26, 60, 28, 62, 30, 64, 32, 66], 'magic_states': [1, 3, 5, 7, 9, 11, 13, 15, 33, 67, 83, 81, 79, 77, 75, 73, 71, 69, 17, 51]}, 'gates': [[0, 14], [3, 0], [14, 3], [1], [13], [14], [13, 1], [14, 13], [1, 14], [13], [1, 13], [1], [13], [14], [14, 13], [1, 14], [13, 1], [2], [12], [13], [12, 2], [13, 12], [2, 13], [12], [2, 12], [2], [12], [13], [13, 12], [2, 13], [12, 2], [4], [11], [12], [11, 4], [12, 11], [4, 12], [11], [4, 11], [4], [11], [12], [12, 11], [4, 12], [11, 4], [5], [10], [11], [10, 5], [11, 10], [5, 11], [10], [5, 10], [5], [10], [11], [11, 10], [5, 11], [10, 5], [6], [9], [10], [9, 6], [10, 9], [6, 10], [9], [6, 9], [6], [9], [10], [10, 9], [6, 10], [9, 6], [8], [7], [9], [7, 8], [9, 7], [8, 9], [7], [8, 7]]}"
autobraid_12.qasm,"{'map': {'0': 20, '1': 22, '2': 50, '3': 48, '4': 24, '5': 44, '6': 14, '7': 40, '8': 18, '9': 16, '10': 46}, 'arch': {'width': 13, 'height': 5, 'alg_qubits': [14, 40, 16, 42, 18, 44, 20, 46, 22, 48, 24, 50], 'magic_states': [1, 3, 5, 7, 9, 11, 25, 51, 63, 61, 59, 57, 55, 53, 13, 39]}, 'gates': [[10], [9], [8], [8, 9], [10, 8], [9, 10], [5], [6], [0], [6, 5], [0, 6], [5, 0], [6], [5, 6], [5], [6], [0], [0, 6], [5, 0], [6, 5], [4], [7], [6], [7, 4], [6, 7], [4, 6], [7], [4, 7], [4], [7], [6], [6, 7], [4, 6], [7, 4], [3], [8], [7], [8, 3], [7, 8], [3, 7], [8], [3, 8], [3], [8], [7], [7, 8], [3, 7], [8, 3], [1], [2], [8], [2, 1], [8, 2], [1, 8], [2], [1, 2], [1], [2], [8], [8, 2], [1, 8], [2, 1], [3], [8], [7], [8, 3], [7, 8], [3, 7], [8], [3, 8], [3], [8], [7], [7, 8], [3, 7], [8, 3], [4], [7], [6], [7, 4], [6, 7]]}","{'map': {'0': 20, '1': 22, '2': 50, '3': 48, '4': 24, '5': 44, '6': 14, '7': 40, '8': 18, '9': 16, '10': 46}, 'arch': {'width': 13, 'height': 5, 'alg_qubits': [14, 40, 16, 42, 18, 44, 20, 46, 22, 48, 24, 50], 'magic_states': [1, 3, 5, 7, 9, 11, 25, 51, 63, 61, 59, 57, 55, 53, 13, 39]}, 'gates': [[10], [9], [8], [8, 9], [10, 8], [9, 10], [5], [6], [0], [6, 5], [0, 6], [5, 0], [6], [5, 6], [5], [6], [0], [0, 6], [5, 0], [6, 5], [4], [7], [6], [7, 4], [6, 7], [4, 6], [7], [4, 7], [4], [7], [6], [6, 7], [4, 6], [7, 4], [3], [8], [7], [8, 3], [7, 8], [3, 7], [8], [3, 8], [3], [8], [7], [7, 8], [3, 7], [8, 3], [1], [2], [8], [2, 1], [8, 2], [1, 8], [2], [1, 2], [1], [2], [8], [8, 2], [1, 8], [2, 1], [3], [8], [7], [8, 3], [7, 8], [3, 7], [8], [3, 8], [3], [8], [7], [7, 8], [3, 7], [8, 3], [4], [7], [6], [7, 4], [6, 7]]}","{'map': {'0': 42, '1': 50, '2': 46, '3': 24, '4': 48, '5': 16, '6': 44, '7': 40, '8': 22, '9': 14, '10': 20}, 'arch': {'width': 13, 'height': 5, 'alg_qubits': [14, 40, 16, 42, 18, 44, 20, 46, 22, 48, 24, 50], 'magic_states': [1, 3, 5, 7, 9, 11, 25, 51, 63, 61, 59, 57, 55, 53, 13, 39]}, 'gates': [[10], [9], [8], [8, 9], [10, 8], [9, 10], [5], [6], [0], [6, 5], [0, 6], [5, 0], [6], [5, 6], [5], [6], [0], [0, 6], [5, 0], [6, 5], [4], [7], [6], [7, 4], [6, 7], [4, 6], [7], [4, 7], [4], [7], [6], [6, 7], [4, 6], [7, 4], [3], [8], [7], [8, 3], [7, 8], [3, 7], [8], [3, 8], [3], [8], [7], [7, 8], [3, 7], [8, 3], [1], [2], [8], [2, 1], [8, 2], [1, 8], [2], [1, 2], [1], [2], [8], [8, 2], [1, 8], [2, 1], [3], [8], [7], [8, 3], [7, 8], [3, 7], [8], [3, 8], [3], [8], [7], [7, 8], [3, 7], [8, 3], [4], [7], [6], [7, 4], [6, 7]]}","{'map': {'0': 42, '1': 50, '2': 46, '3': 24, '4': 48, '5': 16, '6': 44, '7': 40, '8': 22, '9': 14, '10': 20}, 'arch': {'width': 13, 'height': 5, 'alg_qubits': [14, 40, 16, 42, 18, 44, 20, 46, 22, 48, 24, 50], 'magic_states': [1, 3, 5, 7, 9, 11, 25, 51, 63, 61, 59, 57, 55, 53, 13, 39]}, 'gates': [[10], [9], [8], [8, 9], [10, 8], [9, 10], [5], [6], [0], [6, 5], [0, 6], [5, 0], [6], [5, 6], [5], [6], [0], [0, 6], [5, 0], [6, 5], [4], [7], [6], [7, 4], [6, 7], [4, 6], [7], [4, 7], [4], [7], [6], [6, 7], [4, 6], [7, 4], [3], [8], [7], [8, 3], [7, 8], [3, 7], [8], [3, 8], [3], [8], [7], [7, 8], [3, 7], [8, 3], [1], [2], [8], [2, 1], [8, 2], [1, 8], [2], [1, 2], [1], [2], [8], [8, 2], [1, 8], [2, 1], [3], [8], [7], [8, 3], [7, 8], [3, 7], [8], [3, 8], [3], [8], [7], [7, 8], [3, 7], [8, 3], [4], [7], [6], [7, 4], [6, 7]]}","{'map': {'0': 40, '1': 24, '2': 22, '3': 18, '4': 44, '5': 48, '6': 42, '7': 14, '8': 20, '9': 50, '10': 16}, 'arch': {'width': 13, 'height': 5, 'alg_qubits': [14, 40, 16, 42, 18, 44, 20, 46, 22, 48, 24, 50], 'magic_states': [1, 3, 5, 7, 9, 11, 25, 51, 63, 61, 59, 57, 55, 53, 13, 39]}, 'gates': [[5, 10], [9], [4], [3], [4, 9], [3, 4], [9, 3], [4], [9, 4], [9], [4], [3], [3, 4], [9, 3], [4, 9], [8], [3], [2], [3, 8], [2, 3], [8, 2], [3], [8, 3], [8], [3], [2], [2, 3], [8, 2], [3, 8], [7], [2], [1], [2, 7], [1, 2], [7, 1], [2], [7, 2], [7], [2], [1], [1, 2], [7, 1], [2, 7], [6], [1], [0], [1, 6], [0, 1], [6, 0], [1], [6, 1], [6], [1], [0], [0, 1], [6, 0], [1, 6], [7], [2], [1], [2, 7], [1, 2], [7, 1], [2], [7, 2], [7], [2], [1], [1, 2], [7, 1], [2, 7], [8], [3], [2], [3, 8], [2, 3], [8, 2], [3], [8, 3], [8], [3]]}"
jku_suite_89.qasm,"{'map': {'0': 16, '1': 18, '2': 8}, 'arch': {'width': 5, 'height': 5, 'alg_qubits': [6, 16, 8, 18], 'magic_states': [1, 3, 9, 19, 23, 21, 5, 15]}, 'gates': [[1], [1], [1], [1], [1], [1], [1], [1], [1], [1], [1], [1], [1], [1], [1], [1], [1], [1], [1], [1], [1], [1], [1], [0, 1], [1, 2], [2], [2], [2], [2], [2], [2], [2], [2], [2], [2], [2], [2], [2], [2], [2], [2], [2], [2], [2], [2], [2], [2], [2], [2], [2], [2], [2], [2], [2], [2], [2], [2], [2], [2], [2], [2], [2], [2], [2], [2], [2], [2], [2], [2], [2], [2], [2], [2], [2], [2], [2], [2], [2], [2], [2], [2]]}","{'map': {'0': 18, '1': 16, '2': 8, '3': 6}, 'arch': {'width': 5, 'height': 5, 'alg_qubits': [6, 16, 8, 18], 'magic_states': [1, 3, 9, 19, 23, 21, 5, 15]}, 'gates': [[0, 1], [0, 1], [0, 3], [0, 3], [0, 2], [0, 2], [1, 2], [1, 2], [1, 3], [1, 3], [0, 1], [0, 1], [2, 3], [2, 3], [0, 3], [0, 3], [0, 2], [0, 2], [1, 2], [1, 2], [1, 3], [1, 3], [0, 1], [0, 1], [2, 3], [2, 3], [0, 3], [0, 3], [0, 2], [0, 2], [1, 2], [1, 2], [1, 3], [1, 3], [0, 1], [0, 1], [2, 3], [2, 3], [0, 3], [0, 3], [0, 2], [0, 2], [1, 2], [1, 2], [1, 3], [1, 3], [2, 3], [2, 3]]}","{'map': {'0': 18, '1': 8, '2': 16, '3': 6}, 'arch': {'width': 5, 'height': 5, 'alg_qubits': [6, 16, 8, 18], 'magic_states': [1, 3, 9, 19, 23, 21, 5, 15]}, 'gates': [[0, 1], [0, 1], [1, 2], [2, 3], [2, 3], [1, 2], [0, 1], [0, 1], [1, 2], [2, 3], [2, 3], [1, 2], [0, 1], [1, 2], [2, 3], [2, 3], [1, 2], [0, 1], [0, 1], [1, 2], [2, 3], [2, 3], [1, 2], [0, 1], [1, 2], [2, 3], [2, 3], [1, 2], [0, 1], [0, 1], [1, 2], [2, 3], [2, 3], [1, 2], [0, 1], [1, 2], [2, 3], [2, 3], [1, 2], [0, 1], [0, 1], [1, 2], [2, 3], [2, 3], [1, 2], [0, 1], [2, 3], [2, 3], [1, 2], [2, 3], [2, 3], [1, 2], [2, 3], [2, 3], [1, 2], [1, 2], [0, 1], [1, 2], [2, 3], [2, 3], [1, 2], [0, 1], [1, 2], [2, 3], [2, 3], [1, 2], [0, 1], [1, 2], [1, 2], [0, 1], [1, 2], [1, 2], [0, 1], [0, 1]]}","{'map': {'0': 30, '1': 12, '2': 34, '3': 32, '4': 14, '5': 16, '6': 28, '7': 10, '8': 18}, 'arch': {'width': 9, 'height': 5, 'alg_qubits': [10, 28, 12, 30, 14, 32, 16, 34], 'magic_states': [1, 3, 5, 7, 17, 35, 43, 41, 39, 37, 9, 27]}, 'gates': [[8], [3, 0], [8, 3], [0, 8], [3], [0, 3], [0], [3], [8], [8, 3], [0, 8], [3, 0], [2], [1], [3], [1, 2], [3, 1], [2, 3], [1], [2, 1], [2], [1], [3], [3, 1], [2, 3], [1, 2], [1], [6], [5], [6, 1], [5, 6], [1, 5], [6], [1, 6], [1], [6], [5], [5, 6], [1, 5], [6, 1], [1], [6], [4], [6, 1], [4, 6], [1, 4], [6], [1, 6], [1], [6], [4], [4, 6], [1, 4], [6, 1], [1], [6], [3], [6, 1], [3, 6], [1, 3], [6], [1, 6], [1], [6], [3], [3, 6], [1, 3], [6, 1], [1], [6], [2], [6, 1], [2, 6], [1, 2], [6], [1, 6], [1], [6], [2], [2, 6], [1, 2]]}","{'map': {'0': 28, '1': 10, '2': 32, '3': 16, '4': 30, '5': 14, '6': 12}, 'arch': {'width': 9, 'height': 5, 'alg_qubits': [10, 28, 12, 30, 14, 32, 16, 34], 'magic_states': [1, 3, 5, 7, 17, 35, 43, 41, 39, 37, 9, 27]}, 'gates': [[6, 2], [1, 6], [2], [1, 2], [1], [2], [6], [6, 2], [1, 6], [2, 1], [5], [6], [0], [6, 5], [0, 6], [5, 0], [6], [5, 6], [5], [6], [0], [0, 6], [5, 0], [6, 5], [1], [2], [6], [2, 1], [6, 2], [1, 6], [2], [1, 2], [1], [2], [6], [6, 2], [1, 6], [2, 1], [4], [6], [5], [6, 4], [5, 6], [4, 5], [6], [4, 6], [4], [6], [5], [5, 6], [4, 5], [6, 4], [3], [0], [6], [0, 3], [6, 0], [3, 6], [0], [3, 0], [3], [0], [6], [6, 0], [3, 6], [0, 3], [1], [2], [0], [2, 1], [0, 2], [1, 0], [2], [1, 2], [1], [2], [0], [0, 2], [1, 0], [2, 1], [3]]}"
jku_suite_99.qasm,"{'map': {'0': 12, '1': 18, '2': 36, '3': 20, '4': 42, '5': 40, '6': 14, '7': 16, '8': 34, '9': 38}, 'arch': {'width': 11, 'height': 5, 'alg_qubits': [12, 34, 14, 36, 16, 38, 18, 40, 20, 42], 'magic_states': [1, 3, 5, 7, 9, 21, 43, 53, 51, 49, 47, 45, 11, 33]}, 'gates': [[8], [7], [7, 8], [9, 7], [8, 9], [3], [1], [0], [1, 3], [0, 1], [3, 0], [1], [3, 1], [3], [1], [0], [0, 1], [3, 0], [1, 3], [4], [2], [1], [2, 4], [1, 2], [4, 1], [2], [4, 2], [4], [2], [1], [1, 2], [4, 1], [2, 4], [5], [8], [2], [8, 5], [2, 8], [5, 2], [8], [5, 8], [5], [8], [2], [2, 8], [5, 2], [8, 5], [7], [6], [8], [6, 7], [8, 6], [7, 8], [6], [7, 6], [7], [6], [8], [8, 6], [7, 8], [6, 7], [5], [8], [2], [8, 5], [2, 8], [5, 2], [8], [5, 8], [5], [8], [2], [2, 8], [5, 2], [8, 5], [4], [2], [1], [2, 4], [1, 2], [4, 1]]}","{'map': {'0': 12, '1': 20, '2': 42, '3': 18, '4': 16, '5': 40, '6': 14, '7': 34, '8': 36}, 'arch': {'width': 11, 'height': 5, 'alg_qubits': [12, 34, 14, 36, 16, 38, 18, 40, 20, 42], 'magic_states': [1, 3, 5, 7, 9, 21, 43, 53, 51, 49, 47, 45, 11, 33]}, 'gates': [[1], [0], [0, 1], [3, 0], [1, 3], [4], [2], [1], [2, 4], [1, 2], [4, 1], [2], [4, 2], [4], [2], [1], [1, 2], [4, 1], [2, 4], [5], [8], [2], [8, 5], [2, 8], [5, 2], [8], [5, 8], [5], [8], [2], [2, 8], [5, 2], [8, 5], [7], [6], [8], [6, 7], [8, 6], [7, 8], [6], [7, 6], [7], [6], [8], [8, 6], [7, 8], [6, 7], [5], [8], [2], [8, 5], [2, 8], [5, 2], [8], [5, 8], [5], [8], [2], [2, 8], [5, 2], [8, 5], [4], [2], [1], [2, 4], [1, 2], [4, 1], [2], [4, 2], [4], [2], [1], [1, 2], [4, 1], [2, 4], [0], [3], [8], [3, 0], [8, 3], [0, 8]]}","{'map': {'0': 12, '1': 20, '2': 42, '3': 18, '4': 16, '5': 40, '6': 14, '7': 34, '8': 36}, 'arch': {'width': 11, 'height': 5, 'alg_qubits': [12, 34, 14, 36, 16, 38, 18, 40, 20, 42], 'magic_states': [1, 3, 5, 7, 9, 21, 43, 53, 51, 49, 47, 45, 11, 33]}, 'gates': [[1], [0], [0, 1], [3, 0], [1, 3], [4], [2], [1], [2, 4], [1, 2], [4, 1], [2], [4, 2], [4], [2], [1], [1, 2], [4, 1], [2, 4], [5], [8], [2], [8, 5], [2, 8], [5, 2], [8], [5, 8], [5], [8], [2], [2, 8], [5, 2], [8, 5], [7], [6], [8], [6, 7], [8, 6], [7, 8], [6], [7, 6], [7], [6], [8], [8, 6], [7, 8], [6, 7], [5], [8], [2], [8, 5], [2, 8], [5, 2], [8], [5, 8], [5], [8], [2], [2, 8], [5, 2], [8, 5], [4], [2], [1], [2, 4], [1, 2], [4, 1], [2], [4, 2], [4], [2], [1], [1, 2], [4, 1], [2, 4], [0], [3], [8], [3, 0], [8, 3], [0, 8]]}","{'map': {'0': 18, '1': 36, '2': 42, '3': 20, '4': 16, '5': 34, '6': 38, '7': 12, '8': 14}, 'arch': {'width': 11, 'height': 5, 'alg_qubits': [12, 34, 14, 36, 16, 38, 18, 40, 20, 42], 'magic_states': [1, 3, 5, 7, 9, 21, 43, 53, 51, 49, 47, 45, 11, 33]}, 'gates': [[5], [8], [2], [2, 8], [5, 2], [8, 5], [4], [2], [1], [2, 4], [1, 2], [4, 1], [2], [4, 2], [4], [2], [1], [1, 2], [4, 1], [2, 4], [3], [1], [0], [1, 3], [0, 1], [3, 0], [1], [3, 1], [3], [1], [0], [0, 1], [3, 0], [1, 3], [4], [2], [1], [2, 4], [1, 2], [4, 1], [2], [4, 2], [4], [2], [1], [1, 2], [4, 1], [2, 4], [5], [8], [2], [8, 5], [2, 8], [5, 2], [8], [5, 8], [5], [8], [2], [2, 8], [5, 2], [8, 5], [7], [6], [8], [6, 7], [8, 6], [7, 8], [6], [7, 6], [7], [6], [8], [8, 6], [7, 8], [6, 7], [5], [8], [2], [8, 5], [2, 8]]}","{'map': {'0': 16, '1': 18, '2': 42, '3': 20, '4': 40, '5': 36, '6': 34, '7': 38, '8': 14}, 'arch': {'width': 11, 'height': 5, 'alg_qubits': [12, 34, 14, 36, 16, 38, 18, 40, 20, 42], 'magic_states': [1, 3, 5, 7, 9, 21, 43, 53, 51, 49, 47, 45, 11, 33]}, 'gates': [[2], [1], [3], [3, 1], [2, 3], [1, 2], [3], [1], [0], [1, 3], [0, 1], [3, 0], [1], [3, 1], [3], [1], [0], [0, 1], [3, 0], [1, 3], [4], [2], [1], [2, 4], [1, 2], [4, 1], [2], [4, 2], [4], [2], [1], [1, 2], [4, 1], [2, 4], [5], [8], [2], [8, 5], [2, 8], [5, 2], [8], [5, 8], [5], [8], [2], [2, 8], [5, 2], [8, 5], [7], [6], [8], [6, 7], [8, 6], [7, 8], [6], [7, 6], [7], [6], [8], [8, 6], [7, 8], [6, 7], [5], [8], [2], [8, 5], [2, 8], [5, 2], [8], [5, 8], [5], [8], [2], [2, 8], [5, 2], [8, 5], [4], [2], [1], [2, 4], [1, 2]]}"
quest_suite_22.qasm,"{'map': {'0': 24, '1': 20, '2': 46, '3': 50, '4': 14, '5': 16, '6': 40, '7': 22, '8': 48, '9': 18, '10': 44, '11': 26}, 'arch': {'width': 13, 'height': 5, 'alg_qubits': [14, 40, 16, 42, 18, 44, 20, 46, 22, 48, 24, 50], 'magic_states': [1, 3, 5, 7, 9, 11, 25, 51, 63, 61, 59, 57, 55, 53, 13, 39]}, 'gates': [[8, 10], [7], [11], [3], [11, 7], [3, 11], [7, 3], [11], [7, 11], [7], [11], [3], [3, 11], [7, 3], [11, 7], [10], [8], [11], [8, 10], [11, 8], [10, 11], [8], [10, 8], [10], [8], [11], [11, 8], [10, 11], [8, 10], [3], [11], [0], [11, 3], [0, 11], [3, 0], [11], [3, 11], [3], [11], [0], [0, 11], [3, 0], [11, 3], [1], [10], [11], [10, 1], [11, 10], [1, 11], [10], [1, 10], [1], [10], [11], [11, 10], [1, 11], [10, 1], [2], [9], [10], [9, 2], [10, 9], [2, 10], [9], [2, 9], [2], [9], [10], [10, 9], [2, 10], [9, 2], [6], [4], [9], [4, 6], [9, 4], [6, 9], [4], [6, 4], [6], [4]]}","{'map': {'0': 46, '1': 40, '2': 20, '3': 44, '4': 42, '5': 48, '6': 22, '7': 50, '8': 16, '9': 18, '10': 24, '11': 14, '14': 35}, 'arch': {'width': 13, 'height': 5, 'alg_qubits': [14, 40, 16, 42, 18, 44, 20, 46, 22, 48, 24, 50], 'magic_states': [1, 3, 5, 7, 9, 11, 25, 51, 63, 61, 59, 57, 55, 53, 13, 39]}, 'gates': [[7, 14], [1], [8], [7], [8, 1], [7, 8], [1, 7], [8], [1, 8], [1], [8], [7], [7, 8], [1, 7], [8, 1], [2], [9], [8], [9, 2], [8, 9], [2, 8], [9], [2, 9], [2], [9], [8], [8, 9], [2, 8], [9, 2], [3], [10], [9], [10, 3], [9, 10], [3, 9], [10], [3, 10], [3], [10], [9], [9, 10], [3, 9], [10, 3], [4], [11], [10], [11, 4], [10, 11], [4, 10], [11], [4, 11], [4], [11], [10], [10, 11], [4, 10], [11, 4], [6], [5], [11], [5, 6], [11, 5], [6, 11], [5], [6, 5], [6], [5], [11], [11, 5], [6, 11], [5, 6], [4], [11], [10], [11, 4], [10, 11], [4, 10], [11], [4, 11], [4], [11]]}","{'map': {'0': 24, '1': 14, '2': 50, '3': 18, '4': 46, '5': 48, '6': 22, '7': 40, '8': 42, '9': 44, '10': 16}, 'arch': {'width': 13, 'height': 5, 'alg_qubits': [14, 40, 16, 42, 18, 44, 20, 46, 22, 48, 24, 50], 'magic_states': [1, 3, 5, 7, 9, 11, 25, 51, 63, 61, 59, 57, 55, 53, 13, 39]}, 'gates': [[10], [9], [8], [9, 10], [8, 9], [10, 8], [9], [10, 9], [10], [9], [8], [8, 9], [10, 8], [9, 10], [5], [6], [0], [6, 5], [0, 6], [5, 0], [6], [5, 6], [5], [6], [0], [0, 6], [5, 0], [6, 5], [4], [7], [6], [7, 4], [6, 7], [4, 6], [7], [4, 7], [4], [7], [6], [6, 7], [4, 6], [7, 4], [3], [8], [7], [8, 3], [7, 8], [3, 7], [8], [3, 8], [3], [8], [7], [7, 8], [3, 7], [8, 3], [1], [2], [8], [2, 1], [8, 2], [1, 8], [2], [1, 2], [1], [2], [8], [8, 2], [1, 8], [2, 1], [3], [8], [7], [8, 3], [7, 8], [3, 7], [8], [3, 8], [3], [8], [7]]}","{'map': {'0': 24, '1': 14, '2': 50, '3': 18, '4': 46, '5': 48, '6': 22, '7': 40, '8': 42, '9': 44, '10': 16}, 'arch': {'width': 13, 'height': 5, 'alg_qubits': [14, 40, 16, 42, 18, 44, 20, 46, 22, 48, 24, 50], 'magic_states': [1, 3, 5, 7, 9, 11, 25, 51, 63, 61, 59, 57, 55, 53, 13, 39]}, 'gates': [[10], [9], [8], [9, 10], [8, 9], [10, 8], [9], [10, 9], [10], [9], [8], [8, 9], [10, 8], [9, 10], [5], [6], [0], [6, 5], [0, 6], [5, 0], [6], [5, 6], [5], [6], [0], [0, 6], [5, 0], [6, 5], [4], [7], [6], [7, 4], [6, 7], [4, 6], [7], [4, 7], [4], [7], [6], [6, 7], [4, 6], [7, 4], [3], [8], [7], [8, 3], [7, 8], [3, 7], [8], [3, 8], [3], [8], [7], [7, 8], [3, 7], [8, 3], [1], [2], [8], [2, 1], [8, 2], [1, 8], [2], [1, 2], [1], [2], [8], [8, 2], [1, 8], [2, 1], [3], [8], [7], [8, 3], [7, 8], [3, 7], [8], [3, 8], [3], [8], [7]]}","{'map': {'0': 24, '1': 14, '2': 50, '3': 18, '4': 46, '5': 48, '6': 22, '7': 40, '8': 42, '9': 44, '10': 16}, 'arch': {'width': 13, 'height': 5, 'alg_qubits': [14, 40, 16, 42, 18, 44, 20, 46, 22, 48, 24, 50], 'magic_states': [1, 3, 5, 7, 9, 11, 25, 51, 63, 61, 59, 57, 55, 53, 13, 39]}, 'gates': [[10], [9], [8], [9, 10], [8, 9], [10, 8], [9], [10, 9], [10], [9], [8], [8, 9], [10, 8], [9, 10], [5], [6], [0], [6, 5], [0, 6], [5, 0], [6], [5, 6], [5], [6], [0], [0, 6], [5, 0], [6, 5], [4], [7], [6], [7, 4], [6, 7], [4, 6], [7], [4, 7], [4], [7], [6], [6, 7], [4, 6], [7, 4], [3], [8], [7], [8, 3], [7, 8], [3, 7], [8], [3, 8], [3], [8], [7], [7, 8], [3, 7], [8, 3], [1], [2], [8], [2, 1], [8, 2], [1, 8], [2], [1, 2], [1], [2], [8], [8, 2], [1, 8], [2, 1], [3], [8], [7], [8, 3], [7, 8], [3, 7], [8], [3, 8], [3], [8], [7]]}"
jku_suite_32.qasm,"{'map': {'0': 36, '1': 40, '2': 18, '3': 12, '4': 16, '5': 42, '6': 20, '7': 14, '8': 34}, 'arch': {'width': 11, 'height': 5, 'alg_qubits': [12, 34, 14, 36, 16, 38, 18, 40, 20, 42], 'magic_states': [1, 3, 5, 7, 9, 21, 43, 53, 51, 49, 47, 45, 11, 33]}, 'gates': [[3, 6], [5], [2], [0], [2, 5], [0, 2], [5, 0], [2], [5, 2], [5], [2], [0], [0, 2], [5, 0], [2, 5], [4], [0], [1], [0, 4], [1, 0], [4, 1], [0], [4, 0], [4], [0], [1], [1, 0], [4, 1], [0, 4], [5], [2], [0], [2, 5], [0, 2], [5, 0], [2], [5, 2], [5], [2], [0], [0, 2], [5, 0], [2, 5], [6], [3], [2], [3, 6], [2, 3], [6, 2], [3], [6, 3], [6], [3], [2], [2, 3], [6, 2], [3, 6], [8], [7], [3], [7, 8], [3, 7], [8, 3], [7], [8, 7], [8], [7], [3], [3, 7], [8, 3], [7, 8], [6], [3], [2], [3, 6], [2, 3], [6, 2], [3], [6, 3], [6], [3]]}","{'map': {'0': 38, '1': 16, '2': 42, '3': 36, '4': 34, '5': 12, '6': 14, '7': 18, '8': 40}, 'arch': {'width': 11, 'height': 5, 'alg_qubits': [12, 34, 14, 36, 16, 38, 18, 40, 20, 42], 'magic_states': [1, 3, 5, 7, 9, 21, 43, 53, 51, 49, 47, 45, 11, 33]}, 'gates': [[6, 3], [6], [3], [2], [2, 3], [6, 2], [3, 6], [8], [7], [3], [7, 8], [3, 7], [8, 3], [7], [8, 7], [8], [7], [3], [3, 7], [8, 3], [7, 8], [6], [3], [2], [3, 6], [2, 3], [6, 2], [3], [6, 3], [6], [3], [2], [2, 3], [6, 2], [3, 6], [5], [2], [0], [2, 5], [0, 2], [5, 0], [2], [5, 2], [5], [2], [0], [0, 2], [5, 0], [2, 5], [1], [4], [0], [4, 1], [0, 4], [1, 0], [4], [1, 4], [1], [4], [0], [0, 4], [1, 0], [4, 1], [3], [2], [4], [2, 3], [4, 2], [3, 4], [2], [3, 2], [3], [2], [4], [4, 2], [3, 4], [2, 3], [1], [4], [0], [4, 1]]}","{'map': {'0': 12, '1': 42, '2': 34, '3': 20, '4': 14, '5': 38, '6': 16, '7': 40, '8': 18}, 'arch': {'width': 11, 'height': 5, 'alg_qubits': [12, 34, 14, 36, 16, 38, 18, 40, 20, 42], 'magic_states': [1, 3, 5, 7, 9, 21, 43, 53, 51, 49, 47, 45, 11, 33]}, 'gates': [[6, 3], [6], [3], [2], [2, 3], [6, 2], [3, 6], [8], [7], [3], [7, 8], [3, 7], [8, 3], [7], [8, 7], [8], [7], [3], [3, 7], [8, 3], [7, 8], [6], [3], [2], [3, 6], [2, 3], [6, 2], [3], [6, 3], [6], [3], [2], [2, 3], [6, 2], [3, 6], [5], [2], [0], [2, 5], [0, 2], [5, 0], [2], [5, 2], [5], [2], [0], [0, 2], [5, 0], [2, 5], [1], [4], [0], [4, 1], [0, 4], [1, 0], [4], [1, 4], [1], [4], [0], [0, 4], [1, 0], [4, 1], [3], [2], [4], [2, 3], [4, 2], [3, 4], [2], [3, 2], [3], [2], [4], [4, 2], [3, 4], [2, 3], [1], [4], [0], [4, 1]]}","{'map': {'0': 12, '1': 18, '2': 14, '3': 16, '4': 20, '5': 40, '6': 38, '7': 42, '8': 36, '9': 34}, 'arch': {'width': 11, 'height': 5, 'alg_qubits': [12, 34, 14, 36, 16, 38, 18, 40, 20, 42], 'magic_states': [1, 3, 5, 7, 9, 21, 43, 53, 51, 49, 47, 45, 11, 33]}, 'gates': [[1], [6], [4], [4, 6], [1, 4], [6, 1], [1], [6], [5], [6, 1], [5, 6], [1, 5], [6], [1, 6], [1], [6], [5], [5, 6], [1, 5], [6, 1], [9], [8], [7], [8, 9], [7, 8], [9, 7], [8], [9, 8], [9], [8], [7], [7, 8], [9, 7], [8, 9], [3], [1], [0], [1, 3], [0, 1], [3, 0], [1], [3, 1], [3], [1], [0], [0, 1], [3, 0], [1, 3], [4], [2], [1], [2, 4], [1, 2], [4, 1], [2], [4, 2], [4], [2], [1], [1, 2], [4, 1], [2, 4], [5], [8], [2], [8, 5], [2, 8], [5, 2], [8], [5, 8], [5], [8], [2], [2, 8], [5, 2], [8, 5], [7], [6], [8], [6, 7], [8, 6]]}","{'map': {'0': 40, '1': 12, '2': 42, '3': 38, '4': 16, '5': 18, '6': 14, '7': 20, '8': 34}, 'arch': {'width': 11, 'height': 5, 'alg_qubits': [12, 34, 14, 36, 16, 38, 18, 40, 20, 42], 'magic_states': [1, 3, 5, 7, 9, 21, 43, 53, 51, 49, 47, 45, 11, 33]}, 'gates': [[6, 3], [6], [3], [2], [2, 3], [6, 2], [3, 6], [8], [7], [3], [7, 8], [3, 7], [8, 3], [7], [8, 7], [8], [7], [3], [3, 7], [8, 3], [7, 8], [6], [3], [2], [3, 6], [2, 3], [6, 2], [3], [6, 3], [6], [3], [2], [2, 3], [6, 2], [3, 6], [5], [2], [0], [2, 5], [0, 2], [5, 0], [2], [5, 2], [5], [2], [0], [0, 2], [5, 0], [2, 5], [4], [0], [1], [0, 4], [1, 0], [4, 1], [0], [4, 0], [4], [0], [1], [1, 0], [4, 1], [0, 4], [5], [2], [0], [2, 5], [0, 2], [5, 0], [2], [5, 2], [5], [2], [0], [0, 2], [5, 0], [2, 5], [6], [3], [2], [3, 6]]}"
jku_suite_17.qasm,"{'map': {'0': 18, '1': 16, '2': 8, '3': 6}, 'arch': {'width': 5, 'height': 5, 'alg_qubits': [6, 16, 8, 18], 'magic_states': [1, 3, 9, 19, 23, 21, 5, 15]}, 'gates': [[0, 1], [0, 1], [0, 3], [0, 3], [0, 2], [0, 2], [1, 2], [1, 2], [1, 3], [1, 3], [0, 1], [0, 1], [2, 3], [2, 3], [0, 3], [0, 3], [0, 2], [0, 2], [1, 2], [1, 2], [1, 3], [1, 3], [0, 1], [0, 1], [2, 3], [2, 3], [0, 3], [0, 3], [0, 2], [0, 2], [1, 2], [1, 2], [1, 3], [1, 3], [0, 1], [0, 1], [2, 3], [2, 3], [0, 3], [0, 3], [0, 2], [0, 2], [1, 2], [1, 2], [1, 3], [1, 3], [2, 3], [2, 3]]}","{'map': {'0': 18, '1': 8, '2': 16, '3': 6}, 'arch': {'width': 5, 'height': 5, 'alg_qubits': [6, 16, 8, 18], 'magic_states': [1, 3, 9, 19, 23, 21, 5, 15]}, 'gates': [[0, 1], [0, 1], [1, 2], [2, 3], [2, 3], [1, 2], [0, 1], [0, 1], [1, 2], [2, 3], [2, 3], [1, 2], [0, 1], [1, 2], [2, 3], [2, 3], [1, 2], [0, 1], [0, 1], [1, 2], [2, 3], [2, 3], [1, 2], [0, 1], [1, 2], [2, 3], [2, 3], [1, 2], [0, 1], [0, 1], [1, 2], [2, 3], [2, 3], [1, 2], [0, 1], [1, 2], [2, 3], [2, 3], [1, 2], [0, 1], [0, 1], [1, 2], [2, 3], [2, 3], [1, 2], [0, 1], [2, 3], [2, 3], [1, 2], [2, 3], [2, 3], [1, 2], [2, 3], [2, 3], [1, 2], [1, 2], [0, 1], [1, 2], [2, 3], [2, 3], [1, 2], [0, 1], [1, 2], [2, 3], [2, 3], [1, 2], [0, 1], [1, 2], [1, 2], [0, 1], [1, 2], [1, 2], [0, 1], [0, 1]]}","{'map': {'0': 16, '1': 18, '2': 8}, 'arch': {'width': 5, 'height': 5, 'alg_qubits': [6, 16, 8, 18], 'magic_states': [1, 3, 9, 19, 23, 21, 5, 15]}, 'gates': [[1], [1], [1], [1], [1], [1], [1], [1], [1], [1], [1], [1], [1], [1], [1], [1], [1], [1], [1], [1], [1], [1], [1], [0, 1], [1, 2], [2], [2], [2], [2], [2], [2], [2], [2], [2], [2], [2], [2], [2], [2], [2], [2], [2], [2], [2], [2], [2], [2], [2], [2], [2], [2], [2], [2], [2], [2], [2], [2], [2], [2], [2], [2], [2], [2], [2], [2], [2], [2], [2], [2], [2], [2], [2], [2], [2], [2], [2], [2], [2], [2], [2], [2]]}","{'map': {'0': 16, '1': 10, '2': 14, '3': 32, '4': 30, '5': 34, '6': 12}, 'arch': {'width': 9, 'height': 5, 'alg_qubits': [10, 28, 12, 30, 14, 32, 16, 34], 'magic_states': [1, 3, 5, 7, 17, 35, 43, 41, 39, 37, 9, 27]}, 'gates': [[0], [5], [3], [3, 5], [0, 3], [5, 0], [3], [5], [0], [5, 3], [0, 5], [3, 0], [5], [3, 5], [3], [5], [0], [0, 5], [3, 0], [5, 3], [0], [6], [4], [6, 0], [4, 6], [0, 4], [6], [0, 6], [0], [6], [4], [4, 6], [0, 4], [6, 0], [0], [6], [3], [6, 0], [3, 6], [0, 3], [6], [0, 6], [0], [6], [3], [3, 6], [0, 3], [6, 0], [0], [6], [2], [6, 0], [2, 6], [0, 2], [6], [0, 6], [0], [6], [2], [2, 6], [0, 2], [6, 0], [0], [6], [1], [6, 0], [1, 6], [0, 1], [6], [0, 6], [0], [6], [1], [1, 6], [0, 1], [6, 0], [1], [2], [6], [2, 1], [6, 2]]}","{'map': {'0': 14, '1': 32, '2': 30, '3': 34, '4': 12, '5': 16, '6': 28}, 'arch': {'width': 9, 'height': 5, 'alg_qubits': [10, 28, 12, 30, 14, 32, 16, 34], 'magic_states': [1, 3, 5, 7, 17, 35, 43, 41, 39, 37, 9, 27]}, 'gates': [[5, 0], [1, 5], [0, 1], [5], [0, 5], [0], [5], [1], [1, 5], [0, 1], [5, 0], [2], [6], [5], [6, 2], [5, 6], [2, 5], [6], [2, 6], [2], [6], [5], [5, 6], [2, 5], [6, 2], [4], [3], [6], [3, 4], [6, 3], [4, 6], [3], [4, 3], [4], [3], [6], [6, 3], [4, 6], [3, 4], [2], [6], [5], [6, 2], [5, 6], [2, 5], [6], [2, 6], [2], [6], [5], [5, 6], [2, 5], [6, 2], [5], [1], [0], [1, 5], [0, 1], [5, 0], [1], [5, 1], [5], [1], [0], [0, 1], [5, 0], [1, 5], [6], [2], [1], [2, 6], [1, 2], [6, 1], [2], [6, 2], [6], [2], [1], [1, 2], [6, 1], [2, 6]]}"
jku_suite_19.qasm,"{'map': {'0': 24, '1': 22, '2': 50, '3': 42, '4': 14, '5': 46, '6': 40, '7': 44, '8': 48, '9': 16, '10': 20}, 'arch': {'width': 13, 'height': 5, 'alg_qubits': [14, 40, 16, 42, 18, 44, 20, 46, 22, 48, 24, 50], 'magic_states': [1, 3, 5, 7, 9, 11, 25, 51, 63, 61, 59, 57, 55, 53, 13, 39]}, 'gates': [[10], [5], [4], [4, 5], [10, 4], [5, 10], [9], [4], [3], [4, 9], [3, 4], [9, 3], [4], [9, 4], [9], [4], [3], [3, 4], [9, 3], [4, 9], [8], [3], [2], [3, 8], [2, 3], [8, 2], [3], [8, 3], [8], [3], [2], [2, 3], [8, 2], [3, 8], [7], [2], [1], [2, 7], [1, 2], [7, 1], [2], [7, 2], [7], [2], [1], [1, 2], [7, 1], [2, 7], [6], [1], [0], [1, 6], [0, 1], [6, 0], [1], [6, 1], [6], [1], [0], [0, 1], [6, 0], [1, 6], [7], [2], [1], [2, 7], [1, 2], [7, 1], [2], [7, 2], [7], [2], [1], [1, 2], [7, 1], [2, 7], [8], [3], [2], [3, 8], [2, 3]]}","{'map': {'0': 24, '1': 22, '2': 50, '3': 42, '4': 14, '5': 46, '6': 40, '7': 44, '8': 48, '9': 16, '10': 20}, 'arch': {'width': 13, 'height': 5, 'alg_qubits': [14, 40, 16, 42, 18, 44, 20, 46, 22, 48, 24, 50], 'magic_states': [1, 3, 5, 7, 9, 11, 25, 51, 63, 61, 59, 57, 55, 53, 13, 39]}, 'gates': [[10], [5], [4], [4, 5], [10, 4], [5, 10], [9], [4], [3], [4, 9], [3, 4], [9, 3], [4], [9, 4], [9], [4], [3], [3, 4], [9, 3], [4, 9], [8], [3], [2], [3, 8], [2, 3], [8, 2], [3], [8, 3], [8], [3], [2], [2, 3], [8, 2], [3, 8], [7], [2], [1], [2, 7], [1, 2], [7, 1], [2], [7, 2], [7], [2], [1], [1, 2], [7, 1], [2, 7], [6], [1], [0], [1, 6], [0, 1], [6, 0], [1], [6, 1], [6], [1], [0], [0, 1], [6, 0], [1, 6], [7], [2], [1], [2, 7], [1, 2], [7, 1], [2], [7, 2], [7], [2], [1], [1, 2], [7, 1], [2, 7], [8], [3], [2], [3, 8], [2, 3]]}","{'map': {'0': 14, '1': 48, '2': 46, '3': 16, '4': 20, '5': 50, '6': 18, '7': 40, '8': 44, '9': 24, '10': 42}, 'arch': {'width': 13, 'height': 5, 'alg_qubits': [14, 40, 16, 42, 18, 44, 20, 46, 22, 48, 24, 50], 'magic_states': [1, 3, 5, 7, 9, 11, 25, 51, 63, 61, 59, 57, 55, 53, 13, 39]}, 'gates': [[3, 8], [7], [2], [1], [2, 7], [1, 2], [7, 1], [2], [7, 2], [7], [2], [1], [1, 2], [7, 1], [2, 7], [6], [1], [0], [1, 6], [0, 1], [6, 0], [1], [6, 1], [6], [1], [0], [0, 1], [6, 0], [1, 6], [7], [2], [1], [2, 7], [1, 2], [7, 1], [2], [7, 2], [7], [2], [1], [1, 2], [7, 1], [2, 7], [8], [3], [2], [3, 8], [2, 3], [8, 2], [3], [8, 3], [8], [3], [2], [2, 3], [8, 2], [3, 8], [9], [4], [3], [4, 9], [3, 4], [9, 3], [4], [9, 4], [9], [4], [3], [3, 4], [9, 3], [4, 9], [10], [5], [4], [5, 10], [4, 5], [10, 4], [5], [10, 5], [10], [5]]}","{'map': {'0': 14, '1': 48, '2': 46, '3': 16, '4': 20, '5': 50, '6': 18, '7': 40, '8': 44, '9': 24, '10': 42}, 'arch': {'width': 13, 'height': 5, 'alg_qubits': [14, 40, 16, 42, 18, 44, 20, 46, 22, 48, 24, 50], 'magic_states': [1, 3, 5, 7, 9, 11, 25, 51, 63, 61, 59, 57, 55, 53, 13, 39]}, 'gates': [[3, 8], [7], [2], [1], [2, 7], [1, 2], [7, 1], [2], [7, 2], [7], [2], [1], [1, 2], [7, 1], [2, 7], [6], [1], [0], [1, 6], [0, 1], [6, 0], [1], [6, 1], [6], [1], [0], [0, 1], [6, 0], [1, 6], [7], [2], [1], [2, 7], [1, 2], [7, 1], [2], [7, 2], [7], [2], [1], [1, 2], [7, 1], [2, 7], [8], [3], [2], [3, 8], [2, 3], [8, 2], [3], [8, 3], [8], [3], [2], [2, 3], [8, 2], [3, 8], [9], [4], [3], [4, 9], [3, 4], [9, 3], [4], [9, 4], [9], [4], [3], [3, 4], [9, 3], [4, 9], [10], [5], [4], [5, 10], [4, 5], [10, 4], [5], [10, 5], [10], [5]]}","{'map': {'0': 44, '1': 50, '2': 40, '3': 18, '4': 14, '5': 24, '6': 46, '7': 48, '8': 42, '9': 16, '10': 22}, 'arch': {'width': 13, 'height': 5, 'alg_qubits': [14, 40, 16, 42, 18, 44, 20, 46, 22, 48, 24, 50], 'magic_states': [1, 3, 5, 7, 9, 11, 25, 51, 63, 61, 59, 57, 55, 53, 13, 39]}, 'gates': [[10, 6], [5, 10], [6, 5], [4], [7], [6], [7, 4], [6, 7], [4, 6], [7], [4, 7], [4], [7], [6], [6, 7], [4, 6], [7, 4], [3], [8], [7], [8, 3], [7, 8], [3, 7], [8], [3, 8], [3], [8], [7], [7, 8], [3, 7], [8, 3], [2], [9], [8], [9, 2], [8, 9], [2, 8], [9], [2, 9], [2], [9], [8], [8, 9], [2, 8], [9, 2], [0], [1], [9], [1, 0], [9, 1], [0, 9], [1], [0, 1], [0], [1], [9], [9, 1], [0, 9], [1, 0], [2], [9], [8], [9, 2], [8, 9], [2, 8], [9], [2, 9], [2], [9], [8], [8, 9], [2, 8], [9, 2], [3], [8], [7], [8, 3], [7, 8], [3, 7], [8], [3, 8]]}"
quest_suite_3.qasm,"{'map': {'0': 18, '1': 16, '2': 8, '3': 6}, 'arch': {'width': 5, 'height': 5, 'alg_qubits': [6, 16, 8, 18], 'magic_states': [1, 3, 9, 19, 23, 21, 5, 15]}, 'gates': [[0, 1], [0, 1], [0, 3], [0, 3], [0, 2], [0, 2], [1, 2], [1, 2], [1, 3], [1, 3], [0, 1], [0, 1], [2, 3], [2, 3], [0, 3], [0, 3], [0, 2], [0, 2], [1, 2], [1, 2], [1, 3], [1, 3], [0, 1], [0, 1], [2, 3], [2, 3], [0, 3], [0, 3], [0, 2], [0, 2], [1, 2], [1, 2], [1, 3], [1, 3], [0, 1], [0, 1], [2, 3], [2, 3], [0, 3], [0, 3], [0, 2], [0, 2], [1, 2], [1, 2], [1, 3], [1, 3], [2, 3], [2, 3]]}","{'map': {'0': 18, '1': 8, '2': 16, '3': 6}, 'arch': {'width': 5, 'height': 5, 'alg_qubits': [6, 16, 8, 18], 'magic_states': [1, 3, 9, 19, 23, 21, 5, 15]}, 'gates': [[0, 1], [0, 1], [1, 2], [2, 3], [2, 3], [1, 2], [0, 1], [0, 1], [1, 2], [2, 3], [2, 3], [1, 2], [0, 1], [1, 2], [2, 3], [2, 3], [1, 2], [0, 1], [0, 1], [1, 2], [2, 3], [2, 3], [1, 2], [0, 1], [1, 2], [2, 3], [2, 3], [1, 2], [0, 1], [0, 1], [1, 2], [2, 3], [2, 3], [1, 2], [0, 1], [1, 2], [2, 3], [2, 3], [1, 2], [0, 1], [0, 1], [1, 2], [2, 3], [2, 3], [1, 2], [0, 1], [2, 3], [2, 3], [1, 2], [2, 3], [2, 3], [1, 2], [2, 3], [2, 3], [1, 2], [1, 2], [0, 1], [1, 2], [2, 3], [2, 3], [1, 2], [0, 1], [1, 2], [2, 3], [2, 3], [1, 2], [0, 1], [1, 2], [1, 2], [0, 1], [1, 2], [1, 2], [0, 1], [0, 1]]}","{'map': {'0': 16, '1': 18, '2': 8}, 'arch': {'width': 5, 'height': 5, 'alg_qubits': [6, 16, 8, 18], 'magic_states': [1, 3, 9, 19, 23, 21, 5, 15]}, 'gates': [[1], [1], [1], [1], [1], [1], [1], [1], [1], [1], [1], [1], [1], [1], [1], [1], [1], [1], [1], [1], [1], [1], [1], [0, 1], [1, 2], [2], [2], [2], [2], [2], [2], [2], [2], [2], [2], [2], [2], [2], [2], [2], [2], [2], [2], [2], [2], [2], [2], [2], [2], [2], [2], [2], [2], [2], [2], [2], [2], [2], [2], [2], [2], [2], [2], [2], [2], [2], [2], [2], [2], [2], [2], [2], [2], [2], [2], [2], [2], [2], [2], [2], [2]]}","{'map': {'0': 16, '1': 10, '2': 14, '3': 32, '4': 30, '5': 34, '6': 12}, 'arch': {'width': 9, 'height': 5, 'alg_qubits': [10, 28, 12, 30, 14, 32, 16, 34], 'magic_states': [1, 3, 5, 7, 17, 35, 43, 41, 39, 37, 9, 27]}, 'gates': [[0], [5], [3], [3, 5], [0, 3], [5, 0], [3], [5], [0], [5, 3], [0, 5], [3, 0], [5], [3, 5], [3], [5], [0], [0, 5], [3, 0], [5, 3], [0], [6], [4], [6, 0], [4, 6], [0, 4], [6], [0, 6], [0], [6], [4], [4, 6], [0, 4], [6, 0], [0], [6], [3], [6, 0], [3, 6], [0, 3], [6], [0, 6], [0], [6], [3], [3, 6], [0, 3], [6, 0], [0], [6], [2], [6, 0], [2, 6], [0, 2], [6], [0, 6], [0], [6], [2], [2, 6], [0, 2], [6, 0], [0], [6], [1], [6, 0], [1, 6], [0, 1], [6], [0, 6], [0], [6], [1], [1, 6], [0, 1], [6, 0], [1], [2], [6], [2, 1], [6, 2]]}","{'map': {'0': 30, '1': 12, '2': 34, '3': 32, '4': 14, '5': 16, '6': 28, '7': 10, '8': 18}, 'arch': {'width': 9, 'height': 5, 'alg_qubits': [10, 28, 12, 30, 14, 32, 16, 34], 'magic_states': [1, 3, 5, 7, 17, 35, 43, 41, 39, 37, 9, 27]}, 'gates': [[8], [3, 0], [8, 3], [0, 8], [3], [0, 3], [0], [3], [8], [8, 3], [0, 8], [3, 0], [2], [1], [3], [1, 2], [3, 1], [2, 3], [1], [2, 1], [2], [1], [3], [3, 1], [2, 3], [1, 2], [1], [6], [5], [6, 1], [5, 6], [1, 5], [6], [1, 6], [1], [6], [5], [5, 6], [1, 5], [6, 1], [1], [6], [4], [6, 1], [4, 6], [1, 4], [6], [1, 6], [1], [6], [4], [4, 6], [1, 4], [6, 1], [1], [6], [3], [6, 1], [3, 6], [1, 3], [6], [1, 6], [1], [6], [3], [3, 6], [1, 3], [6, 1], [1], [6], [2], [6, 1], [2, 6], [1, 2], [6], [1, 6], [1], [6], [2], [2, 6], [1, 2]]}"
jku_suite_60.qasm,"{'map': {'0': 18, '1': 48, '2': 14, '3': 42, '4': 24, '5': 40, '6': 16, '7': 20, '8': 22, '9': 50, '10': 46}, 'arch': {'width': 13, 'height': 5, 'alg_qubits': [14, 40, 16, 42, 18, 44, 20, 46, 22, 48, 24, 50], 'magic_states': [1, 3, 5, 7, 9, 11, 25, 51, 63, 61, 59, 57, 55, 53, 13, 39]}, 'gates': [[8], [8, 9], [3, 8], [9, 3], [4], [10], [9], [10, 4], [9, 10], [4, 9], [10], [4, 10], [4], [10], [9], [9, 10], [4, 9], [10, 4], [6], [5], [10], [5, 6], [10, 5], [6, 10], [5], [6, 5], [6], [5], [10], [10, 5], [6, 10], [5, 6], [4], [10], [9], [10, 4], [9, 10], [4, 9], [10], [4, 10], [4], [10], [9], [9, 10], [4, 9], [10, 4], [3], [9], [8], [9, 3], [8, 9], [3, 8], [9], [3, 9], [3], [9], [8], [8, 9], [3, 8], [9, 3], [2], [8], [7], [8, 2], [7, 8], [2, 7], [8], [2, 8], [2], [8], [7], [7, 8], [2, 7], [8, 2], [1], [7], [0], [7, 1], [0, 7], [1, 0], [7]]}","{'map': {'0': 42, '1': 16, '2': 50, '3': 18, '4': 44, '5': 22, '6': 40, '7': 24, '8': 20, '9': 46, '10': 48}, 'arch': {'width': 13, 'height': 5, 'alg_qubits': [14, 40, 16, 42, 18, 44, 20, 46, 22, 48, 24, 50], 'magic_states': [1, 3, 5, 7, 9, 11, 25, 51, 63, 61, 59, 57, 55, 53, 13, 39]}, 'gates': [[3], [7, 8], [3, 7], [8, 3], [7], [8, 7], [8], [7], [3], [3, 7], [8, 3], [7, 8], [5], [3], [6], [3, 5], [6, 3], [5, 6], [3], [5, 3], [5], [3], [6], [6, 3], [5, 6], [3, 5], [4], [6], [9], [6, 4], [9, 6], [4, 9], [6], [4, 6], [4], [6], [9], [9, 6], [4, 9], [6, 4], [2], [9], [10], [9, 2], [10, 9], [2, 10], [9], [2, 9], [2], [9], [10], [10, 9], [2, 10], [9, 2], [1], [10], [0], [10, 1], [0, 10], [1, 0], [10], [1, 10], [1], [10], [0], [0, 10], [1, 0], [10, 1], [2], [9], [10], [9, 2], [10, 9], [2, 10], [9], [2, 9], [2], [9], [10], [10, 9], [2, 10]]}","{'map': {'0': 24, '1': 22, '2': 50, '3': 14, '4': 42, '5': 44, '6': 48, '7': 16, '8': 18, '9': 20, '10': 40, '11': 36}, 'arch': {'width': 13, 'height': 5, 'alg_qubits': [14, 40, 16, 42, 18, 44, 20, 46, 22, 48, 24, 50], 'magic_states': [1, 3, 5, 7, 9, 11, 25, 51, 63, 61, 59, 57, 55, 53, 13, 39]}, 'gates': [[2, 11], [8], [3], [4], [3, 8], [4, 3], [8, 4], [3], [8, 3], [8], [3], [4], [4, 3], [8, 4], [3, 8], [7], [4], [9], [4, 7], [9, 4], [7, 9], [4], [7, 4], [7], [4], [9], [9, 4], [7, 9], [4, 7], [6], [9], [10], [9, 6], [10, 9], [6, 10], [9], [6, 9], [6], [9], [10], [10, 9], [6, 10], [9, 6], [5], [10], [0], [10, 5], [0, 10], [5, 0], [10], [5, 10], [5], [10], [0], [0, 10], [5, 0], [10, 5], [6], [9], [10], [9, 6], [10, 9], [6, 10], [9], [6, 9], [6], [9], [10], [10, 9], [6, 10], [9, 6], [7], [4], [9], [4, 7], [9, 4], [7, 9], [4], [7, 4], [7], [4]]}","{'map': {'0': 48, '1': 20, '2': 42, '3': 44, '4': 14, '5': 50, '6': 16, '7': 22, '8': 46, '9': 18, '10': 24}, 'arch': {'width': 13, 'height': 5, 'alg_qubits': [14, 40, 16, 42, 18, 44, 20, 46, 22, 48, 24, 50], 'magic_states': [1, 3, 5, 7, 9, 11, 25, 51, 63, 61, 59, 57, 55, 53, 13, 39]}, 'gates': [[9], [9, 8], [1, 9], [8, 1], [10], [9], [0], [9, 10], [0, 9], [10, 0], [9], [10, 9], [10], [9], [0], [0, 9], [10, 0], [9, 10], [1], [8], [9], [8, 1], [9, 8], [1, 9], [8], [1, 8], [1], [8], [9], [9, 8], [1, 9], [8, 1], [2], [7], [8], [7, 2], [8, 7], [2, 8], [7], [2, 7], [2], [7], [8], [8, 7], [2, 8], [7, 2], [3], [6], [7], [6, 3], [7, 6], [3, 7], [6], [3, 6], [3], [6], [7], [7, 6], [3, 7], [6, 3], [5], [4], [6], [4, 5], [6, 4], [5, 6], [4], [5, 4], [5], [4], [6], [6, 4], [5, 6], [4, 5], [3], [6], [7], [6, 3], [7, 6], [3, 7], [6]]}","{'map': {'0': 48, '1': 20, '2': 42, '3': 44, '4': 14, '5': 50, '6': 16, '7': 22, '8': 46, '9': 18, '10': 24}, 'arch': {'width': 13, 'height': 5, 'alg_qubits': [14, 40, 16, 42, 18, 44, 20, 46, 22, 48, 24, 50], 'magic_states': [1, 3, 5, 7, 9, 11, 25, 51, 63, 61, 59, 57, 55, 53, 13, 39]}, 'gates': [[9], [9, 8], [1, 9], [8, 1], [10], [9], [0], [9, 10], [0, 9], [10, 0], [9], [10, 9], [10], [9], [0], [0, 9], [10, 0], [9, 10], [1], [8], [9], [8, 1], [9, 8], [1, 9], [8], [1, 8], [1], [8], [9], [9, 8], [1, 9], [8, 1], [2], [7], [8], [7, 2], [8, 7], [2, 8], [7], [2, 7], [2], [7], [8], [8, 7], [2, 8], [7, 2], [3], [6], [7], [6, 3], [7, 6], [3, 7], [6], [3, 6], [3], [6], [7], [7, 6], [3, 7], [6, 3], [5], [4], [6], [4, 5], [6, 4], [5, 6], [4], [5, 4], [5], [4], [6], [6, 4], [5, 6], [4, 5], [3], [6], [7], [6, 3], [7, 6], [3, 7], [6]]}"
autobraid_48.qasm,"{'map': {'0': 32, '1': 34, '2': 30, '3': 14, '4': 10, '5': 28, '6': 16}, 'arch': {'width': 9, 'height': 5, 'alg_qubits': [10, 28, 12, 30, 14, 32, 16, 34], 'magic_states': [1, 3, 5, 7, 17, 35, 43, 41, 39, 37, 9, 27]}, 'gates': [[1], [5], [0], [5, 1], [0, 5], [1, 0], [5], [1, 5], [1], [5], [0], [0, 5], [1, 0], [5, 1], [1], [5], [2], [5, 1], [2, 5], [1, 2], [5], [1, 5], [1], [5], [2], [2, 5], [1, 2], [5, 1], [1], [5], [4], [5, 1], [4, 5], [1, 4], [5], [1, 5], [1], [5], [4], [4, 5], [1, 4], [5, 1], [1], [6], [2], [6, 1], [2, 6], [1, 2], [6], [1, 6], [1], [6], [2], [2, 6], [1, 2], [6, 1], [1], [6], [3], [6, 1], [3, 6], [1, 3], [6], [1, 6], [1], [6], [3], [3, 6], [1, 3], [6, 1], [1], [6], [4], [6, 1], [4, 6], [1, 4], [6], [1, 6], [1], [6], [4]]}","{'map': {'0': 18, '1': 50, '2': 22, '3': 46, '4': 16, '5': 20, '6': 40, '7': 44, '8': 14, '9': 42, '10': 24, '12': 26}, 'arch': {'width': 13, 'height': 5, 'alg_qubits': [14, 40, 16, 42, 18, 44, 20, 46, 22, 48, 24, 50], 'magic_states': [1, 3, 5, 7, 9, 11, 25, 51, 63, 61, 59, 57, 55, 53, 13, 39]}, 'gates': [[9], [10], [12], [12, 10], [9, 12], [10, 9], [7], [8], [10], [8, 7], [10, 8], [7, 10], [8], [7, 8], [7], [8], [10], [10, 8], [7, 10], [8, 7], [5], [6], [8], [6, 5], [8, 6], [5, 8], [6], [5, 6], [5], [6], [8], [8, 6], [5, 8], [6, 5], [4], [0], [6], [0, 4], [6, 0], [4, 6], [0], [4, 0], [4], [0], [6], [6, 0], [4, 6], [0, 4], [2], [3], [0], [3, 2], [0, 3], [2, 0], [3], [2, 3], [2], [3], [0], [0, 3], [2, 0], [3, 2], [4], [0], [6], [0, 4], [6, 0], [4, 6], [0], [4, 0], [4], [0], [6], [6, 0], [4, 6], [0, 4], [5], [6], [8], [6, 5], [8, 6]]}","{'map': {'0': 56, '1': 54, '2': 20, '3': 30, '4': 62, '5': 52, '6': 28, '7': 18, '8': 22, '9': 24, '10': 64, '11': 66, '12': 32, '13': 26, '14': 60}, 'arch': {'width': 17, 'height': 5, 'alg_qubits': [18, 52, 20, 54, 22, 56, 24, 58, 26, 60, 28, 62, 30, 64, 32, 66], 'magic_states': [1, 3, 5, 7, 9, 11, 13, 15, 33, 67, 83, 81, 79, 77, 75, 73, 71, 69, 17, 51]}, 'gates': [[8], [7], [9], [9, 7], [8, 9], [7, 8], [6], [9], [10], [9, 6], [10, 9], [6, 10], [9], [6, 9], [6], [9], [10], [10, 9], [6, 10], [9, 6], [5], [10], [11], [10, 5], [11, 10], [5, 11], [10], [5, 10], [5], [10], [11], [11, 10], [5, 11], [10, 5], [4], [11], [12], [11, 4], [12, 11], [4, 12], [11], [4, 11], [4], [11], [12], [12, 11], [4, 12], [11, 4], [2], [12], [13], [12, 2], [13, 12], [2, 13], [12], [2, 12], [2], [12], [13], [13, 12], [2, 13], [12, 2], [1], [13], [14], [13, 1], [14, 13], [1, 14], [13], [1, 13], [1], [13], [14], [14, 13], [1, 14], [13, 1], [3], [14], [0], [14, 3], [0, 14]]}","{'map': {'0': 28, '1': 12, '2': 10, '3': 14, '4': 34, '5': 32, '6': 30, '7': 16}, 'arch': {'width': 9, 'height': 5, 'alg_qubits': [10, 28, 12, 30, 14, 32, 16, 34], 'magic_states': [1, 3, 5, 7, 17, 35, 43, 41, 39, 37, 9, 27]}, 'gates': [[3, 5], [2], [3, 2], [3], [2], [5], [5, 2], [3, 5], [2, 3], [1], [5], [4], [5, 1], [4, 5], [1, 4], [5], [1, 5], [1], [5], [4], [4, 5], [1, 4], [5, 1], [4], [1], [0], [1, 4], [0, 1], [4, 0], [1], [4, 1], [4], [1], [0], [0, 1], [4, 0], [1, 4], [5], [2], [1], [2, 5], [1, 2], [5, 1], [2], [5, 2], [5], [2], [1], [1, 2], [5, 1], [2, 5], [7], [6], [2], [6, 7], [2, 6], [7, 2], [6], [7, 6], [7], [6], [2], [2, 6], [7, 2], [6, 7], [5], [2], [1], [2, 5], [1, 2], [5, 1], [2], [5, 2], [5], [2], [1], [1, 2], [5, 1], [2, 5], [4], [1]]}","{'map': {'0': 16, '1': 32, '2': 28, '3': 34, '4': 12, '5': 30, '6': 14, '7': 10}, 'arch': {'width': 9, 'height': 5, 'alg_qubits': [10, 28, 12, 30, 14, 32, 16, 34], 'magic_states': [1, 3, 5, 7, 17, 35, 43, 41, 39, 37, 9, 27]}, 'gates': [[5], [6, 5], [6], [5], [2], [2, 5], [6, 2], [5, 6], [4], [2], [1], [2, 4], [1, 2], [4, 1], [2], [4, 2], [4], [2], [1], [1, 2], [4, 1], [2, 4], [3], [1], [0], [1, 3], [0, 1], [3, 0], [1], [3, 1], [3], [1], [0], [0, 1], [3, 0], [1, 3], [4], [2], [1], [2, 4], [1, 2], [4, 1], [2], [4, 2], [4], [2], [1], [1, 2], [4, 1], [2, 4], [6], [5], [2], [5, 6], [2, 5], [6, 2], [5], [6, 5], [6], [5], [2], [2, 5], [6, 2], [5, 6], [4], [2], [1], [2, 4], [1, 2], [4, 1], [2], [4, 2], [4], [2], [1], [1, 2], [4, 1], [2, 4], [0], [3], [7]]}"
jku_suite_21.qasm,"{'map': {'0': 22, '1': 40, '2': 16, '3': 18, '4': 50, '5': 24, '6': 14, '7': 46, '8': 44, '9': 42, '10': 48}, 'arch': {'width': 13, 'height': 5, 'alg_qubits': [14, 40, 16, 42, 18, 44, 20, 46, 22, 48, 24, 50], 'magic_states': [1, 3, 5, 7, 9, 11, 25, 51, 63, 61, 59, 57, 55, 53, 13, 39]}, 'gates': [[10], [0], [0, 10], [1, 0], [10, 1], [2], [8], [10], [8, 2], [10, 8], [2, 10], [8], [2, 8], [2], [8], [10], [10, 8], [2, 10], [8, 2], [5], [4], [8], [4, 5], [8, 4], [5, 8], [4], [5, 4], [5], [4], [8], [8, 4], [5, 8], [4, 5], [6], [3], [4], [3, 6], [4, 3], [6, 4], [3], [6, 3], [6], [3], [4], [4, 3], [6, 4], [3, 6], [9], [7], [3], [7, 9], [3, 7], [9, 3], [7], [9, 7], [9], [7], [3], [3, 7], [9, 3], [7, 9], [6], [3], [4], [3, 6], [4, 3], [6, 4], [3], [6, 3], [6], [3], [4], [4, 3], [6, 4], [3, 6], [5], [4], [8], [4, 5], [8, 4], [5, 8]]}","{'map': {'0': 18, '1': 20, '2': 16, '3': 46, '4': 24, '5': 22, '6': 50, '7': 42, '8': 14, '9': 48, '10': 40}, 'arch': {'width': 13, 'height': 5, 'alg_qubits': [14, 40, 16, 42, 18, 44, 20, 46, 22, 48, 24, 50], 'magic_states': [1, 3, 5, 7, 9, 11, 25, 51, 63, 61, 59, 57, 55, 53, 13, 39]}, 'gates': [[10], [0], [0, 10], [1, 0], [10, 1], [2], [8], [10], [8, 2], [10, 8], [2, 10], [8], [2, 8], [2], [8], [10], [10, 8], [2, 10], [8, 2], [3], [5], [8], [5, 3], [8, 5], [3, 8], [5], [3, 5], [3], [5], [8], [8, 5], [3, 8], [5, 3], [6], [4], [5], [4, 6], [5, 4], [6, 5], [4], [6, 4], [6], [4], [5], [5, 4], [6, 5], [4, 6], [9], [7], [4], [7, 9], [4, 7], [9, 4], [7], [9, 7], [9], [7], [4], [4, 7], [9, 4], [7, 9], [6], [4], [5], [4, 6], [5, 4], [6, 5], [4], [6, 4], [6], [4], [5], [5, 4], [6, 5], [4, 6], [3], [5], [8], [5, 3], [8, 5], [3, 8]]}","{'map': {'0': 18, '1': 20, '2': 16, '3': 46, '4': 24, '5': 22, '6': 50, '7': 42, '8': 14, '9': 48, '10': 40}, 'arch': {'width': 13, 'height': 5, 'alg_qubits': [14, 40, 16, 42, 18, 44, 20, 46, 22, 48, 24, 50], 'magic_states': [1, 3, 5, 7, 9, 11, 25, 51, 63, 61, 59, 57, 55, 53, 13, 39]}, 'gates': [[10], [0], [0, 10], [1, 0], [10, 1], [2], [8], [10], [8, 2], [10, 8], [2, 10], [8], [2, 8], [2], [8], [10], [10, 8], [2, 10], [8, 2], [3], [5], [8], [5, 3], [8, 5], [3, 8], [5], [3, 5], [3], [5], [8], [8, 5], [3, 8], [5, 3], [6], [4], [5], [4, 6], [5, 4], [6, 5], [4], [6, 4], [6], [4], [5], [5, 4], [6, 5], [4, 6], [9], [7], [4], [7, 9], [4, 7], [9, 4], [7], [9, 7], [9], [7], [4], [4, 7], [9, 4], [7, 9], [6], [4], [5], [4, 6], [5, 4], [6, 5], [4], [6, 4], [6], [4], [5], [5, 4], [6, 5], [4, 6], [3], [5], [8], [5, 3], [8, 5], [3, 8]]}","{'map': {'0': 18, '1': 50, '2': 22, '3': 46, '4': 16, '5': 20, '6': 40, '7': 44, '8': 14, '9': 42, '10': 24, '12': 26}, 'arch': {'width': 13, 'height': 5, 'alg_qubits': [14, 40, 16, 42, 18, 44, 20, 46, 22, 48, 24, 50], 'magic_states': [1, 3, 5, 7, 9, 11, 25, 51, 63, 61, 59, 57, 55, 53, 13, 39]}, 'gates': [[9], [10], [12], [12, 10], [9, 12], [10, 9], [7], [8], [10], [8, 7], [10, 8], [7, 10], [8], [7, 8], [7], [8], [10], [10, 8], [7, 10], [8, 7], [5], [6], [8], [6, 5], [8, 6], [5, 8], [6], [5, 6], [5], [6], [8], [8, 6], [5, 8], [6, 5], [4], [0], [6], [0, 4], [6, 0], [4, 6], [0], [4, 0], [4], [0], [6], [6, 0], [4, 6], [0, 4], [2], [3], [0], [3, 2], [0, 3], [2, 0], [3], [2, 3], [2], [3], [0], [0, 3], [2, 0], [3, 2], [4], [0], [6], [0, 4], [6, 0], [4, 6], [0], [4, 0], [4], [0], [6], [6, 0], [4, 6], [0, 4], [5], [6], [8], [6, 5], [8, 6]]}","{'map': {'0': 22, '1': 40, '2': 14, '3': 48, '4': 16, '5': 20, '6': 24, '7': 44, '8': 42, '9': 46, '10': 50}, 'arch': {'width': 13, 'height': 5, 'alg_qubits': [14, 40, 16, 42, 18, 44, 20, 46, 22, 48, 24, 50], 'magic_states': [1, 3, 5, 7, 9, 11, 25, 51, 63, 61, 59, 57, 55, 53, 13, 39]}, 'gates': [[10], [0], [0, 10], [1, 0], [10, 1], [2], [9], [10], [9, 2], [10, 9], [2, 10], [9], [2, 9], [2], [9], [10], [10, 9], [2, 10], [9, 2], [3], [8], [9], [8, 3], [9, 8], [3, 9], [8], [3, 8], [3], [8], [9], [9, 8], [3, 9], [8, 3], [4], [7], [8], [7, 4], [8, 7], [4, 8], [7], [4, 7], [4], [7], [8], [8, 7], [4, 8], [7, 4], [6], [5], [7], [5, 6], [7, 5], [6, 7], [5], [6, 5], [6], [5], [7], [7, 5], [6, 7], [5, 6], [4], [7], [8], [7, 4], [8, 7], [4, 8], [7], [4, 7], [4], [7], [8], [8, 7], [4, 8], [7, 4], [3], [8], [9], [8, 3], [9, 8], [3, 9]]}"
grover_1.qasm,"{'map': {'0': 22, '1': 12, '2': 8, '3': 24, '4': 26, '5': 20}, 'arch': {'width': 7, 'height': 5, 'alg_qubits': [8, 22, 10, 24, 12, 26], 'magic_states': [1, 3, 5, 13, 27, 33, 31, 29, 7, 21]}, 'gates': [[2], [2], [2], [2], [2], [2], [2], [2], [2], [2], [2], [2], [2], [2], [2], [2], [2], [2], [2], [2], [2], [2], [2], [2], [2], [2], [2], [2], [2], [2], [2], [2], [2], [2], [2], [2], [2], [2], [2], [2], [2], [0, 2], [4, 5], [5], [3, 5], [5], [4, 5], [4], [5], [3, 5], [5], [5], [5], [5], [5], [5], [5], [5], [5], [5], [5], [5], [5], [5], [5], [5], [5], [5], [5], [5], [5], [5], [5], [5], [5], [5], [5], [5], [5], [5], [5]]}","{'map': {'0': 24, '1': 22, '2': 26, '3': 10, '4': 8, '5': 12}, 'arch': {'width': 7, 'height': 5, 'alg_qubits': [8, 22, 10, 24, 12, 26], 'magic_states': [1, 3, 5, 13, 27, 33, 31, 29, 7, 21]}, 'gates': [[4], [4, 0], [1, 4], [0, 1], [3], [2], [5], [2, 3], [5, 2], [3, 5], [2], [3, 2], [3], [2], [5], [5, 2], [3, 5], [2, 3], [5], [3], [4], [3, 5], [4, 3], [5, 4], [3], [5, 3], [5], [3], [4], [4, 3], [5, 4], [3, 5], [1], [0], [3], [0, 1], [3, 0], [1, 3], [0], [1, 0], [1], [0], [3], [3, 0], [1, 3], [0, 1], [5], [3], [4], [3, 5], [4, 3], [5, 4], [3], [5, 3], [5], [3], [4], [4, 3], [5, 4], [3, 5], [1], [0], [3], [0, 1], [3, 0], [1, 3], [0], [1, 0], [1], [0], [3], [3, 0], [1, 3], [0, 1], [3], [2], [5], [2, 3], [5, 2], [3, 5], [2]]}","{'map': {'0': 10, '1': 24, '2': 8, '3': 12, '4': 22, '5': 26}, 'arch': {'width': 7, 'height': 5, 'alg_qubits': [8, 22, 10, 24, 12, 26], 'magic_states': [1, 3, 5, 13, 27, 33, 31, 29, 7, 21]}, 'gates': [[5], [4], [0], [4, 5], [0, 4], [5, 0], [4], [5, 4], [5], [4], [0], [0, 4], [5, 0], [4, 5], [5], [4], [1], [4, 5], [1, 4], [5, 1], [4], [5, 4], [5], [4], [1], [1, 4], [5, 1], [4, 5], [1], [5], [0], [5, 1], [0, 5], [1, 0], [5], [1, 5], [1], [5], [0], [0, 5], [1, 0], [5, 1], [3], [2], [5], [2, 3], [5, 2], [3, 5], [2], [3, 2], [3], [2], [5], [5, 2], [3, 5], [2, 3], [1], [5], [0], [5, 1], [0, 5], [1, 0], [5], [1, 5], [1], [5], [0], [0, 5], [1, 0], [5, 1], [3], [2], [5], [2, 3], [5, 2], [3, 5], [2], [3, 2], [3], [2], [5]]}","{'map': {'0': 26, '1': 10, '2': 12, '3': 8, '4': 24, '5': 22}, 'arch': {'width': 7, 'height': 5, 'alg_qubits': [8, 22, 10, 24, 12, 26], 'magic_states': [1, 3, 5, 13, 27, 33, 31, 29, 7, 21]}, 'gates': [[3], [4], [4, 3], [5, 4], [3, 5], [1], [0], [3], [0, 1], [3, 0], [1, 3], [0], [1, 0], [1], [0], [3], [3, 0], [1, 3], [0, 1], [3], [2], [5], [2, 3], [5, 2], [3, 5], [2], [3, 2], [3], [2], [5], [5, 2], [3, 5], [2, 3], [5], [3], [4], [3, 5], [4, 3], [5, 4], [3], [5, 3], [5], [3], [4], [4, 3], [5, 4], [3, 5], [1], [0], [3], [0, 1], [3, 0], [1, 3], [0], [1, 0], [1], [0], [3], [3, 0], [1, 3], [0, 1], [5], [3], [4], [3, 5], [4, 3], [5, 4], [3], [5, 3], [5], [3], [4], [4, 3], [5, 4], [3, 5], [1], [0], [3], [0, 1], [3, 0], [1, 3]]}","{'map': {'0': 8, '1': 22, '2': 24, '3': 12, '4': 10, '5': 26}, 'arch': {'width': 7, 'height': 5, 'alg_qubits': [8, 22, 10, 24, 12, 26], 'magic_states': [1, 3, 5, 13, 27, 33, 31, 29, 7, 21]}, 'gates': [[1, 3], [1, 2], [3], [2], [5], [2, 3], [5, 2], [3, 5], [2], [3, 2], [3], [2], [5], [5, 2], [3, 5], [2, 3], [5], [3], [4], [3, 5], [4, 3], [5, 4], [3], [5, 3], [5], [3], [4], [4, 3], [5, 4], [3, 5], [1], [0], [3], [0, 1], [3, 0], [1, 3], [0], [1, 0], [1], [0], [3], [3, 0], [1, 3], [0, 1], [5], [3], [4], [3, 5], [4, 3], [5, 4], [3], [5, 3], [5], [3], [4], [4, 3], [5, 4], [3, 5], [1], [0], [3], [0, 1], [3, 0], [1, 3], [0], [1, 0], [1], [0], [3], [3, 0], [1, 3], [0, 1], [3], [2], [5], [2, 3], [5, 2], [3, 5], [2], [3, 2], [3]]}"
quest_suite_2.qasm,"{'map': {'0': 56, '1': 54, '2': 20, '3': 30, '4': 62, '5': 52, '6': 28, '7': 18, '8': 22, '9': 24, '10': 64, '11': 66, '12': 32, '13': 26, '14': 60}, 'arch': {'width': 17, 'height': 5, 'alg_qubits': [18, 52, 20, 54, 22, 56, 24, 58, 26, 60, 28, 62, 30, 64, 32, 66], 'magic_states': [1, 3, 5, 7, 9, 11, 13, 15, 33, 67, 83, 81, 79, 77, 75, 73, 71, 69, 17, 51]}, 'gates': [[8], [7], [9], [9, 7], [8, 9], [7, 8], [6], [9], [10], [9, 6], [10, 9], [6, 10], [9], [6, 9], [6], [9], [10], [10, 9], [6, 10], [9, 6], [5], [10], [11], [10, 5], [11, 10], [5, 11], [10], [5, 10], [5], [10], [11], [11, 10], [5, 11], [10, 5], [4], [11], [12], [11, 4], [12, 11], [4, 12], [11], [4, 11], [4], [11], [12], [12, 11], [4, 12], [11, 4], [2], [12], [13], [12, 2], [13, 12], [2, 13], [12], [2, 12], [2], [12], [13], [13, 12], [2, 13], [12, 2], [1], [13], [14], [13, 1], [14, 13], [1, 14], [13], [1, 13], [1], [13], [14], [14, 13], [1, 14], [13, 1], [3], [14], [0], [14, 3], [0, 14]]}","{'map': {'0': 20, '1': 18, '2': 60, '3': 54, '4': 32, '5': 56, '6': 58, '7': 30, '8': 52, '9': 62, '10': 28, '11': 22, '12': 64, '13': 66, '14': 26}, 'arch': {'width': 17, 'height': 5, 'alg_qubits': [18, 52, 20, 54, 22, 56, 24, 58, 26, 60, 28, 62, 30, 64, 32, 66], 'magic_states': [1, 3, 5, 7, 9, 11, 13, 15, 33, 67, 83, 81, 79, 77, 75, 73, 71, 69, 17, 51]}, 'gates': [[14, 12], [13], [14, 13], [14], [13], [12], [12, 13], [14, 12], [13, 14], [6], [1], [0], [1, 6], [0, 1], [6, 0], [1], [6, 1], [6], [1], [0], [0, 1], [6, 0], [1, 6], [7], [2], [1], [2, 7], [1, 2], [7, 1], [2], [7, 2], [7], [2], [1], [1, 2], [7, 1], [2, 7], [8], [3], [2], [3, 8], [2, 3], [8, 2], [3], [8, 3], [8], [3], [2], [2, 3], [8, 2], [3, 8], [9], [4], [3], [4, 9], [3, 4], [9, 3], [4], [9, 4], [9], [4], [3], [3, 4], [9, 3], [4, 9], [10], [5], [4], [5, 10], [4, 5], [10, 4], [5], [10, 5], [10], [5], [4], [4, 5], [10, 4], [5, 10], [12], [11]]}","{'map': {'0': 26, '1': 32, '2': 62, '3': 18, '4': 58, '5': 56, '6': 22, '7': 54, '8': 28, '9': 60, '10': 24, '11': 64, '12': 20, '13': 30, '14': 66}, 'arch': {'width': 17, 'height': 5, 'alg_qubits': [18, 52, 20, 54, 22, 56, 24, 58, 26, 60, 28, 62, 30, 64, 32, 66], 'magic_states': [1, 3, 5, 7, 9, 11, 13, 15, 33, 67, 83, 81, 79, 77, 75, 73, 71, 69, 17, 51]}, 'gates': [[13, 14], [6], [1], [0], [1, 6], [0, 1], [6, 0], [1], [6, 1], [6], [1], [0], [0, 1], [6, 0], [1, 6], [7], [2], [1], [2, 7], [1, 2], [7, 1], [2], [7, 2], [7], [2], [1], [1, 2], [7, 1], [2, 7], [8], [3], [2], [3, 8], [2, 3], [8, 2], [3], [8, 3], [8], [3], [2], [2, 3], [8, 2], [3, 8], [9], [4], [3], [4, 9], [3, 4], [9, 3], [4], [9, 4], [9], [4], [3], [3, 4], [9, 3], [4, 9], [10], [5], [4], [5, 10], [4, 5], [10, 4], [5], [10, 5], [10], [5], [4], [4, 5], [10, 4], [5, 10], [12], [11], [5], [11, 12], [5, 11], [12, 5], [11], [12, 11], [12], [11]]}","{'map': {'0': 26, '1': 32, '2': 62, '3': 18, '4': 58, '5': 56, '6': 22, '7': 54, '8': 28, '9': 60, '10': 24, '11': 64, '12': 20, '13': 30, '14': 66}, 'arch': {'width': 17, 'height': 5, 'alg_qubits': [18, 52, 20, 54, 22, 56, 24, 58, 26, 60, 28, 62, 30, 64, 32, 66], 'magic_states': [1, 3, 5, 7, 9, 11, 13, 15, 33, 67, 83, 81, 79, 77, 75, 73, 71, 69, 17, 51]}, 'gates': [[13, 14], [6], [1], [0], [1, 6], [0, 1], [6, 0], [1], [6, 1], [6], [1], [0], [0, 1], [6, 0], [1, 6], [7], [2], [1], [2, 7], [1, 2], [7, 1], [2], [7, 2], [7], [2], [1], [1, 2], [7, 1], [2, 7], [8], [3], [2], [3, 8], [2, 3], [8, 2], [3], [8, 3], [8], [3], [2], [2, 3], [8, 2], [3, 8], [9], [4], [3], [4, 9], [3, 4], [9, 3], [4], [9, 4], [9], [4], [3], [3, 4], [9, 3], [4, 9], [10], [5], [4], [5, 10], [4, 5], [10, 4], [5], [10, 5], [10], [5], [4], [4, 5], [10, 4], [5, 10], [12], [11], [5], [11, 12], [5, 11], [12, 5], [11], [12, 11], [12], [11]]}","{'map': {'0': 64, '1': 30, '2': 28, '3': 24, '4': 26, '5': 62, '6': 56, '7': 32, '8': 52, '9': 54, '10': 60, '11': 66, '12': 18, '13': 22, '14': 20}, 'arch': {'width': 17, 'height': 5, 'alg_qubits': [18, 52, 20, 54, 22, 56, 24, 58, 26, 60, 28, 62, 30, 64, 32, 66], 'magic_states': [1, 3, 5, 7, 9, 11, 13, 15, 33, 67, 83, 81, 79, 77, 75, 73, 71, 69, 17, 51]}, 'gates': [[0, 14], [3, 0], [14, 3], [1], [13], [14], [13, 1], [14, 13], [1, 14], [13], [1, 13], [1], [13], [14], [14, 13], [1, 14], [13, 1], [2], [12], [13], [12, 2], [13, 12], [2, 13], [12], [2, 12], [2], [12], [13], [13, 12], [2, 13], [12, 2], [4], [11], [12], [11, 4], [12, 11], [4, 12], [11], [4, 11], [4], [11], [12], [12, 11], [4, 12], [11, 4], [5], [10], [11], [10, 5], [11, 10], [5, 11], [10], [5, 10], [5], [10], [11], [11, 10], [5, 11], [10, 5], [6], [9], [10], [9, 6], [10, 9], [6, 10], [9], [6, 9], [6], [9], [10], [10, 9], [6, 10], [9, 6], [8], [7], [9], [7, 8], [9, 7], [8, 9], [7], [8, 7]]}"
jku_suite_50.qasm,"{'map': {'0': 40, '1': 24, '2': 22, '3': 18, '4': 44, '5': 48, '6': 42, '7': 14, '8': 20, '9': 50, '10': 16}, 'arch': {'width': 13, 'height': 5, 'alg_qubits': [14, 40, 16, 42, 18, 44, 20, 46, 22, 48, 24, 50], 'magic_states': [1, 3, 5, 7, 9, 11, 25, 51, 63, 61, 59, 57, 55, 53, 13, 39]}, 'gates': [[5, 10], [9], [4], [3], [4, 9], [3, 4], [9, 3], [4], [9, 4], [9], [4], [3], [3, 4], [9, 3], [4, 9], [8], [3], [2], [3, 8], [2, 3], [8, 2], [3], [8, 3], [8], [3], [2], [2, 3], [8, 2], [3, 8], [7], [2], [1], [2, 7], [1, 2], [7, 1], [2], [7, 2], [7], [2], [1], [1, 2], [7, 1], [2, 7], [6], [1], [0], [1, 6], [0, 1], [6, 0], [1], [6, 1], [6], [1], [0], [0, 1], [6, 0], [1, 6], [7], [2], [1], [2, 7], [1, 2], [7, 1], [2], [7, 2], [7], [2], [1], [1, 2], [7, 1], [2, 7], [8], [3], [2], [3, 8], [2, 3], [8, 2], [3], [8, 3], [8], [3]]}","{'map': {'0': 40, '1': 24, '2': 22, '3': 18, '4': 44, '5': 48, '6': 42, '7': 14, '8': 20, '9': 50, '10': 16}, 'arch': {'width': 13, 'height': 5, 'alg_qubits': [14, 40, 16, 42, 18, 44, 20, 46, 22, 48, 24, 50], 'magic_states': [1, 3, 5, 7, 9, 11, 25, 51, 63, 61, 59, 57, 55, 53, 13, 39]}, 'gates': [[5, 10], [9], [4], [3], [4, 9], [3, 4], [9, 3], [4], [9, 4], [9], [4], [3], [3, 4], [9, 3], [4, 9], [8], [3], [2], [3, 8], [2, 3], [8, 2], [3], [8, 3], [8], [3], [2], [2, 3], [8, 2], [3, 8], [7], [2], [1], [2, 7], [1, 2], [7, 1], [2], [7, 2], [7], [2], [1], [1, 2], [7, 1], [2, 7], [6], [1], [0], [1, 6], [0, 1], [6, 0], [1], [6, 1], [6], [1], [0], [0, 1], [6, 0], [1, 6], [7], [2], [1], [2, 7], [1, 2], [7, 1], [2], [7, 2], [7], [2], [1], [1, 2], [7, 1], [2, 7], [8], [3], [2], [3, 8], [2, 3], [8, 2], [3], [8, 3], [8], [3]]}","{'map': {'0': 22, '1': 20, '2': 40, '3': 18, '4': 16, '5': 42, '6': 48, '7': 44, '8': 46, '9': 14, '10': 50}, 'arch': {'width': 13, 'height': 5, 'alg_qubits': [14, 40, 16, 42, 18, 44, 20, 46, 22, 48, 24, 50], 'magic_states': [1, 3, 5, 7, 9, 11, 25, 51, 63, 61, 59, 57, 55, 53, 13, 39]}, 'gates': [[8, 9], [7], [4], [5], [4, 7], [5, 4], [7, 5], [4], [7, 4], [7], [4], [5], [5, 4], [7, 5], [4, 7], [10], [9], [0], [9, 10], [0, 9], [10, 0], [9], [10, 9], [10], [9], [0], [0, 9], [10, 0], [9, 10], [1], [8], [9], [8, 1], [9, 8], [1, 9], [8], [1, 8], [1], [8], [9], [9, 8], [1, 9], [8, 1], [2], [7], [8], [7, 2], [8, 7], [2, 8], [7], [2, 7], [2], [7], [8], [8, 7], [2, 8], [7, 2], [3], [6], [7], [6, 3], [7, 6], [3, 7], [6], [3, 6], [3], [6], [7], [7, 6], [3, 7], [6, 3], [5], [4], [6], [4, 5], [6, 4], [5, 6], [4], [5, 4], [5], [4]]}","{'map': {'0': 22, '1': 20, '2': 40, '3': 18, '4': 16, '5': 42, '6': 48, '7': 44, '8': 46, '9': 14, '10': 50}, 'arch': {'width': 13, 'height': 5, 'alg_qubits': [14, 40, 16, 42, 18, 44, 20, 46, 22, 48, 24, 50], 'magic_states': [1, 3, 5, 7, 9, 11, 25, 51, 63, 61, 59, 57, 55, 53, 13, 39]}, 'gates': [[8, 9], [7], [4], [5], [4, 7], [5, 4], [7, 5], [4], [7, 4], [7], [4], [5], [5, 4], [7, 5], [4, 7], [10], [9], [0], [9, 10], [0, 9], [10, 0], [9], [10, 9], [10], [9], [0], [0, 9], [10, 0], [9, 10], [1], [8], [9], [8, 1], [9, 8], [1, 9], [8], [1, 8], [1], [8], [9], [9, 8], [1, 9], [8, 1], [2], [7], [8], [7, 2], [8, 7], [2, 8], [7], [2, 7], [2], [7], [8], [8, 7], [2, 8], [7, 2], [3], [6], [7], [6, 3], [7, 6], [3, 7], [6], [3, 6], [3], [6], [7], [7, 6], [3, 7], [6, 3], [5], [4], [6], [4, 5], [6, 4], [5, 6], [4], [5, 4], [5], [4]]}","{'map': {'0': 50, '1': 48, '2': 46, '3': 22, '4': 16, '5': 44, '6': 24, '7': 14, '8': 20, '9': 42, '10': 18}, 'arch': {'width': 13, 'height': 5, 'alg_qubits': [14, 40, 16, 42, 18, 44, 20, 46, 22, 48, 24, 50], 'magic_states': [1, 3, 5, 7, 9, 11, 25, 51, 63, 61, 59, 57, 55, 53, 13, 39]}, 'gates': [[7], [4], [5], [4, 7], [5, 4], [7, 5], [4], [7, 4], [7], [4], [5], [5, 4], [7, 5], [4, 7], [10], [9], [0], [9, 10], [0, 9], [10, 0], [9], [10, 9], [10], [9], [0], [0, 9], [10, 0], [9, 10], [1], [8], [9], [8, 1], [9, 8], [1, 9], [8], [1, 8], [1], [8], [9], [9, 8], [1, 9], [8, 1], [2], [7], [8], [7, 2], [8, 7], [2, 8], [7], [2, 7], [2], [7], [8], [8, 7], [2, 8], [7, 2], [3], [6], [7], [6, 3], [7, 6], [3, 7], [6], [3, 6], [3], [6], [7], [7, 6], [3, 7], [6, 3], [5], [4], [6], [4, 5], [6, 4], [5, 6], [4], [5, 4], [5], [4], [6]]}"
quarl_suite_11.qasm,"{'map': {'0': 24, '1': 8, '2': 10, '3': 26, '4': 12, '5': 22}, 'arch': {'width': 7, 'height': 5, 'alg_qubits': [8, 22, 10, 24, 12, 26], 'magic_states': [1, 3, 5, 13, 27, 33, 31, 29, 7, 21]}, 'gates': [[3], [5], [1], [1, 5], [3, 1], [5, 3], [0], [2], [5], [2, 0], [5, 2], [0, 5], [2], [0, 2], [0], [2], [5], [5, 2], [0, 5], [2, 0], [2], [3], [1], [3, 2], [1, 3], [2, 1], [3], [2, 3], [2], [3], [1], [1, 3], [2, 1], [3, 2], [4, 3], [1], [3], [4], [3, 1], [4, 3], [1, 4], [3], [1, 3], [1], [3], [4], [4, 3], [1, 4], [3, 1], [4, 3], [4, 0], [4, 1], [2], [5], [3], [5, 2], [3, 5], [2, 3], [5], [2, 5], [2], [5], [3], [3, 5], [2, 3], [5, 2], [0], [1], [5], [1, 0], [5, 1], [0, 5], [1], [0, 1], [0], [1], [5], [5, 1], [0, 5], [1, 0], [2]]}","{'map': {'0': 26, '1': 24, '2': 8, '3': 10, '4': 12, '5': 22}, 'arch': {'width': 7, 'height': 5, 'alg_qubits': [8, 22, 10, 24, 12, 26], 'magic_states': [1, 3, 5, 13, 27, 33, 31, 29, 7, 21]}, 'gates': [[5], [2], [3], [2, 5], [3, 2], [5, 3], [2], [5, 2], [5], [2], [3], [3, 2], [5, 3], [2, 5], [0], [4], [2], [4, 0], [2, 4], [0, 2], [4], [0, 4], [0], [4], [2], [2, 4], [0, 2], [4, 0], [5], [2], [3], [2, 5], [3, 2], [5, 3], [2], [5, 2], [5], [2], [3], [3, 2], [5, 3], [2, 5], [0], [4], [2], [4, 0], [2, 4], [0, 2], [4], [0, 4], [0], [4], [2], [2, 4], [0, 2], [4, 0], [2], [5], [4], [5, 2], [4, 5], [2, 4], [5], [2, 5], [2], [5], [4], [4, 5], [2, 4], [5, 2], [2, 4], [1], [3], [4], [3, 1], [4, 3], [1, 4], [3], [1, 3], [1], [3]]}","{'map': {'0': 10, '1': 24, '2': 8, '3': 12, '4': 22, '5': 26}, 'arch': {'width': 7, 'height': 5, 'alg_qubits': [8, 22, 10, 24, 12, 26], 'magic_states': [1, 3, 5, 13, 27, 33, 31, 29, 7, 21]}, 'gates': [[5], [4], [0], [4, 5], [0, 4], [5, 0], [4], [5, 4], [5], [4], [0], [0, 4], [5, 0], [4, 5], [5], [4], [1], [4, 5], [1, 4], [5, 1], [4], [5, 4], [5], [4], [1], [1, 4], [5, 1], [4, 5], [1], [5], [0], [5, 1], [0, 5], [1, 0], [5], [1, 5], [1], [5], [0], [0, 5], [1, 0], [5, 1], [3], [2], [5], [2, 3], [5, 2], [3, 5], [2], [3, 2], [3], [2], [5], [5, 2], [3, 5], [2, 3], [1], [5], [0], [5, 1], [0, 5], [1, 0], [5], [1, 5], [1], [5], [0], [0, 5], [1, 0], [5, 1], [3], [2], [5], [2, 3], [5, 2], [3, 5], [2], [3, 2], [3], [2], [5]]}","{'map': {'0': 26, '1': 8, '2': 10, '3': 24, '4': 12, '5': 22}, 'arch': {'width': 7, 'height': 5, 'alg_qubits': [8, 22, 10, 24, 12, 26], 'magic_states': [1, 3, 5, 13, 27, 33, 31, 29, 7, 21]}, 'gates': [[1, 2], [1], [2], [5], [5, 2], [1, 5], [2, 1], [5], [2], [0], [2, 5], [0, 2], [5, 0], [2], [5, 2], [5], [2], [0], [0, 2], [5, 0], [2, 5], [3], [4], [2], [4, 3], [2, 4], [3, 2], [4], [3, 4], [3], [4], [2], [2, 4], [3, 2], [4, 3], [5], [2], [0], [2, 5], [0, 2], [5, 0], [2], [5, 2], [5], [2], [0], [0, 2], [5, 0], [2, 5], [3], [4], [2], [4, 3], [2, 4], [3, 2], [4], [3, 4], [3], [4], [2], [2, 4], [3, 2], [4, 3], [4, 3], [3, 4], [4], [5], [0], [5, 4], [0, 5], [4, 0], [5], [4, 5], [4], [5], [0], [0, 5], [4, 0], [5, 4], [1], [3]]}","{'map': {'0': 26, '1': 8, '2': 10, '3': 24, '4': 12, '5': 22}, 'arch': {'width': 7, 'height': 5, 'alg_qubits': [8, 22, 10, 24, 12, 26], 'magic_states': [1, 3, 5, 13, 27, 33, 31, 29, 7, 21]}, 'gates': [[1, 2], [1], [2], [5], [5, 2], [1, 5], [2, 1], [5], [2], [0], [2, 5], [0, 2], [5, 0], [2], [5, 2], [5], [2], [0], [0, 2], [5, 0], [2, 5], [3], [4], [2], [4, 3], [2, 4], [3, 2], [4], [3, 4], [3], [4], [2], [2, 4], [3, 2], [4, 3], [5], [2], [0], [2, 5], [0, 2], [5, 0], [2], [5, 2], [5], [2], [0], [0, 2], [5, 0], [2, 5], [3], [4], [2], [4, 3], [2, 4], [3, 2], [4], [3, 4], [3], [4], [2], [2, 4], [3, 2], [4, 3], [4, 3], [3, 4], [4], [5], [0], [5, 4], [0, 5], [4, 0], [5], [4, 5], [4], [5], [0], [0, 5], [4, 0], [5, 4], [1], [3]]}"
jku_suite_75.qasm,"{'map': {'0': 12, '1': 22, '2': 10, '3': 8, '4': 26}, 'arch': {'width': 7, 'height': 5, 'alg_qubits': [8, 22, 10, 24, 12, 26], 'magic_states': [1, 3, 5, 13, 27, 33, 31, 29, 7, 21]}, 'gates': [[1, 2], [0], [1], [3], [1, 0], [3, 1], [0, 3], [1], [0, 1], [0], [1], [3], [3, 1], [0, 3], [1, 0], [1], [3], [0], [3, 1], [0, 3], [1, 0], [3], [1, 3], [1], [3], [0], [0, 3], [1, 0], [3, 1], [0, 1], [2, 1], [1, 0], [1, 2], [4, 1], [4, 1], [0], [2], [4], [2, 0], [4, 2], [0, 4], [2], [0, 2], [0], [2], [4], [4, 2], [0, 4], [2, 0], [4, 2], [0], [4], [1], [4, 0], [1, 4], [0, 1], [4], [0, 4], [0], [4], [1], [1, 4], [0, 1], [4, 0], [1], [4], [0], [4, 1], [0, 4], [1, 0], [4], [1, 4], [1], [4], [0], [0, 4], [1, 0], [4, 1], [2, 3], [3, 2]]}","{'map': {'0': 10, '1': 22, '2': 24, '3': 26, '4': 8}, 'arch': {'width': 7, 'height': 5, 'alg_qubits': [8, 22, 10, 24, 12, 26], 'magic_states': [1, 3, 5, 13, 27, 33, 31, 29, 7, 21]}, 'gates': [[2], [2, 4], [1, 2], [4, 1], [2, 3], [3, 2], [1, 2], [0], [1], [3], [1, 0], [3, 1], [0, 3], [1], [0, 1], [0], [1], [3], [3, 1], [0, 3], [1, 0], [1], [3], [0], [3, 1], [0, 3], [1, 0], [3], [1, 3], [1], [3], [0], [0, 3], [1, 0], [3, 1], [0, 1], [2, 1], [1, 0], [0, 2], [1, 0], [2, 1], [0], [2], [1], [2, 0], [1, 2], [0, 1], [2], [0, 2], [0], [2], [1], [1, 2], [0, 1], [2, 0], [0], [2], [4], [2, 0], [4, 2], [0, 4], [2], [0, 2], [0], [2], [4], [4, 2], [0, 4], [2, 0], [4, 0], [1], [4], [2], [4, 1], [2, 4], [1, 2], [4], [1, 4], [1], [4]]}","{'map': {'0': 8, '1': 22, '2': 24, '3': 12, '4': 26}, 'arch': {'width': 7, 'height': 5, 'alg_qubits': [8, 22, 10, 24, 12, 26], 'magic_states': [1, 3, 5, 13, 27, 33, 31, 29, 7, 21]}, 'gates': [[2], [3], [1], [3, 2], [1, 3], [2, 1], [3], [2, 3], [2], [3], [1], [1, 3], [2, 1], [3, 2], [0], [4], [3], [4, 0], [3, 4], [0, 3], [4], [0, 4], [0], [4], [3], [3, 4], [0, 3], [4, 0], [2], [3], [1], [3, 2], [1, 3], [2, 1], [3], [2, 3], [2], [3], [1], [1, 3], [2, 1], [3, 2], [0], [4], [3], [4, 0], [3, 4], [0, 3], [4], [0, 4], [0], [4], [3], [3, 4], [0, 3], [4, 0], [2, 0], [3], [0], [2], [0, 3], [2, 0], [3, 2], [0], [3, 0], [3], [0], [2], [2, 0], [3, 2], [0, 3], [1], [4], [0], [4, 1], [0, 4], [1, 0], [4], [1, 4], [1], [4]]}","{'map': {'0': 12, '1': 22, '2': 10, '3': 24, '4': 26}, 'arch': {'width': 7, 'height': 5, 'alg_qubits': [8, 22, 10, 24, 12, 26], 'magic_states': [1, 3, 5, 13, 27, 33, 31, 29, 7, 21]}, 'gates': [[2], [0], [1], [0, 2], [1, 0], [2, 1], [0], [2, 0], [2], [0], [1], [1, 0], [2, 1], [0, 2], [4], [3], [0], [3, 4], [0, 3], [4, 0], [3], [4, 3], [4], [3], [0], [0, 3], [4, 0], [3, 4], [2], [0], [1], [0, 2], [1, 0], [2, 1], [0], [2, 0], [2], [0], [1], [1, 0], [2, 1], [0, 2], [4], [3], [0], [3, 4], [0, 3], [4, 0], [3], [4, 3], [4], [3], [0], [0, 3], [4, 0], [3, 4], [4], [1], [0], [1, 4], [0, 1], [4, 0], [1], [4, 1], [4], [1], [0], [0, 1], [4, 0], [1, 4], [1], [0], [2], [0, 1], [2, 0], [1, 2], [0], [1, 0], [1], [0], [2]]}","{'map': {'0': 26, '1': 24, '2': 8, '3': 22, '4': 10}, 'arch': {'width': 7, 'height': 5, 'alg_qubits': [8, 22, 10, 24, 12, 26], 'magic_states': [1, 3, 5, 13, 27, 33, 31, 29, 7, 21]}, 'gates': [[4], [1], [0], [1, 4], [0, 1], [4, 0], [1], [4, 1], [4], [1], [0], [0, 1], [4, 0], [1, 4], [1, 4], [2], [1], [0], [1, 2], [0, 1], [2, 0], [1], [2, 1], [2], [1], [0], [0, 1], [2, 0], [1, 2], [4], [3], [1], [3, 4], [1, 3], [4, 1], [3], [4, 3], [4], [3], [1], [1, 3], [4, 1], [3, 4], [2], [1], [0], [1, 2], [0, 1], [2, 0], [1], [2, 1], [2], [1], [0], [0, 1], [2, 0], [1, 2], [4], [3], [1], [3, 4], [1, 3], [4, 1], [3], [4, 3], [4], [3], [1], [1, 3], [4, 1], [3, 4], [0], [1], [4], [1, 0], [4, 1], [0, 4], [1], [0, 1], [0], [1]]}"
qaoa_8.qasm,"{'map': {'0': 14, '1': 42, '2': 18, '3': 40, '4': 12, '5': 16, '6': 36, '7': 38, '8': 20}, 'arch': {'width': 11, 'height': 5, 'alg_qubits': [12, 34, 14, 36, 16, 38, 18, 40, 20, 42], 'magic_states': [1, 3, 5, 7, 9, 21, 43, 53, 51, 49, 47, 45, 11, 33]}, 'gates': [[6], [4, 6], [4], [6], [8], [8, 6], [4, 8], [6, 4], [7], [8], [3], [8, 7], [3, 8], [7, 3], [8], [7, 8], [7], [8], [3], [3, 8], [7, 3], [8, 7], [4], [6], [8], [6, 4], [8, 6], [4, 8], [6], [4, 6], [4], [6], [8], [8, 6], [4, 8], [6, 4], [2], [5], [6], [5, 2], [6, 5], [2, 6], [5], [2, 5], [2], [5], [6], [6, 5], [2, 6], [5, 2], [0], [1], [5], [1, 0], [5, 1], [0, 5], [1], [0, 1], [0], [1], [5], [5, 1], [0, 5], [1, 0], [2], [5], [6], [5, 2], [6, 5], [2, 6], [5], [2, 5], [2], [5], [6], [6, 5], [2, 6], [5, 2], [4], [6], [8]]}","{'map': {'0': 56, '1': 54, '2': 20, '3': 30, '4': 62, '5': 52, '6': 28, '7': 18, '8': 22, '9': 24, '10': 64, '11': 66, '12': 32, '13': 26, '14': 60}, 'arch': {'width': 17, 'height': 5, 'alg_qubits': [18, 52, 20, 54, 22, 56, 24, 58, 26, 60, 28, 62, 30, 64, 32, 66], 'magic_states': [1, 3, 5, 7, 9, 11, 13, 15, 33, 67, 83, 81, 79, 77, 75, 73, 71, 69, 17, 51]}, 'gates': [[8], [7], [9], [9, 7], [8, 9], [7, 8], [6], [9], [10], [9, 6], [10, 9], [6, 10], [9], [6, 9], [6], [9], [10], [10, 9], [6, 10], [9, 6], [5], [10], [11], [10, 5], [11, 10], [5, 11], [10], [5, 10], [5], [10], [11], [11, 10], [5, 11], [10, 5], [4], [11], [12], [11, 4], [12, 11], [4, 12], [11], [4, 11], [4], [11], [12], [12, 11], [4, 12], [11, 4], [2], [12], [13], [12, 2], [13, 12], [2, 13], [12], [2, 12], [2], [12], [13], [13, 12], [2, 13], [12, 2], [1], [13], [14], [13, 1], [14, 13], [1, 14], [13], [1, 13], [1], [13], [14], [14, 13], [1, 14], [13, 1], [3], [14], [0], [14, 3], [0, 14]]}","{'map': {'0': 36, '1': 38, '2': 16, '3': 42, '4': 14, '5': 40, '6': 20, '7': 34, '8': 18}, 'arch': {'width': 11, 'height': 5, 'alg_qubits': [12, 34, 14, 36, 16, 38, 18, 40, 20, 42], 'magic_states': [1, 3, 5, 7, 9, 21, 43, 53, 51, 49, 47, 45, 11, 33]}, 'gates': [[3], [7, 8], [3, 7], [8, 3], [7], [8, 7], [8], [7], [3], [3, 7], [8, 3], [7, 8], [6], [3], [2], [3, 6], [2, 3], [6, 2], [3], [6, 3], [6], [3], [2], [2, 3], [6, 2], [3, 6], [5], [2], [0], [2, 5], [0, 2], [5, 0], [2], [5, 2], [5], [2], [0], [0, 2], [5, 0], [2, 5], [4], [0], [1], [0, 4], [1, 0], [4, 1], [0], [4, 0], [4], [0], [1], [1, 0], [4, 1], [0, 4], [5], [2], [0], [2, 5], [0, 2], [5, 0], [2], [5, 2], [5], [2], [0], [0, 2], [5, 0], [2, 5], [6], [3], [2], [3, 6], [2, 3], [6, 2], [3], [6, 3], [6], [3], [2], [2, 3], [6, 2]]}","{'map': {'0': 18, '1': 16, '2': 34, '3': 42, '4': 38, '5': 20, '6': 40, '7': 36, '8': 14}, 'arch': {'width': 11, 'height': 5, 'alg_qubits': [12, 34, 14, 36, 16, 38, 18, 40, 20, 42], 'magic_states': [1, 3, 5, 7, 9, 21, 43, 53, 51, 49, 47, 45, 11, 33]}, 'gates': [[3], [7, 8], [3, 7], [8, 3], [7], [8, 7], [8], [7], [3], [3, 7], [8, 3], [7, 8], [6], [3], [2], [3, 6], [2, 3], [6, 2], [3], [6, 3], [6], [3], [2], [2, 3], [6, 2], [3, 6], [5], [2], [0], [2, 5], [0, 2], [5, 0], [2], [5, 2], [5], [2], [0], [0, 2], [5, 0], [2, 5], [4], [0], [1], [0, 4], [1, 0], [4, 1], [0], [4, 0], [4], [0], [1], [1, 0], [4, 1], [0, 4], [5], [2], [0], [2, 5], [0, 2], [5, 0], [2], [5, 2], [5], [2], [0], [0, 2], [5, 0], [2, 5], [6], [3], [2], [3, 6], [2, 3], [6, 2], [3], [6, 3], [6], [3], [2], [2, 3], [6, 2]]}","{'map': {'0': 18, '1': 16, '2': 34, '3': 42, '4': 38, '5': 20, '6': 40, '7': 36, '8': 14}, 'arch': {'width': 11, 'height': 5, 'alg_qubits': [12, 34, 14, 36, 16, 38, 18, 40, 20, 42], 'magic_states': [1, 3, 5, 7, 9, 21, 43, 53, 51, 49, 47, 45, 11, 33]}, 'gates': [[3], [7, 8], [3, 7], [8, 3], [7], [8, 7], [8], [7], [3], [3, 7], [8, 3], [7, 8], [6], [3], [2], [3, 6], [2, 3], [6, 2], [3], [6, 3], [6], [3], [2], [2, 3], [6, 2], [3, 6], [5], [2], [0], [2, 5], [0, 2], [5, 0], [2], [5, 2], [5], [2], [0], [0, 2], [5, 0], [2, 5], [4], [0], [1], [0, 4], [1, 0], [4, 1], [0], [4, 0], [4], [0], [1], [1, 0], [4, 1], [0, 4], [5], [2], [0], [2, 5], [0, 2], [5, 0], [2], [5, 2], [5], [2], [0], [0, 2], [5, 0], [2, 5], [6], [3], [2], [3, 6], [2, 3], [6, 2], [3], [6, 3], [6], [3], [2], [2, 3], [6, 2]]}"
qft_6.qasm,"{'map': {'0': 10, '1': 16, '2': 32, '3': 28, '4': 34, '5': 14, '6': 12, '7': 30}, 'arch': {'width': 9, 'height': 5, 'alg_qubits': [10, 28, 12, 30, 14, 32, 16, 34], 'magic_states': [1, 3, 5, 7, 17, 35, 43, 41, 39, 37, 9, 27]}, 'gates': [[6], [5], [2], [5, 6], [2, 5], [6, 2], [5], [6, 5], [6], [5], [2], [2, 5], [6, 2], [5, 6], [4], [2], [1], [2, 4], [1, 2], [4, 1], [2], [4, 2], [4], [2], [1], [1, 2], [4, 1], [2, 4], [0], [3], [7], [3, 0], [7, 3], [0, 7], [3], [0, 3], [0], [3], [7], [7, 3], [0, 7], [3, 0], [2], [1], [3], [1, 2], [3, 1], [2, 3], [1], [2, 1], [2], [1], [3], [3, 1], [2, 3], [1, 2], [0], [3], [7], [3, 0], [7, 3], [0, 7], [3], [0, 3], [0], [3], [7], [7, 3], [0, 7], [3, 0], [2], [1], [3], [1, 2], [3, 1], [2, 3], [1], [2, 1], [2], [1], [3]]}","{'map': {'0': 10, '1': 16, '2': 32, '3': 28, '4': 34, '5': 14, '6': 12, '7': 30}, 'arch': {'width': 9, 'height': 5, 'alg_qubits': [10, 28, 12, 30, 14, 32, 16, 34], 'magic_states': [1, 3, 5, 7, 17, 35, 43, 41, 39, 37, 9, 27]}, 'gates': [[6], [5], [2], [5, 6], [2, 5], [6, 2], [5], [6, 5], [6], [5], [2], [2, 5], [6, 2], [5, 6], [4], [2], [1], [2, 4], [1, 2], [4, 1], [2], [4, 2], [4], [2], [1], [1, 2], [4, 1], [2, 4], [0], [3], [7], [3, 0], [7, 3], [0, 7], [3], [0, 3], [0], [3], [7], [7, 3], [0, 7], [3, 0], [2], [1], [3], [1, 2], [3, 1], [2, 3], [1], [2, 1], [2], [1], [3], [3, 1], [2, 3], [1, 2], [0], [3], [7], [3, 0], [7, 3], [0, 7], [3], [0, 3], [0], [3], [7], [7, 3], [0, 7], [3, 0], [2], [1], [3], [1, 2], [3, 1], [2, 3], [1], [2, 1], [2], [1], [3]]}","{'map': {'0': 16, '1': 10, '2': 14, '3': 34, '4': 12, '5': 30, '6': 28, '7': 32}, 'arch': {'width': 9, 'height': 5, 'alg_qubits': [10, 28, 12, 30, 14, 32, 16, 34], 'magic_states': [1, 3, 5, 7, 17, 35, 43, 41, 39, 37, 9, 27]}, 'gates': [[6], [5], [2], [2, 5], [6, 2], [5, 6], [4], [2], [1], [2, 4], [1, 2], [4, 1], [2], [4, 2], [4], [2], [1], [1, 2], [4, 1], [2, 4], [0], [3], [7], [3, 0], [7, 3], [0, 7], [3], [0, 3], [0], [3], [7], [7, 3], [0, 7], [3, 0], [2], [1], [3], [1, 2], [3, 1], [2, 3], [1], [2, 1], [2], [1], [3], [3, 1], [2, 3], [1, 2], [0], [3], [7], [3, 0], [7, 3], [0, 7], [3], [0, 3], [0], [3], [7], [7, 3], [0, 7], [3, 0], [2], [1], [3], [1, 2], [3, 1], [2, 3], [1], [2, 1], [2], [1], [3], [3, 1], [2, 3], [1, 2], [1], [5], [4], [5, 1], [4, 5]]}","{'map': {'0': 10, '1': 16, '2': 14, '3': 34, '4': 12, '5': 28, '6': 30, '7': 32}, 'arch': {'width': 9, 'height': 5, 'alg_qubits': [10, 28, 12, 30, 14, 32, 16, 34], 'magic_states': [1, 3, 5, 7, 17, 35, 43, 41, 39, 37, 9, 27]}, 'gates': [[6], [5], [7], [5, 6], [7, 5], [6, 7], [5], [6, 5], [6], [5], [7], [7, 5], [6, 7], [5, 6], [2], [4], [6], [4, 2], [6, 4], [2, 6], [4], [2, 4], [2], [4], [6], [6, 4], [2, 6], [4, 2], [7], [6], [2], [6, 7], [2, 6], [7, 2], [6], [7, 6], [7], [6], [2], [2, 6], [7, 2], [6, 7], [7], [6], [4], [6, 7], [4, 6], [7, 4], [6], [7, 6], [7], [6], [4], [4, 6], [7, 4], [6, 7], [1], [3], [0], [3, 1], [0, 3], [1, 0], [3], [1, 3], [1], [3], [0], [0, 3], [1, 0], [3, 1], [1], [3], [5], [3, 1], [5, 3], [1, 5], [3], [1, 3], [1], [3], [5]]}","{'map': {'0': 10, '1': 32, '2': 34, '3': 12, '4': 30, '5': 16, '6': 28}, 'arch': {'width': 9, 'height': 5, 'alg_qubits': [10, 28, 12, 30, 14, 32, 16, 34], 'magic_states': [1, 3, 5, 7, 17, 35, 43, 41, 39, 37, 9, 27]}, 'gates': [[3], [1], [6], [6, 1], [3, 6], [1, 3], [5], [0], [1], [0, 5], [1, 0], [5, 1], [0], [5, 0], [5], [0], [1], [1, 0], [5, 1], [0, 5], [2], [4], [0], [4, 2], [0, 4], [2, 0], [4], [2, 4], [2], [4], [0], [0, 4], [2, 0], [4, 2], [5], [0], [1], [0, 5], [1, 0], [5, 1], [0], [5, 0], [5], [0], [1], [1, 0], [5, 1], [0, 5], [5], [3], [6], [3, 5], [6, 3], [5, 6], [3], [5, 3], [5], [3], [6], [6, 3], [5, 6], [3, 5], [4], [0], [3], [0, 4], [3, 0], [4, 3], [0], [4, 0], [4], [0], [3], [3, 0], [4, 3], [0, 4], [1], [2], [0], [2, 1], [0, 2]]}"
jku_suite_39.qasm,"{'map': {'0': 56, '1': 54, '2': 20, '3': 30, '4': 62, '5': 52, '6': 28, '7': 18, '8': 22, '9': 24, '10': 64, '11': 66, '12': 32, '13': 26, '14': 60}, 'arch': {'width': 17, 'height': 5, 'alg_qubits': [18, 52, 20, 54, 22, 56, 24, 58, 26, 60, 28, 62, 30, 64, 32, 66], 'magic_states': [1, 3, 5, 7, 9, 11, 13, 15, 33, 67, 83, 81, 79, 77, 75, 73, 71, 69, 17, 51]}, 'gates': [[8], [7], [9], [9, 7], [8, 9], [7, 8], [6], [9], [10], [9, 6], [10, 9], [6, 10], [9], [6, 9], [6], [9], [10], [10, 9], [6, 10], [9, 6], [5], [10], [11], [10, 5], [11, 10], [5, 11], [10], [5, 10], [5], [10], [11], [11, 10], [5, 11], [10, 5], [4], [11], [12], [11, 4], [12, 11], [4, 12], [11], [4, 11], [4], [11], [12], [12, 11], [4, 12], [11, 4], [2], [12], [13], [12, 2], [13, 12], [2, 13], [12], [2, 12], [2], [12], [13], [13, 12], [2, 13], [12, 2], [1], [13], [14], [13, 1], [14, 13], [1, 14], [13], [1, 13], [1], [13], [14], [14, 13], [1, 14], [13, 1], [3], [14], [0], [14, 3], [0, 14]]}","{'map': {'0': 64, '1': 30, '2': 28, '3': 24, '4': 26, '5': 62, '6': 56, '7': 32, '8': 52, '9': 54, '10': 60, '11': 66, '12': 18, '13': 22, '14': 20}, 'arch': {'width': 17, 'height': 5, 'alg_qubits': [18, 52, 20, 54, 22, 56, 24, 58, 26, 60, 28, 62, 30, 64, 32, 66], 'magic_states': [1, 3, 5, 7, 9, 11, 13, 15, 33, 67, 83, 81, 79, 77, 75, 73, 71, 69, 17, 51]}, 'gates': [[0, 14], [3, 0], [14, 3], [1], [13], [14], [13, 1], [14, 13], [1, 14], [13], [1, 13], [1], [13], [14], [14, 13], [1, 14], [13, 1], [2], [12], [13], [12, 2], [13, 12], [2, 13], [12], [2, 12], [2], [12], [13], [13, 12], [2, 13], [12, 2], [4], [11], [12], [11, 4], [12, 11], [4, 12], [11], [4, 11], [4], [11], [12], [12, 11], [4, 12], [11, 4], [5], [10], [11], [10, 5], [11, 10], [5, 11], [10], [5, 10], [5], [10], [11], [11, 10], [5, 11], [10, 5], [6], [9], [10], [9, 6], [10, 9], [6, 10], [9], [6, 9], [6], [9], [10], [10, 9], [6, 10], [9, 6], [8], [7], [9], [7, 8], [9, 7], [8, 9], [7], [8, 7]]}","{'map': {'0': 26, '1': 58, '2': 24, '3': 64, '4': 52, '5': 28, '6': 20, '7': 18, '8': 56, '9': 54, '10': 60, '11': 22, '12': 66, '13': 32, '14': 30}, 'arch': {'width': 17, 'height': 5, 'alg_qubits': [18, 52, 20, 54, 22, 56, 24, 58, 26, 60, 28, 62, 30, 64, 32, 66], 'magic_states': [1, 3, 5, 7, 9, 11, 13, 15, 33, 67, 83, 81, 79, 77, 75, 73, 71, 69, 17, 51]}, 'gates': [[8, 7], [10, 8], [7, 10], [4], [14], [0], [14, 4], [0, 14], [4, 0], [14], [4, 14], [4], [14], [0], [0, 14], [4, 0], [14, 4], [1], [13], [14], [13, 1], [14, 13], [1, 14], [13], [1, 13], [1], [13], [14], [14, 13], [1, 14], [13, 1], [2], [12], [13], [12, 2], [13, 12], [2, 13], [12], [2, 12], [2], [12], [13], [13, 12], [2, 13], [12, 2], [3], [11], [12], [11, 3], [12, 11], [3, 12], [11], [3, 11], [3], [11], [12], [12, 11], [3, 12], [11, 3], [5], [10], [11], [10, 5], [11, 10], [5, 11], [10], [5, 10], [5], [10], [11], [11, 10], [5, 11], [10, 5], [6], [9], [10], [9, 6], [10, 9], [6, 10], [9], [6, 9]]}","{'map': {'0': 20, '1': 18, '2': 60, '3': 54, '4': 32, '5': 56, '6': 58, '7': 30, '8': 52, '9': 62, '10': 28, '11': 22, '12': 64, '13': 66, '14': 26}, 'arch': {'width': 17, 'height': 5, 'alg_qubits': [18, 52, 20, 54, 22, 56, 24, 58, 26, 60, 28, 62, 30, 64, 32, 66], 'magic_states': [1, 3, 5, 7, 9, 11, 13, 15, 33, 67, 83, 81, 79, 77, 75, 73, 71, 69, 17, 51]}, 'gates': [[14, 12], [13], [14, 13], [14], [13], [12], [12, 13], [14, 12], [13, 14], [6], [1], [0], [1, 6], [0, 1], [6, 0], [1], [6, 1], [6], [1], [0], [0, 1], [6, 0], [1, 6], [7], [2], [1], [2, 7], [1, 2], [7, 1], [2], [7, 2], [7], [2], [1], [1, 2], [7, 1], [2, 7], [8], [3], [2], [3, 8], [2, 3], [8, 2], [3], [8, 3], [8], [3], [2], [2, 3], [8, 2], [3, 8], [9], [4], [3], [4, 9], [3, 4], [9, 3], [4], [9, 4], [9], [4], [3], [3, 4], [9, 3], [4, 9], [10], [5], [4], [5, 10], [4, 5], [10, 4], [5], [10, 5], [10], [5], [4], [4, 5], [10, 4], [5, 10], [12], [11]]}","{'map': {'0': 26, '1': 32, '2': 62, '3': 18, '4': 58, '5': 56, '6': 22, '7': 54, '8': 28, '9': 60, '10': 24, '11': 64, '12': 20, '13': 30, '14': 66}, 'arch': {'width': 17, 'height': 5, 'alg_qubits': [18, 52, 20, 54, 22, 56, 24, 58, 26, 60, 28, 62, 30, 64, 32, 66], 'magic_states': [1, 3, 5, 7, 9, 11, 13, 15, 33, 67, 83, 81, 79, 77, 75, 73, 71, 69, 17, 51]}, 'gates': [[13, 14], [6], [1], [0], [1, 6], [0, 1], [6, 0], [1], [6, 1], [6], [1], [0], [0, 1], [6, 0], [1, 6], [7], [2], [1], [2, 7], [1, 2], [7, 1], [2], [7, 2], [7], [2], [1], [1, 2], [7, 1], [2, 7], [8], [3], [2], [3, 8], [2, 3], [8, 2], [3], [8, 3], [8], [3], [2], [2, 3], [8, 2], [3, 8], [9], [4], [3], [4, 9], [3, 4], [9, 3], [4], [9, 4], [9], [4], [3], [3, 4], [9, 3], [4, 9], [10], [5], [4], [5, 10], [4, 5], [10, 4], [5], [10, 5], [10], [5], [4], [4, 5], [10, 4], [5, 10], [12], [11], [5], [11, 12], [5, 11], [12, 5], [11], [12, 11], [12], [11]]}"
quest_suite_13.qasm,"{'map': {'0': 44, '1': 50, '2': 40, '3': 18, '4': 14, '5': 24, '6': 46, '7': 48, '8': 42, '9': 16, '10': 22}, 'arch': {'width': 13, 'height': 5, 'alg_qubits': [14, 40, 16, 42, 18, 44, 20, 46, 22, 48, 24, 50], 'magic_states': [1, 3, 5, 7, 9, 11, 25, 51, 63, 61, 59, 57, 55, 53, 13, 39]}, 'gates': [[10, 6], [5, 10], [6, 5], [4], [7], [6], [7, 4], [6, 7], [4, 6], [7], [4, 7], [4], [7], [6], [6, 7], [4, 6], [7, 4], [3], [8], [7], [8, 3], [7, 8], [3, 7], [8], [3, 8], [3], [8], [7], [7, 8], [3, 7], [8, 3], [2], [9], [8], [9, 2], [8, 9], [2, 8], [9], [2, 9], [2], [9], [8], [8, 9], [2, 8], [9, 2], [0], [1], [9], [1, 0], [9, 1], [0, 9], [1], [0, 1], [0], [1], [9], [9, 1], [0, 9], [1, 0], [2], [9], [8], [9, 2], [8, 9], [2, 8], [9], [2, 9], [2], [9], [8], [8, 9], [2, 8], [9, 2], [3], [8], [7], [8, 3], [7, 8], [3, 7], [8], [3, 8]]}","{'map': {'0': 14, '1': 48, '2': 46, '3': 16, '4': 20, '5': 50, '6': 18, '7': 40, '8': 44, '9': 24, '10': 42}, 'arch': {'width': 13, 'height': 5, 'alg_qubits': [14, 40, 16, 42, 18, 44, 20, 46, 22, 48, 24, 50], 'magic_states': [1, 3, 5, 7, 9, 11, 25, 51, 63, 61, 59, 57, 55, 53, 13, 39]}, 'gates': [[3, 8], [7], [2], [1], [2, 7], [1, 2], [7, 1], [2], [7, 2], [7], [2], [1], [1, 2], [7, 1], [2, 7], [6], [1], [0], [1, 6], [0, 1], [6, 0], [1], [6, 1], [6], [1], [0], [0, 1], [6, 0], [1, 6], [7], [2], [1], [2, 7], [1, 2], [7, 1], [2], [7, 2], [7], [2], [1], [1, 2], [7, 1], [2, 7], [8], [3], [2], [3, 8], [2, 3], [8, 2], [3], [8, 3], [8], [3], [2], [2, 3], [8, 2], [3, 8], [9], [4], [3], [4, 9], [3, 4], [9, 3], [4], [9, 4], [9], [4], [3], [3, 4], [9, 3], [4, 9], [10], [5], [4], [5, 10], [4, 5], [10, 4], [5], [10, 5], [10], [5]]}","{'map': {'0': 14, '1': 48, '2': 46, '3': 16, '4': 20, '5': 50, '6': 18, '7': 40, '8': 44, '9': 24, '10': 42}, 'arch': {'width': 13, 'height': 5, 'alg_qubits': [14, 40, 16, 42, 18, 44, 20, 46, 22, 48, 24, 50], 'magic_states': [1, 3, 5, 7, 9, 11, 25, 51, 63, 61, 59, 57, 55, 53, 13, 39]}, 'gates': [[3, 8], [7], [2], [1], [2, 7], [1, 2], [7, 1], [2], [7, 2], [7], [2], [1], [1, 2], [7, 1], [2, 7], [6], [1], [0], [1, 6], [0, 1], [6, 0], [1], [6, 1], [6], [1], [0], [0, 1], [6, 0], [1, 6], [7], [2], [1], [2, 7], [1, 2], [7, 1], [2], [7, 2], [7], [2], [1], [1, 2], [7, 1], [2, 7], [8], [3], [2], [3, 8], [2, 3], [8, 2], [3], [8, 3], [8], [3], [2], [2, 3], [8, 2], [3, 8], [9], [4], [3], [4, 9], [3, 4], [9, 3], [4], [9, 4], [9], [4], [3], [3, 4], [9, 3], [4, 9], [10], [5], [4], [5, 10], [4, 5], [10, 4], [5], [10, 5], [10], [5]]}","{'map': {'0': 22, '1': 20, '2': 40, '3': 18, '4': 16, '5': 42, '6': 48, '7': 44, '8': 46, '9': 14, '10': 50}, 'arch': {'width': 13, 'height': 5, 'alg_qubits': [14, 40, 16, 42, 18, 44, 20, 46, 22, 48, 24, 50], 'magic_states': [1, 3, 5, 7, 9, 11, 25, 51, 63, 61, 59, 57, 55, 53, 13, 39]}, 'gates': [[8, 9], [7], [4], [5], [4, 7], [5, 4], [7, 5], [4], [7, 4], [7], [4], [5], [5, 4], [7, 5], [4, 7], [10], [9], [0], [9, 10], [0, 9], [10, 0], [9], [10, 9], [10], [9], [0], [0, 9], [10, 0], [9, 10], [1], [8], [9], [8, 1], [9, 8], [1, 9], [8], [1, 8], [1], [8], [9], [9, 8], [1, 9], [8, 1], [2], [7], [8], [7, 2], [8, 7], [2, 8], [7], [2, 7], [2], [7], [8], [8, 7], [2, 8], [7, 2], [3], [6], [7], [6, 3], [7, 6], [3, 7], [6], [3, 6], [3], [6], [7], [7, 6], [3, 7], [6, 3], [5], [4], [6], [4, 5], [6, 4], [5, 6], [4], [5, 4], [5], [4]]}","{'map': {'0': 22, '1': 20, '2': 40, '3': 18, '4': 16, '5': 42, '6': 48, '7': 44, '8': 46, '9': 14, '10': 50}, 'arch': {'width': 13, 'height': 5, 'alg_qubits': [14, 40, 16, 42, 18, 44, 20, 46, 22, 48, 24, 50], 'magic_states': [1, 3, 5, 7, 9, 11, 25, 51, 63, 61, 59, 57, 55, 53, 13, 39]}, 'gates': [[8, 9], [7], [4], [5], [4, 7], [5, 4], [7, 5], [4], [7, 4], [7], [4], [5], [5, 4], [7, 5], [4, 7], [10], [9], [0], [9, 10], [0, 9], [10, 0], [9], [10, 9], [10], [9], [0], [0, 9], [10, 0], [9, 10], [1], [8], [9], [8, 1], [9, 8], [1, 9], [8], [1, 8], [1], [8], [9], [9, 8], [1, 9], [8, 1], [2], [7], [8], [7, 2], [8, 7], [2, 8], [7], [2, 7], [2], [7], [8], [8, 7], [2, 8], [7, 2], [3], [6], [7], [6, 3], [7, 6], [3, 7], [6], [3, 6], [3], [6], [7], [7, 6], [3, 7], [6, 3], [5], [4], [6], [4, 5], [6, 4], [5, 6], [4], [5, 4], [5], [4]]}"
grover_5.qasm,"{'map': {'0': 26, '1': 24, '2': 12, '3': 8, '4': 22, '5': 10}, 'arch': {'width': 7, 'height': 5, 'alg_qubits': [8, 22, 10, 24, 12, 26], 'magic_states': [1, 3, 5, 13, 27, 33, 31, 29, 7, 21]}, 'gates': [[1], [4], [2], [4, 1], [2, 4], [1, 2], [4], [1, 4], [1], [4], [2], [2, 4], [1, 2], [4, 1], [5], [3], [4], [3, 5], [4, 3], [5, 4], [3], [5, 3], [5], [3], [4], [4, 3], [5, 4], [3, 5], [0], [1], [3], [1, 0], [3, 1], [0, 3], [1], [0, 1], [0], [1], [3], [3, 1], [0, 3], [1, 0], [5], [3], [4], [3, 5], [4, 3], [5, 4], [3], [5, 3], [5], [3], [4], [4, 3], [5, 4], [3, 5], [0], [1], [3], [1, 0], [3, 1], [0, 3], [1], [0, 1], [0], [1], [3], [3, 1], [0, 3], [1, 0], [1], [5], [3], [5, 1], [3, 5], [1, 3], [5], [1, 5], [1], [5], [3]]}","{'map': {'0': 22, '1': 12, '2': 8, '3': 24, '4': 26, '5': 20}, 'arch': {'width': 7, 'height': 5, 'alg_qubits': [8, 22, 10, 24, 12, 26], 'magic_states': [1, 3, 5, 13, 27, 33, 31, 29, 7, 21]}, 'gates': [[2], [2], [2], [2], [2], [2], [2], [2], [2], [2], [2], [2], [2], [2], [2], [2], [2], [2], [2], [2], [2], [2], [2], [2], [2], [2], [2], [2], [2], [2], [2], [2], [2], [2], [2], [2], [2], [2], [2], [2], [2], [0, 2], [4, 5], [5], [3, 5], [5], [4, 5], [4], [5], [3, 5], [5], [5], [5], [5], [5], [5], [5], [5], [5], [5], [5], [5], [5], [5], [5], [5], [5], [5], [5], [5], [5], [5], [5], [5], [5], [5], [5], [5], [5], [5], [5]]}","{'map': {'0': 24, '1': 22, '2': 26, '3': 10, '4': 8, '5': 12}, 'arch': {'width': 7, 'height': 5, 'alg_qubits': [8, 22, 10, 24, 12, 26], 'magic_states': [1, 3, 5, 13, 27, 33, 31, 29, 7, 21]}, 'gates': [[4], [4, 0], [1, 4], [0, 1], [3], [2], [5], [2, 3], [5, 2], [3, 5], [2], [3, 2], [3], [2], [5], [5, 2], [3, 5], [2, 3], [5], [3], [4], [3, 5], [4, 3], [5, 4], [3], [5, 3], [5], [3], [4], [4, 3], [5, 4], [3, 5], [1], [0], [3], [0, 1], [3, 0], [1, 3], [0], [1, 0], [1], [0], [3], [3, 0], [1, 3], [0, 1], [5], [3], [4], [3, 5], [4, 3], [5, 4], [3], [5, 3], [5], [3], [4], [4, 3], [5, 4], [3, 5], [1], [0], [3], [0, 1], [3, 0], [1, 3], [0], [1, 0], [1], [0], [3], [3, 0], [1, 3], [0, 1], [3], [2], [5], [2, 3], [5, 2], [3, 5], [2]]}","{'map': {'0': 10, '1': 24, '2': 8, '3': 12, '4': 22, '5': 26}, 'arch': {'width': 7, 'height': 5, 'alg_qubits': [8, 22, 10, 24, 12, 26], 'magic_states': [1, 3, 5, 13, 27, 33, 31, 29, 7, 21]}, 'gates': [[5], [4], [0], [4, 5], [0, 4], [5, 0], [4], [5, 4], [5], [4], [0], [0, 4], [5, 0], [4, 5], [5], [4], [1], [4, 5], [1, 4], [5, 1], [4], [5, 4], [5], [4], [1], [1, 4], [5, 1], [4, 5], [1], [5], [0], [5, 1], [0, 5], [1, 0], [5], [1, 5], [1], [5], [0], [0, 5], [1, 0], [5, 1], [3], [2], [5], [2, 3], [5, 2], [3, 5], [2], [3, 2], [3], [2], [5], [5, 2], [3, 5], [2, 3], [1], [5], [0], [5, 1], [0, 5], [1, 0], [5], [1, 5], [1], [5], [0], [0, 5], [1, 0], [5, 1], [3], [2], [5], [2, 3], [5, 2], [3, 5], [2], [3, 2], [3], [2], [5]]}","{'map': {'0': 10, '1': 24, '2': 12, '3': 22, '4': 8, '5': 26}, 'arch': {'width': 7, 'height': 5, 'alg_qubits': [8, 22, 10, 24, 12, 26], 'magic_states': [1, 3, 5, 13, 27, 33, 31, 29, 7, 21]}, 'gates': [[2], [1], [0], [1, 2], [0, 1], [2, 0], [1], [2, 1], [2], [1], [0], [0, 1], [2, 0], [1, 2], [4, 0], [3], [2], [5], [2, 3], [5, 2], [3, 5], [2], [3, 2], [3], [2], [5], [5, 2], [3, 5], [2, 3], [5], [3], [4], [3, 5], [4, 3], [5, 4], [3], [5, 3], [5], [3], [4], [4, 3], [5, 4], [3, 5], [1], [0], [3], [0, 1], [3, 0], [1, 3], [0], [1, 0], [1], [0], [3], [3, 0], [1, 3], [0, 1], [5], [3], [4], [3, 5], [4, 3], [5, 4], [3], [5, 3], [5], [3], [4], [4, 3], [5, 4], [3, 5], [1], [0], [3], [0, 1], [3, 0], [1, 3], [0], [1, 0], [1], [0]]}"
quest_suite_11.qasm,"{'map': {'0': 40, '1': 34, '2': 18, '3': 14, '4': 20, '5': 36, '6': 12, '7': 16, '8': 42, '9': 52}, 'arch': {'width': 11, 'height': 5, 'alg_qubits': [12, 34, 14, 36, 16, 38, 18, 40, 20, 42], 'magic_states': [1, 3, 5, 7, 9, 21, 43, 53, 51, 49, 47, 45, 11, 33]}, 'gates': [[9, 8], [6], [7], [9], [7, 6], [9, 7], [6, 9], [7], [6, 7], [6], [7], [9], [9, 7], [6, 9], [7, 6], [5], [1], [7], [1, 5], [7, 1], [5, 7], [1], [5, 1], [5], [1], [7], [7, 1], [5, 7], [1, 5], [2], [4], [1], [4, 2], [1, 4], [2, 1], [4], [2, 4], [2], [4], [1], [1, 4], [2, 1], [4, 2], [5], [1], [7], [1, 5], [7, 1], [5, 7], [1], [5, 1], [5], [1], [7], [7, 1], [5, 7], [1, 5], [6], [7], [9], [7, 6], [9, 7], [6, 9], [7], [6, 7], [6], [7], [9], [9, 7], [6, 9], [7, 6], [8], [9], [0], [9, 8], [0, 9], [8, 0], [9], [8, 9], [8], [9]]}","{'map': {'0': 34, '1': 18, '2': 38, '3': 40, '4': 14, '5': 42, '6': 20, '7': 16, '8': 12, '9': 36}, 'arch': {'width': 11, 'height': 5, 'alg_qubits': [12, 34, 14, 36, 16, 38, 18, 40, 20, 42], 'magic_states': [1, 3, 5, 7, 9, 21, 43, 53, 51, 49, 47, 45, 11, 33]}, 'gates': [[8, 7], [6], [9], [3], [9, 6], [3, 9], [6, 3], [9], [6, 9], [6], [9], [3], [3, 9], [6, 3], [9, 6], [7], [8], [9], [8, 7], [9, 8], [7, 9], [8], [7, 8], [7], [8], [9], [9, 8], [7, 9], [8, 7], [4], [5], [8], [5, 4], [8, 5], [4, 8], [5], [4, 5], [4], [5], [8], [8, 5], [4, 8], [5, 4], [7], [8], [9], [8, 7], [9, 8], [7, 9], [8], [7, 8], [7], [8], [9], [9, 8], [7, 9], [8, 7], [2], [9], [6], [9, 2], [6, 9], [2, 6], [9], [2, 9], [2], [9], [6], [6, 9], [2, 6], [9, 2], [0], [1], [9], [1, 0], [9, 1], [0, 9], [1], [0, 1], [0], [1]]}","{'map': {'0': 42, '1': 20, '2': 14, '3': 40, '4': 38, '5': 16, '6': 36, '7': 12, '8': 34, '9': 28}, 'arch': {'width': 11, 'height': 5, 'alg_qubits': [12, 34, 14, 36, 16, 38, 18, 40, 20, 42], 'magic_states': [1, 3, 5, 7, 9, 21, 43, 53, 51, 49, 47, 45, 11, 33]}, 'gates': [[4, 9], [1], [5], [0], [5, 1], [0, 5], [1, 0], [5], [1, 5], [1], [5], [0], [0, 5], [1, 0], [5, 1], [9], [4], [5], [4, 9], [5, 4], [9, 5], [4], [9, 4], [9], [4], [5], [5, 4], [9, 5], [4, 9], [8], [3], [4], [3, 8], [4, 3], [8, 4], [3], [8, 3], [8], [3], [4], [4, 3], [8, 4], [3, 8], [6], [7], [3], [7, 6], [3, 7], [6, 3], [7], [6, 7], [6], [7], [3], [3, 7], [6, 3], [7, 6], [8], [3], [4], [3, 8], [4, 3], [8, 4], [3], [8, 3], [8], [3], [4], [4, 3], [8, 4], [3, 8], [9], [4], [5], [4, 9], [5, 4], [9, 5], [4], [9, 4], [9], [4]]}","{'map': {'0': 42, '1': 14, '2': 34, '3': 16, '4': 12, '5': 40, '6': 38, '7': 18, '8': 36, '9': 20}, 'arch': {'width': 11, 'height': 5, 'alg_qubits': [12, 34, 14, 36, 16, 38, 18, 40, 20, 42], 'magic_states': [1, 3, 5, 7, 9, 21, 43, 53, 51, 49, 47, 45, 11, 33]}, 'gates': [[6, 7], [5], [8], [2], [8, 5], [2, 8], [5, 2], [8], [5, 8], [5], [8], [2], [2, 8], [5, 2], [8, 5], [4], [2], [1], [2, 4], [1, 2], [4, 1], [2], [4, 2], [4], [2], [1], [1, 2], [4, 1], [2, 4], [0], [3], [9], [3, 0], [9, 3], [0, 9], [3], [0, 3], [0], [3], [9], [9, 3], [0, 9], [3, 0], [2], [1], [3], [1, 2], [3, 1], [2, 3], [1], [2, 1], [2], [1], [3], [3, 1], [2, 3], [1, 2], [0], [3], [9], [3, 0], [9, 3], [0, 9], [3], [0, 3], [0], [3], [9], [9, 3], [0, 9], [3, 0], [2], [1], [3], [1, 2], [3, 1], [2, 3], [1], [2, 1], [2], [1]]}","{'map': {'0': 40, '1': 34, '2': 36, '3': 18, '4': 20, '5': 12, '6': 16, '7': 42, '8': 38, '9': 14}, 'arch': {'width': 11, 'height': 5, 'alg_qubits': [12, 34, 14, 36, 16, 38, 18, 40, 20, 42], 'magic_states': [1, 3, 5, 7, 9, 21, 43, 53, 51, 49, 47, 45, 11, 33]}, 'gates': [[6, 7], [5], [8], [2], [8, 5], [2, 8], [5, 2], [8], [5, 8], [5], [8], [2], [2, 8], [5, 2], [8, 5], [4], [2], [1], [2, 4], [1, 2], [4, 1], [2], [4, 2], [4], [2], [1], [1, 2], [4, 1], [2, 4], [0], [3], [9], [3, 0], [9, 3], [0, 9], [3], [0, 3], [0], [3], [9], [9, 3], [0, 9], [3, 0], [2], [1], [3], [1, 2], [3, 1], [2, 3], [1], [2, 1], [2], [1], [3], [3, 1], [2, 3], [1, 2], [0], [3], [9], [3, 0], [9, 3], [0, 9], [3], [0, 3], [0], [3], [9], [9, 3], [0, 9], [3, 0], [2], [1], [3], [1, 2], [3, 1], [2, 3], [1], [2, 1], [2], [1]]}"
quest_suite_5.qasm,"{'map': {'0': 14, '1': 30, '2': 34, '3': 16, '4': 10, '5': 28, '6': 12, '7': 32}, 'arch': {'width': 9, 'height': 5, 'alg_qubits': [10, 28, 12, 30, 14, 32, 16, 34], 'magic_states': [1, 3, 5, 7, 17, 35, 43, 41, 39, 37, 9, 27]}, 'gates': [[0, 2], [1, 5], [0, 2], [1, 5], [2, 3], [0, 6], [1, 7], [4, 5], [2, 3], [0, 6], [1, 7], [4, 5], [3, 7], [4, 6], [1, 5], [0, 2], [3, 7], [4, 6], [1, 5], [0, 2], [4, 5], [2, 3], [0, 6], [1, 7], [4, 5], [2, 3], [0, 6], [1, 7], [4, 6], [3, 7], [4, 6], [3, 7]]}","{'map': {'0': 16, '1': 10, '2': 14, '3': 34, '4': 12, '5': 30, '6': 28, '7': 32}, 'arch': {'width': 9, 'height': 5, 'alg_qubits': [10, 28, 12, 30, 14, 32, 16, 34], 'magic_states': [1, 3, 5, 7, 17, 35, 43, 41, 39, 37, 9, 27]}, 'gates': [[6], [5], [2], [2, 5], [6, 2], [5, 6], [4], [2], [1], [2, 4], [1, 2], [4, 1], [2], [4, 2], [4], [2], [1], [1, 2], [4, 1], [2, 4], [0], [3], [7], [3, 0], [7, 3], [0, 7], [3], [0, 3], [0], [3], [7], [7, 3], [0, 7], [3, 0], [2], [1], [3], [1, 2], [3, 1], [2, 3], [1], [2, 1], [2], [1], [3], [3, 1], [2, 3], [1, 2], [0], [3], [7], [3, 0], [7, 3], [0, 7], [3], [0, 3], [0], [3], [7], [7, 3], [0, 7], [3, 0], [2], [1], [3], [1, 2], [3, 1], [2, 3], [1], [2, 1], [2], [1], [3], [3, 1], [2, 3], [1, 2], [1], [5], [4], [5, 1], [4, 5]]}","{'map': {'0': 14, '1': 32, '2': 34, '3': 12, '4': 10, '5': 16, '6': 30, '7': 28}, 'arch': {'width': 9, 'height': 5, 'alg_qubits': [10, 28, 12, 30, 14, 32, 16, 34], 'magic_states': [1, 3, 5, 7, 17, 35, 43, 41, 39, 37, 9, 27]}, 'gates': [[3, 6], [7, 3], [6, 7], [5], [3], [2], [3, 5], [2, 3], [5, 2], [3], [5, 3], [5], [3], [2], [2, 3], [5, 2], [3, 5], [0], [2], [1], [2, 0], [1, 2], [0, 1], [2], [0, 2], [0], [2], [1], [1, 2], [0, 1], [2, 0], [0], [1], [4], [1, 0], [4, 1], [0, 4], [1], [0, 1], [0], [1], [4], [4, 1], [0, 4], [1, 0], [0], [4], [5], [4, 0], [5, 4], [0, 5], [4], [0, 4], [0], [4], [5], [5, 4], [0, 5], [4, 0], [0], [5], [1], [5, 0], [1, 5], [0, 1], [5], [0, 5], [0], [5], [1], [1, 5], [0, 1], [5, 0], [0], [1], [6], [1, 0], [6, 1], [0, 6], [1], [0, 1]]}","{'map': {'0': 32, '1': 34, '2': 12, '3': 16, '4': 30, '5': 28, '6': 14, '7': 10}, 'arch': {'width': 9, 'height': 5, 'alg_qubits': [10, 28, 12, 30, 14, 32, 16, 34], 'magic_states': [1, 3, 5, 7, 17, 35, 43, 41, 39, 37, 9, 27]}, 'gates': [[2, 5], [6, 2], [5, 6], [4], [2], [1], [2, 4], [1, 2], [4, 1], [2], [4, 2], [4], [2], [1], [1, 2], [4, 1], [2, 4], [3], [1], [0], [1, 3], [0, 1], [3, 0], [1], [3, 1], [3], [1], [0], [0, 1], [3, 0], [1, 3], [4], [2], [1], [2, 4], [1, 2], [4, 1], [2], [4, 2], [4], [2], [1], [1, 2], [4, 1], [2, 4], [6], [5], [2], [5, 6], [2, 5], [6, 2], [5], [6, 5], [6], [5], [2], [2, 5], [6, 2], [5, 6], [4], [2], [1], [2, 4], [1, 2], [4, 1], [2], [4, 2], [4], [2], [1], [1, 2], [4, 1], [2, 4], [0], [3], [7], [3, 0], [7, 3], [0, 7], [3], [0, 3]]}","{'map': {'0': 28, '1': 30, '2': 34, '3': 16, '4': 10, '5': 12, '6': 32}, 'arch': {'width': 9, 'height': 5, 'alg_qubits': [10, 28, 12, 30, 14, 32, 16, 34], 'magic_states': [1, 3, 5, 7, 17, 35, 43, 41, 39, 37, 9, 27]}, 'gates': [[2, 3], [6, 2], [3, 6], [5], [1], [3], [1, 5], [3, 1], [5, 3], [1], [5, 1], [5], [1], [3], [3, 1], [5, 3], [1, 5], [0], [4], [1], [4, 0], [1, 4], [0, 1], [4], [0, 4], [0], [4], [1], [1, 4], [0, 1], [4, 0], [5], [1], [3], [1, 5], [3, 1], [5, 3], [1], [5, 1], [5], [1], [3], [3, 1], [5, 3], [1, 5], [2], [5], [6], [5, 2], [6, 5], [2, 6], [5], [2, 5], [2], [5], [6], [6, 5], [2, 6], [5, 2], [0], [4], [6], [4, 0], [6, 4], [0, 6], [4], [0, 4], [0], [4], [6], [6, 4], [0, 6], [4, 0], [1], [3], [6], [3, 1], [6, 3], [1, 6], [3], [1, 3]]}"
qft_8.qasm,"{'map': {'0': 56, '1': 54, '2': 20, '3': 30, '4': 62, '5': 52, '6': 28, '7': 18, '8': 22, '9': 24, '10': 64, '11': 66, '12': 32, '13': 26, '14': 60}, 'arch': {'width': 17, 'height': 5, 'alg_qubits': [18, 52, 20, 54, 22, 56, 24, 58, 26, 60, 28, 62, 30, 64, 32, 66], 'magic_states': [1, 3, 5, 7, 9, 11, 13, 15, 33, 67, 83, 81, 79, 77, 75, 73, 71, 69, 17, 51]}, 'gates': [[8], [7], [9], [9, 7], [8, 9], [7, 8], [6], [9], [10], [9, 6], [10, 9], [6, 10], [9], [6, 9], [6], [9], [10], [10, 9], [6, 10], [9, 6], [5], [10], [11], [10, 5], [11, 10], [5, 11], [10], [5, 10], [5], [10], [11], [11, 10], [5, 11], [10, 5], [4], [11], [12], [11, 4], [12, 11], [4, 12], [11], [4, 11], [4], [11], [12], [12, 11], [4, 12], [11, 4], [2], [12], [13], [12, 2], [13, 12], [2, 13], [12], [2, 12], [2], [12], [13], [13, 12], [2, 13], [12, 2], [1], [13], [14], [13, 1], [14, 13], [1, 14], [13], [1, 13], [1], [13], [14], [14, 13], [1, 14], [13, 1], [3], [14], [0], [14, 3], [0, 14]]}","{'map': {'0': 26, '1': 24, '2': 12, '3': 8, '4': 22, '5': 10}, 'arch': {'width': 7, 'height': 5, 'alg_qubits': [8, 22, 10, 24, 12, 26], 'magic_states': [1, 3, 5, 13, 27, 33, 31, 29, 7, 21]}, 'gates': [[1], [4], [2], [4, 1], [2, 4], [1, 2], [4], [1, 4], [1], [4], [2], [2, 4], [1, 2], [4, 1], [5], [3], [4], [3, 5], [4, 3], [5, 4], [3], [5, 3], [5], [3], [4], [4, 3], [5, 4], [3, 5], [0], [1], [3], [1, 0], [3, 1], [0, 3], [1], [0, 1], [0], [1], [3], [3, 1], [0, 3], [1, 0], [5], [3], [4], [3, 5], [4, 3], [5, 4], [3], [5, 3], [5], [3], [4], [4, 3], [5, 4], [3, 5], [0], [1], [3], [1, 0], [3, 1], [0, 3], [1], [0, 1], [0], [1], [3], [3, 1], [0, 3], [1, 0], [1], [5], [3], [5, 1], [3, 5], [1, 3], [5], [1, 5], [1], [5], [3]]}","{'map': {'0': 8, '1': 22, '2': 24, '3': 12, '4': 26}, 'arch': {'width': 7, 'height': 5, 'alg_qubits': [8, 22, 10, 24, 12, 26], 'magic_states': [1, 3, 5, 13, 27, 33, 31, 29, 7, 21]}, 'gates': [[2], [3], [1], [3, 2], [1, 3], [2, 1], [3], [2, 3], [2], [3], [1], [1, 3], [2, 1], [3, 2], [0], [4], [3], [4, 0], [3, 4], [0, 3], [4], [0, 4], [0], [4], [3], [3, 4], [0, 3], [4, 0], [2], [3], [1], [3, 2], [1, 3], [2, 1], [3], [2, 3], [2], [3], [1], [1, 3], [2, 1], [3, 2], [0], [4], [3], [4, 0], [3, 4], [0, 3], [4], [0, 4], [0], [4], [3], [3, 4], [0, 3], [4, 0], [2, 0], [3], [0], [2], [0, 3], [2, 0], [3, 2], [0], [3, 0], [3], [0], [2], [2, 0], [3, 2], [0, 3], [1], [4], [0], [4, 1], [0, 4], [1, 0], [4], [1, 4], [1], [4]]}","{'map': {'0': 26, '1': 24, '2': 8, '3': 22, '4': 10}, 'arch': {'width': 7, 'height': 5, 'alg_qubits': [8, 22, 10, 24, 12, 26], 'magic_states': [1, 3, 5, 13, 27, 33, 31, 29, 7, 21]}, 'gates': [[4], [1], [0], [1, 4], [0, 1], [4, 0], [1], [4, 1], [4], [1], [0], [0, 1], [4, 0], [1, 4], [1, 4], [2], [1], [0], [1, 2], [0, 1], [2, 0], [1], [2, 1], [2], [1], [0], [0, 1], [2, 0], [1, 2], [4], [3], [1], [3, 4], [1, 3], [4, 1], [3], [4, 3], [4], [3], [1], [1, 3], [4, 1], [3, 4], [2], [1], [0], [1, 2], [0, 1], [2, 0], [1], [2, 1], [2], [1], [0], [0, 1], [2, 0], [1, 2], [4], [3], [1], [3, 4], [1, 3], [4, 1], [3], [4, 3], [4], [3], [1], [1, 3], [4, 1], [3, 4], [0], [1], [4], [1, 0], [4, 1], [0, 4], [1], [0, 1], [0], [1]]}","{'map': {'0': 26, '1': 32, '2': 62, '3': 18, '4': 58, '5': 56, '6': 22, '7': 54, '8': 28, '9': 60, '10': 24, '11': 64, '12': 20, '13': 30, '14': 66}, 'arch': {'width': 17, 'height': 5, 'alg_qubits': [18, 52, 20, 54, 22, 56, 24, 58, 26, 60, 28, 62, 30, 64, 32, 66], 'magic_states': [1, 3, 5, 7, 9, 11, 13, 15, 33, 67, 83, 81, 79, 77, 75, 73, 71, 69, 17, 51]}, 'gates': [[13, 14], [6], [1], [0], [1, 6], [0, 1], [6, 0], [1], [6, 1], [6], [1], [0], [0, 1], [6, 0], [1, 6], [7], [2], [1], [2, 7], [1, 2], [7, 1], [2], [7, 2], [7], [2], [1], [1, 2], [7, 1], [2, 7], [8], [3], [2], [3, 8], [2, 3], [8, 2], [3], [8, 3], [8], [3], [2], [2, 3], [8, 2], [3, 8], [9], [4], [3], [4, 9], [3, 4], [9, 3], [4], [9, 4], [9], [4], [3], [3, 4], [9, 3], [4, 9], [10], [5], [4], [5, 10], [4, 5], [10, 4], [5], [10, 5], [10], [5], [4], [4, 5], [10, 4], [5, 10], [12], [11], [5], [11, 12], [5, 11], [12, 5], [11], [12, 11], [12], [11]]}"
autobraid_13.qasm,"{'map': {'0': 40, '1': 24, '2': 22, '3': 18, '4': 44, '5': 48, '6': 42, '7': 14, '8': 20, '9': 50, '10': 16}, 'arch': {'width': 13, 'height': 5, 'alg_qubits': [14, 40, 16, 42, 18, 44, 20, 46, 22, 48, 24, 50], 'magic_states': [1, 3, 5, 7, 9, 11, 25, 51, 63, 61, 59, 57, 55, 53, 13, 39]}, 'gates': [[5, 10], [9], [4], [3], [4, 9], [3, 4], [9, 3], [4], [9, 4], [9], [4], [3], [3, 4], [9, 3], [4, 9], [8], [3], [2], [3, 8], [2, 3], [8, 2], [3], [8, 3], [8], [3], [2], [2, 3], [8, 2], [3, 8], [7], [2], [1], [2, 7], [1, 2], [7, 1], [2], [7, 2], [7], [2], [1], [1, 2], [7, 1], [2, 7], [6], [1], [0], [1, 6], [0, 1], [6, 0], [1], [6, 1], [6], [1], [0], [0, 1], [6, 0], [1, 6], [7], [2], [1], [2, 7], [1, 2], [7, 1], [2], [7, 2], [7], [2], [1], [1, 2], [7, 1], [2, 7], [8], [3], [2], [3, 8], [2, 3], [8, 2], [3], [8, 3], [8], [3]]}","{'map': {'0': 40, '1': 24, '2': 22, '3': 18, '4': 44, '5': 48, '6': 42, '7': 14, '8': 20, '9': 50, '10': 16}, 'arch': {'width': 13, 'height': 5, 'alg_qubits': [14, 40, 16, 42, 18, 44, 20, 46, 22, 48, 24, 50], 'magic_states': [1, 3, 5, 7, 9, 11, 25, 51, 63, 61, 59, 57, 55, 53, 13, 39]}, 'gates': [[5, 10], [9], [4], [3], [4, 9], [3, 4], [9, 3], [4], [9, 4], [9], [4], [3], [3, 4], [9, 3], [4, 9], [8], [3], [2], [3, 8], [2, 3], [8, 2], [3], [8, 3], [8], [3], [2], [2, 3], [8, 2], [3, 8], [7], [2], [1], [2, 7], [1, 2], [7, 1], [2], [7, 2], [7], [2], [1], [1, 2], [7, 1], [2, 7], [6], [1], [0], [1, 6], [0, 1], [6, 0], [1], [6, 1], [6], [1], [0], [0, 1], [6, 0], [1, 6], [7], [2], [1], [2, 7], [1, 2], [7, 1], [2], [7, 2], [7], [2], [1], [1, 2], [7, 1], [2, 7], [8], [3], [2], [3, 8], [2, 3], [8, 2], [3], [8, 3], [8], [3]]}","{'map': {'0': 16, '1': 10, '2': 28, '3': 14, '4': 12, '5': 30, '6': 34, '7': 32}, 'arch': {'width': 9, 'height': 5, 'alg_qubits': [10, 28, 12, 30, 14, 32, 16, 34], 'magic_states': [1, 3, 5, 7, 17, 35, 43, 41, 39, 37, 9, 27]}, 'gates': [[3, 5], [7], [6], [3], [6, 7], [3, 6], [7, 3], [6], [7, 6], [7], [6], [3], [3, 6], [7, 3], [6, 7], [5], [3], [2], [3, 5], [2, 3], [5, 2], [3], [5, 3], [5], [3], [2], [2, 3], [5, 2], [3, 5], [1], [4], [2], [4, 1], [2, 4], [1, 2], [4], [1, 4], [1], [4], [2], [2, 4], [1, 2], [4, 1], [1], [4], [3], [4, 1], [3, 4], [1, 3], [4], [1, 4], [1], [4], [3], [3, 4], [1, 3], [4, 1], [7], [6], [5], [6, 7], [5, 6], [7, 5], [6], [7, 6], [7], [6], [5], [5, 6], [7, 5], [6, 7], [2], [1], [0], [1, 2], [0, 1], [2, 0], [1], [2, 1], [2], [1]]}","{'map': {'0': 24, '1': 22, '2': 50, '3': 42, '4': 14, '5': 46, '6': 40, '7': 44, '8': 48, '9': 16, '10': 20}, 'arch': {'width': 13, 'height': 5, 'alg_qubits': [14, 40, 16, 42, 18, 44, 20, 46, 22, 48, 24, 50], 'magic_states': [1, 3, 5, 7, 9, 11, 25, 51, 63, 61, 59, 57, 55, 53, 13, 39]}, 'gates': [[10], [5], [4], [4, 5], [10, 4], [5, 10], [9], [4], [3], [4, 9], [3, 4], [9, 3], [4], [9, 4], [9], [4], [3], [3, 4], [9, 3], [4, 9], [8], [3], [2], [3, 8], [2, 3], [8, 2], [3], [8, 3], [8], [3], [2], [2, 3], [8, 2], [3, 8], [7], [2], [1], [2, 7], [1, 2], [7, 1], [2], [7, 2], [7], [2], [1], [1, 2], [7, 1], [2, 7], [6], [1], [0], [1, 6], [0, 1], [6, 0], [1], [6, 1], [6], [1], [0], [0, 1], [6, 0], [1, 6], [7], [2], [1], [2, 7], [1, 2], [7, 1], [2], [7, 2], [7], [2], [1], [1, 2], [7, 1], [2, 7], [8], [3], [2], [3, 8], [2, 3]]}","{'map': {'0': 24, '1': 22, '2': 50, '3': 42, '4': 14, '5': 46, '6': 40, '7': 44, '8': 48, '9': 16, '10': 20}, 'arch': {'width': 13, 'height': 5, 'alg_qubits': [14, 40, 16, 42, 18, 44, 20, 46, 22, 48, 24, 50], 'magic_states': [1, 3, 5, 7, 9, 11, 25, 51, 63, 61, 59, 57, 55, 53, 13, 39]}, 'gates': [[10], [5], [4], [4, 5], [10, 4], [5, 10], [9], [4], [3], [4, 9], [3, 4], [9, 3], [4], [9, 4], [9], [4], [3], [3, 4], [9, 3], [4, 9], [8], [3], [2], [3, 8], [2, 3], [8, 2], [3], [8, 3], [8], [3], [2], [2, 3], [8, 2], [3, 8], [7], [2], [1], [2, 7], [1, 2], [7, 1], [2], [7, 2], [7], [2], [1], [1, 2], [7, 1], [2, 7], [6], [1], [0], [1, 6], [0, 1], [6, 0], [1], [6, 1], [6], [1], [0], [0, 1], [6, 0], [1, 6], [7], [2], [1], [2, 7], [1, 2], [7, 1], [2], [7, 2], [7], [2], [1], [1, 2], [7, 1], [2, 7], [8], [3], [2], [3, 8], [2, 3]]}"
jku_suite_33.qasm,"{'map': {'0': 26, '1': 32, '2': 62, '3': 18, '4': 58, '5': 56, '6': 22, '7': 54, '8': 28, '9': 60, '10': 24, '11': 64, '12': 20, '13': 30, '14': 66}, 'arch': {'width': 17, 'height': 5, 'alg_qubits': [18, 52, 20, 54, 22, 56, 24, 58, 26, 60, 28, 62, 30, 64, 32, 66], 'magic_states': [1, 3, 5, 7, 9, 11, 13, 15, 33, 67, 83, 81, 79, 77, 75, 73, 71, 69, 17, 51]}, 'gates': [[13, 14], [6], [1], [0], [1, 6], [0, 1], [6, 0], [1], [6, 1], [6], [1], [0], [0, 1], [6, 0], [1, 6], [7], [2], [1], [2, 7], [1, 2], [7, 1], [2], [7, 2], [7], [2], [1], [1, 2], [7, 1], [2, 7], [8], [3], [2], [3, 8], [2, 3], [8, 2], [3], [8, 3], [8], [3], [2], [2, 3], [8, 2], [3, 8], [9], [4], [3], [4, 9], [3, 4], [9, 3], [4], [9, 4], [9], [4], [3], [3, 4], [9, 3], [4, 9], [10], [5], [4], [5, 10], [4, 5], [10, 4], [5], [10, 5], [10], [5], [4], [4, 5], [10, 4], [5, 10], [12], [11], [5], [11, 12], [5, 11], [12, 5], [11], [12, 11], [12], [11]]}","{'map': {'0': 26, '1': 32, '2': 62, '3': 18, '4': 58, '5': 56, '6': 22, '7': 54, '8': 28, '9': 60, '10': 24, '11': 64, '12': 20, '13': 30, '14': 66}, 'arch': {'width': 17, 'height': 5, 'alg_qubits': [18, 52, 20, 54, 22, 56, 24, 58, 26, 60, 28, 62, 30, 64, 32, 66], 'magic_states': [1, 3, 5, 7, 9, 11, 13, 15, 33, 67, 83, 81, 79, 77, 75, 73, 71, 69, 17, 51]}, 'gates': [[13, 14], [6], [1], [0], [1, 6], [0, 1], [6, 0], [1], [6, 1], [6], [1], [0], [0, 1], [6, 0], [1, 6], [7], [2], [1], [2, 7], [1, 2], [7, 1], [2], [7, 2], [7], [2], [1], [1, 2], [7, 1], [2, 7], [8], [3], [2], [3, 8], [2, 3], [8, 2], [3], [8, 3], [8], [3], [2], [2, 3], [8, 2], [3, 8], [9], [4], [3], [4, 9], [3, 4], [9, 3], [4], [9, 4], [9], [4], [3], [3, 4], [9, 3], [4, 9], [10], [5], [4], [5, 10], [4, 5], [10, 4], [5], [10, 5], [10], [5], [4], [4, 5], [10, 4], [5, 10], [12], [11], [5], [11, 12], [5, 11], [12, 5], [11], [12, 11], [12], [11]]}","{'map': {'0': 56, '1': 54, '2': 20, '3': 30, '4': 62, '5': 52, '6': 28, '7': 18, '8': 22, '9': 24, '10': 64, '11': 66, '12': 32, '13': 26, '14': 60}, 'arch': {'width': 17, 'height': 5, 'alg_qubits': [18, 52, 20, 54, 22, 56, 24, 58, 26, 60, 28, 62, 30, 64, 32, 66], 'magic_states': [1, 3, 5, 7, 9, 11, 13, 15, 33, 67, 83, 81, 79, 77, 75, 73, 71, 69, 17, 51]}, 'gates': [[8], [7], [9], [9, 7], [8, 9], [7, 8], [6], [9], [10], [9, 6], [10, 9], [6, 10], [9], [6, 9], [6], [9], [10], [10, 9], [6, 10], [9, 6], [5], [10], [11], [10, 5], [11, 10], [5, 11], [10], [5, 10], [5], [10], [11], [11, 10], [5, 11], [10, 5], [4], [11], [12], [11, 4], [12, 11], [4, 12], [11], [4, 11], [4], [11], [12], [12, 11], [4, 12], [11, 4], [2], [12], [13], [12, 2], [13, 12], [2, 13], [12], [2, 12], [2], [12], [13], [13, 12], [2, 13], [12, 2], [1], [13], [14], [13, 1], [14, 13], [1, 14], [13], [1, 13], [1], [13], [14], [14, 13], [1, 14], [13, 1], [3], [14], [0], [14, 3], [0, 14]]}","{'map': {'0': 20, '1': 18, '2': 60, '3': 54, '4': 32, '5': 56, '6': 58, '7': 30, '8': 52, '9': 62, '10': 28, '11': 22, '12': 64, '13': 66, '14': 26}, 'arch': {'width': 17, 'height': 5, 'alg_qubits': [18, 52, 20, 54, 22, 56, 24, 58, 26, 60, 28, 62, 30, 64, 32, 66], 'magic_states': [1, 3, 5, 7, 9, 11, 13, 15, 33, 67, 83, 81, 79, 77, 75, 73, 71, 69, 17, 51]}, 'gates': [[14, 12], [13], [14, 13], [14], [13], [12], [12, 13], [14, 12], [13, 14], [6], [1], [0], [1, 6], [0, 1], [6, 0], [1], [6, 1], [6], [1], [0], [0, 1], [6, 0], [1, 6], [7], [2], [1], [2, 7], [1, 2], [7, 1], [2], [7, 2], [7], [2], [1], [1, 2], [7, 1], [2, 7], [8], [3], [2], [3, 8], [2, 3], [8, 2], [3], [8, 3], [8], [3], [2], [2, 3], [8, 2], [3, 8], [9], [4], [3], [4, 9], [3, 4], [9, 3], [4], [9, 4], [9], [4], [3], [3, 4], [9, 3], [4, 9], [10], [5], [4], [5, 10], [4, 5], [10, 4], [5], [10, 5], [10], [5], [4], [4, 5], [10, 4], [5, 10], [12], [11]]}","{'map': {'0': 64, '1': 30, '2': 28, '3': 24, '4': 26, '5': 62, '6': 56, '7': 32, '8': 52, '9': 54, '10': 60, '11': 66, '12': 18, '13': 22, '14': 20}, 'arch': {'width': 17, 'height': 5, 'alg_qubits': [18, 52, 20, 54, 22, 56, 24, 58, 26, 60, 28, 62, 30, 64, 32, 66], 'magic_states': [1, 3, 5, 7, 9, 11, 13, 15, 33, 67, 83, 81, 79, 77, 75, 73, 71, 69, 17, 51]}, 'gates': [[0, 14], [3, 0], [14, 3], [1], [13], [14], [13, 1], [14, 13], [1, 14], [13], [1, 13], [1], [13], [14], [14, 13], [1, 14], [13, 1], [2], [12], [13], [12, 2], [13, 12], [2, 13], [12], [2, 12], [2], [12], [13], [13, 12], [2, 13], [12, 2], [4], [11], [12], [11, 4], [12, 11], [4, 12], [11], [4, 11], [4], [11], [12], [12, 11], [4, 12], [11, 4], [5], [10], [11], [10, 5], [11, 10], [5, 11], [10], [5, 10], [5], [10], [11], [11, 10], [5, 11], [10, 5], [6], [9], [10], [9, 6], [10, 9], [6, 10], [9], [6, 9], [6], [9], [10], [10, 9], [6, 10], [9, 6], [8], [7], [9], [7, 8], [9, 7], [8, 9], [7], [8, 7]]}"
jku_suite_29.qasm,"{'map': {'0': 12, '1': 20, '2': 16, '3': 14, '4': 18, '5': 34, '6': 36, '7': 38, '8': 42}, 'arch': {'width': 11, 'height': 5, 'alg_qubits': [12, 34, 14, 36, 16, 38, 18, 40, 20, 42], 'magic_states': [1, 3, 5, 7, 9, 21, 43, 53, 51, 49, 47, 45, 11, 33]}, 'gates': [[7], [8], [3], [3, 8], [7, 3], [8, 7], [6], [4], [8], [4, 6], [8, 4], [6, 8], [4], [6, 4], [6], [4], [8], [8, 4], [6, 8], [4, 6], [5], [0], [4], [0, 5], [4, 0], [5, 4], [0], [5, 0], [5], [0], [4], [4, 0], [5, 4], [0, 5], [1], [2], [0], [2, 1], [0, 2], [1, 0], [2], [1, 2], [1], [2], [0], [0, 2], [1, 0], [2, 1], [5], [0], [4], [0, 5], [4, 0], [5, 4], [0], [5, 0], [5], [0], [4], [4, 0], [5, 4], [0, 5], [6], [4], [8], [4, 6], [8, 4], [6, 8], [4], [6, 4], [6], [4], [8], [8, 4], [6, 8], [4, 6], [7], [8], [3], [8, 7], [3, 8]]}","{'map': {'0': 20, '1': 40, '2': 18, '3': 14, '4': 12, '5': 16, '6': 38, '7': 34, '8': 42}, 'arch': {'width': 11, 'height': 5, 'alg_qubits': [12, 34, 14, 36, 16, 38, 18, 40, 20, 42], 'magic_states': [1, 3, 5, 7, 9, 21, 43, 53, 51, 49, 47, 45, 11, 33]}, 'gates': [[1], [1, 2], [4, 1], [2, 4], [5], [8], [2], [8, 5], [2, 8], [5, 2], [8], [5, 8], [5], [8], [2], [2, 8], [5, 2], [8, 5], [7], [6], [8], [6, 7], [8, 6], [7, 8], [6], [7, 6], [7], [6], [8], [8, 6], [7, 8], [6, 7], [5], [8], [2], [8, 5], [2, 8], [5, 2], [8], [5, 8], [5], [8], [2], [2, 8], [5, 2], [8, 5], [4], [2], [1], [2, 4], [1, 2], [4, 1], [2], [4, 2], [4], [2], [1], [1, 2], [4, 1], [2, 4], [3], [1], [0], [1, 3], [0, 1], [3, 0], [1], [3, 1], [3], [1], [0], [0, 1], [3, 0], [1, 3], [4], [2], [1], [2, 4], [1, 2], [4, 1], [2]]}","{'map': {'0': 38, '1': 14, '2': 12, '3': 36, '4': 16, '5': 40, '6': 20, '7': 42, '8': 18}, 'arch': {'width': 11, 'height': 5, 'alg_qubits': [12, 34, 14, 36, 16, 38, 18, 40, 20, 42], 'magic_states': [1, 3, 5, 7, 9, 21, 43, 53, 51, 49, 47, 45, 11, 33]}, 'gates': [[1], [1, 2], [4, 1], [2, 4], [5], [8], [2], [8, 5], [2, 8], [5, 2], [8], [5, 8], [5], [8], [2], [2, 8], [5, 2], [8, 5], [7], [6], [8], [6, 7], [8, 6], [7, 8], [6], [7, 6], [7], [6], [8], [8, 6], [7, 8], [6, 7], [5], [8], [2], [8, 5], [2, 8], [5, 2], [8], [5, 8], [5], [8], [2], [2, 8], [5, 2], [8, 5], [4], [2], [1], [2, 4], [1, 2], [4, 1], [2], [4, 2], [4], [2], [1], [1, 2], [4, 1], [2, 4], [3], [1], [0], [1, 3], [0, 1], [3, 0], [1], [3, 1], [3], [1], [0], [0, 1], [3, 0], [1, 3], [4], [2], [1], [2, 4], [1, 2], [4, 1], [2]]}","{'map': {'0': 20, '1': 40, '2': 18, '3': 14, '4': 12, '5': 16, '6': 38, '7': 34, '8': 42}, 'arch': {'width': 11, 'height': 5, 'alg_qubits': [12, 34, 14, 36, 16, 38, 18, 40, 20, 42], 'magic_states': [1, 3, 5, 7, 9, 21, 43, 53, 51, 49, 47, 45, 11, 33]}, 'gates': [[1], [1, 2], [4, 1], [2, 4], [5], [8], [2], [8, 5], [2, 8], [5, 2], [8], [5, 8], [5], [8], [2], [2, 8], [5, 2], [8, 5], [7], [6], [8], [6, 7], [8, 6], [7, 8], [6], [7, 6], [7], [6], [8], [8, 6], [7, 8], [6, 7], [5], [8], [2], [8, 5], [2, 8], [5, 2], [8], [5, 8], [5], [8], [2], [2, 8], [5, 2], [8, 5], [4], [2], [1], [2, 4], [1, 2], [4, 1], [2], [4, 2], [4], [2], [1], [1, 2], [4, 1], [2, 4], [3], [1], [0], [1, 3], [0, 1], [3, 0], [1], [3, 1], [3], [1], [0], [0, 1], [3, 0], [1, 3], [4], [2], [1], [2, 4], [1, 2], [4, 1], [2]]}","{'map': {'0': 20, '1': 40, '2': 18, '3': 14, '4': 12, '5': 16, '6': 38, '7': 34, '8': 42}, 'arch': {'width': 11, 'height': 5, 'alg_qubits': [12, 34, 14, 36, 16, 38, 18, 40, 20, 42], 'magic_states': [1, 3, 5, 7, 9, 21, 43, 53, 51, 49, 47, 45, 11, 33]}, 'gates': [[1], [1, 2], [4, 1], [2, 4], [5], [8], [2], [8, 5], [2, 8], [5, 2], [8], [5, 8], [5], [8], [2], [2, 8], [5, 2], [8, 5], [7], [6], [8], [6, 7], [8, 6], [7, 8], [6], [7, 6], [7], [6], [8], [8, 6], [7, 8], [6, 7], [5], [8], [2], [8, 5], [2, 8], [5, 2], [8], [5, 8], [5], [8], [2], [2, 8], [5, 2], [8, 5], [4], [2], [1], [2, 4], [1, 2], [4, 1], [2], [4, 2], [4], [2], [1], [1, 2], [4, 1], [2, 4], [3], [1], [0], [1, 3], [0, 1], [3, 0], [1], [3, 1], [3], [1], [0], [0, 1], [3, 0], [1, 3], [4], [2], [1], [2, 4], [1, 2], [4, 1], [2]]}"
jku_suite_8.qasm,"{'map': {'0': 10, '1': 22, '2': 24, '3': 26, '4': 8}, 'arch': {'width': 7, 'height': 5, 'alg_qubits': [8, 22, 10, 24, 12, 26], 'magic_states': [1, 3, 5, 13, 27, 33, 31, 29, 7, 21]}, 'gates': [[2], [2, 4], [1, 2], [4, 1], [2, 3], [3, 2], [1, 2], [0], [1], [3], [1, 0], [3, 1], [0, 3], [1], [0, 1], [0], [1], [3], [3, 1], [0, 3], [1, 0], [1], [3], [0], [3, 1], [0, 3], [1, 0], [3], [1, 3], [1], [3], [0], [0, 3], [1, 0], [3, 1], [0, 1], [2, 1], [1, 0], [0, 2], [1, 0], [2, 1], [0], [2], [1], [2, 0], [1, 2], [0, 1], [2], [0, 2], [0], [2], [1], [1, 2], [0, 1], [2, 0], [0], [2], [4], [2, 0], [4, 2], [0, 4], [2], [0, 2], [0], [2], [4], [4, 2], [0, 4], [2, 0], [4, 0], [1], [4], [2], [4, 1], [2, 4], [1, 2], [4], [1, 4], [1], [4]]}","{'map': {'0': 10, '1': 24, '2': 8, '3': 12, '4': 22, '5': 26}, 'arch': {'width': 7, 'height': 5, 'alg_qubits': [8, 22, 10, 24, 12, 26], 'magic_states': [1, 3, 5, 13, 27, 33, 31, 29, 7, 21]}, 'gates': [[5], [4], [0], [4, 5], [0, 4], [5, 0], [4], [5, 4], [5], [4], [0], [0, 4], [5, 0], [4, 5], [5], [4], [1], [4, 5], [1, 4], [5, 1], [4], [5, 4], [5], [4], [1], [1, 4], [5, 1], [4, 5], [1], [5], [0], [5, 1], [0, 5], [1, 0], [5], [1, 5], [1], [5], [0], [0, 5], [1, 0], [5, 1], [3], [2], [5], [2, 3], [5, 2], [3, 5], [2], [3, 2], [3], [2], [5], [5, 2], [3, 5], [2, 3], [1], [5], [0], [5, 1], [0, 5], [1, 0], [5], [1, 5], [1], [5], [0], [0, 5], [1, 0], [5, 1], [3], [2], [5], [2, 3], [5, 2], [3, 5], [2], [3, 2], [3], [2], [5]]}","{'map': {'0': 24, '1': 22, '2': 26, '3': 10, '4': 8, '5': 12}, 'arch': {'width': 7, 'height': 5, 'alg_qubits': [8, 22, 10, 24, 12, 26], 'magic_states': [1, 3, 5, 13, 27, 33, 31, 29, 7, 21]}, 'gates': [[4], [4, 0], [1, 4], [0, 1], [3], [2], [5], [2, 3], [5, 2], [3, 5], [2], [3, 2], [3], [2], [5], [5, 2], [3, 5], [2, 3], [5], [3], [4], [3, 5], [4, 3], [5, 4], [3], [5, 3], [5], [3], [4], [4, 3], [5, 4], [3, 5], [1], [0], [3], [0, 1], [3, 0], [1, 3], [0], [1, 0], [1], [0], [3], [3, 0], [1, 3], [0, 1], [5], [3], [4], [3, 5], [4, 3], [5, 4], [3], [5, 3], [5], [3], [4], [4, 3], [5, 4], [3, 5], [1], [0], [3], [0, 1], [3, 0], [1, 3], [0], [1, 0], [1], [0], [3], [3, 0], [1, 3], [0, 1], [3], [2], [5], [2, 3], [5, 2], [3, 5], [2]]}","{'map': {'0': 26, '1': 24, '2': 8, '3': 10, '4': 12, '5': 22}, 'arch': {'width': 7, 'height': 5, 'alg_qubits': [8, 22, 10, 24, 12, 26], 'magic_states': [1, 3, 5, 13, 27, 33, 31, 29, 7, 21]}, 'gates': [[5], [2], [3], [2, 5], [3, 2], [5, 3], [2], [5, 2], [5], [2], [3], [3, 2], [5, 3], [2, 5], [0], [4], [2], [4, 0], [2, 4], [0, 2], [4], [0, 4], [0], [4], [2], [2, 4], [0, 2], [4, 0], [5], [2], [3], [2, 5], [3, 2], [5, 3], [2], [5, 2], [5], [2], [3], [3, 2], [5, 3], [2, 5], [0], [4], [2], [4, 0], [2, 4], [0, 2], [4], [0, 4], [0], [4], [2], [2, 4], [0, 2], [4, 0], [2], [5], [4], [5, 2], [4, 5], [2, 4], [5], [2, 5], [2], [5], [4], [4, 5], [2, 4], [5, 2], [2, 4], [1], [3], [4], [3, 1], [4, 3], [1, 4], [3], [1, 3], [1], [3]]}","{'map': {'0': 8, '1': 22, '2': 10, '3': 12, '4': 26}, 'arch': {'width': 7, 'height': 5, 'alg_qubits': [8, 22, 10, 24, 12, 26], 'magic_states': [1, 3, 5, 13, 27, 33, 31, 29, 7, 21]}, 'gates': [[0, 1], [0, 1], [0, 2], [0, 2], [0, 2], [0, 2], [0, 2], [0, 1], [0, 1], [0, 1], [0, 1], [0, 1], [3, 2], [3, 2], [3, 2], [3, 2], [3, 2], [0, 2], [0, 2], [0, 2], [0, 2], [0, 2], [0, 1], [0, 1], [3, 4], [3, 4], [3, 4], [3, 4], [3, 4], [3, 2], [3, 2], [3, 2], [3, 2], [3, 2], [1, 2], [1, 2], [0, 2], [0, 2]]}"
jku_suite_16.qasm,"{'map': {'0': 18, '1': 16, '2': 8, '3': 6}, 'arch': {'width': 5, 'height': 5, 'alg_qubits': [6, 16, 8, 18], 'magic_states': [1, 3, 9, 19, 23, 21, 5, 15]}, 'gates': [[0, 1], [0, 1], [0, 3], [0, 3], [0, 2], [0, 2], [1, 2], [1, 2], [1, 3], [1, 3], [0, 1], [0, 1], [2, 3], [2, 3], [0, 3], [0, 3], [0, 2], [0, 2], [1, 2], [1, 2], [1, 3], [1, 3], [0, 1], [0, 1], [2, 3], [2, 3], [0, 3], [0, 3], [0, 2], [0, 2], [1, 2], [1, 2], [1, 3], [1, 3], [0, 1], [0, 1], [2, 3], [2, 3], [0, 3], [0, 3], [0, 2], [0, 2], [1, 2], [1, 2], [1, 3], [1, 3], [2, 3], [2, 3]]}","{'map': {'0': 16, '1': 18, '2': 8}, 'arch': {'width': 5, 'height': 5, 'alg_qubits': [6, 16, 8, 18], 'magic_states': [1, 3, 9, 19, 23, 21, 5, 15]}, 'gates': [[1], [1], [1], [1], [1], [1], [1], [1], [1], [1], [1], [1], [1], [1], [1], [1], [1], [1], [1], [1], [1], [1], [1], [0, 1], [1, 2], [2], [2], [2], [2], [2], [2], [2], [2], [2], [2], [2], [2], [2], [2], [2], [2], [2], [2], [2], [2], [2], [2], [2], [2], [2], [2], [2], [2], [2], [2], [2], [2], [2], [2], [2], [2], [2], [2], [2], [2], [2], [2], [2], [2], [2], [2], [2], [2], [2], [2], [2], [2], [2], [2], [2], [2]]}","{'map': {'0': 18, '1': 8, '2': 16, '3': 6}, 'arch': {'width': 5, 'height': 5, 'alg_qubits': [6, 16, 8, 18], 'magic_states': [1, 3, 9, 19, 23, 21, 5, 15]}, 'gates': [[0, 1], [0, 1], [1, 2], [2, 3], [2, 3], [1, 2], [0, 1], [0, 1], [1, 2], [2, 3], [2, 3], [1, 2], [0, 1], [1, 2], [2, 3], [2, 3], [1, 2], [0, 1], [0, 1], [1, 2], [2, 3], [2, 3], [1, 2], [0, 1], [1, 2], [2, 3], [2, 3], [1, 2], [0, 1], [0, 1], [1, 2], [2, 3], [2, 3], [1, 2], [0, 1], [1, 2], [2, 3], [2, 3], [1, 2], [0, 1], [0, 1], [1, 2], [2, 3], [2, 3], [1, 2], [0, 1], [2, 3], [2, 3], [1, 2], [2, 3], [2, 3], [1, 2], [2, 3], [2, 3], [1, 2], [1, 2], [0, 1], [1, 2], [2, 3], [2, 3], [1, 2], [0, 1], [1, 2], [2, 3], [2, 3], [1, 2], [0, 1], [1, 2], [1, 2], [0, 1], [1, 2], [1, 2], [0, 1], [0, 1]]}","{'map': {'0': 12, '1': 34, '2': 28, '3': 14, '4': 10, '5': 32, '6': 16}, 'arch': {'width': 9, 'height': 5, 'alg_qubits': [10, 28, 12, 30, 14, 32, 16, 34], 'magic_states': [1, 3, 5, 7, 17, 35, 43, 41, 39, 37, 9, 27]}, 'gates': [[4], [6], [4, 3], [6, 4], [3, 6], [4], [3, 4], [3], [4], [6], [6, 4], [3, 6], [4, 3], [5], [6], [1], [6, 5], [1, 6], [5, 1], [6], [5, 6], [5], [6], [1], [1, 6], [5, 1], [6, 5], [3], [4], [6], [4, 3], [6, 4], [3, 6], [4], [3, 4], [3], [4], [6], [6, 4], [3, 6], [4, 3], [1, 0], [5], [6], [0], [6, 5], [0, 6], [5, 0], [6], [5, 6], [5], [6], [0], [0, 6], [5, 0], [6, 5], [2], [4], [6], [4, 2], [6, 4], [2, 6], [4], [2, 4], [2], [4], [6], [6, 4], [2, 6], [4, 2], [5], [6], [0], [6, 5], [0, 6], [5, 0], [6], [5, 6], [5], [6], [0]]}","{'map': {'0': 28, '1': 10, '2': 32, '3': 16, '4': 30, '5': 14, '6': 12}, 'arch': {'width': 9, 'height': 5, 'alg_qubits': [10, 28, 12, 30, 14, 32, 16, 34], 'magic_states': [1, 3, 5, 7, 17, 35, 43, 41, 39, 37, 9, 27]}, 'gates': [[6, 2], [1, 6], [2], [1, 2], [1], [2], [6], [6, 2], [1, 6], [2, 1], [5], [6], [0], [6, 5], [0, 6], [5, 0], [6], [5, 6], [5], [6], [0], [0, 6], [5, 0], [6, 5], [1], [2], [6], [2, 1], [6, 2], [1, 6], [2], [1, 2], [1], [2], [6], [6, 2], [1, 6], [2, 1], [4], [6], [5], [6, 4], [5, 6], [4, 5], [6], [4, 6], [4], [6], [5], [5, 6], [4, 5], [6, 4], [3], [0], [6], [0, 3], [6, 0], [3, 6], [0], [3, 0], [3], [0], [6], [6, 0], [3, 6], [0, 3], [1], [2], [0], [2, 1], [0, 2], [1, 0], [2], [1, 2], [1], [2], [0], [0, 2], [1, 0], [2, 1], [3]]}"
shor_6.qasm,"{'map': {'0': 48, '1': 44, '2': 40, '3': 50, '4': 16, '5': 46, '6': 24, '7': 18, '8': 22, '9': 14, '10': 20}, 'arch': {'width': 13, 'height': 5, 'alg_qubits': [14, 40, 16, 42, 18, 44, 20, 46, 22, 48, 24, 50], 'magic_states': [1, 3, 5, 7, 9, 11, 25, 51, 63, 61, 59, 57, 55, 53, 13, 39]}, 'gates': [[6, 3], [5], [4], [6], [4, 5], [6, 4], [5, 6], [4], [5, 4], [5], [4], [6], [6, 4], [5, 6], [4, 5], [3], [6], [7], [6, 3], [7, 6], [3, 7], [6], [3, 6], [3], [6], [7], [7, 6], [3, 7], [6, 3], [2], [7], [8], [7, 2], [8, 7], [2, 8], [7], [2, 7], [2], [7], [8], [8, 7], [2, 8], [7, 2], [1], [8], [9], [8, 1], [9, 8], [1, 9], [8], [1, 8], [1], [8], [9], [9, 8], [1, 9], [8, 1], [10], [9], [0], [9, 10], [0, 9], [10, 0], [9], [10, 9], [10], [9], [0], [0, 9], [10, 0], [9, 10], [1], [8], [9], [8, 1], [9, 8], [1, 9], [8], [1, 8], [1], [8]]}","{'map': {'0': 22, '1': 40, '2': 16, '3': 14, '4': 24, '5': 42, '6': 50, '7': 46, '8': 44, '9': 20, '10': 48}, 'arch': {'width': 13, 'height': 5, 'alg_qubits': [14, 40, 16, 42, 18, 44, 20, 46, 22, 48, 24, 50], 'magic_states': [1, 3, 5, 7, 9, 11, 25, 51, 63, 61, 59, 57, 55, 53, 13, 39]}, 'gates': [[6, 3], [5], [4], [6], [4, 5], [6, 4], [5, 6], [4], [5, 4], [5], [4], [6], [6, 4], [5, 6], [4, 5], [3], [6], [7], [6, 3], [7, 6], [3, 7], [6], [3, 6], [3], [6], [7], [7, 6], [3, 7], [6, 3], [2], [7], [8], [7, 2], [8, 7], [2, 8], [7], [2, 7], [2], [7], [8], [8, 7], [2, 8], [7, 2], [1], [8], [9], [8, 1], [9, 8], [1, 9], [8], [1, 8], [1], [8], [9], [9, 8], [1, 9], [8, 1], [10], [9], [0], [9, 10], [0, 9], [10, 0], [9], [10, 9], [10], [9], [0], [0, 9], [10, 0], [9, 10], [1], [8], [9], [8, 1], [9, 8], [1, 9], [8], [1, 8], [1], [8]]}","{'map': {'0': 48, '1': 44, '2': 40, '3': 50, '4': 16, '5': 46, '6': 24, '7': 18, '8': 22, '9': 14, '10': 20}, 'arch': {'width': 13, 'height': 5, 'alg_qubits': [14, 40, 16, 42, 18, 44, 20, 46, 22, 48, 24, 50], 'magic_states': [1, 3, 5, 7, 9, 11, 25, 51, 63, 61, 59, 57, 55, 53, 13, 39]}, 'gates': [[6, 3], [5], [4], [6], [4, 5], [6, 4], [5, 6], [4], [5, 4], [5], [4], [6], [6, 4], [5, 6], [4, 5], [3], [6], [7], [6, 3], [7, 6], [3, 7], [6], [3, 6], [3], [6], [7], [7, 6], [3, 7], [6, 3], [2], [7], [8], [7, 2], [8, 7], [2, 8], [7], [2, 7], [2], [7], [8], [8, 7], [2, 8], [7, 2], [1], [8], [9], [8, 1], [9, 8], [1, 9], [8], [1, 8], [1], [8], [9], [9, 8], [1, 9], [8, 1], [10], [9], [0], [9, 10], [0, 9], [10, 0], [9], [10, 9], [10], [9], [0], [0, 9], [10, 0], [9, 10], [1], [8], [9], [8, 1], [9, 8], [1, 9], [8], [1, 8], [1], [8]]}","{'map': {'0': 22, '1': 40, '2': 16, '3': 14, '4': 24, '5': 42, '6': 50, '7': 46, '8': 44, '9': 20, '10': 48}, 'arch': {'width': 13, 'height': 5, 'alg_qubits': [14, 40, 16, 42, 18, 44, 20, 46, 22, 48, 24, 50], 'magic_states': [1, 3, 5, 7, 9, 11, 25, 51, 63, 61, 59, 57, 55, 53, 13, 39]}, 'gates': [[6, 3], [5], [4], [6], [4, 5], [6, 4], [5, 6], [4], [5, 4], [5], [4], [6], [6, 4], [5, 6], [4, 5], [3], [6], [7], [6, 3], [7, 6], [3, 7], [6], [3, 6], [3], [6], [7], [7, 6], [3, 7], [6, 3], [2], [7], [8], [7, 2], [8, 7], [2, 8], [7], [2, 7], [2], [7], [8], [8, 7], [2, 8], [7, 2], [1], [8], [9], [8, 1], [9, 8], [1, 9], [8], [1, 8], [1], [8], [9], [9, 8], [1, 9], [8, 1], [10], [9], [0], [9, 10], [0, 9], [10, 0], [9], [10, 9], [10], [9], [0], [0, 9], [10, 0], [9, 10], [1], [8], [9], [8, 1], [9, 8], [1, 9], [8], [1, 8], [1], [8]]}","{'map': {'0': 22, '1': 16, '2': 20, '3': 14, '4': 24, '5': 18, '6': 40, '7': 50, '8': 46, '9': 42, '10': 44}, 'arch': {'width': 13, 'height': 5, 'alg_qubits': [14, 40, 16, 42, 18, 44, 20, 46, 22, 48, 24, 50], 'magic_states': [1, 3, 5, 7, 9, 11, 25, 51, 63, 61, 59, 57, 55, 53, 13, 39]}, 'gates': [[3], [6], [7], [6, 3], [7, 6], [3, 7], [6], [3, 6], [3], [6], [7], [7, 6], [3, 7], [6, 3], [5], [4], [6], [4, 5], [6, 4], [5, 6], [4], [5, 4], [5], [4], [6], [6, 4], [5, 6], [4, 5], [3], [6], [7], [6, 3], [7, 6], [3, 7], [6], [3, 6], [3], [6], [7], [7, 6], [3, 7], [6, 3], [2], [7], [8], [7, 2], [8, 7], [2, 8], [7], [2, 7], [2], [7], [8], [8, 7], [2, 8], [7, 2], [1], [8], [9], [8, 1], [9, 8], [1, 9], [8], [1, 8], [1], [8], [9], [9, 8], [1, 9], [8, 1], [10], [9], [0], [9, 10], [0, 9], [10, 0], [9], [10, 9], [10], [9], [0]]}"
jku_suite_72.qasm,"{'map': {'0': 42, '1': 38, '2': 16, '3': 18, '4': 40, '5': 34, '6': 36, '7': 12, '8': 20}, 'arch': {'width': 11, 'height': 5, 'alg_qubits': [12, 34, 14, 36, 16, 38, 18, 40, 20, 42], 'magic_states': [1, 3, 5, 7, 9, 21, 43, 53, 51, 49, 47, 45, 11, 33]}, 'gates': [[4, 6], [7, 4], [5], [6], [0], [6, 5], [0, 6], [5, 0], [6], [5, 6], [5], [6], [0], [0, 6], [5, 0], [6, 5], [4], [7], [6], [7, 4], [6, 7], [4, 6], [7], [4, 7], [4], [7], [6], [6, 7], [4, 6], [7, 4], [3], [8], [7], [8, 3], [7, 8], [3, 7], [8], [3, 8], [3], [8], [7], [7, 8], [3, 7], [8, 3], [1], [2], [8], [2, 1], [8, 2], [1, 8], [2], [1, 2], [1], [2], [8], [8, 2], [1, 8], [2, 1], [3], [8], [7], [8, 3], [7, 8], [3, 7], [8], [3, 8], [3], [8], [7], [7, 8], [3, 7], [8, 3], [4], [7], [6], [7, 4], [6, 7], [4, 6], [7], [4, 7], [4]]}","{'map': {'0': 42, '1': 38, '2': 16, '3': 18, '4': 40, '5': 34, '6': 36, '7': 12, '8': 20}, 'arch': {'width': 11, 'height': 5, 'alg_qubits': [12, 34, 14, 36, 16, 38, 18, 40, 20, 42], 'magic_states': [1, 3, 5, 7, 9, 21, 43, 53, 51, 49, 47, 45, 11, 33]}, 'gates': [[4, 6], [7, 4], [5], [6], [0], [6, 5], [0, 6], [5, 0], [6], [5, 6], [5], [6], [0], [0, 6], [5, 0], [6, 5], [4], [7], [6], [7, 4], [6, 7], [4, 6], [7], [4, 7], [4], [7], [6], [6, 7], [4, 6], [7, 4], [3], [8], [7], [8, 3], [7, 8], [3, 7], [8], [3, 8], [3], [8], [7], [7, 8], [3, 7], [8, 3], [1], [2], [8], [2, 1], [8, 2], [1, 8], [2], [1, 2], [1], [2], [8], [8, 2], [1, 8], [2, 1], [3], [8], [7], [8, 3], [7, 8], [3, 7], [8], [3, 8], [3], [8], [7], [7, 8], [3, 7], [8, 3], [4], [7], [6], [7, 4], [6, 7], [4, 6], [7], [4, 7], [4]]}","{'map': {'0': 42, '1': 38, '2': 16, '3': 18, '4': 40, '5': 34, '6': 36, '7': 12, '8': 20}, 'arch': {'width': 11, 'height': 5, 'alg_qubits': [12, 34, 14, 36, 16, 38, 18, 40, 20, 42], 'magic_states': [1, 3, 5, 7, 9, 21, 43, 53, 51, 49, 47, 45, 11, 33]}, 'gates': [[4, 6], [7, 4], [5], [6], [0], [6, 5], [0, 6], [5, 0], [6], [5, 6], [5], [6], [0], [0, 6], [5, 0], [6, 5], [4], [7], [6], [7, 4], [6, 7], [4, 6], [7], [4, 7], [4], [7], [6], [6, 7], [4, 6], [7, 4], [3], [8], [7], [8, 3], [7, 8], [3, 7], [8], [3, 8], [3], [8], [7], [7, 8], [3, 7], [8, 3], [1], [2], [8], [2, 1], [8, 2], [1, 8], [2], [1, 2], [1], [2], [8], [8, 2], [1, 8], [2, 1], [3], [8], [7], [8, 3], [7, 8], [3, 7], [8], [3, 8], [3], [8], [7], [7, 8], [3, 7], [8, 3], [4], [7], [6], [7, 4], [6, 7], [4, 6], [7], [4, 7], [4]]}","{'map': {'0': 42, '1': 38, '2': 16, '3': 18, '4': 40, '5': 34, '6': 36, '7': 12, '8': 20}, 'arch': {'width': 11, 'height': 5, 'alg_qubits': [12, 34, 14, 36, 16, 38, 18, 40, 20, 42], 'magic_states': [1, 3, 5, 7, 9, 21, 43, 53, 51, 49, 47, 45, 11, 33]}, 'gates': [[4, 6], [7, 4], [5], [6], [0], [6, 5], [0, 6], [5, 0], [6], [5, 6], [5], [6], [0], [0, 6], [5, 0], [6, 5], [4], [7], [6], [7, 4], [6, 7], [4, 6], [7], [4, 7], [4], [7], [6], [6, 7], [4, 6], [7, 4], [3], [8], [7], [8, 3], [7, 8], [3, 7], [8], [3, 8], [3], [8], [7], [7, 8], [3, 7], [8, 3], [1], [2], [8], [2, 1], [8, 2], [1, 8], [2], [1, 2], [1], [2], [8], [8, 2], [1, 8], [2, 1], [3], [8], [7], [8, 3], [7, 8], [3, 7], [8], [3, 8], [3], [8], [7], [7, 8], [3, 7], [8, 3], [4], [7], [6], [7, 4], [6, 7], [4, 6], [7], [4, 7], [4]]}","{'map': {'0': 12, '1': 18, '2': 14, '3': 16, '4': 20, '5': 40, '6': 38, '7': 42, '8': 36, '9': 34}, 'arch': {'width': 11, 'height': 5, 'alg_qubits': [12, 34, 14, 36, 16, 38, 18, 40, 20, 42], 'magic_states': [1, 3, 5, 7, 9, 21, 43, 53, 51, 49, 47, 45, 11, 33]}, 'gates': [[1], [6], [4], [4, 6], [1, 4], [6, 1], [1], [6], [5], [6, 1], [5, 6], [1, 5], [6], [1, 6], [1], [6], [5], [5, 6], [1, 5], [6, 1], [9], [8], [7], [8, 9], [7, 8], [9, 7], [8], [9, 8], [9], [8], [7], [7, 8], [9, 7], [8, 9], [3], [1], [0], [1, 3], [0, 1], [3, 0], [1], [3, 1], [3], [1], [0], [0, 1], [3, 0], [1, 3], [4], [2], [1], [2, 4], [1, 2], [4, 1], [2], [4, 2], [4], [2], [1], [1, 2], [4, 1], [2, 4], [5], [8], [2], [8, 5], [2, 8], [5, 2], [8], [5, 8], [5], [8], [2], [2, 8], [5, 2], [8, 5], [7], [6], [8], [6, 7], [8, 6]]}"
qft_9.qasm,"{'map': {'0': 18, '1': 50, '2': 22, '3': 46, '4': 16, '5': 20, '6': 40, '7': 44, '8': 14, '9': 42, '10': 24, '12': 26}, 'arch': {'width': 13, 'height': 5, 'alg_qubits': [14, 40, 16, 42, 18, 44, 20, 46, 22, 48, 24, 50], 'magic_states': [1, 3, 5, 7, 9, 11, 25, 51, 63, 61, 59, 57, 55, 53, 13, 39]}, 'gates': [[9], [10], [12], [12, 10], [9, 12], [10, 9], [7], [8], [10], [8, 7], [10, 8], [7, 10], [8], [7, 8], [7], [8], [10], [10, 8], [7, 10], [8, 7], [5], [6], [8], [6, 5], [8, 6], [5, 8], [6], [5, 6], [5], [6], [8], [8, 6], [5, 8], [6, 5], [4], [0], [6], [0, 4], [6, 0], [4, 6], [0], [4, 0], [4], [0], [6], [6, 0], [4, 6], [0, 4], [2], [3], [0], [3, 2], [0, 3], [2, 0], [3], [2, 3], [2], [3], [0], [0, 3], [2, 0], [3, 2], [4], [0], [6], [0, 4], [6, 0], [4, 6], [0], [4, 0], [4], [0], [6], [6, 0], [4, 6], [0, 4], [5], [6], [8], [6, 5], [8, 6]]}","{'map': {'0': 24, '1': 22, '2': 50, '3': 42, '4': 14, '5': 46, '6': 40, '7': 44, '8': 48, '9': 16, '10': 20}, 'arch': {'width': 13, 'height': 5, 'alg_qubits': [14, 40, 16, 42, 18, 44, 20, 46, 22, 48, 24, 50], 'magic_states': [1, 3, 5, 7, 9, 11, 25, 51, 63, 61, 59, 57, 55, 53, 13, 39]}, 'gates': [[10], [5], [4], [4, 5], [10, 4], [5, 10], [9], [4], [3], [4, 9], [3, 4], [9, 3], [4], [9, 4], [9], [4], [3], [3, 4], [9, 3], [4, 9], [8], [3], [2], [3, 8], [2, 3], [8, 2], [3], [8, 3], [8], [3], [2], [2, 3], [8, 2], [3, 8], [7], [2], [1], [2, 7], [1, 2], [7, 1], [2], [7, 2], [7], [2], [1], [1, 2], [7, 1], [2, 7], [6], [1], [0], [1, 6], [0, 1], [6, 0], [1], [6, 1], [6], [1], [0], [0, 1], [6, 0], [1, 6], [7], [2], [1], [2, 7], [1, 2], [7, 1], [2], [7, 2], [7], [2], [1], [1, 2], [7, 1], [2, 7], [8], [3], [2], [3, 8], [2, 3]]}","{'map': {'0': 24, '1': 22, '2': 50, '3': 42, '4': 14, '5': 46, '6': 40, '7': 44, '8': 48, '9': 16, '10': 20}, 'arch': {'width': 13, 'height': 5, 'alg_qubits': [14, 40, 16, 42, 18, 44, 20, 46, 22, 48, 24, 50], 'magic_states': [1, 3, 5, 7, 9, 11, 25, 51, 63, 61, 59, 57, 55, 53, 13, 39]}, 'gates': [[10], [5], [4], [4, 5], [10, 4], [5, 10], [9], [4], [3], [4, 9], [3, 4], [9, 3], [4], [9, 4], [9], [4], [3], [3, 4], [9, 3], [4, 9], [8], [3], [2], [3, 8], [2, 3], [8, 2], [3], [8, 3], [8], [3], [2], [2, 3], [8, 2], [3, 8], [7], [2], [1], [2, 7], [1, 2], [7, 1], [2], [7, 2], [7], [2], [1], [1, 2], [7, 1], [2, 7], [6], [1], [0], [1, 6], [0, 1], [6, 0], [1], [6, 1], [6], [1], [0], [0, 1], [6, 0], [1, 6], [7], [2], [1], [2, 7], [1, 2], [7, 1], [2], [7, 2], [7], [2], [1], [1, 2], [7, 1], [2, 7], [8], [3], [2], [3, 8], [2, 3]]}","{'map': {'0': 14, '1': 44, '2': 46, '3': 18, '4': 20, '5': 24, '6': 42, '7': 22, '8': 40, '9': 16, '10': 50, '11': 6}, 'arch': {'width': 13, 'height': 5, 'alg_qubits': [14, 40, 16, 42, 18, 44, 20, 46, 22, 48, 24, 50], 'magic_states': [1, 3, 5, 7, 9, 11, 25, 51, 63, 61, 59, 57, 55, 53, 13, 39]}, 'gates': [[11, 3], [2], [11, 2], [11], [2], [3], [3, 2], [11, 3], [2, 11], [10], [3], [4], [3, 10], [4, 3], [10, 4], [3], [10, 3], [10], [3], [4], [4, 3], [10, 4], [3, 10], [9], [4], [5], [4, 9], [5, 4], [9, 5], [4], [9, 4], [9], [4], [5], [5, 4], [9, 5], [4, 9], [8], [5], [6], [5, 8], [6, 5], [8, 6], [5], [8, 5], [8], [5], [6], [6, 5], [8, 6], [5, 8], [7], [6], [1], [6, 7], [1, 6], [7, 1], [6], [7, 6], [7], [6], [1], [1, 6], [7, 1], [6, 7], [8], [5], [6], [5, 8], [6, 5], [8, 6], [5], [8, 5], [8], [5], [6], [6, 5], [8, 6], [5, 8], [9], [4]]}","{'map': {'0': 24, '1': 14, '2': 50, '3': 18, '4': 46, '5': 48, '6': 22, '7': 40, '8': 42, '9': 44, '10': 16}, 'arch': {'width': 13, 'height': 5, 'alg_qubits': [14, 40, 16, 42, 18, 44, 20, 46, 22, 48, 24, 50], 'magic_states': [1, 3, 5, 7, 9, 11, 25, 51, 63, 61, 59, 57, 55, 53, 13, 39]}, 'gates': [[10], [9], [8], [9, 10], [8, 9], [10, 8], [9], [10, 9], [10], [9], [8], [8, 9], [10, 8], [9, 10], [5], [6], [0], [6, 5], [0, 6], [5, 0], [6], [5, 6], [5], [6], [0], [0, 6], [5, 0], [6, 5], [4], [7], [6], [7, 4], [6, 7], [4, 6], [7], [4, 7], [4], [7], [6], [6, 7], [4, 6], [7, 4], [3], [8], [7], [8, 3], [7, 8], [3, 7], [8], [3, 8], [3], [8], [7], [7, 8], [3, 7], [8, 3], [1], [2], [8], [2, 1], [8, 2], [1, 8], [2], [1, 2], [1], [2], [8], [8, 2], [1, 8], [2, 1], [3], [8], [7], [8, 3], [7, 8], [3, 7], [8], [3, 8], [3], [8], [7]]}"
jku_suite_82.qasm,"{'map': {'0': 8, '1': 22, '2': 24, '3': 12, '4': 26}, 'arch': {'width': 7, 'height': 5, 'alg_qubits': [8, 22, 10, 24, 12, 26], 'magic_states': [1, 3, 5, 13, 27, 33, 31, 29, 7, 21]}, 'gates': [[2], [3], [1], [3, 2], [1, 3], [2, 1], [3], [2, 3], [2], [3], [1], [1, 3], [2, 1], [3, 2], [0], [4], [3], [4, 0], [3, 4], [0, 3], [4], [0, 4], [0], [4], [3], [3, 4], [0, 3], [4, 0], [2], [3], [1], [3, 2], [1, 3], [2, 1], [3], [2, 3], [2], [3], [1], [1, 3], [2, 1], [3, 2], [0], [4], [3], [4, 0], [3, 4], [0, 3], [4], [0, 4], [0], [4], [3], [3, 4], [0, 3], [4, 0], [2, 0], [3], [0], [2], [0, 3], [2, 0], [3, 2], [0], [3, 0], [3], [0], [2], [2, 0], [3, 2], [0, 3], [1], [4], [0], [4, 1], [0, 4], [1, 0], [4], [1, 4], [1], [4]]}","{'map': {'0': 10, '1': 22, '2': 24, '3': 26, '4': 8}, 'arch': {'width': 7, 'height': 5, 'alg_qubits': [8, 22, 10, 24, 12, 26], 'magic_states': [1, 3, 5, 13, 27, 33, 31, 29, 7, 21]}, 'gates': [[2], [2, 4], [1, 2], [4, 1], [2, 3], [3, 2], [1, 2], [0], [1], [3], [1, 0], [3, 1], [0, 3], [1], [0, 1], [0], [1], [3], [3, 1], [0, 3], [1, 0], [1], [3], [0], [3, 1], [0, 3], [1, 0], [3], [1, 3], [1], [3], [0], [0, 3], [1, 0], [3, 1], [0, 1], [2, 1], [1, 0], [0, 2], [1, 0], [2, 1], [0], [2], [1], [2, 0], [1, 2], [0, 1], [2], [0, 2], [0], [2], [1], [1, 2], [0, 1], [2, 0], [0], [2], [4], [2, 0], [4, 2], [0, 4], [2], [0, 2], [0], [2], [4], [4, 2], [0, 4], [2, 0], [4, 0], [1], [4], [2], [4, 1], [2, 4], [1, 2], [4], [1, 4], [1], [4]]}","{'map': {'0': 12, '1': 22, '2': 10, '3': 8, '4': 26}, 'arch': {'width': 7, 'height': 5, 'alg_qubits': [8, 22, 10, 24, 12, 26], 'magic_states': [1, 3, 5, 13, 27, 33, 31, 29, 7, 21]}, 'gates': [[1, 2], [0], [1], [3], [1, 0], [3, 1], [0, 3], [1], [0, 1], [0], [1], [3], [3, 1], [0, 3], [1, 0], [1], [3], [0], [3, 1], [0, 3], [1, 0], [3], [1, 3], [1], [3], [0], [0, 3], [1, 0], [3, 1], [0, 1], [2, 1], [1, 0], [1, 2], [4, 1], [4, 1], [0], [2], [4], [2, 0], [4, 2], [0, 4], [2], [0, 2], [0], [2], [4], [4, 2], [0, 4], [2, 0], [4, 2], [0], [4], [1], [4, 0], [1, 4], [0, 1], [4], [0, 4], [0], [4], [1], [1, 4], [0, 1], [4, 0], [1], [4], [0], [4, 1], [0, 4], [1, 0], [4], [1, 4], [1], [4], [0], [0, 4], [1, 0], [4, 1], [2, 3], [3, 2]]}","{'map': {'0': 8, '1': 22, '2': 26, '3': 24, '4': 12}, 'arch': {'width': 7, 'height': 5, 'alg_qubits': [8, 22, 10, 24, 12, 26], 'magic_states': [1, 3, 5, 13, 27, 33, 31, 29, 7, 21]}, 'gates': [[0], [3], [1], [3, 0], [1, 3], [0, 1], [3], [0, 3], [0], [3], [1], [1, 3], [0, 1], [3, 0], [3], [4], [2], [4, 3], [2, 4], [3, 2], [4], [3, 4], [3], [4], [2], [2, 4], [3, 2], [4, 3], [0], [1], [4], [1, 0], [4, 1], [0, 4], [1], [0, 1], [0], [1], [4], [4, 1], [0, 4], [1, 0], [3], [4], [2], [4, 3], [2, 4], [3, 2], [4], [3, 4], [3], [4], [2], [2, 4], [3, 2], [4, 3], [0], [1], [4], [1, 0], [4, 1], [0, 4], [1], [0, 1], [0], [1], [4], [4, 1], [0, 4], [1, 0], [3], [4], [0], [4, 3], [0, 4], [3, 0], [4], [3, 4], [3], [4], [0]]}","{'map': {'0': 22, '1': 12, '2': 8, '3': 10, '4': 26}, 'arch': {'width': 7, 'height': 5, 'alg_qubits': [8, 22, 10, 24, 12, 26], 'magic_states': [1, 3, 5, 13, 27, 33, 31, 29, 7, 21]}, 'gates': [[3], [2], [1], [2, 3], [1, 2], [3, 1], [2], [3, 2], [3], [2], [1], [1, 2], [3, 1], [2, 3], [0], [4], [2], [4, 0], [2, 4], [0, 2], [4], [0, 4], [0], [4], [2], [2, 4], [0, 2], [4, 0], [3], [1], [4], [1, 3], [4, 1], [3, 4], [1], [3, 1], [3], [1], [4], [4, 1], [3, 4], [1, 3], [0], [4], [2], [4, 0], [2, 4], [0, 2], [4], [0, 4], [0], [4], [2], [2, 4], [0, 2], [4, 0], [3], [1], [4], [1, 3], [4, 1], [3, 4], [1], [3, 1], [3], [1], [4], [4, 1], [3, 4], [1, 3], [3], [0], [2], [0, 3], [2, 0], [3, 2], [0], [3, 0], [3], [0], [2]]}"
jku_suite_49.qasm,"{'map': {'0': 14, '1': 30, '2': 34, '3': 16, '4': 10, '5': 28, '6': 12, '7': 32}, 'arch': {'width': 9, 'height': 5, 'alg_qubits': [10, 28, 12, 30, 14, 32, 16, 34], 'magic_states': [1, 3, 5, 7, 17, 35, 43, 41, 39, 37, 9, 27]}, 'gates': [[0, 2], [1, 5], [0, 2], [1, 5], [2, 3], [0, 6], [1, 7], [4, 5], [2, 3], [0, 6], [1, 7], [4, 5], [3, 7], [4, 6], [1, 5], [0, 2], [3, 7], [4, 6], [1, 5], [0, 2], [4, 5], [2, 3], [0, 6], [1, 7], [4, 5], [2, 3], [0, 6], [1, 7], [4, 6], [3, 7], [4, 6], [3, 7]]}","{'map': {'0': 10, '1': 32, '2': 34, '3': 12, '4': 30, '5': 16, '6': 28}, 'arch': {'width': 9, 'height': 5, 'alg_qubits': [10, 28, 12, 30, 14, 32, 16, 34], 'magic_states': [1, 3, 5, 7, 17, 35, 43, 41, 39, 37, 9, 27]}, 'gates': [[3], [1], [6], [6, 1], [3, 6], [1, 3], [5], [0], [1], [0, 5], [1, 0], [5, 1], [0], [5, 0], [5], [0], [1], [1, 0], [5, 1], [0, 5], [2], [4], [0], [4, 2], [0, 4], [2, 0], [4], [2, 4], [2], [4], [0], [0, 4], [2, 0], [4, 2], [5], [0], [1], [0, 5], [1, 0], [5, 1], [0], [5, 0], [5], [0], [1], [1, 0], [5, 1], [0, 5], [5], [3], [6], [3, 5], [6, 3], [5, 6], [3], [5, 3], [5], [3], [6], [6, 3], [5, 6], [3, 5], [4], [0], [3], [0, 4], [3, 0], [4, 3], [0], [4, 0], [4], [0], [3], [3, 0], [4, 3], [0, 4], [1], [2], [0], [2, 1], [0, 2]]}","{'map': {'0': 28, '1': 14, '2': 30, '3': 16, '4': 12, '5': 10, '6': 34, '7': 32}, 'arch': {'width': 9, 'height': 5, 'alg_qubits': [10, 28, 12, 30, 14, 32, 16, 34], 'magic_states': [1, 3, 5, 7, 17, 35, 43, 41, 39, 37, 9, 27]}, 'gates': [[4, 1], [0, 4], [1], [0, 1], [0], [1], [4], [4, 1], [0, 4], [1, 0], [0], [2], [1], [2, 0], [1, 2], [0, 1], [2], [0, 2], [0], [2], [1], [1, 2], [0, 1], [2, 0], [5], [3], [2], [3, 5], [2, 3], [5, 2], [3], [5, 3], [5], [3], [2], [2, 3], [5, 2], [3, 5], [7], [6], [3], [6, 7], [3, 6], [7, 3], [6], [7, 6], [7], [6], [3], [3, 6], [7, 3], [6, 7], [5], [3], [2], [3, 5], [2, 3], [5, 2], [3], [5, 3], [5], [3], [2], [2, 3], [5, 2], [3, 5], [0], [2], [1], [2, 0], [1, 2], [0, 1], [2], [0, 2], [0], [2], [1], [1, 2], [0, 1], [2, 0], [5]]}","{'map': {'0': 10, '1': 16, '2': 32, '3': 34, '4': 12, '5': 30, '6': 28}, 'arch': {'width': 9, 'height': 5, 'alg_qubits': [10, 28, 12, 30, 14, 32, 16, 34], 'magic_states': [1, 3, 5, 7, 17, 35, 43, 41, 39, 37, 9, 27]}, 'gates': [[3], [1], [0], [0, 1], [3, 0], [1, 3], [4], [2], [1], [2, 4], [1, 2], [4, 1], [2], [4, 2], [4], [2], [1], [1, 2], [4, 1], [2, 4], [6], [5], [2], [5, 6], [2, 5], [6, 2], [5], [6, 5], [6], [5], [2], [2, 5], [6, 2], [5, 6], [4], [2], [1], [2, 4], [1, 2], [4, 1], [2], [4, 2], [4], [2], [1], [1, 2], [4, 1], [2, 4], [3], [1], [0], [1, 3], [0, 1], [3, 0], [1], [3, 1], [3], [1], [0], [0, 1], [3, 0], [1, 3], [4], [2], [1], [2, 4], [1, 2], [4, 1], [2], [4, 2], [4], [2], [1], [1, 2], [4, 1], [2, 4], [6], [5], [2], [5, 6], [2, 5]]}","{'map': {'0': 30, '1': 16, '2': 34, '3': 28, '4': 10, '5': 12, '6': 32}, 'arch': {'width': 9, 'height': 5, 'alg_qubits': [10, 28, 12, 30, 14, 32, 16, 34], 'magic_states': [1, 3, 5, 7, 17, 35, 43, 41, 39, 37, 9, 27]}, 'gates': [[3], [1], [0], [0, 1], [3, 0], [1, 3], [4], [2], [1], [2, 4], [1, 2], [4, 1], [2], [4, 2], [4], [2], [1], [1, 2], [4, 1], [2, 4], [6], [5], [2], [5, 6], [2, 5], [6, 2], [5], [6, 5], [6], [5], [2], [2, 5], [6, 2], [5, 6], [4], [2], [1], [2, 4], [1, 2], [4, 1], [2], [4, 2], [4], [2], [1], [1, 2], [4, 1], [2, 4], [3], [1], [0], [1, 3], [0, 1], [3, 0], [1], [3, 1], [3], [1], [0], [0, 1], [3, 0], [1, 3], [4], [2], [1], [2, 4], [1, 2], [4, 1], [2], [4, 2], [4], [2], [1], [1, 2], [4, 1], [2, 4], [6], [5], [2], [5, 6], [2, 5]]}"
jku_suite_12.qasm,"{'map': {'0': 10, '1': 22, '2': 24, '3': 26, '4': 8}, 'arch': {'width': 7, 'height': 5, 'alg_qubits': [8, 22, 10, 24, 12, 26], 'magic_states': [1, 3, 5, 13, 27, 33, 31, 29, 7, 21]}, 'gates': [[2], [2, 4], [1, 2], [4, 1], [2, 3], [3, 2], [1, 2], [0], [1], [3], [1, 0], [3, 1], [0, 3], [1], [0, 1], [0], [1], [3], [3, 1], [0, 3], [1, 0], [1], [3], [0], [3, 1], [0, 3], [1, 0], [3], [1, 3], [1], [3], [0], [0, 3], [1, 0], [3, 1], [0, 1], [2, 1], [1, 0], [0, 2], [1, 0], [2, 1], [0], [2], [1], [2, 0], [1, 2], [0, 1], [2], [0, 2], [0], [2], [1], [1, 2], [0, 1], [2, 0], [0], [2], [4], [2, 0], [4, 2], [0, 4], [2], [0, 2], [0], [2], [4], [4, 2], [0, 4], [2, 0], [4, 0], [1], [4], [2], [4, 1], [2, 4], [1, 2], [4], [1, 4], [1], [4]]}","{'map': {'0': 10, '1': 24, '2': 8, '3': 12, '4': 22, '5': 26}, 'arch': {'width': 7, 'height': 5, 'alg_qubits': [8, 22, 10, 24, 12, 26], 'magic_states': [1, 3, 5, 13, 27, 33, 31, 29, 7, 21]}, 'gates': [[5], [4], [0], [4, 5], [0, 4], [5, 0], [4], [5, 4], [5], [4], [0], [0, 4], [5, 0], [4, 5], [5], [4], [1], [4, 5], [1, 4], [5, 1], [4], [5, 4], [5], [4], [1], [1, 4], [5, 1], [4, 5], [1], [5], [0], [5, 1], [0, 5], [1, 0], [5], [1, 5], [1], [5], [0], [0, 5], [1, 0], [5, 1], [3], [2], [5], [2, 3], [5, 2], [3, 5], [2], [3, 2], [3], [2], [5], [5, 2], [3, 5], [2, 3], [1], [5], [0], [5, 1], [0, 5], [1, 0], [5], [1, 5], [1], [5], [0], [0, 5], [1, 0], [5, 1], [3], [2], [5], [2, 3], [5, 2], [3, 5], [2], [3, 2], [3], [2], [5]]}","{'map': {'0': 26, '1': 24, '2': 12, '3': 8, '4': 22, '5': 10}, 'arch': {'width': 7, 'height': 5, 'alg_qubits': [8, 22, 10, 24, 12, 26], 'magic_states': [1, 3, 5, 13, 27, 33, 31, 29, 7, 21]}, 'gates': [[1], [4], [2], [4, 1], [2, 4], [1, 2], [4], [1, 4], [1], [4], [2], [2, 4], [1, 2], [4, 1], [5], [3], [4], [3, 5], [4, 3], [5, 4], [3], [5, 3], [5], [3], [4], [4, 3], [5, 4], [3, 5], [0], [1], [3], [1, 0], [3, 1], [0, 3], [1], [0, 1], [0], [1], [3], [3, 1], [0, 3], [1, 0], [5], [3], [4], [3, 5], [4, 3], [5, 4], [3], [5, 3], [5], [3], [4], [4, 3], [5, 4], [3, 5], [0], [1], [3], [1, 0], [3, 1], [0, 3], [1], [0, 1], [0], [1], [3], [3, 1], [0, 3], [1, 0], [1], [5], [3], [5, 1], [3, 5], [1, 3], [5], [1, 5], [1], [5], [3]]}","{'map': {'0': 24, '1': 22, '2': 26, '3': 10, '4': 8, '5': 12}, 'arch': {'width': 7, 'height': 5, 'alg_qubits': [8, 22, 10, 24, 12, 26], 'magic_states': [1, 3, 5, 13, 27, 33, 31, 29, 7, 21]}, 'gates': [[4], [4, 0], [1, 4], [0, 1], [3], [2], [5], [2, 3], [5, 2], [3, 5], [2], [3, 2], [3], [2], [5], [5, 2], [3, 5], [2, 3], [5], [3], [4], [3, 5], [4, 3], [5, 4], [3], [5, 3], [5], [3], [4], [4, 3], [5, 4], [3, 5], [1], [0], [3], [0, 1], [3, 0], [1, 3], [0], [1, 0], [1], [0], [3], [3, 0], [1, 3], [0, 1], [5], [3], [4], [3, 5], [4, 3], [5, 4], [3], [5, 3], [5], [3], [4], [4, 3], [5, 4], [3, 5], [1], [0], [3], [0, 1], [3, 0], [1, 3], [0], [1, 0], [1], [0], [3], [3, 0], [1, 3], [0, 1], [3], [2], [5], [2, 3], [5, 2], [3, 5], [2]]}","{'map': {'0': 12, '1': 22, '2': 10, '3': 8, '4': 26}, 'arch': {'width': 7, 'height': 5, 'alg_qubits': [8, 22, 10, 24, 12, 26], 'magic_states': [1, 3, 5, 13, 27, 33, 31, 29, 7, 21]}, 'gates': [[1, 2], [0], [1], [3], [1, 0], [3, 1], [0, 3], [1], [0, 1], [0], [1], [3], [3, 1], [0, 3], [1, 0], [1], [3], [0], [3, 1], [0, 3], [1, 0], [3], [1, 3], [1], [3], [0], [0, 3], [1, 0], [3, 1], [0, 1], [2, 1], [1, 0], [1, 2], [4, 1], [4, 1], [0], [2], [4], [2, 0], [4, 2], [0, 4], [2], [0, 2], [0], [2], [4], [4, 2], [0, 4], [2, 0], [4, 2], [0], [4], [1], [4, 0], [1, 4], [0, 1], [4], [0, 4], [0], [4], [1], [1, 4], [0, 1], [4, 0], [1], [4], [0], [4, 1], [0, 4], [1, 0], [4], [1, 4], [1], [4], [0], [0, 4], [1, 0], [4, 1], [2, 3], [3, 2]]}"
jku_suite_94.qasm,"{'map': {'0': 50, '1': 48, '2': 46, '3': 22, '4': 16, '5': 44, '6': 24, '7': 14, '8': 20, '9': 42, '10': 18}, 'arch': {'width': 13, 'height': 5, 'alg_qubits': [14, 40, 16, 42, 18, 44, 20, 46, 22, 48, 24, 50], 'magic_states': [1, 3, 5, 7, 9, 11, 25, 51, 63, 61, 59, 57, 55, 53, 13, 39]}, 'gates': [[7], [4], [5], [4, 7], [5, 4], [7, 5], [4], [7, 4], [7], [4], [5], [5, 4], [7, 5], [4, 7], [10], [9], [0], [9, 10], [0, 9], [10, 0], [9], [10, 9], [10], [9], [0], [0, 9], [10, 0], [9, 10], [1], [8], [9], [8, 1], [9, 8], [1, 9], [8], [1, 8], [1], [8], [9], [9, 8], [1, 9], [8, 1], [2], [7], [8], [7, 2], [8, 7], [2, 8], [7], [2, 7], [2], [7], [8], [8, 7], [2, 8], [7, 2], [3], [6], [7], [6, 3], [7, 6], [3, 7], [6], [3, 6], [3], [6], [7], [7, 6], [3, 7], [6, 3], [5], [4], [6], [4, 5], [6, 4], [5, 6], [4], [5, 4], [5], [4], [6]]}","{'map': {'0': 50, '1': 48, '2': 46, '3': 22, '4': 16, '5': 44, '6': 24, '7': 14, '8': 20, '9': 42, '10': 18}, 'arch': {'width': 13, 'height': 5, 'alg_qubits': [14, 40, 16, 42, 18, 44, 20, 46, 22, 48, 24, 50], 'magic_states': [1, 3, 5, 7, 9, 11, 25, 51, 63, 61, 59, 57, 55, 53, 13, 39]}, 'gates': [[7], [4], [5], [4, 7], [5, 4], [7, 5], [4], [7, 4], [7], [4], [5], [5, 4], [7, 5], [4, 7], [10], [9], [0], [9, 10], [0, 9], [10, 0], [9], [10, 9], [10], [9], [0], [0, 9], [10, 0], [9, 10], [1], [8], [9], [8, 1], [9, 8], [1, 9], [8], [1, 8], [1], [8], [9], [9, 8], [1, 9], [8, 1], [2], [7], [8], [7, 2], [8, 7], [2, 8], [7], [2, 7], [2], [7], [8], [8, 7], [2, 8], [7, 2], [3], [6], [7], [6, 3], [7, 6], [3, 7], [6], [3, 6], [3], [6], [7], [7, 6], [3, 7], [6, 3], [5], [4], [6], [4, 5], [6, 4], [5, 6], [4], [5, 4], [5], [4], [6]]}","{'map': {'0': 40, '1': 24, '2': 22, '3': 18, '4': 44, '5': 48, '6': 42, '7': 14, '8': 20, '9': 50, '10': 16}, 'arch': {'width': 13, 'height': 5, 'alg_qubits': [14, 40, 16, 42, 18, 44, 20, 46, 22, 48, 24, 50], 'magic_states': [1, 3, 5, 7, 9, 11, 25, 51, 63, 61, 59, 57, 55, 53, 13, 39]}, 'gates': [[5, 10], [9], [4], [3], [4, 9], [3, 4], [9, 3], [4], [9, 4], [9], [4], [3], [3, 4], [9, 3], [4, 9], [8], [3], [2], [3, 8], [2, 3], [8, 2], [3], [8, 3], [8], [3], [2], [2, 3], [8, 2], [3, 8], [7], [2], [1], [2, 7], [1, 2], [7, 1], [2], [7, 2], [7], [2], [1], [1, 2], [7, 1], [2, 7], [6], [1], [0], [1, 6], [0, 1], [6, 0], [1], [6, 1], [6], [1], [0], [0, 1], [6, 0], [1, 6], [7], [2], [1], [2, 7], [1, 2], [7, 1], [2], [7, 2], [7], [2], [1], [1, 2], [7, 1], [2, 7], [8], [3], [2], [3, 8], [2, 3], [8, 2], [3], [8, 3], [8], [3]]}","{'map': {'0': 40, '1': 24, '2': 22, '3': 18, '4': 44, '5': 48, '6': 42, '7': 14, '8': 20, '9': 50, '10': 16}, 'arch': {'width': 13, 'height': 5, 'alg_qubits': [14, 40, 16, 42, 18, 44, 20, 46, 22, 48, 24, 50], 'magic_states': [1, 3, 5, 7, 9, 11, 25, 51, 63, 61, 59, 57, 55, 53, 13, 39]}, 'gates': [[5, 10], [9], [4], [3], [4, 9], [3, 4], [9, 3], [4], [9, 4], [9], [4], [3], [3, 4], [9, 3], [4, 9], [8], [3], [2], [3, 8], [2, 3], [8, 2], [3], [8, 3], [8], [3], [2], [2, 3], [8, 2], [3, 8], [7], [2], [1], [2, 7], [1, 2], [7, 1], [2], [7, 2], [7], [2], [1], [1, 2], [7, 1], [2, 7], [6], [1], [0], [1, 6], [0, 1], [6, 0], [1], [6, 1], [6], [1], [0], [0, 1], [6, 0], [1, 6], [7], [2], [1], [2, 7], [1, 2], [7, 1], [2], [7, 2], [7], [2], [1], [1, 2], [7, 1], [2, 7], [8], [3], [2], [3, 8], [2, 3], [8, 2], [3], [8, 3], [8], [3]]}","{'map': {'0': 14, '1': 48, '2': 46, '3': 16, '4': 20, '5': 50, '6': 18, '7': 40, '8': 44, '9': 24, '10': 42}, 'arch': {'width': 13, 'height': 5, 'alg_qubits': [14, 40, 16, 42, 18, 44, 20, 46, 22, 48, 24, 50], 'magic_states': [1, 3, 5, 7, 9, 11, 25, 51, 63, 61, 59, 57, 55, 53, 13, 39]}, 'gates': [[3, 8], [7], [2], [1], [2, 7], [1, 2], [7, 1], [2], [7, 2], [7], [2], [1], [1, 2], [7, 1], [2, 7], [6], [1], [0], [1, 6], [0, 1], [6, 0], [1], [6, 1], [6], [1], [0], [0, 1], [6, 0], [1, 6], [7], [2], [1], [2, 7], [1, 2], [7, 1], [2], [7, 2], [7], [2], [1], [1, 2], [7, 1], [2, 7], [8], [3], [2], [3, 8], [2, 3], [8, 2], [3], [8, 3], [8], [3], [2], [2, 3], [8, 2], [3, 8], [9], [4], [3], [4, 9], [3, 4], [9, 3], [4], [9, 4], [9], [4], [3], [3, 4], [9, 3], [4, 9], [10], [5], [4], [5, 10], [4, 5], [10, 4], [5], [10, 5], [10], [5]]}"
grover_9.qasm,"{'map': {'0': 24, '1': 22, '2': 26, '3': 10, '4': 8, '5': 12}, 'arch': {'width': 7, 'height': 5, 'alg_qubits': [8, 22, 10, 24, 12, 26], 'magic_states': [1, 3, 5, 13, 27, 33, 31, 29, 7, 21]}, 'gates': [[4], [4, 0], [1, 4], [0, 1], [3], [2], [5], [2, 3], [5, 2], [3, 5], [2], [3, 2], [3], [2], [5], [5, 2], [3, 5], [2, 3], [5], [3], [4], [3, 5], [4, 3], [5, 4], [3], [5, 3], [5], [3], [4], [4, 3], [5, 4], [3, 5], [1], [0], [3], [0, 1], [3, 0], [1, 3], [0], [1, 0], [1], [0], [3], [3, 0], [1, 3], [0, 1], [5], [3], [4], [3, 5], [4, 3], [5, 4], [3], [5, 3], [5], [3], [4], [4, 3], [5, 4], [3, 5], [1], [0], [3], [0, 1], [3, 0], [1, 3], [0], [1, 0], [1], [0], [3], [3, 0], [1, 3], [0, 1], [3], [2], [5], [2, 3], [5, 2], [3, 5], [2]]}","{'map': {'0': 22, '1': 12, '2': 8, '3': 10, '4': 26}, 'arch': {'width': 7, 'height': 5, 'alg_qubits': [8, 22, 10, 24, 12, 26], 'magic_states': [1, 3, 5, 13, 27, 33, 31, 29, 7, 21]}, 'gates': [[3], [2], [1], [2, 3], [1, 2], [3, 1], [2], [3, 2], [3], [2], [1], [1, 2], [3, 1], [2, 3], [0], [4], [2], [4, 0], [2, 4], [0, 2], [4], [0, 4], [0], [4], [2], [2, 4], [0, 2], [4, 0], [3], [1], [4], [1, 3], [4, 1], [3, 4], [1], [3, 1], [3], [1], [4], [4, 1], [3, 4], [1, 3], [0], [4], [2], [4, 0], [2, 4], [0, 2], [4], [0, 4], [0], [4], [2], [2, 4], [0, 2], [4, 0], [3], [1], [4], [1, 3], [4, 1], [3, 4], [1], [3, 1], [3], [1], [4], [4, 1], [3, 4], [1, 3], [3], [0], [2], [0, 3], [2, 0], [3, 2], [0], [3, 0], [3], [0], [2]]}","{'map': {'0': 26, '1': 24, '2': 12, '3': 8, '4': 22, '5': 10}, 'arch': {'width': 7, 'height': 5, 'alg_qubits': [8, 22, 10, 24, 12, 26], 'magic_states': [1, 3, 5, 13, 27, 33, 31, 29, 7, 21]}, 'gates': [[1], [4], [2], [4, 1], [2, 4], [1, 2], [4], [1, 4], [1], [4], [2], [2, 4], [1, 2], [4, 1], [5], [3], [4], [3, 5], [4, 3], [5, 4], [3], [5, 3], [5], [3], [4], [4, 3], [5, 4], [3, 5], [0], [1], [3], [1, 0], [3, 1], [0, 3], [1], [0, 1], [0], [1], [3], [3, 1], [0, 3], [1, 0], [5], [3], [4], [3, 5], [4, 3], [5, 4], [3], [5, 3], [5], [3], [4], [4, 3], [5, 4], [3, 5], [0], [1], [3], [1, 0], [3, 1], [0, 3], [1], [0, 1], [0], [1], [3], [3, 1], [0, 3], [1, 0], [1], [5], [3], [5, 1], [3, 5], [1, 3], [5], [1, 5], [1], [5], [3]]}","{'map': {'0': 10, '1': 24, '2': 8, '3': 12, '4': 22, '5': 26}, 'arch': {'width': 7, 'height': 5, 'alg_qubits': [8, 22, 10, 24, 12, 26], 'magic_states': [1, 3, 5, 13, 27, 33, 31, 29, 7, 21]}, 'gates': [[5], [4], [0], [4, 5], [0, 4], [5, 0], [4], [5, 4], [5], [4], [0], [0, 4], [5, 0], [4, 5], [5], [4], [1], [4, 5], [1, 4], [5, 1], [4], [5, 4], [5], [4], [1], [1, 4], [5, 1], [4, 5], [1], [5], [0], [5, 1], [0, 5], [1, 0], [5], [1, 5], [1], [5], [0], [0, 5], [1, 0], [5, 1], [3], [2], [5], [2, 3], [5, 2], [3, 5], [2], [3, 2], [3], [2], [5], [5, 2], [3, 5], [2, 3], [1], [5], [0], [5, 1], [0, 5], [1, 0], [5], [1, 5], [1], [5], [0], [0, 5], [1, 0], [5, 1], [3], [2], [5], [2, 3], [5, 2], [3, 5], [2], [3, 2], [3], [2], [5]]}","{'map': {'0': 10, '1': 24, '2': 12, '3': 22, '4': 8, '5': 26}, 'arch': {'width': 7, 'height': 5, 'alg_qubits': [8, 22, 10, 24, 12, 26], 'magic_states': [1, 3, 5, 13, 27, 33, 31, 29, 7, 21]}, 'gates': [[2], [1], [0], [1, 2], [0, 1], [2, 0], [1], [2, 1], [2], [1], [0], [0, 1], [2, 0], [1, 2], [4, 0], [3], [2], [5], [2, 3], [5, 2], [3, 5], [2], [3, 2], [3], [2], [5], [5, 2], [3, 5], [2, 3], [5], [3], [4], [3, 5], [4, 3], [5, 4], [3], [5, 3], [5], [3], [4], [4, 3], [5, 4], [3, 5], [1], [0], [3], [0, 1], [3, 0], [1, 3], [0], [1, 0], [1], [0], [3], [3, 0], [1, 3], [0, 1], [5], [3], [4], [3, 5], [4, 3], [5, 4], [3], [5, 3], [5], [3], [4], [4, 3], [5, 4], [3, 5], [1], [0], [3], [0, 1], [3, 0], [1, 3], [0], [1, 0], [1], [0]]}"
autobraid_49.qasm,"{'map': {'0': 40, '1': 24, '2': 22, '3': 18, '4': 44, '5': 48, '6': 42, '7': 14, '8': 20, '9': 50, '10': 16}, 'arch': {'width': 13, 'height': 5, 'alg_qubits': [14, 40, 16, 42, 18, 44, 20, 46, 22, 48, 24, 50], 'magic_states': [1, 3, 5, 7, 9, 11, 25, 51, 63, 61, 59, 57, 55, 53, 13, 39]}, 'gates': [[5, 10], [9], [4], [3], [4, 9], [3, 4], [9, 3], [4], [9, 4], [9], [4], [3], [3, 4], [9, 3], [4, 9], [8], [3], [2], [3, 8], [2, 3], [8, 2], [3], [8, 3], [8], [3], [2], [2, 3], [8, 2], [3, 8], [7], [2], [1], [2, 7], [1, 2], [7, 1], [2], [7, 2], [7], [2], [1], [1, 2], [7, 1], [2, 7], [6], [1], [0], [1, 6], [0, 1], [6, 0], [1], [6, 1], [6], [1], [0], [0, 1], [6, 0], [1, 6], [7], [2], [1], [2, 7], [1, 2], [7, 1], [2], [7, 2], [7], [2], [1], [1, 2], [7, 1], [2, 7], [8], [3], [2], [3, 8], [2, 3], [8, 2], [3], [8, 3], [8], [3]]}","{'map': {'0': 40, '1': 24, '2': 22, '3': 18, '4': 44, '5': 48, '6': 42, '7': 14, '8': 20, '9': 50, '10': 16}, 'arch': {'width': 13, 'height': 5, 'alg_qubits': [14, 40, 16, 42, 18, 44, 20, 46, 22, 48, 24, 50], 'magic_states': [1, 3, 5, 7, 9, 11, 25, 51, 63, 61, 59, 57, 55, 53, 13, 39]}, 'gates': [[5, 10], [9], [4], [3], [4, 9], [3, 4], [9, 3], [4], [9, 4], [9], [4], [3], [3, 4], [9, 3], [4, 9], [8], [3], [2], [3, 8], [2, 3], [8, 2], [3], [8, 3], [8], [3], [2], [2, 3], [8, 2], [3, 8], [7], [2], [1], [2, 7], [1, 2], [7, 1], [2], [7, 2], [7], [2], [1], [1, 2], [7, 1], [2, 7], [6], [1], [0], [1, 6], [0, 1], [6, 0], [1], [6, 1], [6], [1], [0], [0, 1], [6, 0], [1, 6], [7], [2], [1], [2, 7], [1, 2], [7, 1], [2], [7, 2], [7], [2], [1], [1, 2], [7, 1], [2, 7], [8], [3], [2], [3, 8], [2, 3], [8, 2], [3], [8, 3], [8], [3]]}","{'map': {'0': 18, '1': 50, '2': 22, '3': 46, '4': 16, '5': 20, '6': 40, '7': 44, '8': 14, '9': 42, '10': 24, '12': 26}, 'arch': {'width': 13, 'height': 5, 'alg_qubits': [14, 40, 16, 42, 18, 44, 20, 46, 22, 48, 24, 50], 'magic_states': [1, 3, 5, 7, 9, 11, 25, 51, 63, 61, 59, 57, 55, 53, 13, 39]}, 'gates': [[9], [10], [12], [12, 10], [9, 12], [10, 9], [7], [8], [10], [8, 7], [10, 8], [7, 10], [8], [7, 8], [7], [8], [10], [10, 8], [7, 10], [8, 7], [5], [6], [8], [6, 5], [8, 6], [5, 8], [6], [5, 6], [5], [6], [8], [8, 6], [5, 8], [6, 5], [4], [0], [6], [0, 4], [6, 0], [4, 6], [0], [4, 0], [4], [0], [6], [6, 0], [4, 6], [0, 4], [2], [3], [0], [3, 2], [0, 3], [2, 0], [3], [2, 3], [2], [3], [0], [0, 3], [2, 0], [3, 2], [4], [0], [6], [0, 4], [6, 0], [4, 6], [0], [4, 0], [4], [0], [6], [6, 0], [4, 6], [0, 4], [5], [6], [8], [6, 5], [8, 6]]}","{'map': {'0': 40, '1': 44, '2': 24, '3': 46, '4': 48, '5': 16, '6': 14, '7': 22, '8': 20, '9': 18, '10': 50}, 'arch': {'width': 13, 'height': 5, 'alg_qubits': [14, 40, 16, 42, 18, 44, 20, 46, 22, 48, 24, 50], 'magic_states': [1, 3, 5, 7, 9, 11, 25, 51, 63, 61, 59, 57, 55, 53, 13, 39]}, 'gates': [[7], [2], [1], [1, 2], [7, 1], [2, 7], [0], [6], [2], [6, 0], [2, 6], [0, 2], [6], [0, 6], [0], [6], [2], [2, 6], [0, 2], [6, 0], [7], [2], [1], [2, 7], [1, 2], [7, 1], [2], [7, 2], [7], [2], [1], [1, 2], [7, 1], [2, 7], [10], [9], [8], [9, 10], [8, 9], [10, 8], [9], [10, 9], [10], [9], [8], [8, 9], [10, 8], [9, 10], [5], [6], [0], [6, 5], [0, 6], [5, 0], [6], [5, 6], [5], [6], [0], [0, 6], [5, 0], [6, 5], [4], [7], [6], [7, 4], [6, 7], [4, 6], [7], [4, 7], [4], [7], [6], [6, 7], [4, 6], [7, 4], [3], [8], [7], [8, 3], [7, 8]]}","{'map': {'0': 40, '1': 44, '2': 24, '3': 46, '4': 48, '5': 16, '6': 14, '7': 22, '8': 20, '9': 18, '10': 50}, 'arch': {'width': 13, 'height': 5, 'alg_qubits': [14, 40, 16, 42, 18, 44, 20, 46, 22, 48, 24, 50], 'magic_states': [1, 3, 5, 7, 9, 11, 25, 51, 63, 61, 59, 57, 55, 53, 13, 39]}, 'gates': [[7], [2], [1], [1, 2], [7, 1], [2, 7], [0], [6], [2], [6, 0], [2, 6], [0, 2], [6], [0, 6], [0], [6], [2], [2, 6], [0, 2], [6, 0], [7], [2], [1], [2, 7], [1, 2], [7, 1], [2], [7, 2], [7], [2], [1], [1, 2], [7, 1], [2, 7], [10], [9], [8], [9, 10], [8, 9], [10, 8], [9], [10, 9], [10], [9], [8], [8, 9], [10, 8], [9, 10], [5], [6], [0], [6, 5], [0, 6], [5, 0], [6], [5, 6], [5], [6], [0], [0, 6], [5, 0], [6, 5], [4], [7], [6], [7, 4], [6, 7], [4, 6], [7], [4, 7], [4], [7], [6], [6, 7], [4, 6], [7, 4], [3], [8], [7], [8, 3], [7, 8]]}"
jku_suite_45.qasm,"{'map': {'0': 24, '1': 22, '2': 50, '3': 42, '4': 14, '5': 46, '6': 40, '7': 44, '8': 48, '9': 16, '10': 20}, 'arch': {'width': 13, 'height': 5, 'alg_qubits': [14, 40, 16, 42, 18, 44, 20, 46, 22, 48, 24, 50], 'magic_states': [1, 3, 5, 7, 9, 11, 25, 51, 63, 61, 59, 57, 55, 53, 13, 39]}, 'gates': [[10], [5], [4], [4, 5], [10, 4], [5, 10], [9], [4], [3], [4, 9], [3, 4], [9, 3], [4], [9, 4], [9], [4], [3], [3, 4], [9, 3], [4, 9], [8], [3], [2], [3, 8], [2, 3], [8, 2], [3], [8, 3], [8], [3], [2], [2, 3], [8, 2], [3, 8], [7], [2], [1], [2, 7], [1, 2], [7, 1], [2], [7, 2], [7], [2], [1], [1, 2], [7, 1], [2, 7], [6], [1], [0], [1, 6], [0, 1], [6, 0], [1], [6, 1], [6], [1], [0], [0, 1], [6, 0], [1, 6], [7], [2], [1], [2, 7], [1, 2], [7, 1], [2], [7, 2], [7], [2], [1], [1, 2], [7, 1], [2, 7], [8], [3], [2], [3, 8], [2, 3]]}","{'map': {'0': 24, '1': 22, '2': 50, '3': 42, '4': 14, '5': 46, '6': 40, '7': 44, '8': 48, '9': 16, '10': 20}, 'arch': {'width': 13, 'height': 5, 'alg_qubits': [14, 40, 16, 42, 18, 44, 20, 46, 22, 48, 24, 50], 'magic_states': [1, 3, 5, 7, 9, 11, 25, 51, 63, 61, 59, 57, 55, 53, 13, 39]}, 'gates': [[10], [5], [4], [4, 5], [10, 4], [5, 10], [9], [4], [3], [4, 9], [3, 4], [9, 3], [4], [9, 4], [9], [4], [3], [3, 4], [9, 3], [4, 9], [8], [3], [2], [3, 8], [2, 3], [8, 2], [3], [8, 3], [8], [3], [2], [2, 3], [8, 2], [3, 8], [7], [2], [1], [2, 7], [1, 2], [7, 1], [2], [7, 2], [7], [2], [1], [1, 2], [7, 1], [2, 7], [6], [1], [0], [1, 6], [0, 1], [6, 0], [1], [6, 1], [6], [1], [0], [0, 1], [6, 0], [1, 6], [7], [2], [1], [2, 7], [1, 2], [7, 1], [2], [7, 2], [7], [2], [1], [1, 2], [7, 1], [2, 7], [8], [3], [2], [3, 8], [2, 3]]}","{'map': {'0': 50, '1': 48, '2': 46, '3': 22, '4': 16, '5': 44, '6': 24, '7': 14, '8': 20, '9': 42, '10': 18}, 'arch': {'width': 13, 'height': 5, 'alg_qubits': [14, 40, 16, 42, 18, 44, 20, 46, 22, 48, 24, 50], 'magic_states': [1, 3, 5, 7, 9, 11, 25, 51, 63, 61, 59, 57, 55, 53, 13, 39]}, 'gates': [[7], [4], [5], [4, 7], [5, 4], [7, 5], [4], [7, 4], [7], [4], [5], [5, 4], [7, 5], [4, 7], [10], [9], [0], [9, 10], [0, 9], [10, 0], [9], [10, 9], [10], [9], [0], [0, 9], [10, 0], [9, 10], [1], [8], [9], [8, 1], [9, 8], [1, 9], [8], [1, 8], [1], [8], [9], [9, 8], [1, 9], [8, 1], [2], [7], [8], [7, 2], [8, 7], [2, 8], [7], [2, 7], [2], [7], [8], [8, 7], [2, 8], [7, 2], [3], [6], [7], [6, 3], [7, 6], [3, 7], [6], [3, 6], [3], [6], [7], [7, 6], [3, 7], [6, 3], [5], [4], [6], [4, 5], [6, 4], [5, 6], [4], [5, 4], [5], [4], [6]]}","{'map': {'0': 50, '1': 48, '2': 46, '3': 22, '4': 16, '5': 44, '6': 24, '7': 14, '8': 20, '9': 42, '10': 18}, 'arch': {'width': 13, 'height': 5, 'alg_qubits': [14, 40, 16, 42, 18, 44, 20, 46, 22, 48, 24, 50], 'magic_states': [1, 3, 5, 7, 9, 11, 25, 51, 63, 61, 59, 57, 55, 53, 13, 39]}, 'gates': [[7], [4], [5], [4, 7], [5, 4], [7, 5], [4], [7, 4], [7], [4], [5], [5, 4], [7, 5], [4, 7], [10], [9], [0], [9, 10], [0, 9], [10, 0], [9], [10, 9], [10], [9], [0], [0, 9], [10, 0], [9, 10], [1], [8], [9], [8, 1], [9, 8], [1, 9], [8], [1, 8], [1], [8], [9], [9, 8], [1, 9], [8, 1], [2], [7], [8], [7, 2], [8, 7], [2, 8], [7], [2, 7], [2], [7], [8], [8, 7], [2, 8], [7, 2], [3], [6], [7], [6, 3], [7, 6], [3, 7], [6], [3, 6], [3], [6], [7], [7, 6], [3, 7], [6, 3], [5], [4], [6], [4, 5], [6, 4], [5, 6], [4], [5, 4], [5], [4], [6]]}","{'map': {'0': 14, '1': 42, '2': 48, '3': 50, '4': 46, '5': 20, '6': 40, '7': 44, '8': 22, '9': 24, '10': 16}, 'arch': {'width': 13, 'height': 5, 'alg_qubits': [14, 40, 16, 42, 18, 44, 20, 46, 22, 48, 24, 50], 'magic_states': [1, 3, 5, 7, 9, 11, 25, 51, 63, 61, 59, 57, 55, 53, 13, 39]}, 'gates': [[3], [8], [7], [7, 8], [3, 7], [8, 3], [4], [7], [6], [7, 4], [6, 7], [4, 6], [7], [4, 7], [4], [7], [6], [6, 7], [4, 6], [7, 4], [5], [6], [10], [6, 5], [10, 6], [5, 10], [6], [5, 6], [5], [6], [10], [10, 6], [5, 10], [6, 5], [4], [7], [6], [7, 4], [6, 7], [4, 6], [7], [4, 7], [4], [7], [6], [6, 7], [4, 6], [7, 4], [3], [8], [7], [8, 3], [7, 8], [3, 7], [8], [3, 8], [3], [8], [7], [7, 8], [3, 7], [8, 3], [2], [9], [8], [9, 2], [8, 9], [2, 8], [9], [2, 9], [2], [9], [8], [8, 9], [2, 8], [9, 2], [0], [1], [9], [1, 0], [9, 1]]}"
jku_suite_23.qasm,"{'map': {'0': 8, '1': 22, '2': 24, '3': 12, '4': 26}, 'arch': {'width': 7, 'height': 5, 'alg_qubits': [8, 22, 10, 24, 12, 26], 'magic_states': [1, 3, 5, 13, 27, 33, 31, 29, 7, 21]}, 'gates': [[2], [3], [1], [3, 2], [1, 3], [2, 1], [3], [2, 3], [2], [3], [1], [1, 3], [2, 1], [3, 2], [0], [4], [3], [4, 0], [3, 4], [0, 3], [4], [0, 4], [0], [4], [3], [3, 4], [0, 3], [4, 0], [2], [3], [1], [3, 2], [1, 3], [2, 1], [3], [2, 3], [2], [3], [1], [1, 3], [2, 1], [3, 2], [0], [4], [3], [4, 0], [3, 4], [0, 3], [4], [0, 4], [0], [4], [3], [3, 4], [0, 3], [4, 0], [2, 0], [3], [0], [2], [0, 3], [2, 0], [3, 2], [0], [3, 0], [3], [0], [2], [2, 0], [3, 2], [0, 3], [1], [4], [0], [4, 1], [0, 4], [1, 0], [4], [1, 4], [1], [4]]}","{'map': {'0': 12, '1': 22, '2': 10, '3': 24, '4': 26}, 'arch': {'width': 7, 'height': 5, 'alg_qubits': [8, 22, 10, 24, 12, 26], 'magic_states': [1, 3, 5, 13, 27, 33, 31, 29, 7, 21]}, 'gates': [[2], [0], [1], [0, 2], [1, 0], [2, 1], [0], [2, 0], [2], [0], [1], [1, 0], [2, 1], [0, 2], [4], [3], [0], [3, 4], [0, 3], [4, 0], [3], [4, 3], [4], [3], [0], [0, 3], [4, 0], [3, 4], [2], [0], [1], [0, 2], [1, 0], [2, 1], [0], [2, 0], [2], [0], [1], [1, 0], [2, 1], [0, 2], [4], [3], [0], [3, 4], [0, 3], [4, 0], [3], [4, 3], [4], [3], [0], [0, 3], [4, 0], [3, 4], [4], [1], [0], [1, 4], [0, 1], [4, 0], [1], [4, 1], [4], [1], [0], [0, 1], [4, 0], [1, 4], [1], [0], [2], [0, 1], [2, 0], [1, 2], [0], [1, 0], [1], [0], [2]]}","{'map': {'0': 26, '1': 24, '2': 8, '3': 22, '4': 10}, 'arch': {'width': 7, 'height': 5, 'alg_qubits': [8, 22, 10, 24, 12, 26], 'magic_states': [1, 3, 5, 13, 27, 33, 31, 29, 7, 21]}, 'gates': [[4], [1], [0], [1, 4], [0, 1], [4, 0], [1], [4, 1], [4], [1], [0], [0, 1], [4, 0], [1, 4], [1, 4], [2], [1], [0], [1, 2], [0, 1], [2, 0], [1], [2, 1], [2], [1], [0], [0, 1], [2, 0], [1, 2], [4], [3], [1], [3, 4], [1, 3], [4, 1], [3], [4, 3], [4], [3], [1], [1, 3], [4, 1], [3, 4], [2], [1], [0], [1, 2], [0, 1], [2, 0], [1], [2, 1], [2], [1], [0], [0, 1], [2, 0], [1, 2], [4], [3], [1], [3, 4], [1, 3], [4, 1], [3], [4, 3], [4], [3], [1], [1, 3], [4, 1], [3, 4], [0], [1], [4], [1, 0], [4, 1], [0, 4], [1], [0, 1], [0], [1]]}","{'map': {'0': 12, '1': 22, '2': 10, '3': 8, '4': 26}, 'arch': {'width': 7, 'height': 5, 'alg_qubits': [8, 22, 10, 24, 12, 26], 'magic_states': [1, 3, 5, 13, 27, 33, 31, 29, 7, 21]}, 'gates': [[1, 2], [0], [1], [3], [1, 0], [3, 1], [0, 3], [1], [0, 1], [0], [1], [3], [3, 1], [0, 3], [1, 0], [1], [3], [0], [3, 1], [0, 3], [1, 0], [3], [1, 3], [1], [3], [0], [0, 3], [1, 0], [3, 1], [0, 1], [2, 1], [1, 0], [1, 2], [4, 1], [4, 1], [0], [2], [4], [2, 0], [4, 2], [0, 4], [2], [0, 2], [0], [2], [4], [4, 2], [0, 4], [2, 0], [4, 2], [0], [4], [1], [4, 0], [1, 4], [0, 1], [4], [0, 4], [0], [4], [1], [1, 4], [0, 1], [4, 0], [1], [4], [0], [4, 1], [0, 4], [1, 0], [4], [1, 4], [1], [4], [0], [0, 4], [1, 0], [4, 1], [2, 3], [3, 2]]}","{'map': {'0': 10, '1': 22, '2': 24, '3': 26, '4': 8}, 'arch': {'width': 7, 'height': 5, 'alg_qubits': [8, 22, 10, 24, 12, 26], 'magic_states': [1, 3, 5, 13, 27, 33, 31, 29, 7, 21]}, 'gates': [[2], [2, 4], [1, 2], [4, 1], [2, 3], [3, 2], [1, 2], [0], [1], [3], [1, 0], [3, 1], [0, 3], [1], [0, 1], [0], [1], [3], [3, 1], [0, 3], [1, 0], [1], [3], [0], [3, 1], [0, 3], [1, 0], [3], [1, 3], [1], [3], [0], [0, 3], [1, 0], [3, 1], [0, 1], [2, 1], [1, 0], [0, 2], [1, 0], [2, 1], [0], [2], [1], [2, 0], [1, 2], [0, 1], [2], [0, 2], [0], [2], [1], [1, 2], [0, 1], [2, 0], [0], [2], [4], [2, 0], [4, 2], [0, 4], [2], [0, 2], [0], [2], [4], [4, 2], [0, 4], [2, 0], [4, 0], [1], [4], [2], [4, 1], [2, 4], [1, 2], [4], [1, 4], [1], [4]]}"
autobraid_32.qasm,"{'map': {'0': 14, '1': 30, '2': 34, '3': 16, '4': 10, '5': 28, '6': 12, '7': 32}, 'arch': {'width': 9, 'height': 5, 'alg_qubits': [10, 28, 12, 30, 14, 32, 16, 34], 'magic_states': [1, 3, 5, 7, 17, 35, 43, 41, 39, 37, 9, 27]}, 'gates': [[0, 2], [1, 5], [0, 2], [1, 5], [2, 3], [0, 6], [1, 7], [4, 5], [2, 3], [0, 6], [1, 7], [4, 5], [3, 7], [4, 6], [1, 5], [0, 2], [3, 7], [4, 6], [1, 5], [0, 2], [4, 5], [2, 3], [0, 6], [1, 7], [4, 5], [2, 3], [0, 6], [1, 7], [4, 6], [3, 7], [4, 6], [3, 7]]}","{'map': {'0': 28, '1': 14, '2': 16, '3': 32, '4': 34, '5': 30, '6': 12, '7': 10}, 'arch': {'width': 9, 'height': 5, 'alg_qubits': [10, 28, 12, 30, 14, 32, 16, 34], 'magic_states': [1, 3, 5, 7, 17, 35, 43, 41, 39, 37, 9, 27]}, 'gates': [[3, 5], [6], [7], [4], [7, 6], [4, 7], [6, 4], [7], [6, 7], [6], [7], [4], [4, 7], [6, 4], [7, 6], [5], [3], [7], [3, 5], [7, 3], [5, 7], [3], [5, 3], [5], [3], [7], [7, 3], [5, 7], [3, 5], [0], [1], [3], [1, 0], [3, 1], [0, 3], [1], [0, 1], [0], [1], [3], [3, 1], [0, 3], [1, 0], [5], [3], [7], [3, 5], [7, 3], [5, 7], [3], [5, 3], [5], [3], [7], [7, 3], [5, 7], [3, 5], [6], [7], [2], [7, 6], [2, 7], [6, 2], [7], [6, 7], [6], [7], [2], [2, 7], [6, 2], [7, 6], [3], [5], [7], [5, 3], [7, 5], [3, 7], [5], [3, 5], [3], [5]]}","{'map': {'0': 16, '1': 10, '2': 14, '3': 34, '4': 12, '5': 30, '6': 28, '7': 32}, 'arch': {'width': 9, 'height': 5, 'alg_qubits': [10, 28, 12, 30, 14, 32, 16, 34], 'magic_states': [1, 3, 5, 7, 17, 35, 43, 41, 39, 37, 9, 27]}, 'gates': [[6], [5], [2], [2, 5], [6, 2], [5, 6], [4], [2], [1], [2, 4], [1, 2], [4, 1], [2], [4, 2], [4], [2], [1], [1, 2], [4, 1], [2, 4], [0], [3], [7], [3, 0], [7, 3], [0, 7], [3], [0, 3], [0], [3], [7], [7, 3], [0, 7], [3, 0], [2], [1], [3], [1, 2], [3, 1], [2, 3], [1], [2, 1], [2], [1], [3], [3, 1], [2, 3], [1, 2], [0], [3], [7], [3, 0], [7, 3], [0, 7], [3], [0, 3], [0], [3], [7], [7, 3], [0, 7], [3, 0], [2], [1], [3], [1, 2], [3, 1], [2, 3], [1], [2, 1], [2], [1], [3], [3, 1], [2, 3], [1, 2], [1], [5], [4], [5, 1], [4, 5]]}","{'map': {'0': 34, '1': 30, '2': 28, '3': 32, '4': 12, '5': 10, '6': 16, '7': 14}, 'arch': {'width': 9, 'height': 5, 'alg_qubits': [10, 28, 12, 30, 14, 32, 16, 34], 'magic_states': [1, 3, 5, 7, 17, 35, 43, 41, 39, 37, 9, 27]}, 'gates': [[4, 5], [4], [5], [3], [3, 5], [4, 3], [5, 4], [6], [3], [7], [3, 6], [7, 3], [6, 7], [3], [6, 3], [6], [3], [7], [7, 3], [6, 7], [3, 6], [1], [3], [0], [3, 1], [0, 3], [1, 0], [3], [1, 3], [1], [3], [0], [0, 3], [1, 0], [3, 1], [0], [7], [2], [7, 0], [2, 7], [0, 2], [7], [0, 7], [0], [7], [2], [2, 7], [0, 2], [7, 0], [6], [3], [7], [3, 6], [7, 3], [6, 7], [3], [6, 3], [6], [3], [7], [7, 3], [6, 7], [3, 6], [4], [5], [3], [5, 4], [3, 5], [4, 3], [5], [4, 5], [4], [5], [3], [3, 5], [4, 3], [5, 4], [6], [3], [7], [3, 6]]}","{'map': {'0': 28, '1': 34, '2': 16, '3': 12, '4': 32, '5': 30, '6': 14, '7': 10}, 'arch': {'width': 9, 'height': 5, 'alg_qubits': [10, 28, 12, 30, 14, 32, 16, 34], 'magic_states': [1, 3, 5, 7, 17, 35, 43, 41, 39, 37, 9, 27]}, 'gates': [[4, 2], [4], [2], [1], [1, 2], [4, 1], [2, 4], [6], [5], [2], [5, 6], [2, 5], [6, 2], [5], [6, 5], [6], [5], [2], [2, 5], [6, 2], [5, 6], [4], [2], [1], [2, 4], [1, 2], [4, 1], [2], [4, 2], [4], [2], [1], [1, 2], [4, 1], [2, 4], [0], [3], [7], [3, 0], [7, 3], [0, 7], [3], [0, 3], [0], [3], [7], [7, 3], [0, 7], [3, 0], [2], [1], [3], [1, 2], [3, 1], [2, 3], [1], [2, 1], [2], [1], [3], [3, 1], [2, 3], [1, 2], [0], [3], [7], [3, 0], [7, 3], [0, 7], [3], [0, 3], [0], [3], [7], [7, 3], [0, 7], [3, 0], [2], [1], [3], [1, 2]]}"
jku_suite_25.qasm,"{'map': {'0': 8, '1': 12, '2': 22, '3': 26, '4': 24, '5': 10}, 'arch': {'width': 7, 'height': 5, 'alg_qubits': [8, 22, 10, 24, 12, 26], 'magic_states': [1, 3, 5, 13, 27, 33, 31, 29, 7, 21]}, 'gates': [[3], [3, 0], [1, 3], [0, 1], [3], [2], [5], [2, 3], [5, 2], [3, 5], [2], [3, 2], [3], [2], [5], [5, 2], [3, 5], [2, 3], [5], [3], [4], [3, 5], [4, 3], [5, 4], [3], [5, 3], [5], [3], [4], [4, 3], [5, 4], [3, 5], [1], [0], [3], [0, 1], [3, 0], [1, 3], [0], [1, 0], [1], [0], [3], [3, 0], [1, 3], [0, 1], [5], [3], [4], [3, 5], [4, 3], [5, 4], [3], [5, 3], [5], [3], [4], [4, 3], [5, 4], [3, 5], [1], [0], [3], [0, 1], [3, 0], [1, 3], [0], [1, 0], [1], [0], [3], [3, 0], [1, 3], [0, 1], [0, 4], [1, 3], [0], [1, 0], [1], [0]]}","{'map': {'0': 10, '1': 22, '2': 24, '3': 26, '4': 8}, 'arch': {'width': 7, 'height': 5, 'alg_qubits': [8, 22, 10, 24, 12, 26], 'magic_states': [1, 3, 5, 13, 27, 33, 31, 29, 7, 21]}, 'gates': [[2], [2, 4], [1, 2], [4, 1], [2, 3], [3, 2], [1, 2], [0], [1], [3], [1, 0], [3, 1], [0, 3], [1], [0, 1], [0], [1], [3], [3, 1], [0, 3], [1, 0], [1], [3], [0], [3, 1], [0, 3], [1, 0], [3], [1, 3], [1], [3], [0], [0, 3], [1, 0], [3, 1], [0, 1], [2, 1], [1, 0], [0, 2], [1, 0], [2, 1], [0], [2], [1], [2, 0], [1, 2], [0, 1], [2], [0, 2], [0], [2], [1], [1, 2], [0, 1], [2, 0], [0], [2], [4], [2, 0], [4, 2], [0, 4], [2], [0, 2], [0], [2], [4], [4, 2], [0, 4], [2, 0], [4, 0], [1], [4], [2], [4, 1], [2, 4], [1, 2], [4], [1, 4], [1], [4]]}","{'map': {'0': 8, '1': 22, '2': 10, '3': 12, '4': 26}, 'arch': {'width': 7, 'height': 5, 'alg_qubits': [8, 22, 10, 24, 12, 26], 'magic_states': [1, 3, 5, 13, 27, 33, 31, 29, 7, 21]}, 'gates': [[0, 1], [0, 1], [0, 2], [0, 2], [0, 2], [0, 2], [0, 2], [0, 1], [0, 1], [0, 1], [0, 1], [0, 1], [3, 2], [3, 2], [3, 2], [3, 2], [3, 2], [0, 2], [0, 2], [0, 2], [0, 2], [0, 2], [0, 1], [0, 1], [3, 4], [3, 4], [3, 4], [3, 4], [3, 4], [3, 2], [3, 2], [3, 2], [3, 2], [3, 2], [1, 2], [1, 2], [0, 2], [0, 2]]}","{'map': {'0': 8, '1': 22, '2': 10, '3': 12, '4': 26}, 'arch': {'width': 7, 'height': 5, 'alg_qubits': [8, 22, 10, 24, 12, 26], 'magic_states': [1, 3, 5, 13, 27, 33, 31, 29, 7, 21]}, 'gates': [[2], [1], [1, 2], [3, 1], [2, 3], [0], [1], [4], [1, 0], [4, 1], [0, 4], [1], [0, 1], [0], [1], [4], [4, 1], [0, 4], [1, 0], [3], [2], [1], [2, 3], [1, 2], [3, 1], [2], [3, 2], [3], [2], [1], [1, 2], [3, 1], [2, 3], [0, 1], [2, 0], [1], [2, 1], [2], [1], [0], [0, 1], [2, 0], [1, 2], [4], [3], [1], [3, 4], [1, 3], [4, 1], [3], [4, 3], [4], [3], [1], [1, 3], [4, 1], [3, 4], [0], [1], [4], [1, 0], [4, 1], [0, 4], [1], [0, 1], [0], [1], [4], [4, 1], [0, 4], [1, 0], [3], [2], [1], [2, 3], [1, 2], [3, 1], [2], [3, 2], [3]]}","{'map': {'0': 24, '1': 22, '2': 26, '3': 10, '4': 8, '5': 12}, 'arch': {'width': 7, 'height': 5, 'alg_qubits': [8, 22, 10, 24, 12, 26], 'magic_states': [1, 3, 5, 13, 27, 33, 31, 29, 7, 21]}, 'gates': [[4], [4, 0], [1, 4], [0, 1], [3], [2], [5], [2, 3], [5, 2], [3, 5], [2], [3, 2], [3], [2], [5], [5, 2], [3, 5], [2, 3], [5], [3], [4], [3, 5], [4, 3], [5, 4], [3], [5, 3], [5], [3], [4], [4, 3], [5, 4], [3, 5], [1], [0], [3], [0, 1], [3, 0], [1, 3], [0], [1, 0], [1], [0], [3], [3, 0], [1, 3], [0, 1], [5], [3], [4], [3, 5], [4, 3], [5, 4], [3], [5, 3], [5], [3], [4], [4, 3], [5, 4], [3, 5], [1], [0], [3], [0, 1], [3, 0], [1, 3], [0], [1, 0], [1], [0], [3], [3, 0], [1, 3], [0, 1], [3], [2], [5], [2, 3], [5, 2], [3, 5], [2]]}"
jku_suite_41.qasm,"{'map': {'0': 30, '1': 16, '2': 34, '3': 10, '4': 28, '5': 14, '6': 32, '7': 12}, 'arch': {'width': 9, 'height': 5, 'alg_qubits': [10, 28, 12, 30, 14, 32, 16, 34], 'magic_states': [1, 3, 5, 7, 17, 35, 43, 41, 39, 37, 9, 27]}, 'gates': [[7], [6], [3], [3, 6], [7, 3], [6, 7], [2, 1], [1], [7], [5], [7, 1], [5, 7], [1, 5], [7], [1, 7], [1], [7], [5], [5, 7], [1, 5], [7, 1], [7, 5], [6, 5], [0, 7], [0, 6], [5, 0], [1, 5], [2, 6], [4, 7], [4, 6], [1], [6], [2], [6, 1], [2, 6], [1, 2], [6], [1, 6], [1], [6], [2], [2, 6], [1, 2], [6, 1], [4, 1], [1, 2], [1], [5], [4], [5, 1], [4, 5], [1, 4], [5], [1, 5], [1], [5], [4], [4, 5], [1, 4], [5, 1], [0, 1], [0, 2], [0, 4], [7], [6], [5], [6, 7], [5, 6], [7, 5], [6], [7, 6], [7], [6], [5], [5, 6], [7, 5], [6, 7], [0], [5], [7], [5, 0]]}","{'map': {'0': 34, '1': 12, '2': 10, '3': 32, '4': 16, '5': 28, '6': 14, '7': 30}, 'arch': {'width': 9, 'height': 5, 'alg_qubits': [10, 28, 12, 30, 14, 32, 16, 34], 'magic_states': [1, 3, 5, 7, 17, 35, 43, 41, 39, 37, 9, 27]}, 'gates': [[1], [2], [6], [2, 1], [6, 2], [1, 6], [2], [1, 2], [1], [2], [6], [6, 2], [1, 6], [2, 1], [3], [6], [7], [6, 3], [7, 6], [3, 7], [6], [3, 6], [3], [6], [7], [7, 6], [3, 7], [6, 3], [0], [5], [7], [5, 0], [7, 5], [0, 7], [5], [0, 5], [0], [5], [7], [7, 5], [0, 7], [5, 0], [7], [6], [5], [6, 7], [5, 6], [7, 5], [6], [7, 6], [7], [6], [5], [5, 6], [7, 5], [6, 7], [0], [5], [6], [5, 0], [6, 5], [0, 6], [5], [0, 5], [0], [5], [6], [6, 5], [0, 6], [5, 0], [4], [7], [0], [7, 4], [0, 7], [4, 0], [7], [4, 7], [4], [7], [0]]}","{'map': {'0': 34, '1': 28, '2': 12, '3': 32, '4': 10, '5': 16, '6': 30, '7': 14}, 'arch': {'width': 9, 'height': 5, 'alg_qubits': [10, 28, 12, 30, 14, 32, 16, 34], 'magic_states': [1, 3, 5, 7, 17, 35, 43, 41, 39, 37, 9, 27]}, 'gates': [[0], [2], [1], [1, 2], [0, 1], [2, 0], [5], [3], [2], [3, 5], [2, 3], [5, 2], [3], [5, 3], [5], [3], [2], [2, 3], [5, 2], [3, 5], [7], [6], [3], [6, 7], [3, 6], [7, 3], [6], [7, 6], [7], [6], [3], [3, 6], [7, 3], [6, 7], [5], [3], [2], [3, 5], [2, 3], [5, 2], [3], [5, 3], [5], [3], [2], [2, 3], [5, 2], [3, 5], [1], [4], [2], [4, 1], [2, 4], [1, 2], [4], [1, 4], [1], [4], [2], [2, 4], [1, 2], [4, 1], [1], [4], [3], [4, 1], [3, 4], [1, 3], [4], [1, 4], [1], [4], [3], [3, 4], [1, 3], [4, 1], [7], [6], [5], [6, 7], [5, 6]]}","{'map': {'0': 34, '1': 10, '2': 16, '3': 32, '4': 12, '5': 30, '6': 14, '7': 28}, 'arch': {'width': 9, 'height': 5, 'alg_qubits': [10, 28, 12, 30, 14, 32, 16, 34], 'magic_states': [1, 3, 5, 7, 17, 35, 43, 41, 39, 37, 9, 27]}, 'gates': [[7], [3], [0], [3, 7], [0, 3], [7, 0], [3], [7, 3], [7], [3], [0], [0, 3], [7, 0], [3, 7], [7], [5], [1], [5, 7], [1, 5], [7, 1], [5], [7, 5], [7], [5], [1], [1, 5], [7, 1], [5, 7], [6], [5], [2], [5, 6], [2, 5], [6, 2], [5], [6, 5], [6], [5], [2], [2, 5], [6, 2], [5, 6], [6], [5], [1], [5, 6], [1, 5], [6, 1], [5], [6, 5], [6], [5], [1], [1, 5], [6, 1], [5, 6], [7], [6], [1], [6, 7], [1, 6], [7, 1], [6], [7, 6], [7], [6], [1], [1, 6], [7, 1], [6, 7], [3], [4], [0], [4, 3], [0, 4], [3, 0], [4], [3, 4], [3], [4], [0]]}","{'map': {'0': 10, '1': 12, '2': 32, '3': 16, '4': 14, '5': 34, '6': 30, '7': 28}, 'arch': {'width': 9, 'height': 5, 'alg_qubits': [10, 28, 12, 30, 14, 32, 16, 34], 'magic_states': [1, 3, 5, 7, 17, 35, 43, 41, 39, 37, 9, 27]}, 'gates': [[4, 1], [2, 4], [3], [1], [0], [1, 3], [0, 1], [3, 0], [1], [3, 1], [3], [1], [0], [0, 1], [3, 0], [1, 3], [4], [2], [1], [2, 4], [1, 2], [4, 1], [2], [4, 2], [4], [2], [1], [1, 2], [4, 1], [2, 4], [6], [5], [2], [5, 6], [2, 5], [6, 2], [5], [6, 5], [6], [5], [2], [2, 5], [6, 2], [5, 6], [4], [2], [1], [2, 4], [1, 2], [4, 1], [2], [4, 2], [4], [2], [1], [1, 2], [4, 1], [2, 4], [0], [3], [7], [3, 0], [7, 3], [0, 7], [3], [0, 3], [0], [3], [7], [7, 3], [0, 7], [3, 0], [2], [1], [3], [1, 2], [3, 1], [2, 3], [1], [2, 1], [2]]}"
qaoa_5.qasm,"{'map': {'0': 50, '1': 18, '2': 46, '3': 54, '4': 52, '5': 48, '6': 22, '7': 20, '8': 56, '9': 16, '10': 58, '11': 24, '12': 28, '13': 26}, 'arch': {'width': 15, 'height': 5, 'alg_qubits': [16, 46, 18, 48, 20, 50, 22, 52, 24, 54, 26, 56, 28, 58], 'magic_states': [1, 3, 5, 7, 9, 11, 13, 29, 59, 73, 71, 69, 67, 65, 63, 61, 15, 45]}, 'gates': [[4, 3], [6, 5], [8, 7], [10, 9], [12, 11], [4, 2], [0], [1], [2], [1, 0], [2, 1], [0, 2], [1], [0, 1], [0], [1], [2], [2, 1], [0, 2], [1, 0], [6, 4], [2], [3], [4], [3, 2], [4, 3], [2, 4], [3], [2, 3], [2], [3], [4], [4, 3], [2, 4], [3, 2], [8, 6], [4], [5], [6], [5, 4], [6, 5], [4, 6], [5], [4, 5], [4], [5], [6], [6, 5], [4, 6], [5, 4], [10, 8], [6], [7], [8], [7, 6], [8, 7], [6, 8], [7], [6, 7], [6], [7], [8], [8, 7], [6, 8], [7, 6], [12, 10], [8], [9], [10], [9, 8], [10, 9], [8, 10], [9], [8, 9], [8], [9], [10], [10, 9], [8, 10], [9, 8], [12, 13]]}","{'map': {'0': 16, '1': 56, '2': 24, '3': 54, '4': 58, '5': 22, '6': 18, '7': 52, '8': 20, '9': 28, '10': 46, '11': 50, '12': 26, '13': 48}, 'arch': {'width': 15, 'height': 5, 'alg_qubits': [16, 46, 18, 48, 20, 50, 22, 52, 24, 54, 26, 56, 28, 58], 'magic_states': [1, 3, 5, 7, 9, 11, 13, 29, 59, 73, 71, 69, 67, 65, 63, 61, 15, 45]}, 'gates': [[5, 10], [12], [11], [5], [11, 12], [5, 11], [12, 5], [11], [12, 11], [12], [11], [5], [5, 11], [12, 5], [11, 12], [10], [5], [4], [5, 10], [4, 5], [10, 4], [5], [10, 5], [10], [5], [4], [4, 5], [10, 4], [5, 10], [9], [4], [3], [4, 9], [3, 4], [9, 3], [4], [9, 4], [9], [4], [3], [3, 4], [9, 3], [4, 9], [8], [3], [2], [3, 8], [2, 3], [8, 2], [3], [8, 3], [8], [3], [2], [2, 3], [8, 2], [3, 8], [7], [2], [1], [2, 7], [1, 2], [7, 1], [2], [7, 2], [7], [2], [1], [1, 2], [7, 1], [2, 7], [0], [6], [13], [6, 0], [13, 6], [0, 13], [6], [0, 6], [0], [6]]}","{'map': {'0': 16, '1': 56, '2': 24, '3': 54, '4': 58, '5': 22, '6': 18, '7': 52, '8': 20, '9': 28, '10': 46, '11': 50, '12': 26, '13': 48}, 'arch': {'width': 15, 'height': 5, 'alg_qubits': [16, 46, 18, 48, 20, 50, 22, 52, 24, 54, 26, 56, 28, 58], 'magic_states': [1, 3, 5, 7, 9, 11, 13, 29, 59, 73, 71, 69, 67, 65, 63, 61, 15, 45]}, 'gates': [[5, 10], [12], [11], [5], [11, 12], [5, 11], [12, 5], [11], [12, 11], [12], [11], [5], [5, 11], [12, 5], [11, 12], [10], [5], [4], [5, 10], [4, 5], [10, 4], [5], [10, 5], [10], [5], [4], [4, 5], [10, 4], [5, 10], [9], [4], [3], [4, 9], [3, 4], [9, 3], [4], [9, 4], [9], [4], [3], [3, 4], [9, 3], [4, 9], [8], [3], [2], [3, 8], [2, 3], [8, 2], [3], [8, 3], [8], [3], [2], [2, 3], [8, 2], [3, 8], [7], [2], [1], [2, 7], [1, 2], [7, 1], [2], [7, 2], [7], [2], [1], [1, 2], [7, 1], [2, 7], [0], [6], [13], [6, 0], [13, 6], [0, 13], [6], [0, 6], [0], [6]]}","{'map': {'0': 54, '1': 56, '2': 48, '3': 24, '4': 18, '5': 52, '6': 16, '7': 22, '8': 28, '9': 58, '10': 50, '11': 26, '12': 20, '13': 42}, 'arch': {'width': 15, 'height': 5, 'alg_qubits': [16, 46, 18, 48, 20, 50, 22, 52, 24, 54, 26, 56, 28, 58], 'magic_states': [1, 3, 5, 7, 9, 11, 13, 29, 59, 73, 71, 69, 67, 65, 63, 61, 15, 45]}, 'gates': [[2], [11, 13], [2, 11], [13, 2], [11], [13, 11], [13], [11], [2], [2, 11], [13, 2], [11, 13], [9], [2], [3], [2, 9], [3, 2], [9, 3], [2], [9, 2], [9], [2], [3], [3, 2], [9, 3], [2, 9], [8], [3], [5], [3, 8], [5, 3], [8, 5], [3], [8, 3], [8], [3], [5], [5, 3], [8, 5], [3, 8], [7], [5], [10], [5, 7], [10, 5], [7, 10], [5], [7, 5], [7], [5], [10], [10, 5], [7, 10], [5, 7], [6], [10], [12], [10, 6], [12, 10], [6, 12], [10], [6, 10], [6], [10], [12], [12, 10], [6, 12], [10, 6], [4], [12], [0], [12, 4], [0, 12], [4, 0], [12], [4, 12], [4], [12], [0], [0, 12], [4, 0]]}","{'map': {'0': 28, '1': 50, '2': 46, '3': 58, '4': 18, '5': 20, '6': 26, '7': 22, '8': 24, '9': 48, '10': 16, '11': 56, '12': 54, '13': 52}, 'arch': {'width': 15, 'height': 5, 'alg_qubits': [16, 46, 18, 48, 20, 50, 22, 52, 24, 54, 26, 56, 28, 58], 'magic_states': [1, 3, 5, 7, 9, 11, 13, 29, 59, 73, 71, 69, 67, 65, 63, 61, 15, 45]}, 'gates': [[2], [3], [12], [12, 3], [2, 12], [3, 2], [4], [12], [13], [12, 4], [13, 12], [4, 13], [12], [4, 12], [4], [12], [13], [13, 12], [4, 13], [12, 4], [0], [13], [1], [13, 0], [1, 13], [0, 1], [13], [0, 13], [0], [13], [1], [1, 13], [0, 1], [13, 0], [12], [11], [13], [11, 12], [13, 11], [12, 13], [11], [12, 11], [12], [11], [13], [13, 11], [12, 13], [11, 12], [10], [9], [11], [9, 10], [11, 9], [10, 11], [9], [10, 9], [10], [9], [11], [11, 9], [10, 11], [9, 10], [8], [5], [9], [5, 8], [9, 5], [8, 9], [5], [8, 5], [8], [5], [9], [9, 5], [8, 9], [5, 8], [6], [7], [5], [7, 6], [5, 7]]}"
quarl_suite_19.qasm,"{'map': {'0': 42, '1': 20, '2': 14, '3': 40, '4': 38, '5': 16, '6': 36, '7': 12, '8': 34, '9': 28}, 'arch': {'width': 11, 'height': 5, 'alg_qubits': [12, 34, 14, 36, 16, 38, 18, 40, 20, 42], 'magic_states': [1, 3, 5, 7, 9, 21, 43, 53, 51, 49, 47, 45, 11, 33]}, 'gates': [[4, 9], [1], [5], [0], [5, 1], [0, 5], [1, 0], [5], [1, 5], [1], [5], [0], [0, 5], [1, 0], [5, 1], [9], [4], [5], [4, 9], [5, 4], [9, 5], [4], [9, 4], [9], [4], [5], [5, 4], [9, 5], [4, 9], [8], [3], [4], [3, 8], [4, 3], [8, 4], [3], [8, 3], [8], [3], [4], [4, 3], [8, 4], [3, 8], [6], [7], [3], [7, 6], [3, 7], [6, 3], [7], [6, 7], [6], [7], [3], [3, 7], [6, 3], [7, 6], [8], [3], [4], [3, 8], [4, 3], [8, 4], [3], [8, 3], [8], [3], [4], [4, 3], [8, 4], [3, 8], [9], [4], [5], [4, 9], [5, 4], [9, 5], [4], [9, 4], [9], [4]]}","{'map': {'0': 36, '1': 20, '2': 34, '3': 38, '4': 40, '5': 16, '6': 18, '7': 12, '8': 14, '9': 42}, 'arch': {'width': 11, 'height': 5, 'alg_qubits': [12, 34, 14, 36, 16, 38, 18, 40, 20, 42], 'magic_states': [1, 3, 5, 7, 9, 21, 43, 53, 51, 49, 47, 45, 11, 33]}, 'gates': [[1], [1, 2], [4, 1], [2, 4], [5], [8], [2], [8, 5], [2, 8], [5, 2], [8], [5, 8], [5], [8], [2], [2, 8], [5, 2], [8, 5], [7], [6], [8], [6, 7], [8, 6], [7, 8], [6], [7, 6], [7], [6], [8], [8, 6], [7, 8], [6, 7], [5], [8], [2], [8, 5], [2, 8], [5, 2], [8], [5, 8], [5], [8], [2], [2, 8], [5, 2], [8, 5], [4], [2], [1], [2, 4], [1, 2], [4, 1], [2], [4, 2], [4], [2], [1], [1, 2], [4, 1], [2, 4], [0], [3], [9], [3, 0], [9, 3], [0, 9], [3], [0, 3], [0], [3], [9], [9, 3], [0, 9], [3, 0], [2], [1], [3], [1, 2], [3, 1], [2, 3], [1]]}","{'map': {'0': 42, '1': 12, '2': 20, '3': 38, '4': 16, '5': 34, '6': 14, '7': 36, '8': 18, '9': 40}, 'arch': {'width': 11, 'height': 5, 'alg_qubits': [12, 34, 14, 36, 16, 38, 18, 40, 20, 42], 'magic_states': [1, 3, 5, 7, 9, 21, 43, 53, 51, 49, 47, 45, 11, 33]}, 'gates': [[4, 8], [4], [8], [9], [9, 8], [4, 9], [8, 4], [3], [8], [1], [8, 3], [1, 8], [3, 1], [8], [3, 8], [3], [8], [1], [1, 8], [3, 1], [8, 3], [6], [9], [8], [9, 6], [8, 9], [6, 8], [9], [6, 9], [6], [9], [8], [8, 9], [6, 8], [9, 6], [4], [7], [9], [7, 4], [9, 7], [4, 9], [7], [4, 7], [4], [7], [9], [9, 7], [4, 9], [7, 4], [3], [5], [7], [5, 3], [7, 5], [3, 7], [5], [3, 5], [3], [5], [7], [7, 5], [3, 7], [5, 3], [0], [2], [5], [2, 0], [5, 2], [0, 5], [2], [0, 2], [0], [2], [5], [5, 2], [0, 5], [2, 0], [3], [5], [7], [5, 3]]}","{'map': {'0': 40, '1': 34, '2': 36, '3': 18, '4': 20, '5': 12, '6': 16, '7': 42, '8': 38, '9': 14}, 'arch': {'width': 11, 'height': 5, 'alg_qubits': [12, 34, 14, 36, 16, 38, 18, 40, 20, 42], 'magic_states': [1, 3, 5, 7, 9, 21, 43, 53, 51, 49, 47, 45, 11, 33]}, 'gates': [[6, 7], [5], [8], [2], [8, 5], [2, 8], [5, 2], [8], [5, 8], [5], [8], [2], [2, 8], [5, 2], [8, 5], [4], [2], [1], [2, 4], [1, 2], [4, 1], [2], [4, 2], [4], [2], [1], [1, 2], [4, 1], [2, 4], [0], [3], [9], [3, 0], [9, 3], [0, 9], [3], [0, 3], [0], [3], [9], [9, 3], [0, 9], [3, 0], [2], [1], [3], [1, 2], [3, 1], [2, 3], [1], [2, 1], [2], [1], [3], [3, 1], [2, 3], [1, 2], [0], [3], [9], [3, 0], [9, 3], [0, 9], [3], [0, 3], [0], [3], [9], [9, 3], [0, 9], [3, 0], [2], [1], [3], [1, 2], [3, 1], [2, 3], [1], [2, 1], [2], [1]]}","{'map': {'0': 42, '1': 14, '2': 34, '3': 16, '4': 12, '5': 40, '6': 38, '7': 18, '8': 36, '9': 20}, 'arch': {'width': 11, 'height': 5, 'alg_qubits': [12, 34, 14, 36, 16, 38, 18, 40, 20, 42], 'magic_states': [1, 3, 5, 7, 9, 21, 43, 53, 51, 49, 47, 45, 11, 33]}, 'gates': [[6, 7], [5], [8], [2], [8, 5], [2, 8], [5, 2], [8], [5, 8], [5], [8], [2], [2, 8], [5, 2], [8, 5], [4], [2], [1], [2, 4], [1, 2], [4, 1], [2], [4, 2], [4], [2], [1], [1, 2], [4, 1], [2, 4], [0], [3], [9], [3, 0], [9, 3], [0, 9], [3], [0, 3], [0], [3], [9], [9, 3], [0, 9], [3, 0], [2], [1], [3], [1, 2], [3, 1], [2, 3], [1], [2, 1], [2], [1], [3], [3, 1], [2, 3], [1, 2], [0], [3], [9], [3, 0], [9, 3], [0, 9], [3], [0, 3], [0], [3], [9], [9, 3], [0, 9], [3, 0], [2], [1], [3], [1, 2], [3, 1], [2, 3], [1], [2, 1], [2], [1]]}"
jku_suite_69.qasm,"{'map': {'0': 14, '1': 40, '2': 12, '3': 34, '4': 16, '5': 36, '6': 20, '7': 42, '8': 38}, 'arch': {'width': 11, 'height': 5, 'alg_qubits': [12, 34, 14, 36, 16, 38, 18, 40, 20, 42], 'magic_states': [1, 3, 5, 7, 9, 21, 43, 53, 51, 49, 47, 45, 11, 33]}, 'gates': [[2], [0, 2], [0], [2], [1], [1, 2], [0, 1], [2, 0], [6], [3], [2], [3, 6], [2, 3], [6, 2], [3], [6, 3], [6], [3], [2], [2, 3], [6, 2], [3, 6], [8], [7], [3], [7, 8], [3, 7], [8, 3], [7], [8, 7], [8], [7], [3], [3, 7], [8, 3], [7, 8], [6], [3], [2], [3, 6], [2, 3], [6, 2], [3], [6, 3], [6], [3], [2], [2, 3], [6, 2], [3, 6], [1], [5], [2], [5, 1], [2, 5], [1, 2], [5], [1, 5], [1], [5], [2], [2, 5], [1, 2], [5, 1], [1], [5], [3], [5, 1], [3, 5], [1, 3], [5], [1, 5], [1], [5], [3], [3, 5], [1, 3], [5, 1], [1], [5], [4]]}","{'map': {'0': 14, '1': 40, '2': 12, '3': 34, '4': 16, '5': 36, '6': 20, '7': 42, '8': 38}, 'arch': {'width': 11, 'height': 5, 'alg_qubits': [12, 34, 14, 36, 16, 38, 18, 40, 20, 42], 'magic_states': [1, 3, 5, 7, 9, 21, 43, 53, 51, 49, 47, 45, 11, 33]}, 'gates': [[2], [0, 2], [0], [2], [1], [1, 2], [0, 1], [2, 0], [6], [3], [2], [3, 6], [2, 3], [6, 2], [3], [6, 3], [6], [3], [2], [2, 3], [6, 2], [3, 6], [8], [7], [3], [7, 8], [3, 7], [8, 3], [7], [8, 7], [8], [7], [3], [3, 7], [8, 3], [7, 8], [6], [3], [2], [3, 6], [2, 3], [6, 2], [3], [6, 3], [6], [3], [2], [2, 3], [6, 2], [3, 6], [1], [5], [2], [5, 1], [2, 5], [1, 2], [5], [1, 5], [1], [5], [2], [2, 5], [1, 2], [5, 1], [1], [5], [3], [5, 1], [3, 5], [1, 3], [5], [1, 5], [1], [5], [3], [3, 5], [1, 3], [5, 1], [1], [5], [4]]}","{'map': {'0': 14, '1': 40, '2': 12, '3': 34, '4': 16, '5': 36, '6': 20, '7': 42, '8': 38}, 'arch': {'width': 11, 'height': 5, 'alg_qubits': [12, 34, 14, 36, 16, 38, 18, 40, 20, 42], 'magic_states': [1, 3, 5, 7, 9, 21, 43, 53, 51, 49, 47, 45, 11, 33]}, 'gates': [[2], [0, 2], [0], [2], [1], [1, 2], [0, 1], [2, 0], [6], [3], [2], [3, 6], [2, 3], [6, 2], [3], [6, 3], [6], [3], [2], [2, 3], [6, 2], [3, 6], [8], [7], [3], [7, 8], [3, 7], [8, 3], [7], [8, 7], [8], [7], [3], [3, 7], [8, 3], [7, 8], [6], [3], [2], [3, 6], [2, 3], [6, 2], [3], [6, 3], [6], [3], [2], [2, 3], [6, 2], [3, 6], [1], [5], [2], [5, 1], [2, 5], [1, 2], [5], [1, 5], [1], [5], [2], [2, 5], [1, 2], [5, 1], [1], [5], [3], [5, 1], [3, 5], [1, 3], [5], [1, 5], [1], [5], [3], [3, 5], [1, 3], [5, 1], [1], [5], [4]]}","{'map': {'0': 16, '1': 40, '2': 14, '3': 20, '4': 36, '5': 18, '6': 38, '7': 12, '8': 42, '9': 34}, 'arch': {'width': 11, 'height': 5, 'alg_qubits': [12, 34, 14, 36, 16, 38, 18, 40, 20, 42], 'magic_states': [1, 3, 5, 7, 9, 21, 43, 53, 51, 49, 47, 45, 11, 33]}, 'gates': [[2], [4], [3], [3, 4], [2, 3], [4, 2], [6], [3], [5], [3, 6], [5, 3], [6, 5], [3], [6, 3], [6], [3], [5], [5, 3], [6, 5], [3, 6], [7], [5], [9], [5, 7], [9, 5], [7, 9], [5], [7, 5], [7], [5], [9], [9, 5], [7, 9], [5, 7], [8], [9], [1], [9, 8], [1, 9], [8, 1], [9], [8, 9], [8], [9], [1], [1, 9], [8, 1], [9, 8], [7], [4], [9], [4, 7], [9, 4], [7, 9], [4], [7, 4], [7], [4], [9], [9, 4], [7, 9], [4, 7], [6], [3], [4], [3, 6], [4, 3], [6, 4], [3], [6, 3], [6], [3], [4], [4, 3], [6, 4], [3, 6], [0], [5], [3], [5, 0], [3, 5]]}","{'map': {'0': 12, '1': 18, '2': 14, '3': 16, '4': 20, '5': 40, '6': 38, '7': 42, '8': 36, '9': 34}, 'arch': {'width': 11, 'height': 5, 'alg_qubits': [12, 34, 14, 36, 16, 38, 18, 40, 20, 42], 'magic_states': [1, 3, 5, 7, 9, 21, 43, 53, 51, 49, 47, 45, 11, 33]}, 'gates': [[1], [6], [4], [4, 6], [1, 4], [6, 1], [1], [6], [5], [6, 1], [5, 6], [1, 5], [6], [1, 6], [1], [6], [5], [5, 6], [1, 5], [6, 1], [9], [8], [7], [8, 9], [7, 8], [9, 7], [8], [9, 8], [9], [8], [7], [7, 8], [9, 7], [8, 9], [3], [1], [0], [1, 3], [0, 1], [3, 0], [1], [3, 1], [3], [1], [0], [0, 1], [3, 0], [1, 3], [4], [2], [1], [2, 4], [1, 2], [4, 1], [2], [4, 2], [4], [2], [1], [1, 2], [4, 1], [2, 4], [5], [8], [2], [8, 5], [2, 8], [5, 2], [8], [5, 8], [5], [8], [2], [2, 8], [5, 2], [8, 5], [7], [6], [8], [6, 7], [8, 6]]}"
qaoa_6.qasm,"{'map': {'0': 24, '1': 48, '2': 50, '3': 18, '4': 22, '5': 46, '6': 20, '7': 40, '8': 44, '9': 14, '10': 16}, 'arch': {'width': 13, 'height': 5, 'alg_qubits': [14, 40, 16, 42, 18, 44, 20, 46, 22, 48, 24, 50], 'magic_states': [1, 3, 5, 7, 9, 11, 25, 51, 63, 61, 59, 57, 55, 53, 13, 39]}, 'gates': [[5, 10], [4, 5], [10, 4], [5], [10, 5], [10], [5], [4], [4, 5], [10, 4], [5, 10], [9], [4], [3], [4, 9], [3, 4], [9, 3], [4], [9, 4], [9], [4], [3], [3, 4], [9, 3], [4, 9], [8], [3], [2], [3, 8], [2, 3], [8, 2], [3], [8, 3], [8], [3], [2], [2, 3], [8, 2], [3, 8], [7], [2], [1], [2, 7], [1, 2], [7, 1], [2], [7, 2], [7], [2], [1], [1, 2], [7, 1], [2, 7], [6], [1], [0], [1, 6], [0, 1], [6, 0], [1], [6, 1], [6], [1], [0], [0, 1], [6, 0], [1, 6], [7], [2], [1], [2, 7], [1, 2], [7, 1], [2], [7, 2], [7], [2], [1], [1, 2], [7, 1], [2, 7]]}","{'map': {'0': 24, '1': 14, '2': 46, '3': 48, '4': 50, '5': 18, '6': 20, '7': 42, '8': 40, '9': 44, '10': 22}, 'arch': {'width': 13, 'height': 5, 'alg_qubits': [14, 40, 16, 42, 18, 44, 20, 46, 22, 48, 24, 50], 'magic_states': [1, 3, 5, 7, 9, 11, 25, 51, 63, 61, 59, 57, 55, 53, 13, 39]}, 'gates': [[10, 6], [5, 10], [6, 5], [10], [6, 10], [6], [10], [5], [5, 10], [6, 5], [10, 6], [9], [7], [10], [7, 9], [10, 7], [9, 10], [7], [9, 7], [9], [7], [10], [10, 7], [9, 10], [7, 9], [5], [10], [0], [10, 5], [0, 10], [5, 0], [10], [5, 10], [5], [10], [0], [0, 10], [5, 0], [10, 5], [1], [9], [10], [9, 1], [10, 9], [1, 10], [9], [1, 9], [1], [9], [10], [10, 9], [1, 10], [9, 1], [2], [8], [9], [8, 2], [9, 8], [2, 9], [8], [2, 8], [2], [8], [9], [9, 8], [2, 9], [8, 2], [4], [3], [8], [3, 4], [8, 3], [4, 8], [3], [4, 3], [4], [3], [8], [8, 3], [4, 8], [3, 4]]}","{'map': {'0': 40, '1': 24, '2': 22, '3': 18, '4': 44, '5': 48, '6': 42, '7': 14, '8': 20, '9': 50, '10': 16}, 'arch': {'width': 13, 'height': 5, 'alg_qubits': [14, 40, 16, 42, 18, 44, 20, 46, 22, 48, 24, 50], 'magic_states': [1, 3, 5, 7, 9, 11, 25, 51, 63, 61, 59, 57, 55, 53, 13, 39]}, 'gates': [[5, 10], [9], [4], [3], [4, 9], [3, 4], [9, 3], [4], [9, 4], [9], [4], [3], [3, 4], [9, 3], [4, 9], [8], [3], [2], [3, 8], [2, 3], [8, 2], [3], [8, 3], [8], [3], [2], [2, 3], [8, 2], [3, 8], [7], [2], [1], [2, 7], [1, 2], [7, 1], [2], [7, 2], [7], [2], [1], [1, 2], [7, 1], [2, 7], [6], [1], [0], [1, 6], [0, 1], [6, 0], [1], [6, 1], [6], [1], [0], [0, 1], [6, 0], [1, 6], [7], [2], [1], [2, 7], [1, 2], [7, 1], [2], [7, 2], [7], [2], [1], [1, 2], [7, 1], [2, 7], [8], [3], [2], [3, 8], [2, 3], [8, 2], [3], [8, 3], [8], [3]]}","{'map': {'0': 40, '1': 24, '2': 22, '3': 18, '4': 44, '5': 48, '6': 42, '7': 14, '8': 20, '9': 50, '10': 16}, 'arch': {'width': 13, 'height': 5, 'alg_qubits': [14, 40, 16, 42, 18, 44, 20, 46, 22, 48, 24, 50], 'magic_states': [1, 3, 5, 7, 9, 11, 25, 51, 63, 61, 59, 57, 55, 53, 13, 39]}, 'gates': [[5, 10], [9], [4], [3], [4, 9], [3, 4], [9, 3], [4], [9, 4], [9], [4], [3], [3, 4], [9, 3], [4, 9], [8], [3], [2], [3, 8], [2, 3], [8, 2], [3], [8, 3], [8], [3], [2], [2, 3], [8, 2], [3, 8], [7], [2], [1], [2, 7], [1, 2], [7, 1], [2], [7, 2], [7], [2], [1], [1, 2], [7, 1], [2, 7], [6], [1], [0], [1, 6], [0, 1], [6, 0], [1], [6, 1], [6], [1], [0], [0, 1], [6, 0], [1, 6], [7], [2], [1], [2, 7], [1, 2], [7, 1], [2], [7, 2], [7], [2], [1], [1, 2], [7, 1], [2, 7], [8], [3], [2], [3, 8], [2, 3], [8, 2], [3], [8, 3], [8], [3]]}","{'map': {'0': 22, '1': 40, '2': 14, '3': 48, '4': 16, '5': 20, '6': 24, '7': 44, '8': 42, '9': 46, '10': 50}, 'arch': {'width': 13, 'height': 5, 'alg_qubits': [14, 40, 16, 42, 18, 44, 20, 46, 22, 48, 24, 50], 'magic_states': [1, 3, 5, 7, 9, 11, 25, 51, 63, 61, 59, 57, 55, 53, 13, 39]}, 'gates': [[10], [0], [0, 10], [1, 0], [10, 1], [2], [9], [10], [9, 2], [10, 9], [2, 10], [9], [2, 9], [2], [9], [10], [10, 9], [2, 10], [9, 2], [3], [8], [9], [8, 3], [9, 8], [3, 9], [8], [3, 8], [3], [8], [9], [9, 8], [3, 9], [8, 3], [4], [7], [8], [7, 4], [8, 7], [4, 8], [7], [4, 7], [4], [7], [8], [8, 7], [4, 8], [7, 4], [6], [5], [7], [5, 6], [7, 5], [6, 7], [5], [6, 5], [6], [5], [7], [7, 5], [6, 7], [5, 6], [4], [7], [8], [7, 4], [8, 7], [4, 8], [7], [4, 7], [4], [7], [8], [8, 7], [4, 8], [7, 4], [3], [8], [9], [8, 3], [9, 8], [3, 9]]}"
autobraid_42.qasm,"{'map': {'0': 34, '1': 20, '2': 18, '3': 12, '4': 16, '5': 42, '6': 38, '7': 40, '8': 14}, 'arch': {'width': 11, 'height': 5, 'alg_qubits': [12, 34, 14, 36, 16, 38, 18, 40, 20, 42], 'magic_states': [1, 3, 5, 7, 9, 21, 43, 53, 51, 49, 47, 45, 11, 33]}, 'gates': [[4, 3], [4], [3], [6], [6, 3], [4, 6], [3, 4], [2], [6], [5], [6, 2], [5, 6], [2, 5], [6], [2, 6], [2], [6], [5], [5, 6], [2, 5], [6, 2], [5], [1], [0], [1, 5], [0, 1], [5, 0], [1], [5, 1], [5], [1], [0], [0, 1], [5, 0], [1, 5], [6], [2], [1], [2, 6], [1, 2], [6, 1], [2], [6, 2], [6], [2], [1], [1, 2], [6, 1], [2, 6], [8], [7], [2], [7, 8], [2, 7], [8, 2], [7], [8, 7], [8], [7], [2], [2, 7], [8, 2], [7, 8], [6], [2], [1], [2, 6], [1, 2], [6, 1], [2], [6, 2], [6], [2], [1], [1, 2], [6, 1], [2, 6], [5], [1], [0], [1, 5]]}","{'map': {'0': 34, '1': 30, '2': 28, '3': 14, '4': 16, '5': 12, '6': 10}, 'arch': {'width': 9, 'height': 5, 'alg_qubits': [10, 28, 12, 30, 14, 32, 16, 34], 'magic_states': [1, 3, 5, 7, 17, 35, 43, 41, 39, 37, 9, 27]}, 'gates': [[3, 6], [3], [6], [1], [1, 6], [3, 1], [6, 3], [2], [1], [0], [1, 2], [0, 1], [2, 0], [1], [2, 1], [2], [1], [0], [0, 1], [2, 0], [1, 2], [3], [6], [1], [6, 3], [1, 6], [3, 1], [6], [3, 6], [3], [6], [1], [1, 6], [3, 1], [6, 3], [5], [4], [6], [4, 5], [6, 4], [5, 6], [4], [5, 4], [5], [4], [6], [6, 4], [5, 6], [4, 5], [3], [6], [1], [6, 3], [1, 6], [3, 1], [6], [3, 6], [3], [6], [1], [1, 6], [3, 1], [6, 3], [0], [1], [6], [1, 0], [6, 1], [0, 6], [1], [0, 1], [0], [1], [6], [6, 1], [0, 6], [1, 0], [2], [1], [0], [1, 2]]}","{'map': {'0': 16, '1': 34, '2': 18, '3': 12, '4': 20, '5': 40, '6': 42, '7': 14, '8': 38, '9': 36}, 'arch': {'width': 11, 'height': 5, 'alg_qubits': [12, 34, 14, 36, 16, 38, 18, 40, 20, 42], 'magic_states': [1, 3, 5, 7, 9, 21, 43, 53, 51, 49, 47, 45, 11, 33]}, 'gates': [[1], [6], [3], [3, 6], [1, 3], [6, 1], [1], [6], [4], [6, 1], [4, 6], [1, 4], [6], [1, 6], [1], [6], [4], [4, 6], [1, 4], [6, 1], [1], [6], [5], [6, 1], [5, 6], [1, 5], [6], [1, 6], [1], [6], [5], [5, 6], [1, 5], [6, 1], [9], [8], [7], [8, 9], [7, 8], [9, 7], [8], [9, 8], [9], [8], [7], [7, 8], [9, 7], [8, 9], [3], [1], [0], [1, 3], [0, 1], [3, 0], [1], [3, 1], [3], [1], [0], [0, 1], [3, 0], [1, 3], [4], [2], [1], [2, 4], [1, 2], [4, 1], [2], [4, 2], [4], [2], [1], [1, 2], [4, 1], [2, 4], [5], [8], [2], [8, 5], [2, 8]]}","{'map': {'0': 18, '1': 14, '2': 12, '3': 38, '4': 40, '5': 36, '6': 34, '7': 42, '8': 20}, 'arch': {'width': 11, 'height': 5, 'alg_qubits': [12, 34, 14, 36, 16, 38, 18, 40, 20, 42], 'magic_states': [1, 3, 5, 7, 9, 21, 43, 53, 51, 49, 47, 45, 11, 33]}, 'gates': [[3], [4, 3], [4], [3], [6], [6, 3], [4, 6], [3, 4], [2], [6], [5], [6, 2], [5, 6], [2, 5], [6], [2, 6], [2], [6], [5], [5, 6], [2, 5], [6, 2], [5], [1], [0], [1, 5], [0, 1], [5, 0], [1], [5, 1], [5], [1], [0], [0, 1], [5, 0], [1, 5], [6], [2], [1], [2, 6], [1, 2], [6, 1], [2], [6, 2], [6], [2], [1], [1, 2], [6, 1], [2, 6], [8], [7], [2], [7, 8], [2, 7], [8, 2], [7], [8, 7], [8], [7], [2], [2, 7], [8, 2], [7, 8], [6], [2], [1], [2, 6], [1, 2], [6, 1], [2], [6, 2], [6], [2], [1], [1, 2], [6, 1], [2, 6], [5], [1], [0]]}","{'map': {'0': 12, '1': 16, '2': 28, '3': 34, '4': 14, '5': 32, '6': 10}, 'arch': {'width': 9, 'height': 5, 'alg_qubits': [10, 28, 12, 30, 14, 32, 16, 34], 'magic_states': [1, 3, 5, 7, 17, 35, 43, 41, 39, 37, 9, 27]}, 'gates': [[4], [4, 6], [1, 4], [6, 1], [1], [6], [3], [6, 1], [3, 6], [1, 3], [6], [1, 6], [1], [6], [3], [3, 6], [1, 3], [6, 1], [5], [4], [6], [4, 5], [6, 4], [5, 6], [4], [5, 4], [5], [4], [6], [6, 4], [5, 6], [4, 5], [1], [6], [0], [6, 1], [0, 6], [1, 0], [6], [1, 6], [1], [6], [0], [0, 6], [1, 0], [6, 1], [1], [6], [2], [6, 1], [2, 6], [1, 2], [6], [1, 6], [1], [6], [2], [2, 6], [1, 2], [6, 1], [1], [6], [3], [6, 1], [3, 6], [1, 3], [6], [1, 6], [1], [6], [3], [3, 6], [1, 3], [6, 1], [1], [6], [4], [6, 1], [4, 6], [1, 4], [6]]}"
jku_suite_80.qasm,"{'map': {'0': 42, '1': 14, '2': 34, '3': 16, '4': 12, '5': 40, '6': 38, '7': 18, '8': 36, '9': 20}, 'arch': {'width': 11, 'height': 5, 'alg_qubits': [12, 34, 14, 36, 16, 38, 18, 40, 20, 42], 'magic_states': [1, 3, 5, 7, 9, 21, 43, 53, 51, 49, 47, 45, 11, 33]}, 'gates': [[6, 7], [5], [8], [2], [8, 5], [2, 8], [5, 2], [8], [5, 8], [5], [8], [2], [2, 8], [5, 2], [8, 5], [4], [2], [1], [2, 4], [1, 2], [4, 1], [2], [4, 2], [4], [2], [1], [1, 2], [4, 1], [2, 4], [0], [3], [9], [3, 0], [9, 3], [0, 9], [3], [0, 3], [0], [3], [9], [9, 3], [0, 9], [3, 0], [2], [1], [3], [1, 2], [3, 1], [2, 3], [1], [2, 1], [2], [1], [3], [3, 1], [2, 3], [1, 2], [0], [3], [9], [3, 0], [9, 3], [0, 9], [3], [0, 3], [0], [3], [9], [9, 3], [0, 9], [3, 0], [2], [1], [3], [1, 2], [3, 1], [2, 3], [1], [2, 1], [2], [1]]}","{'map': {'0': 40, '1': 34, '2': 36, '3': 18, '4': 20, '5': 12, '6': 16, '7': 42, '8': 38, '9': 14}, 'arch': {'width': 11, 'height': 5, 'alg_qubits': [12, 34, 14, 36, 16, 38, 18, 40, 20, 42], 'magic_states': [1, 3, 5, 7, 9, 21, 43, 53, 51, 49, 47, 45, 11, 33]}, 'gates': [[6, 7], [5], [8], [2], [8, 5], [2, 8], [5, 2], [8], [5, 8], [5], [8], [2], [2, 8], [5, 2], [8, 5], [4], [2], [1], [2, 4], [1, 2], [4, 1], [2], [4, 2], [4], [2], [1], [1, 2], [4, 1], [2, 4], [0], [3], [9], [3, 0], [9, 3], [0, 9], [3], [0, 3], [0], [3], [9], [9, 3], [0, 9], [3, 0], [2], [1], [3], [1, 2], [3, 1], [2, 3], [1], [2, 1], [2], [1], [3], [3, 1], [2, 3], [1, 2], [0], [3], [9], [3, 0], [9, 3], [0, 9], [3], [0, 3], [0], [3], [9], [9, 3], [0, 9], [3, 0], [2], [1], [3], [1, 2], [3, 1], [2, 3], [1], [2, 1], [2], [1]]}","{'map': {'0': 42, '1': 14, '2': 34, '3': 16, '4': 12, '5': 40, '6': 38, '7': 18, '8': 36, '9': 20}, 'arch': {'width': 11, 'height': 5, 'alg_qubits': [12, 34, 14, 36, 16, 38, 18, 40, 20, 42], 'magic_states': [1, 3, 5, 7, 9, 21, 43, 53, 51, 49, 47, 45, 11, 33]}, 'gates': [[6, 7], [5], [8], [2], [8, 5], [2, 8], [5, 2], [8], [5, 8], [5], [8], [2], [2, 8], [5, 2], [8, 5], [4], [2], [1], [2, 4], [1, 2], [4, 1], [2], [4, 2], [4], [2], [1], [1, 2], [4, 1], [2, 4], [0], [3], [9], [3, 0], [9, 3], [0, 9], [3], [0, 3], [0], [3], [9], [9, 3], [0, 9], [3, 0], [2], [1], [3], [1, 2], [3, 1], [2, 3], [1], [2, 1], [2], [1], [3], [3, 1], [2, 3], [1, 2], [0], [3], [9], [3, 0], [9, 3], [0, 9], [3], [0, 3], [0], [3], [9], [9, 3], [0, 9], [3, 0], [2], [1], [3], [1, 2], [3, 1], [2, 3], [1], [2, 1], [2], [1]]}","{'map': {'0': 40, '1': 12, '2': 42, '3': 20, '4': 34, '5': 18, '6': 36, '7': 14, '8': 38}, 'arch': {'width': 11, 'height': 5, 'alg_qubits': [12, 34, 14, 36, 16, 38, 18, 40, 20, 42], 'magic_states': [1, 3, 5, 7, 9, 21, 43, 53, 51, 49, 47, 45, 11, 33]}, 'gates': [[6, 7], [5], [8], [2], [8, 5], [2, 8], [5, 2], [8], [5, 8], [5], [8], [2], [2, 8], [5, 2], [8, 5], [4], [2], [1], [2, 4], [1, 2], [4, 1], [2], [4, 2], [4], [2], [1], [1, 2], [4, 1], [2, 4], [3], [1], [0], [1, 3], [0, 1], [3, 0], [1], [3, 1], [3], [1], [0], [0, 1], [3, 0], [1, 3], [4], [2], [1], [2, 4], [1, 2], [4, 1], [2], [4, 2], [4], [2], [1], [1, 2], [4, 1], [2, 4], [5], [8], [2], [8, 5], [2, 8], [5, 2], [8], [5, 8], [5], [8], [2], [2, 8], [5, 2], [8, 5], [7], [6], [8], [6, 7], [8, 6], [7, 8], [6], [7, 6], [7], [6]]}","{'map': {'0': 40, '1': 12, '2': 42, '3': 20, '4': 34, '5': 18, '6': 36, '7': 14, '8': 38}, 'arch': {'width': 11, 'height': 5, 'alg_qubits': [12, 34, 14, 36, 16, 38, 18, 40, 20, 42], 'magic_states': [1, 3, 5, 7, 9, 21, 43, 53, 51, 49, 47, 45, 11, 33]}, 'gates': [[6, 7], [5], [8], [2], [8, 5], [2, 8], [5, 2], [8], [5, 8], [5], [8], [2], [2, 8], [5, 2], [8, 5], [4], [2], [1], [2, 4], [1, 2], [4, 1], [2], [4, 2], [4], [2], [1], [1, 2], [4, 1], [2, 4], [3], [1], [0], [1, 3], [0, 1], [3, 0], [1], [3, 1], [3], [1], [0], [0, 1], [3, 0], [1, 3], [4], [2], [1], [2, 4], [1, 2], [4, 1], [2], [4, 2], [4], [2], [1], [1, 2], [4, 1], [2, 4], [5], [8], [2], [8, 5], [2, 8], [5, 2], [8], [5, 8], [5], [8], [2], [2, 8], [5, 2], [8, 5], [7], [6], [8], [6, 7], [8, 6], [7, 8], [6], [7, 6], [7], [6]]}"
autobraid_8.qasm,"{'map': {'0': 54, '1': 46, '2': 58, '3': 48, '4': 50, '5': 24, '6': 18, '7': 56, '8': 52, '9': 22, '10': 20, '11': 28, '12': 26}, 'arch': {'width': 15, 'height': 5, 'alg_qubits': [16, 46, 18, 48, 20, 50, 22, 52, 24, 54, 26, 56, 28, 58], 'magic_states': [1, 3, 5, 7, 9, 11, 13, 29, 59, 73, 71, 69, 67, 65, 63, 61, 15, 45]}, 'gates': [[6, 11], [4, 6], [5], [11], [0], [11, 5], [0, 11], [5, 0], [11], [5, 11], [5], [11], [0], [0, 11], [5, 0], [11, 5], [6], [4], [11], [4, 6], [11, 4], [6, 11], [4], [6, 4], [6], [4], [11], [11, 4], [6, 11], [4, 6], [7], [3], [4], [3, 7], [4, 3], [7, 4], [3], [7, 3], [7], [3], [4], [4, 3], [7, 4], [3, 7], [8], [2], [3], [2, 8], [3, 2], [8, 3], [2], [8, 2], [8], [2], [3], [3, 2], [8, 3], [2, 8], [9], [1], [2], [1, 9], [2, 1], [9, 2], [1], [9, 1], [9], [1], [2], [2, 1], [9, 2], [1, 9], [12], [10], [1], [10, 12], [1, 10], [12, 1], [10], [12, 10], [12]]}","{'map': {'0': 16, '1': 56, '2': 24, '3': 54, '4': 58, '5': 22, '6': 18, '7': 52, '8': 20, '9': 28, '10': 46, '11': 50, '12': 26, '13': 48}, 'arch': {'width': 15, 'height': 5, 'alg_qubits': [16, 46, 18, 48, 20, 50, 22, 52, 24, 54, 26, 56, 28, 58], 'magic_states': [1, 3, 5, 7, 9, 11, 13, 29, 59, 73, 71, 69, 67, 65, 63, 61, 15, 45]}, 'gates': [[5, 10], [12], [11], [5], [11, 12], [5, 11], [12, 5], [11], [12, 11], [12], [11], [5], [5, 11], [12, 5], [11, 12], [10], [5], [4], [5, 10], [4, 5], [10, 4], [5], [10, 5], [10], [5], [4], [4, 5], [10, 4], [5, 10], [9], [4], [3], [4, 9], [3, 4], [9, 3], [4], [9, 4], [9], [4], [3], [3, 4], [9, 3], [4, 9], [8], [3], [2], [3, 8], [2, 3], [8, 2], [3], [8, 3], [8], [3], [2], [2, 3], [8, 2], [3, 8], [7], [2], [1], [2, 7], [1, 2], [7, 1], [2], [7, 2], [7], [2], [1], [1, 2], [7, 1], [2, 7], [0], [6], [13], [6, 0], [13, 6], [0, 13], [6], [0, 6], [0], [6]]}","{'map': {'0': 16, '1': 56, '2': 24, '3': 54, '4': 58, '5': 22, '6': 18, '7': 52, '8': 20, '9': 28, '10': 46, '11': 50, '12': 26, '13': 48}, 'arch': {'width': 15, 'height': 5, 'alg_qubits': [16, 46, 18, 48, 20, 50, 22, 52, 24, 54, 26, 56, 28, 58], 'magic_states': [1, 3, 5, 7, 9, 11, 13, 29, 59, 73, 71, 69, 67, 65, 63, 61, 15, 45]}, 'gates': [[5, 10], [12], [11], [5], [11, 12], [5, 11], [12, 5], [11], [12, 11], [12], [11], [5], [5, 11], [12, 5], [11, 12], [10], [5], [4], [5, 10], [4, 5], [10, 4], [5], [10, 5], [10], [5], [4], [4, 5], [10, 4], [5, 10], [9], [4], [3], [4, 9], [3, 4], [9, 3], [4], [9, 4], [9], [4], [3], [3, 4], [9, 3], [4, 9], [8], [3], [2], [3, 8], [2, 3], [8, 2], [3], [8, 3], [8], [3], [2], [2, 3], [8, 2], [3, 8], [7], [2], [1], [2, 7], [1, 2], [7, 1], [2], [7, 2], [7], [2], [1], [1, 2], [7, 1], [2, 7], [0], [6], [13], [6, 0], [13, 6], [0, 13], [6], [0, 6], [0], [6]]}","{'map': {'0': 54, '1': 26, '2': 22, '3': 52, '4': 16, '5': 58, '6': 20, '7': 46, '8': 50, '9': 18, '10': 24, '11': 28, '12': 56}, 'arch': {'width': 15, 'height': 5, 'alg_qubits': [16, 46, 18, 48, 20, 50, 22, 52, 24, 54, 26, 56, 28, 58], 'magic_states': [1, 3, 5, 7, 9, 11, 13, 29, 59, 73, 71, 69, 67, 65, 63, 61, 15, 45]}, 'gates': [[6], [10], [11], [11, 10], [6, 11], [10, 6], [5], [11], [12], [11, 5], [12, 11], [5, 12], [11], [5, 11], [5], [11], [12], [12, 11], [5, 12], [11, 5], [6], [5], [0], [5, 6], [0, 5], [6, 0], [5], [6, 5], [6], [5], [0], [0, 5], [6, 0], [5, 6], [7], [4], [5], [4, 7], [5, 4], [7, 5], [4], [7, 4], [7], [4], [5], [5, 4], [7, 5], [4, 7], [8], [3], [4], [3, 8], [4, 3], [8, 4], [3], [8, 3], [8], [3], [4], [4, 3], [8, 4], [3, 8], [9], [2], [3], [2, 9], [3, 2], [9, 3], [2], [9, 2], [9], [2], [3], [3, 2], [9, 3], [2, 9], [10], [1], [2], [1, 10], [2, 1]]}","{'map': {'0': 46, '1': 50, '2': 56, '3': 20, '4': 48, '5': 54, '6': 24, '7': 28, '8': 52, '9': 22, '10': 58, '11': 26, '12': 16}, 'arch': {'width': 15, 'height': 5, 'alg_qubits': [16, 46, 18, 48, 20, 50, 22, 52, 24, 54, 26, 56, 28, 58], 'magic_states': [1, 3, 5, 7, 9, 11, 13, 29, 59, 73, 71, 69, 67, 65, 63, 61, 15, 45]}, 'gates': [[0, 3], [2, 0], [3, 2], [4], [0], [5], [0, 4], [5, 0], [4, 5], [0], [4, 0], [4], [0], [5], [5, 0], [4, 5], [0, 4], [7], [5], [6], [5, 7], [6, 5], [7, 6], [5], [7, 5], [7], [5], [6], [6, 5], [7, 6], [5, 7], [8], [6], [10], [6, 8], [10, 6], [8, 10], [6], [8, 6], [8], [6], [10], [10, 6], [8, 10], [6, 8], [9], [10], [12], [10, 9], [12, 10], [9, 12], [10], [9, 10], [9], [10], [12], [12, 10], [9, 12], [10, 9], [11], [12], [1], [12, 11], [1, 12], [11, 1], [12], [11, 12], [11], [12], [1], [1, 12], [11, 1], [12, 11], [9], [10], [12], [10, 9], [12, 10], [9, 12], [10], [9, 10]]}"
jku_suite_2.qasm,"{'map': {'0': 12, '1': 22, '2': 10, '3': 8, '4': 26}, 'arch': {'width': 7, 'height': 5, 'alg_qubits': [8, 22, 10, 24, 12, 26], 'magic_states': [1, 3, 5, 13, 27, 33, 31, 29, 7, 21]}, 'gates': [[1, 2], [0], [1], [3], [1, 0], [3, 1], [0, 3], [1], [0, 1], [0], [1], [3], [3, 1], [0, 3], [1, 0], [1], [3], [0], [3, 1], [0, 3], [1, 0], [3], [1, 3], [1], [3], [0], [0, 3], [1, 0], [3, 1], [0, 1], [2, 1], [1, 0], [1, 2], [4, 1], [4, 1], [0], [2], [4], [2, 0], [4, 2], [0, 4], [2], [0, 2], [0], [2], [4], [4, 2], [0, 4], [2, 0], [4, 2], [0], [4], [1], [4, 0], [1, 4], [0, 1], [4], [0, 4], [0], [4], [1], [1, 4], [0, 1], [4, 0], [1], [4], [0], [4, 1], [0, 4], [1, 0], [4], [1, 4], [1], [4], [0], [0, 4], [1, 0], [4, 1], [2, 3], [3, 2]]}","{'map': {'0': 8, '1': 22, '2': 24, '3': 12, '4': 26}, 'arch': {'width': 7, 'height': 5, 'alg_qubits': [8, 22, 10, 24, 12, 26], 'magic_states': [1, 3, 5, 13, 27, 33, 31, 29, 7, 21]}, 'gates': [[2], [3], [1], [3, 2], [1, 3], [2, 1], [3], [2, 3], [2], [3], [1], [1, 3], [2, 1], [3, 2], [0], [4], [3], [4, 0], [3, 4], [0, 3], [4], [0, 4], [0], [4], [3], [3, 4], [0, 3], [4, 0], [2], [3], [1], [3, 2], [1, 3], [2, 1], [3], [2, 3], [2], [3], [1], [1, 3], [2, 1], [3, 2], [0], [4], [3], [4, 0], [3, 4], [0, 3], [4], [0, 4], [0], [4], [3], [3, 4], [0, 3], [4, 0], [2, 0], [3], [0], [2], [0, 3], [2, 0], [3, 2], [0], [3, 0], [3], [0], [2], [2, 0], [3, 2], [0, 3], [1], [4], [0], [4, 1], [0, 4], [1, 0], [4], [1, 4], [1], [4]]}","{'map': {'0': 10, '1': 22, '2': 24, '3': 26, '4': 8}, 'arch': {'width': 7, 'height': 5, 'alg_qubits': [8, 22, 10, 24, 12, 26], 'magic_states': [1, 3, 5, 13, 27, 33, 31, 29, 7, 21]}, 'gates': [[2], [2, 4], [1, 2], [4, 1], [2, 3], [3, 2], [1, 2], [0], [1], [3], [1, 0], [3, 1], [0, 3], [1], [0, 1], [0], [1], [3], [3, 1], [0, 3], [1, 0], [1], [3], [0], [3, 1], [0, 3], [1, 0], [3], [1, 3], [1], [3], [0], [0, 3], [1, 0], [3, 1], [0, 1], [2, 1], [1, 0], [0, 2], [1, 0], [2, 1], [0], [2], [1], [2, 0], [1, 2], [0, 1], [2], [0, 2], [0], [2], [1], [1, 2], [0, 1], [2, 0], [0], [2], [4], [2, 0], [4, 2], [0, 4], [2], [0, 2], [0], [2], [4], [4, 2], [0, 4], [2, 0], [4, 0], [1], [4], [2], [4, 1], [2, 4], [1, 2], [4], [1, 4], [1], [4]]}","{'map': {'0': 24, '1': 22, '2': 26, '3': 10, '4': 8, '5': 12}, 'arch': {'width': 7, 'height': 5, 'alg_qubits': [8, 22, 10, 24, 12, 26], 'magic_states': [1, 3, 5, 13, 27, 33, 31, 29, 7, 21]}, 'gates': [[4], [4, 0], [1, 4], [0, 1], [3], [2], [5], [2, 3], [5, 2], [3, 5], [2], [3, 2], [3], [2], [5], [5, 2], [3, 5], [2, 3], [5], [3], [4], [3, 5], [4, 3], [5, 4], [3], [5, 3], [5], [3], [4], [4, 3], [5, 4], [3, 5], [1], [0], [3], [0, 1], [3, 0], [1, 3], [0], [1, 0], [1], [0], [3], [3, 0], [1, 3], [0, 1], [5], [3], [4], [3, 5], [4, 3], [5, 4], [3], [5, 3], [5], [3], [4], [4, 3], [5, 4], [3, 5], [1], [0], [3], [0, 1], [3, 0], [1, 3], [0], [1, 0], [1], [0], [3], [3, 0], [1, 3], [0, 1], [3], [2], [5], [2, 3], [5, 2], [3, 5], [2]]}","{'map': {'0': 22, '1': 8, '2': 10, '3': 24, '4': 12}, 'arch': {'width': 7, 'height': 5, 'alg_qubits': [8, 22, 10, 24, 12, 26], 'magic_states': [1, 3, 5, 13, 27, 33, 31, 29, 7, 21]}, 'gates': [[2], [0], [1], [0, 2], [1, 0], [2, 1], [0], [2, 0], [2], [0], [1], [1, 0], [2, 1], [0, 2], [4], [3], [0], [3, 4], [0, 3], [4, 0], [3], [4, 3], [4], [3], [0], [0, 3], [4, 0], [3, 4], [2], [0], [1], [0, 2], [1, 0], [2, 1], [0], [2, 0], [2], [0], [1], [1, 0], [2, 1], [0, 2], [4], [3], [0], [3, 4], [0, 3], [4, 0], [3], [4, 3], [4], [3], [0], [0, 3], [4, 0], [3, 4], [3, 4], [1], [3], [2], [3, 1], [2, 3], [1, 2], [3], [1, 3], [1], [3], [2], [2, 3], [1, 2], [3, 1], [4], [2], [0], [2, 4], [0, 2], [4, 0], [2], [4, 2], [4], [2]]}"
quest_suite_23.qasm,"{'map': {'0': 34, '1': 32, '2': 10, '3': 14, '4': 16, '5': 28, '6': 12}, 'arch': {'width': 9, 'height': 5, 'alg_qubits': [10, 28, 12, 30, 14, 32, 16, 34], 'magic_states': [1, 3, 5, 7, 17, 35, 43, 41, 39, 37, 9, 27]}, 'gates': [[2], [4], [0], [4, 2], [0, 4], [2, 0], [4], [2, 4], [2], [4], [0], [0, 4], [2, 0], [4, 2], [5], [0], [1], [0, 5], [1, 0], [5, 1], [0], [5, 0], [5], [0], [1], [1, 0], [5, 1], [0, 5], [3], [1], [6], [1, 3], [6, 1], [3, 6], [1], [3, 1], [3], [1], [6], [6, 1], [3, 6], [1, 3], [5], [0], [1], [0, 5], [1, 0], [5, 1], [0], [5, 0], [5], [0], [1], [1, 0], [5, 1], [0, 5], [2], [4], [0], [4, 2], [0, 4], [2, 0], [4], [2, 4], [2], [4], [0], [0, 4], [2, 0], [4, 2], [5], [0], [1], [0, 5], [1, 0], [5, 1], [0], [5, 0], [5], [0], [1]]}","{'map': {'0': 32, '1': 12, '2': 14, '3': 10, '4': 30, '5': 16, '6': 34}, 'arch': {'width': 9, 'height': 5, 'alg_qubits': [10, 28, 12, 30, 14, 32, 16, 34], 'magic_states': [1, 3, 5, 7, 17, 35, 43, 41, 39, 37, 9, 27]}, 'gates': [[3], [3, 2], [4, 3], [2, 4], [5], [3], [6], [3, 5], [6, 3], [5, 6], [3], [5, 3], [5], [3], [6], [6, 3], [5, 6], [3, 5], [4], [2], [3], [2, 4], [3, 2], [4, 3], [2], [4, 2], [4], [2], [3], [3, 2], [4, 3], [2, 4], [0], [1], [2], [1, 0], [2, 1], [0, 2], [1], [0, 1], [0], [1], [2], [2, 1], [0, 2], [1, 0], [4], [2], [3], [2, 4], [3, 2], [4, 3], [2], [4, 2], [4], [2], [3], [3, 2], [4, 3], [2, 4], [4], [5], [6], [5, 4], [6, 5], [4, 6], [5], [4, 5], [4], [5], [6], [6, 5], [4, 6], [5, 4], [0], [1], [4], [1, 0], [4, 1], [0, 4], [1]]}","{'map': {'0': 30, '1': 16, '2': 34, '3': 28, '4': 10, '5': 12, '6': 32}, 'arch': {'width': 9, 'height': 5, 'alg_qubits': [10, 28, 12, 30, 14, 32, 16, 34], 'magic_states': [1, 3, 5, 7, 17, 35, 43, 41, 39, 37, 9, 27]}, 'gates': [[3], [1], [0], [0, 1], [3, 0], [1, 3], [4], [2], [1], [2, 4], [1, 2], [4, 1], [2], [4, 2], [4], [2], [1], [1, 2], [4, 1], [2, 4], [6], [5], [2], [5, 6], [2, 5], [6, 2], [5], [6, 5], [6], [5], [2], [2, 5], [6, 2], [5, 6], [4], [2], [1], [2, 4], [1, 2], [4, 1], [2], [4, 2], [4], [2], [1], [1, 2], [4, 1], [2, 4], [3], [1], [0], [1, 3], [0, 1], [3, 0], [1], [3, 1], [3], [1], [0], [0, 1], [3, 0], [1, 3], [4], [2], [1], [2, 4], [1, 2], [4, 1], [2], [4, 2], [4], [2], [1], [1, 2], [4, 1], [2, 4], [6], [5], [2], [5, 6], [2, 5]]}","{'map': {'0': 10, '1': 16, '2': 32, '3': 34, '4': 12, '5': 30, '6': 28}, 'arch': {'width': 9, 'height': 5, 'alg_qubits': [10, 28, 12, 30, 14, 32, 16, 34], 'magic_states': [1, 3, 5, 7, 17, 35, 43, 41, 39, 37, 9, 27]}, 'gates': [[3], [1], [0], [0, 1], [3, 0], [1, 3], [4], [2], [1], [2, 4], [1, 2], [4, 1], [2], [4, 2], [4], [2], [1], [1, 2], [4, 1], [2, 4], [6], [5], [2], [5, 6], [2, 5], [6, 2], [5], [6, 5], [6], [5], [2], [2, 5], [6, 2], [5, 6], [4], [2], [1], [2, 4], [1, 2], [4, 1], [2], [4, 2], [4], [2], [1], [1, 2], [4, 1], [2, 4], [3], [1], [0], [1, 3], [0, 1], [3, 0], [1], [3, 1], [3], [1], [0], [0, 1], [3, 0], [1, 3], [4], [2], [1], [2, 4], [1, 2], [4, 1], [2], [4, 2], [4], [2], [1], [1, 2], [4, 1], [2, 4], [6], [5], [2], [5, 6], [2, 5]]}","{'map': {'0': 30, '1': 16, '2': 34, '3': 28, '4': 10, '5': 12, '6': 32}, 'arch': {'width': 9, 'height': 5, 'alg_qubits': [10, 28, 12, 30, 14, 32, 16, 34], 'magic_states': [1, 3, 5, 7, 17, 35, 43, 41, 39, 37, 9, 27]}, 'gates': [[3], [1], [0], [0, 1], [3, 0], [1, 3], [4], [2], [1], [2, 4], [1, 2], [4, 1], [2], [4, 2], [4], [2], [1], [1, 2], [4, 1], [2, 4], [6], [5], [2], [5, 6], [2, 5], [6, 2], [5], [6, 5], [6], [5], [2], [2, 5], [6, 2], [5, 6], [4], [2], [1], [2, 4], [1, 2], [4, 1], [2], [4, 2], [4], [2], [1], [1, 2], [4, 1], [2, 4], [3], [1], [0], [1, 3], [0, 1], [3, 0], [1], [3, 1], [3], [1], [0], [0, 1], [3, 0], [1, 3], [4], [2], [1], [2, 4], [1, 2], [4, 1], [2], [4, 2], [4], [2], [1], [1, 2], [4, 1], [2, 4], [6], [5], [2], [5, 6], [2, 5]]}"
grover_7.qasm,"{'map': {'0': 12, '1': 22, '2': 24, '3': 26, '4': 8}, 'arch': {'width': 7, 'height': 5, 'alg_qubits': [8, 22, 10, 24, 12, 26], 'magic_states': [1, 3, 5, 13, 27, 33, 31, 29, 7, 21]}, 'gates': [[0], [0], [0], [0], [0], [0], [0], [0], [0], [0], [0], [0], [1], [1], [1], [1], [1], [1], [1], [1], [1], [1], [1], [1], [2], [2], [2], [2], [2], [2], [2], [2], [2], [2], [2], [2], [3], [3], [3], [3], [3], [3], [3], [3], [3], [3], [3], [3], [4], [4], [4], [4], [4], [4], [4], [4], [4], [4], [4], [4], [4], [4], [4], [4], [4], [4], [4], [4], [4], [4], [4], [4], [4], [4], [4], [4], [4], [4], [4], [4], [4]]}","{'map': {'0': 8, '1': 22, '2': 24, '3': 12, '4': 10, '5': 26}, 'arch': {'width': 7, 'height': 5, 'alg_qubits': [8, 22, 10, 24, 12, 26], 'magic_states': [1, 3, 5, 13, 27, 33, 31, 29, 7, 21]}, 'gates': [[1, 3], [1, 2], [3], [2], [5], [2, 3], [5, 2], [3, 5], [2], [3, 2], [3], [2], [5], [5, 2], [3, 5], [2, 3], [5], [3], [4], [3, 5], [4, 3], [5, 4], [3], [5, 3], [5], [3], [4], [4, 3], [5, 4], [3, 5], [1], [0], [3], [0, 1], [3, 0], [1, 3], [0], [1, 0], [1], [0], [3], [3, 0], [1, 3], [0, 1], [5], [3], [4], [3, 5], [4, 3], [5, 4], [3], [5, 3], [5], [3], [4], [4, 3], [5, 4], [3, 5], [1], [0], [3], [0, 1], [3, 0], [1, 3], [0], [1, 0], [1], [0], [3], [3, 0], [1, 3], [0, 1], [3], [2], [5], [2, 3], [5, 2], [3, 5], [2], [3, 2], [3]]}","{'map': {'0': 22, '1': 8, '2': 26, '3': 10, '4': 12, '5': 24}, 'arch': {'width': 7, 'height': 5, 'alg_qubits': [8, 22, 10, 24, 12, 26], 'magic_states': [1, 3, 5, 13, 27, 33, 31, 29, 7, 21]}, 'gates': [[4, 3], [5, 4], [3, 5], [1], [0], [3], [0, 1], [3, 0], [1, 3], [0], [1, 0], [1], [0], [3], [3, 0], [1, 3], [0, 1], [3], [2], [5], [2, 3], [5, 2], [3, 5], [2], [3, 2], [3], [2], [5], [5, 2], [3, 5], [2, 3], [5], [3], [4], [3, 5], [4, 3], [5, 4], [3], [5, 3], [5], [3], [4], [4, 3], [5, 4], [3, 5], [1], [0], [3], [0, 1], [3, 0], [1, 3], [0], [1, 0], [1], [0], [3], [3, 0], [1, 3], [0, 1], [5], [3], [4], [3, 5], [4, 3], [5, 4], [3], [5, 3], [5], [3], [4], [4, 3], [5, 4], [3, 5], [1], [0], [3], [0, 1], [3, 0], [1, 3], [0], [1, 0]]}","{'map': {'0': 22, '1': 12, '2': 8, '3': 24, '4': 26, '5': 20}, 'arch': {'width': 7, 'height': 5, 'alg_qubits': [8, 22, 10, 24, 12, 26], 'magic_states': [1, 3, 5, 13, 27, 33, 31, 29, 7, 21]}, 'gates': [[2], [2], [2], [2], [2], [2], [2], [2], [2], [2], [2], [2], [2], [2], [2], [2], [2], [2], [2], [2], [2], [2], [2], [2], [2], [2], [2], [2], [2], [2], [2], [2], [2], [2], [2], [2], [2], [2], [2], [2], [2], [0, 2], [4, 5], [5], [3, 5], [5], [4, 5], [4], [5], [3, 5], [5], [5], [5], [5], [5], [5], [5], [5], [5], [5], [5], [5], [5], [5], [5], [5], [5], [5], [5], [5], [5], [5], [5], [5], [5], [5], [5], [5], [5], [5], [5]]}","{'map': {'0': 8, '1': 22, '2': 10, '3': 12, '4': 26}, 'arch': {'width': 7, 'height': 5, 'alg_qubits': [8, 22, 10, 24, 12, 26], 'magic_states': [1, 3, 5, 13, 27, 33, 31, 29, 7, 21]}, 'gates': [[0, 1], [0, 1], [0, 2], [0, 2], [0, 2], [0, 2], [0, 2], [0, 1], [0, 1], [0, 1], [0, 1], [0, 1], [3, 2], [3, 2], [3, 2], [3, 2], [3, 2], [0, 2], [0, 2], [0, 2], [0, 2], [0, 2], [0, 1], [0, 1], [3, 4], [3, 4], [3, 4], [3, 4], [3, 4], [3, 2], [3, 2], [3, 2], [3, 2], [3, 2], [1, 2], [1, 2], [0, 2], [0, 2]]}"
jku_suite_91.qasm,"{'map': {'0': 14, '1': 30, '2': 34, '3': 16, '4': 10, '5': 28, '6': 12, '7': 32}, 'arch': {'width': 9, 'height': 5, 'alg_qubits': [10, 28, 12, 30, 14, 32, 16, 34], 'magic_states': [1, 3, 5, 7, 17, 35, 43, 41, 39, 37, 9, 27]}, 'gates': [[0, 2], [1, 5], [0, 2], [1, 5], [2, 3], [0, 6], [1, 7], [4, 5], [2, 3], [0, 6], [1, 7], [4, 5], [3, 7], [4, 6], [1, 5], [0, 2], [3, 7], [4, 6], [1, 5], [0, 2], [4, 5], [2, 3], [0, 6], [1, 7], [4, 5], [2, 3], [0, 6], [1, 7], [4, 6], [3, 7], [4, 6], [3, 7]]}","{'map': {'0': 30, '1': 16, '2': 34, '3': 28, '4': 10, '5': 12, '6': 32}, 'arch': {'width': 9, 'height': 5, 'alg_qubits': [10, 28, 12, 30, 14, 32, 16, 34], 'magic_states': [1, 3, 5, 7, 17, 35, 43, 41, 39, 37, 9, 27]}, 'gates': [[3], [1], [0], [0, 1], [3, 0], [1, 3], [4], [2], [1], [2, 4], [1, 2], [4, 1], [2], [4, 2], [4], [2], [1], [1, 2], [4, 1], [2, 4], [6], [5], [2], [5, 6], [2, 5], [6, 2], [5], [6, 5], [6], [5], [2], [2, 5], [6, 2], [5, 6], [4], [2], [1], [2, 4], [1, 2], [4, 1], [2], [4, 2], [4], [2], [1], [1, 2], [4, 1], [2, 4], [3], [1], [0], [1, 3], [0, 1], [3, 0], [1], [3, 1], [3], [1], [0], [0, 1], [3, 0], [1, 3], [4], [2], [1], [2, 4], [1, 2], [4, 1], [2], [4, 2], [4], [2], [1], [1, 2], [4, 1], [2, 4], [6], [5], [2], [5, 6], [2, 5]]}","{'map': {'0': 30, '1': 16, '2': 34, '3': 28, '4': 10, '5': 12, '6': 32}, 'arch': {'width': 9, 'height': 5, 'alg_qubits': [10, 28, 12, 30, 14, 32, 16, 34], 'magic_states': [1, 3, 5, 7, 17, 35, 43, 41, 39, 37, 9, 27]}, 'gates': [[3], [1], [0], [0, 1], [3, 0], [1, 3], [4], [2], [1], [2, 4], [1, 2], [4, 1], [2], [4, 2], [4], [2], [1], [1, 2], [4, 1], [2, 4], [6], [5], [2], [5, 6], [2, 5], [6, 2], [5], [6, 5], [6], [5], [2], [2, 5], [6, 2], [5, 6], [4], [2], [1], [2, 4], [1, 2], [4, 1], [2], [4, 2], [4], [2], [1], [1, 2], [4, 1], [2, 4], [3], [1], [0], [1, 3], [0, 1], [3, 0], [1], [3, 1], [3], [1], [0], [0, 1], [3, 0], [1, 3], [4], [2], [1], [2, 4], [1, 2], [4, 1], [2], [4, 2], [4], [2], [1], [1, 2], [4, 1], [2, 4], [6], [5], [2], [5, 6], [2, 5]]}","{'map': {'0': 10, '1': 16, '2': 32, '3': 34, '4': 12, '5': 30, '6': 28}, 'arch': {'width': 9, 'height': 5, 'alg_qubits': [10, 28, 12, 30, 14, 32, 16, 34], 'magic_states': [1, 3, 5, 7, 17, 35, 43, 41, 39, 37, 9, 27]}, 'gates': [[3], [1], [0], [0, 1], [3, 0], [1, 3], [4], [2], [1], [2, 4], [1, 2], [4, 1], [2], [4, 2], [4], [2], [1], [1, 2], [4, 1], [2, 4], [6], [5], [2], [5, 6], [2, 5], [6, 2], [5], [6, 5], [6], [5], [2], [2, 5], [6, 2], [5, 6], [4], [2], [1], [2, 4], [1, 2], [4, 1], [2], [4, 2], [4], [2], [1], [1, 2], [4, 1], [2, 4], [3], [1], [0], [1, 3], [0, 1], [3, 0], [1], [3, 1], [3], [1], [0], [0, 1], [3, 0], [1, 3], [4], [2], [1], [2, 4], [1, 2], [4, 1], [2], [4, 2], [4], [2], [1], [1, 2], [4, 1], [2, 4], [6], [5], [2], [5, 6], [2, 5]]}","{'map': {'0': 32, '1': 12, '2': 14, '3': 10, '4': 30, '5': 16, '6': 34}, 'arch': {'width': 9, 'height': 5, 'alg_qubits': [10, 28, 12, 30, 14, 32, 16, 34], 'magic_states': [1, 3, 5, 7, 17, 35, 43, 41, 39, 37, 9, 27]}, 'gates': [[3], [3, 2], [4, 3], [2, 4], [5], [3], [6], [3, 5], [6, 3], [5, 6], [3], [5, 3], [5], [3], [6], [6, 3], [5, 6], [3, 5], [4], [2], [3], [2, 4], [3, 2], [4, 3], [2], [4, 2], [4], [2], [3], [3, 2], [4, 3], [2, 4], [0], [1], [2], [1, 0], [2, 1], [0, 2], [1], [0, 1], [0], [1], [2], [2, 1], [0, 2], [1, 0], [4], [2], [3], [2, 4], [3, 2], [4, 3], [2], [4, 2], [4], [2], [3], [3, 2], [4, 3], [2, 4], [4], [5], [6], [5, 4], [6, 5], [4, 6], [5], [4, 5], [4], [5], [6], [6, 5], [4, 6], [5, 4], [0], [1], [4], [1, 0], [4, 1], [0, 4], [1]]}"
jku_suite_61.qasm,"{'map': {'0': 12, '1': 10, '2': 30, '3': 16, '4': 32, '5': 28, '6': 34, '7': 14}, 'arch': {'width': 9, 'height': 5, 'alg_qubits': [10, 28, 12, 30, 14, 32, 16, 34], 'magic_states': [1, 3, 5, 7, 17, 35, 43, 41, 39, 37, 9, 27]}, 'gates': [[4, 3], [7, 4], [6], [1], [7], [1, 6], [7, 1], [6, 7], [1], [6, 1], [6], [1], [7], [7, 1], [6, 7], [1, 6], [2], [5], [1], [5, 2], [1, 5], [2, 1], [5], [2, 5], [2], [5], [1], [1, 5], [2, 1], [5, 2], [6], [1], [7], [1, 6], [7, 1], [6, 7], [1], [6, 1], [6], [1], [7], [7, 1], [6, 7], [1, 6], [0], [1], [4], [1, 0], [4, 1], [0, 4], [1], [0, 1], [0], [1], [4], [4, 1], [0, 4], [1, 0], [4], [7], [3], [7, 4], [3, 7], [4, 3], [7], [4, 7], [4], [7], [3], [3, 7], [4, 3], [7, 4], [6], [1], [7], [1, 6], [7, 1], [6, 7], [1], [6, 1], [6]]}","{'map': {'0': 28, '1': 32, '2': 14, '3': 34, '4': 10, '5': 12, '6': 30, '7': 16}, 'arch': {'width': 9, 'height': 5, 'alg_qubits': [10, 28, 12, 30, 14, 32, 16, 34], 'magic_states': [1, 3, 5, 7, 17, 35, 43, 41, 39, 37, 9, 27]}, 'gates': [[4], [7], [5], [5, 7], [4, 5], [7, 4], [6], [1], [7], [1, 6], [7, 1], [6, 7], [1], [6, 1], [6], [1], [7], [7, 1], [6, 7], [1, 6], [2], [3], [1], [3, 2], [1, 3], [2, 1], [3], [2, 3], [2], [3], [1], [1, 3], [2, 1], [3, 2], [6], [1], [7], [1, 6], [7, 1], [6, 7], [1], [6, 1], [6], [1], [7], [7, 1], [6, 7], [1, 6], [0], [1], [4], [1, 0], [4, 1], [0, 4], [1], [0, 1], [0], [1], [4], [4, 1], [0, 4], [1, 0], [4], [7], [5], [7, 4], [5, 7], [4, 5], [7], [4, 7], [4], [7], [5], [5, 7], [4, 5], [7, 4], [6], [1], [7], [1, 6], [7, 1]]}","{'map': {'0': 14, '1': 30, '2': 34, '3': 32, '4': 10, '5': 12, '6': 28, '7': 16}, 'arch': {'width': 9, 'height': 5, 'alg_qubits': [10, 28, 12, 30, 14, 32, 16, 34], 'magic_states': [1, 3, 5, 7, 17, 35, 43, 41, 39, 37, 9, 27]}, 'gates': [[7], [4], [0], [4, 7], [0, 4], [7, 0], [4], [7, 4], [7], [4], [0], [0, 4], [7, 0], [4, 7], [7], [6], [2], [6, 7], [2, 6], [7, 2], [6], [7, 6], [7], [6], [2], [2, 6], [7, 2], [6, 7], [4], [2], [3], [2, 4], [3, 2], [4, 3], [2], [4, 2], [4], [2], [3], [3, 2], [4, 3], [2, 4], [5], [1], [2], [1, 5], [2, 1], [5, 2], [1], [5, 1], [5], [1], [2], [2, 1], [5, 2], [1, 5], [7], [6], [1], [6, 7], [1, 6], [7, 1], [6], [7, 6], [7], [6], [1], [1, 6], [7, 1], [6, 7], [5], [1], [2], [1, 5], [2, 1], [5, 2], [1], [5, 1], [5], [1], [2]]}","{'map': {'0': 28, '1': 14, '2': 16, '3': 10, '4': 30, '5': 12, '6': 34, '7': 32}, 'arch': {'width': 9, 'height': 5, 'alg_qubits': [10, 28, 12, 30, 14, 32, 16, 34], 'magic_states': [1, 3, 5, 7, 17, 35, 43, 41, 39, 37, 9, 27]}, 'gates': [[0, 2], [1], [0, 1], [0], [1], [2], [2, 1], [0, 2], [1, 0], [2], [7], [6], [7, 2], [6, 7], [2, 6], [7], [2, 7], [2], [7], [6], [6, 7], [2, 6], [7, 2], [5], [1], [7], [1, 5], [7, 1], [5, 7], [1], [5, 1], [5], [1], [7], [7, 1], [5, 7], [1, 5], [3], [4], [1], [4, 3], [1, 4], [3, 1], [4], [3, 4], [3], [4], [1], [1, 4], [3, 1], [4, 3], [5], [1], [7], [1, 5], [7, 1], [5, 7], [1], [5, 1], [5], [1], [7], [7, 1], [5, 7], [1, 5], [2], [7], [6], [7, 2], [6, 7], [2, 6], [7], [2, 7], [2], [7], [6], [6, 7], [2, 6], [7, 2], [5], [1]]}","{'map': {'0': 16, '1': 10, '2': 12, '3': 32, '4': 34, '5': 14, '6': 28, '7': 30}, 'arch': {'width': 9, 'height': 5, 'alg_qubits': [10, 28, 12, 30, 14, 32, 16, 34], 'magic_states': [1, 3, 5, 7, 17, 35, 43, 41, 39, 37, 9, 27]}, 'gates': [[0, 5], [0], [5], [7], [7, 5], [0, 7], [5, 0], [4], [7], [0], [7, 4], [0, 7], [4, 0], [7], [4, 7], [4], [7], [0], [0, 7], [4, 0], [7, 4], [3], [6], [7], [6, 3], [7, 6], [3, 7], [6], [3, 6], [3], [6], [7], [7, 6], [3, 7], [6, 3], [1], [2], [6], [2, 1], [6, 2], [1, 6], [2], [1, 2], [1], [2], [6], [6, 2], [1, 6], [2, 1], [3], [6], [7], [6, 3], [7, 6], [3, 7], [6], [3, 6], [3], [6], [7], [7, 6], [3, 7], [6, 3], [4], [7], [0], [7, 4], [0, 7], [4, 0], [7], [4, 7], [4], [7], [0], [0, 7], [4, 0], [7, 4], [3], [6], [7], [6, 3]]}"
jku_suite_95.qasm,"{'map': {'0': 28, '1': 14, '2': 16, '3': 10, '4': 30, '5': 12, '6': 34, '7': 32}, 'arch': {'width': 9, 'height': 5, 'alg_qubits': [10, 28, 12, 30, 14, 32, 16, 34], 'magic_states': [1, 3, 5, 7, 17, 35, 43, 41, 39, 37, 9, 27]}, 'gates': [[0, 2], [1], [0, 1], [0], [1], [2], [2, 1], [0, 2], [1, 0], [2], [7], [6], [7, 2], [6, 7], [2, 6], [7], [2, 7], [2], [7], [6], [6, 7], [2, 6], [7, 2], [5], [1], [7], [1, 5], [7, 1], [5, 7], [1], [5, 1], [5], [1], [7], [7, 1], [5, 7], [1, 5], [3], [4], [1], [4, 3], [1, 4], [3, 1], [4], [3, 4], [3], [4], [1], [1, 4], [3, 1], [4, 3], [5], [1], [7], [1, 5], [7, 1], [5, 7], [1], [5, 1], [5], [1], [7], [7, 1], [5, 7], [1, 5], [2], [7], [6], [7, 2], [6, 7], [2, 6], [7], [2, 7], [2], [7], [6], [6, 7], [2, 6], [7, 2], [5], [1]]}","{'map': {'0': 14, '1': 10, '2': 28, '3': 12, '4': 30, '5': 16, '6': 34, '7': 32}, 'arch': {'width': 9, 'height': 5, 'alg_qubits': [10, 28, 12, 30, 14, 32, 16, 34], 'magic_states': [1, 3, 5, 7, 17, 35, 43, 41, 39, 37, 9, 27]}, 'gates': [[7, 1], [5, 7], [1], [5, 1], [5], [1], [7], [7, 1], [5, 7], [1, 5], [0], [1], [4], [1, 0], [4, 1], [0, 4], [1], [0, 1], [0], [1], [4], [4, 1], [0, 4], [1, 0], [4], [7], [6], [7, 4], [6, 7], [4, 6], [7], [4, 7], [4], [7], [6], [6, 7], [4, 6], [7, 4], [5], [1], [7], [1, 5], [7, 1], [5, 7], [1], [5, 1], [5], [1], [7], [7, 1], [5, 7], [1, 5], [2], [3], [1], [3, 2], [1, 3], [2, 1], [3], [2, 3], [2], [3], [1], [1, 3], [2, 1], [3, 2], [5], [1], [7], [1, 5], [7, 1], [5, 7], [1], [5, 1], [5], [1], [7], [7, 1], [5, 7], [1, 5], [4]]}","{'map': {'0': 10, '1': 16, '2': 32, '3': 28, '4': 30, '5': 34, '6': 14, '7': 12}, 'arch': {'width': 9, 'height': 5, 'alg_qubits': [10, 28, 12, 30, 14, 32, 16, 34], 'magic_states': [1, 3, 5, 7, 17, 35, 43, 41, 39, 37, 9, 27]}, 'gates': [[2], [0, 2], [0], [2], [1], [1, 2], [0, 1], [2, 0], [1], [7], [0], [7, 1], [0, 7], [1, 0], [7], [1, 7], [1], [7], [0], [0, 7], [1, 0], [7, 1], [1], [7], [2], [7, 1], [2, 7], [1, 2], [7], [1, 7], [1], [7], [2], [2, 7], [1, 2], [7, 1], [1], [7], [3], [7, 1], [3, 7], [1, 3], [7], [1, 7], [1], [7], [3], [3, 7], [1, 3], [7, 1], [1], [7], [4], [7, 1], [4, 7], [1, 4], [7], [1, 7], [1], [7], [4], [4, 7], [1, 4], [7, 1], [1], [7], [5], [7, 1], [5, 7], [1, 5], [7], [1, 7], [1], [7], [5], [5, 7], [1, 5], [7, 1], [1], [7], [6]]}","{'map': {'0': 12, '1': 14, '2': 30, '3': 34, '4': 28, '5': 16, '6': 10, '7': 24}, 'arch': {'width': 9, 'height': 5, 'alg_qubits': [10, 28, 12, 30, 14, 32, 16, 34], 'magic_states': [1, 3, 5, 7, 17, 35, 43, 41, 39, 37, 9, 27]}, 'gates': [[7, 3], [0, 7], [3], [0, 3], [0], [3], [7], [7, 3], [0, 7], [3, 0], [2], [1], [3], [1, 2], [3, 1], [2, 3], [1], [2, 1], [2], [1], [3], [3, 1], [2, 3], [1, 2], [0], [3], [7], [3, 0], [7, 3], [0, 7], [3], [0, 3], [0], [3], [7], [7, 3], [0, 7], [3, 0], [2], [1], [3], [1, 2], [3, 1], [2, 3], [1], [2, 1], [2], [1], [3], [3, 1], [2, 3], [1, 2], [1], [5], [4], [5, 1], [4, 5], [1, 4], [5], [1, 5], [1], [5], [4], [4, 5], [1, 4], [5, 1], [1], [5], [3], [5, 1], [3, 5], [1, 3], [5], [1, 5], [1], [5], [3], [3, 5], [1, 3], [5, 1], [1]]}","{'map': {'0': 12, '1': 14, '2': 30, '3': 34, '4': 28, '5': 16, '6': 10, '7': 24}, 'arch': {'width': 9, 'height': 5, 'alg_qubits': [10, 28, 12, 30, 14, 32, 16, 34], 'magic_states': [1, 3, 5, 7, 17, 35, 43, 41, 39, 37, 9, 27]}, 'gates': [[7, 3], [0, 7], [3], [0, 3], [0], [3], [7], [7, 3], [0, 7], [3, 0], [2], [1], [3], [1, 2], [3, 1], [2, 3], [1], [2, 1], [2], [1], [3], [3, 1], [2, 3], [1, 2], [0], [3], [7], [3, 0], [7, 3], [0, 7], [3], [0, 3], [0], [3], [7], [7, 3], [0, 7], [3, 0], [2], [1], [3], [1, 2], [3, 1], [2, 3], [1], [2, 1], [2], [1], [3], [3, 1], [2, 3], [1, 2], [1], [5], [4], [5, 1], [4, 5], [1, 4], [5], [1, 5], [1], [5], [4], [4, 5], [1, 4], [5, 1], [1], [5], [3], [5, 1], [3, 5], [1, 3], [5], [1, 5], [1], [5], [3], [3, 5], [1, 3], [5, 1], [1]]}"
jku_suite_9.qasm,"{'map': {'0': 24, '1': 20, '2': 46, '3': 50, '4': 14, '5': 16, '6': 40, '7': 22, '8': 48, '9': 18, '10': 44, '11': 26}, 'arch': {'width': 13, 'height': 5, 'alg_qubits': [14, 40, 16, 42, 18, 44, 20, 46, 22, 48, 24, 50], 'magic_states': [1, 3, 5, 7, 9, 11, 25, 51, 63, 61, 59, 57, 55, 53, 13, 39]}, 'gates': [[8, 10], [7], [11], [3], [11, 7], [3, 11], [7, 3], [11], [7, 11], [7], [11], [3], [3, 11], [7, 3], [11, 7], [10], [8], [11], [8, 10], [11, 8], [10, 11], [8], [10, 8], [10], [8], [11], [11, 8], [10, 11], [8, 10], [3], [11], [0], [11, 3], [0, 11], [3, 0], [11], [3, 11], [3], [11], [0], [0, 11], [3, 0], [11, 3], [1], [10], [11], [10, 1], [11, 10], [1, 11], [10], [1, 10], [1], [10], [11], [11, 10], [1, 11], [10, 1], [2], [9], [10], [9, 2], [10, 9], [2, 10], [9], [2, 9], [2], [9], [10], [10, 9], [2, 10], [9, 2], [6], [4], [9], [4, 6], [9, 4], [6, 9], [4], [6, 4], [6], [4]]}","{'map': {'0': 42, '1': 24, '2': 16, '3': 14, '4': 50, '5': 46, '6': 44, '7': 48, '8': 40, '9': 20, '10': 22, '11': 28}, 'arch': {'width': 13, 'height': 5, 'alg_qubits': [14, 40, 16, 42, 18, 44, 20, 46, 22, 48, 24, 50], 'magic_states': [1, 3, 5, 7, 9, 11, 25, 51, 63, 61, 59, 57, 55, 53, 13, 39]}, 'gates': [[3], [2, 11], [3, 2], [11, 3], [2], [11, 2], [11], [2], [3], [3, 2], [11, 3], [2, 11], [9], [3], [4], [3, 9], [4, 3], [9, 4], [3], [9, 3], [9], [3], [4], [4, 3], [9, 4], [3, 9], [8], [4], [6], [4, 8], [6, 4], [8, 6], [4], [8, 4], [8], [4], [6], [6, 4], [8, 6], [4, 8], [7], [6], [10], [6, 7], [10, 6], [7, 10], [6], [7, 6], [7], [6], [10], [10, 6], [7, 10], [6, 7], [5], [10], [0], [10, 5], [0, 10], [5, 0], [10], [5, 10], [5], [10], [0], [0, 10], [5, 0], [10, 5], [7], [6], [10], [6, 7], [10, 6], [7, 10], [6], [7, 6], [7], [6], [10], [10, 6], [7, 10]]}","{'map': {'0': 14, '1': 44, '2': 46, '3': 18, '4': 20, '5': 24, '6': 42, '7': 22, '8': 40, '9': 16, '10': 50, '11': 6}, 'arch': {'width': 13, 'height': 5, 'alg_qubits': [14, 40, 16, 42, 18, 44, 20, 46, 22, 48, 24, 50], 'magic_states': [1, 3, 5, 7, 9, 11, 25, 51, 63, 61, 59, 57, 55, 53, 13, 39]}, 'gates': [[11, 3], [2], [11, 2], [11], [2], [3], [3, 2], [11, 3], [2, 11], [10], [3], [4], [3, 10], [4, 3], [10, 4], [3], [10, 3], [10], [3], [4], [4, 3], [10, 4], [3, 10], [9], [4], [5], [4, 9], [5, 4], [9, 5], [4], [9, 4], [9], [4], [5], [5, 4], [9, 5], [4, 9], [8], [5], [6], [5, 8], [6, 5], [8, 6], [5], [8, 5], [8], [5], [6], [6, 5], [8, 6], [5, 8], [7], [6], [1], [6, 7], [1, 6], [7, 1], [6], [7, 6], [7], [6], [1], [1, 6], [7, 1], [6, 7], [8], [5], [6], [5, 8], [6, 5], [8, 6], [5], [8, 5], [8], [5], [6], [6, 5], [8, 6], [5, 8], [9], [4]]}","{'map': {'0': 24, '1': 22, '2': 50, '3': 42, '4': 14, '5': 46, '6': 40, '7': 44, '8': 48, '9': 16, '10': 20}, 'arch': {'width': 13, 'height': 5, 'alg_qubits': [14, 40, 16, 42, 18, 44, 20, 46, 22, 48, 24, 50], 'magic_states': [1, 3, 5, 7, 9, 11, 25, 51, 63, 61, 59, 57, 55, 53, 13, 39]}, 'gates': [[10], [5], [4], [4, 5], [10, 4], [5, 10], [9], [4], [3], [4, 9], [3, 4], [9, 3], [4], [9, 4], [9], [4], [3], [3, 4], [9, 3], [4, 9], [8], [3], [2], [3, 8], [2, 3], [8, 2], [3], [8, 3], [8], [3], [2], [2, 3], [8, 2], [3, 8], [7], [2], [1], [2, 7], [1, 2], [7, 1], [2], [7, 2], [7], [2], [1], [1, 2], [7, 1], [2, 7], [6], [1], [0], [1, 6], [0, 1], [6, 0], [1], [6, 1], [6], [1], [0], [0, 1], [6, 0], [1, 6], [7], [2], [1], [2, 7], [1, 2], [7, 1], [2], [7, 2], [7], [2], [1], [1, 2], [7, 1], [2, 7], [8], [3], [2], [3, 8], [2, 3]]}","{'map': {'0': 24, '1': 22, '2': 50, '3': 42, '4': 14, '5': 46, '6': 40, '7': 44, '8': 48, '9': 16, '10': 20}, 'arch': {'width': 13, 'height': 5, 'alg_qubits': [14, 40, 16, 42, 18, 44, 20, 46, 22, 48, 24, 50], 'magic_states': [1, 3, 5, 7, 9, 11, 25, 51, 63, 61, 59, 57, 55, 53, 13, 39]}, 'gates': [[10], [5], [4], [4, 5], [10, 4], [5, 10], [9], [4], [3], [4, 9], [3, 4], [9, 3], [4], [9, 4], [9], [4], [3], [3, 4], [9, 3], [4, 9], [8], [3], [2], [3, 8], [2, 3], [8, 2], [3], [8, 3], [8], [3], [2], [2, 3], [8, 2], [3, 8], [7], [2], [1], [2, 7], [1, 2], [7, 1], [2], [7, 2], [7], [2], [1], [1, 2], [7, 1], [2, 7], [6], [1], [0], [1, 6], [0, 1], [6, 0], [1], [6, 1], [6], [1], [0], [0, 1], [6, 0], [1, 6], [7], [2], [1], [2, 7], [1, 2], [7, 1], [2], [7, 2], [7], [2], [1], [1, 2], [7, 1], [2, 7], [8], [3], [2], [3, 8], [2, 3]]}"
vqe_9.qasm,"{'map': {'0': 14, '1': 30, '2': 34, '3': 16, '4': 10, '5': 28, '6': 12, '7': 32}, 'arch': {'width': 9, 'height': 5, 'alg_qubits': [10, 28, 12, 30, 14, 32, 16, 34], 'magic_states': [1, 3, 5, 7, 17, 35, 43, 41, 39, 37, 9, 27]}, 'gates': [[0, 2], [1, 5], [0, 2], [1, 5], [2, 3], [0, 6], [1, 7], [4, 5], [2, 3], [0, 6], [1, 7], [4, 5], [3, 7], [4, 6], [1, 5], [0, 2], [3, 7], [4, 6], [1, 5], [0, 2], [4, 5], [2, 3], [0, 6], [1, 7], [4, 5], [2, 3], [0, 6], [1, 7], [4, 6], [3, 7], [4, 6], [3, 7]]}","{'map': {'0': 12, '1': 10, '2': 28, '3': 30, '4': 34, '5': 14, '6': 32}, 'arch': {'width': 9, 'height': 5, 'alg_qubits': [10, 28, 12, 30, 14, 32, 16, 34], 'magic_states': [1, 3, 5, 7, 17, 35, 43, 41, 39, 37, 9, 27]}, 'gates': [[1, 2], [3], [1], [0], [1, 3], [0, 1], [3, 0], [1], [3, 1], [3], [1], [0], [0, 1], [3, 0], [1, 3], [4], [2], [1], [2, 4], [1, 2], [4, 1], [2], [4, 2], [4], [2], [1], [1, 2], [4, 1], [2, 4], [6], [5], [2], [5, 6], [2, 5], [6, 2], [5], [6, 5], [6], [5], [2], [2, 5], [6, 2], [5, 6], [4], [2], [1], [2, 4], [1, 2], [4, 1], [2], [4, 2], [4], [2], [1], [1, 2], [4, 1], [2, 4], [3], [1], [0], [1, 3], [0, 1], [3, 0], [1], [3, 1], [3], [1], [0], [0, 1], [3, 0], [1, 3], [4], [2], [1], [2, 4], [1, 2], [4, 1], [2], [4, 2], [4], [2]]}","{'map': {'0': 14, '1': 16, '2': 10, '3': 34, '4': 32, '5': 12, '6': 30, '7': 28}, 'arch': {'width': 9, 'height': 5, 'alg_qubits': [10, 28, 12, 30, 14, 32, 16, 34], 'magic_states': [1, 3, 5, 7, 17, 35, 43, 41, 39, 37, 9, 27]}, 'gates': [[5, 6], [4], [2], [1], [2, 4], [1, 2], [4, 1], [2], [4, 2], [4], [2], [1], [1, 2], [4, 1], [2, 4], [3], [1], [0], [1, 3], [0, 1], [3, 0], [1], [3, 1], [3], [1], [0], [0, 1], [3, 0], [1, 3], [4], [2], [1], [2, 4], [1, 2], [4, 1], [2], [4, 2], [4], [2], [1], [1, 2], [4, 1], [2, 4], [6], [5], [2], [5, 6], [2, 5], [6, 2], [5], [6, 5], [6], [5], [2], [2, 5], [6, 2], [5, 6], [4], [2], [1], [2, 4], [1, 2], [4, 1], [2], [4, 2], [4], [2], [1], [1, 2], [4, 1], [2, 4], [0], [3], [7], [3, 0], [7, 3], [0, 7], [3], [0, 3], [0], [3]]}","{'map': {'0': 14, '1': 16, '2': 10, '3': 34, '4': 32, '5': 12, '6': 30, '7': 28}, 'arch': {'width': 9, 'height': 5, 'alg_qubits': [10, 28, 12, 30, 14, 32, 16, 34], 'magic_states': [1, 3, 5, 7, 17, 35, 43, 41, 39, 37, 9, 27]}, 'gates': [[5, 6], [4], [2], [1], [2, 4], [1, 2], [4, 1], [2], [4, 2], [4], [2], [1], [1, 2], [4, 1], [2, 4], [3], [1], [0], [1, 3], [0, 1], [3, 0], [1], [3, 1], [3], [1], [0], [0, 1], [3, 0], [1, 3], [4], [2], [1], [2, 4], [1, 2], [4, 1], [2], [4, 2], [4], [2], [1], [1, 2], [4, 1], [2, 4], [6], [5], [2], [5, 6], [2, 5], [6, 2], [5], [6, 5], [6], [5], [2], [2, 5], [6, 2], [5, 6], [4], [2], [1], [2, 4], [1, 2], [4, 1], [2], [4, 2], [4], [2], [1], [1, 2], [4, 1], [2, 4], [0], [3], [7], [3, 0], [7, 3], [0, 7], [3], [0, 3], [0], [3]]}","{'map': {'0': 30, '1': 34, '2': 14, '3': 32, '4': 16, '5': 10, '6': 28, '7': 12}, 'arch': {'width': 9, 'height': 5, 'alg_qubits': [10, 28, 12, 30, 14, 32, 16, 34], 'magic_states': [1, 3, 5, 7, 17, 35, 43, 41, 39, 37, 9, 27]}, 'gates': [[5, 6], [4], [2], [1], [2, 4], [1, 2], [4, 1], [2], [4, 2], [4], [2], [1], [1, 2], [4, 1], [2, 4], [0], [3], [7], [3, 0], [7, 3], [0, 7], [3], [0, 3], [0], [3], [7], [7, 3], [0, 7], [3, 0], [2], [1], [3], [1, 2], [3, 1], [2, 3], [1], [2, 1], [2], [1], [3], [3, 1], [2, 3], [1, 2], [0], [3], [7], [3, 0], [7, 3], [0, 7], [3], [0, 3], [0], [3], [7], [7, 3], [0, 7], [3, 0], [2], [1], [3], [1, 2], [3, 1], [2, 3], [1], [2, 1], [2], [1], [3], [3, 1], [2, 3], [1, 2], [1], [5], [4], [5, 1], [4, 5], [1, 4], [5], [1, 5], [1], [5]]}"
shor_3.qasm,"{'map': {'0': 42, '1': 50, '2': 20, '3': 16, '4': 22, '5': 40, '6': 14, '7': 24, '8': 44, '9': 18, '10': 46}, 'arch': {'width': 13, 'height': 5, 'alg_qubits': [14, 40, 16, 42, 18, 44, 20, 46, 22, 48, 24, 50], 'magic_states': [1, 3, 5, 7, 9, 11, 25, 51, 63, 61, 59, 57, 55, 53, 13, 39]}, 'gates': [[1], [1, 2], [7, 1], [2, 7], [10], [9], [8], [9, 10], [8, 9], [10, 8], [9], [10, 9], [10], [9], [8], [8, 9], [10, 8], [9, 10], [5], [6], [0], [6, 5], [0, 6], [5, 0], [6], [5, 6], [5], [6], [0], [0, 6], [5, 0], [6, 5], [4], [7], [6], [7, 4], [6, 7], [4, 6], [7], [4, 7], [4], [7], [6], [6, 7], [4, 6], [7, 4], [3], [8], [7], [8, 3], [7, 8], [3, 7], [8], [3, 8], [3], [8], [7], [7, 8], [3, 7], [8, 3], [1], [2], [8], [2, 1], [8, 2], [1, 8], [2], [1, 2], [1], [2], [8], [8, 2], [1, 8], [2, 1], [3], [8], [7], [8, 3], [7, 8], [3, 7], [8]]}","{'map': {'0': 42, '1': 50, '2': 20, '3': 16, '4': 22, '5': 40, '6': 14, '7': 24, '8': 44, '9': 18, '10': 46}, 'arch': {'width': 13, 'height': 5, 'alg_qubits': [14, 40, 16, 42, 18, 44, 20, 46, 22, 48, 24, 50], 'magic_states': [1, 3, 5, 7, 9, 11, 25, 51, 63, 61, 59, 57, 55, 53, 13, 39]}, 'gates': [[1], [1, 2], [7, 1], [2, 7], [10], [9], [8], [9, 10], [8, 9], [10, 8], [9], [10, 9], [10], [9], [8], [8, 9], [10, 8], [9, 10], [5], [6], [0], [6, 5], [0, 6], [5, 0], [6], [5, 6], [5], [6], [0], [0, 6], [5, 0], [6, 5], [4], [7], [6], [7, 4], [6, 7], [4, 6], [7], [4, 7], [4], [7], [6], [6, 7], [4, 6], [7, 4], [3], [8], [7], [8, 3], [7, 8], [3, 7], [8], [3, 8], [3], [8], [7], [7, 8], [3, 7], [8, 3], [1], [2], [8], [2, 1], [8, 2], [1, 8], [2], [1, 2], [1], [2], [8], [8, 2], [1, 8], [2, 1], [3], [8], [7], [8, 3], [7, 8], [3, 7], [8]]}","{'map': {'0': 44, '1': 50, '2': 20, '3': 46, '4': 48, '5': 40, '6': 42, '7': 24, '8': 22, '9': 18, '10': 14}, 'arch': {'width': 13, 'height': 5, 'alg_qubits': [14, 40, 16, 42, 18, 44, 20, 46, 22, 48, 24, 50], 'magic_states': [1, 3, 5, 7, 9, 11, 25, 51, 63, 61, 59, 57, 55, 53, 13, 39]}, 'gates': [[1], [1, 2], [7, 1], [2, 7], [10], [9], [8], [9, 10], [8, 9], [10, 8], [9], [10, 9], [10], [9], [8], [8, 9], [10, 8], [9, 10], [5], [6], [0], [6, 5], [0, 6], [5, 0], [6], [5, 6], [5], [6], [0], [0, 6], [5, 0], [6, 5], [4], [7], [6], [7, 4], [6, 7], [4, 6], [7], [4, 7], [4], [7], [6], [6, 7], [4, 6], [7, 4], [3], [8], [7], [8, 3], [7, 8], [3, 7], [8], [3, 8], [3], [8], [7], [7, 8], [3, 7], [8, 3], [1], [2], [8], [2, 1], [8, 2], [1, 8], [2], [1, 2], [1], [2], [8], [8, 2], [1, 8], [2, 1], [3], [8], [7], [8, 3], [7, 8], [3, 7], [8]]}","{'map': {'0': 24, '1': 22, '2': 50, '3': 42, '4': 14, '5': 46, '6': 40, '7': 44, '8': 48, '9': 16, '10': 20}, 'arch': {'width': 13, 'height': 5, 'alg_qubits': [14, 40, 16, 42, 18, 44, 20, 46, 22, 48, 24, 50], 'magic_states': [1, 3, 5, 7, 9, 11, 25, 51, 63, 61, 59, 57, 55, 53, 13, 39]}, 'gates': [[10], [5], [4], [4, 5], [10, 4], [5, 10], [9], [4], [3], [4, 9], [3, 4], [9, 3], [4], [9, 4], [9], [4], [3], [3, 4], [9, 3], [4, 9], [8], [3], [2], [3, 8], [2, 3], [8, 2], [3], [8, 3], [8], [3], [2], [2, 3], [8, 2], [3, 8], [7], [2], [1], [2, 7], [1, 2], [7, 1], [2], [7, 2], [7], [2], [1], [1, 2], [7, 1], [2, 7], [6], [1], [0], [1, 6], [0, 1], [6, 0], [1], [6, 1], [6], [1], [0], [0, 1], [6, 0], [1, 6], [7], [2], [1], [2, 7], [1, 2], [7, 1], [2], [7, 2], [7], [2], [1], [1, 2], [7, 1], [2, 7], [8], [3], [2], [3, 8], [2, 3]]}","{'map': {'0': 24, '1': 22, '2': 50, '3': 42, '4': 14, '5': 46, '6': 40, '7': 44, '8': 48, '9': 16, '10': 20}, 'arch': {'width': 13, 'height': 5, 'alg_qubits': [14, 40, 16, 42, 18, 44, 20, 46, 22, 48, 24, 50], 'magic_states': [1, 3, 5, 7, 9, 11, 25, 51, 63, 61, 59, 57, 55, 53, 13, 39]}, 'gates': [[10], [5], [4], [4, 5], [10, 4], [5, 10], [9], [4], [3], [4, 9], [3, 4], [9, 3], [4], [9, 4], [9], [4], [3], [3, 4], [9, 3], [4, 9], [8], [3], [2], [3, 8], [2, 3], [8, 2], [3], [8, 3], [8], [3], [2], [2, 3], [8, 2], [3, 8], [7], [2], [1], [2, 7], [1, 2], [7, 1], [2], [7, 2], [7], [2], [1], [1, 2], [7, 1], [2, 7], [6], [1], [0], [1, 6], [0, 1], [6, 0], [1], [6, 1], [6], [1], [0], [0, 1], [6, 0], [1, 6], [7], [2], [1], [2, 7], [1, 2], [7, 1], [2], [7, 2], [7], [2], [1], [1, 2], [7, 1], [2, 7], [8], [3], [2], [3, 8], [2, 3]]}"
jku_suite_57.qasm,"{'map': {'0': 32, '1': 34, '2': 10, '3': 16, '4': 12, '5': 30, '6': 28, '7': 14}, 'arch': {'width': 9, 'height': 5, 'alg_qubits': [10, 28, 12, 30, 14, 32, 16, 34], 'magic_states': [1, 3, 5, 7, 17, 35, 43, 41, 39, 37, 9, 27]}, 'gates': [[6, 2], [4], [3], [6], [3, 4], [6, 3], [4, 6], [3], [4, 3], [4], [3], [6], [6, 3], [4, 6], [3, 4], [2], [6], [5], [6, 2], [5, 6], [2, 5], [6], [2, 6], [2], [6], [5], [5, 6], [2, 5], [6, 2], [4], [1], [0], [1, 4], [0, 1], [4, 0], [1], [4, 1], [4], [1], [0], [0, 1], [4, 0], [1, 4], [5], [2], [1], [2, 5], [1, 2], [5, 1], [2], [5, 2], [5], [2], [1], [1, 2], [5, 1], [2, 5], [7], [6], [2], [6, 7], [2, 6], [7, 2], [6], [7, 6], [7], [6], [2], [2, 6], [7, 2], [6, 7], [5], [2], [1], [2, 5], [1, 2], [5, 1], [2], [5, 2], [5], [2]]}","{'map': {'0': 14, '1': 30, '2': 34, '3': 16, '4': 10, '5': 28, '6': 12, '7': 32}, 'arch': {'width': 9, 'height': 5, 'alg_qubits': [10, 28, 12, 30, 14, 32, 16, 34], 'magic_states': [1, 3, 5, 7, 17, 35, 43, 41, 39, 37, 9, 27]}, 'gates': [[0, 2], [1, 5], [0, 2], [1, 5], [2, 3], [0, 6], [1, 7], [4, 5], [2, 3], [0, 6], [1, 7], [4, 5], [3, 7], [4, 6], [1, 5], [0, 2], [3, 7], [4, 6], [1, 5], [0, 2], [4, 5], [2, 3], [0, 6], [1, 7], [4, 5], [2, 3], [0, 6], [1, 7], [4, 6], [3, 7], [4, 6], [3, 7]]}","{'map': {'0': 14, '1': 32, '2': 10, '3': 30, '4': 28, '5': 12, '6': 34, '7': 16}, 'arch': {'width': 9, 'height': 5, 'alg_qubits': [10, 28, 12, 30, 14, 32, 16, 34], 'magic_states': [1, 3, 5, 7, 17, 35, 43, 41, 39, 37, 9, 27]}, 'gates': [[1, 6], [1], [6], [2], [2, 6], [1, 2], [6, 1], [4, 1], [1, 2], [1], [5], [4], [5, 1], [4, 5], [1, 4], [5], [1, 5], [1], [5], [4], [4, 5], [1, 4], [5, 1], [0, 1], [0, 2], [0, 4], [7], [6], [5], [6, 7], [5, 6], [7, 5], [6], [7, 6], [7], [6], [5], [5, 6], [7, 5], [6, 7], [0], [5], [7], [5, 0], [7, 5], [0, 7], [5], [0, 5], [0], [5], [7], [7, 5], [0, 7], [5, 0], [4], [7], [0], [7, 4], [0, 7], [4, 0], [7], [4, 7], [4], [7], [0], [0, 7], [4, 0], [7, 4], [3], [6], [7], [6, 3], [7, 6], [3, 7], [6], [3, 6], [3], [6], [7], [7, 6], [3, 7]]}","{'map': {'0': 14, '1': 32, '2': 10, '3': 30, '4': 28, '5': 12, '6': 34, '7': 16}, 'arch': {'width': 9, 'height': 5, 'alg_qubits': [10, 28, 12, 30, 14, 32, 16, 34], 'magic_states': [1, 3, 5, 7, 17, 35, 43, 41, 39, 37, 9, 27]}, 'gates': [[1, 6], [1], [6], [2], [2, 6], [1, 2], [6, 1], [4, 1], [1, 2], [1], [5], [4], [5, 1], [4, 5], [1, 4], [5], [1, 5], [1], [5], [4], [4, 5], [1, 4], [5, 1], [0, 1], [0, 2], [0, 4], [7], [6], [5], [6, 7], [5, 6], [7, 5], [6], [7, 6], [7], [6], [5], [5, 6], [7, 5], [6, 7], [0], [5], [7], [5, 0], [7, 5], [0, 7], [5], [0, 5], [0], [5], [7], [7, 5], [0, 7], [5, 0], [4], [7], [0], [7, 4], [0, 7], [4, 0], [7], [4, 7], [4], [7], [0], [0, 7], [4, 0], [7, 4], [3], [6], [7], [6, 3], [7, 6], [3, 7], [6], [3, 6], [3], [6], [7], [7, 6], [3, 7]]}","{'map': {'0': 10, '1': 12, '2': 30, '3': 34, '4': 14, '5': 28, '6': 32, '7': 16}, 'arch': {'width': 9, 'height': 5, 'alg_qubits': [10, 28, 12, 30, 14, 32, 16, 34], 'magic_states': [1, 3, 5, 7, 17, 35, 43, 41, 39, 37, 9, 27]}, 'gates': [[6], [7, 2], [6, 7], [2, 6], [7], [2, 7], [2], [7], [6], [6, 7], [2, 6], [7, 2], [4], [3], [7], [3, 4], [7, 3], [4, 7], [3], [4, 3], [4], [3], [7], [7, 3], [4, 7], [3, 4], [2], [7], [6], [7, 2], [6, 7], [2, 6], [7], [2, 7], [2], [7], [6], [6, 7], [2, 6], [7, 2], [1], [6], [5], [6, 1], [5, 6], [1, 5], [6], [1, 6], [1], [6], [5], [5, 6], [1, 5], [6, 1], [5], [0], [4], [0, 5], [4, 0], [5, 4], [0], [5, 0], [5], [0], [4], [4, 0], [5, 4], [0, 5], [6], [1], [0], [1, 6], [0, 1], [6, 0], [1], [6, 1], [6], [1], [0], [0, 1], [6, 0]]}"
jku_suite_62.qasm,"{'map': {'0': 18, '1': 54, '2': 22, '3': 48, '4': 56, '5': 16, '6': 20, '7': 52, '8': 50, '9': 24, '10': 58, '11': 28, '12': 46}, 'arch': {'width': 15, 'height': 5, 'alg_qubits': [16, 46, 18, 48, 20, 50, 22, 52, 24, 54, 26, 56, 28, 58], 'magic_states': [1, 3, 5, 7, 9, 11, 13, 29, 59, 73, 71, 69, 67, 65, 63, 61, 15, 45]}, 'gates': [[6], [0], [1], [1, 0], [6, 1], [0, 6], [4], [5], [0], [5, 4], [0, 5], [4, 0], [5], [4, 5], [4], [5], [0], [0, 5], [4, 0], [5, 4], [6], [0], [1], [0, 6], [1, 0], [6, 1], [0], [6, 0], [6], [0], [1], [1, 0], [6, 1], [0, 6], [7], [1], [2], [1, 7], [2, 1], [7, 2], [1], [7, 1], [7], [1], [2], [2, 1], [7, 2], [1, 7], [8], [2], [11], [2, 8], [11, 2], [8, 11], [2], [8, 2], [8], [2], [11], [11, 2], [8, 11], [2, 8], [9], [11], [12], [11, 9], [12, 11], [9, 12], [11], [9, 11], [9], [11], [12], [12, 11], [9, 12], [11, 9], [10], [12], [3], [12, 10], [3, 12]]}","{'map': {'0': 46, '1': 50, '2': 56, '3': 20, '4': 48, '5': 54, '6': 24, '7': 28, '8': 52, '9': 22, '10': 58, '11': 26, '12': 16}, 'arch': {'width': 15, 'height': 5, 'alg_qubits': [16, 46, 18, 48, 20, 50, 22, 52, 24, 54, 26, 56, 28, 58], 'magic_states': [1, 3, 5, 7, 9, 11, 13, 29, 59, 73, 71, 69, 67, 65, 63, 61, 15, 45]}, 'gates': [[0, 3], [2, 0], [3, 2], [4], [0], [5], [0, 4], [5, 0], [4, 5], [0], [4, 0], [4], [0], [5], [5, 0], [4, 5], [0, 4], [7], [5], [6], [5, 7], [6, 5], [7, 6], [5], [7, 5], [7], [5], [6], [6, 5], [7, 6], [5, 7], [8], [6], [10], [6, 8], [10, 6], [8, 10], [6], [8, 6], [8], [6], [10], [10, 6], [8, 10], [6, 8], [9], [10], [12], [10, 9], [12, 10], [9, 12], [10], [9, 10], [9], [10], [12], [12, 10], [9, 12], [10, 9], [11], [12], [1], [12, 11], [1, 12], [11, 1], [12], [11, 12], [11], [12], [1], [1, 12], [11, 1], [12, 11], [9], [10], [12], [10, 9], [12, 10], [9, 12], [10], [9, 10]]}","{'map': {'0': 50, '1': 18, '2': 46, '3': 54, '4': 52, '5': 48, '6': 22, '7': 20, '8': 56, '9': 16, '10': 58, '11': 24, '12': 28, '13': 26}, 'arch': {'width': 15, 'height': 5, 'alg_qubits': [16, 46, 18, 48, 20, 50, 22, 52, 24, 54, 26, 56, 28, 58], 'magic_states': [1, 3, 5, 7, 9, 11, 13, 29, 59, 73, 71, 69, 67, 65, 63, 61, 15, 45]}, 'gates': [[4, 3], [6, 5], [8, 7], [10, 9], [12, 11], [4, 2], [0], [1], [2], [1, 0], [2, 1], [0, 2], [1], [0, 1], [0], [1], [2], [2, 1], [0, 2], [1, 0], [6, 4], [2], [3], [4], [3, 2], [4, 3], [2, 4], [3], [2, 3], [2], [3], [4], [4, 3], [2, 4], [3, 2], [8, 6], [4], [5], [6], [5, 4], [6, 5], [4, 6], [5], [4, 5], [4], [5], [6], [6, 5], [4, 6], [5, 4], [10, 8], [6], [7], [8], [7, 6], [8, 7], [6, 8], [7], [6, 7], [6], [7], [8], [8, 7], [6, 8], [7, 6], [12, 10], [8], [9], [10], [9, 8], [10, 9], [8, 10], [9], [8, 9], [8], [9], [10], [10, 9], [8, 10], [9, 8], [12, 13]]}","{'map': {'0': 50, '1': 18, '2': 46, '3': 16, '4': 48, '5': 20, '6': 28, '7': 22, '8': 58, '9': 56, '10': 54, '11': 24, '12': 26, '13': 52}, 'arch': {'width': 15, 'height': 5, 'alg_qubits': [16, 46, 18, 48, 20, 50, 22, 52, 24, 54, 26, 56, 28, 58], 'magic_states': [1, 3, 5, 7, 9, 11, 13, 29, 59, 73, 71, 69, 67, 65, 63, 61, 15, 45]}, 'gates': [[10], [5], [4], [4, 5], [10, 4], [5, 10], [12], [11], [5], [11, 12], [5, 11], [12, 5], [11], [12, 11], [12], [11], [5], [5, 11], [12, 5], [11, 12], [10], [5], [4], [5, 10], [4, 5], [10, 4], [5], [10, 5], [10], [5], [4], [4, 5], [10, 4], [5, 10], [9], [4], [3], [4, 9], [3, 4], [9, 3], [4], [9, 4], [9], [4], [3], [3, 4], [9, 3], [4, 9], [8], [3], [2], [3, 8], [2, 3], [8, 2], [3], [8, 3], [8], [3], [2], [2, 3], [8, 2], [3, 8], [7], [2], [1], [2, 7], [1, 2], [7, 1], [2], [7, 2], [7], [2], [1], [1, 2], [7, 1], [2, 7], [0], [6], [13], [6, 0], [13, 6]]}","{'map': {'0': 50, '1': 18, '2': 46, '3': 16, '4': 48, '5': 20, '6': 28, '7': 22, '8': 58, '9': 56, '10': 54, '11': 24, '12': 26, '13': 52}, 'arch': {'width': 15, 'height': 5, 'alg_qubits': [16, 46, 18, 48, 20, 50, 22, 52, 24, 54, 26, 56, 28, 58], 'magic_states': [1, 3, 5, 7, 9, 11, 13, 29, 59, 73, 71, 69, 67, 65, 63, 61, 15, 45]}, 'gates': [[10], [5], [4], [4, 5], [10, 4], [5, 10], [12], [11], [5], [11, 12], [5, 11], [12, 5], [11], [12, 11], [12], [11], [5], [5, 11], [12, 5], [11, 12], [10], [5], [4], [5, 10], [4, 5], [10, 4], [5], [10, 5], [10], [5], [4], [4, 5], [10, 4], [5, 10], [9], [4], [3], [4, 9], [3, 4], [9, 3], [4], [9, 4], [9], [4], [3], [3, 4], [9, 3], [4, 9], [8], [3], [2], [3, 8], [2, 3], [8, 2], [3], [8, 3], [8], [3], [2], [2, 3], [8, 2], [3, 8], [7], [2], [1], [2, 7], [1, 2], [7, 1], [2], [7, 2], [7], [2], [1], [1, 2], [7, 1], [2, 7], [0], [6], [13], [6, 0], [13, 6]]}"
quarl_suite_5.qasm,"{'map': {'0': 50, '1': 18, '2': 46, '3': 54, '4': 52, '5': 48, '6': 22, '7': 20, '8': 56, '9': 16, '10': 58, '11': 24, '12': 28, '13': 26}, 'arch': {'width': 15, 'height': 5, 'alg_qubits': [16, 46, 18, 48, 20, 50, 22, 52, 24, 54, 26, 56, 28, 58], 'magic_states': [1, 3, 5, 7, 9, 11, 13, 29, 59, 73, 71, 69, 67, 65, 63, 61, 15, 45]}, 'gates': [[4, 3], [6, 5], [8, 7], [10, 9], [12, 11], [4, 2], [0], [1], [2], [1, 0], [2, 1], [0, 2], [1], [0, 1], [0], [1], [2], [2, 1], [0, 2], [1, 0], [6, 4], [2], [3], [4], [3, 2], [4, 3], [2, 4], [3], [2, 3], [2], [3], [4], [4, 3], [2, 4], [3, 2], [8, 6], [4], [5], [6], [5, 4], [6, 5], [4, 6], [5], [4, 5], [4], [5], [6], [6, 5], [4, 6], [5, 4], [10, 8], [6], [7], [8], [7, 6], [8, 7], [6, 8], [7], [6, 7], [6], [7], [8], [8, 7], [6, 8], [7, 6], [12, 10], [8], [9], [10], [9, 8], [10, 9], [8, 10], [9], [8, 9], [8], [9], [10], [10, 9], [8, 10], [9, 8], [12, 13]]}","{'map': {'0': 18, '1': 54, '2': 22, '3': 48, '4': 56, '5': 16, '6': 20, '7': 52, '8': 50, '9': 24, '10': 58, '11': 28, '12': 46}, 'arch': {'width': 15, 'height': 5, 'alg_qubits': [16, 46, 18, 48, 20, 50, 22, 52, 24, 54, 26, 56, 28, 58], 'magic_states': [1, 3, 5, 7, 9, 11, 13, 29, 59, 73, 71, 69, 67, 65, 63, 61, 15, 45]}, 'gates': [[6], [0], [1], [1, 0], [6, 1], [0, 6], [4], [5], [0], [5, 4], [0, 5], [4, 0], [5], [4, 5], [4], [5], [0], [0, 5], [4, 0], [5, 4], [6], [0], [1], [0, 6], [1, 0], [6, 1], [0], [6, 0], [6], [0], [1], [1, 0], [6, 1], [0, 6], [7], [1], [2], [1, 7], [2, 1], [7, 2], [1], [7, 1], [7], [1], [2], [2, 1], [7, 2], [1, 7], [8], [2], [11], [2, 8], [11, 2], [8, 11], [2], [8, 2], [8], [2], [11], [11, 2], [8, 11], [2, 8], [9], [11], [12], [11, 9], [12, 11], [9, 12], [11], [9, 11], [9], [11], [12], [12, 11], [9, 12], [11, 9], [10], [12], [3], [12, 10], [3, 12]]}","{'map': {'0': 48, '1': 28, '2': 50, '3': 54, '4': 56, '5': 46, '6': 20, '7': 52, '8': 22, '9': 26, '10': 16, '11': 24, '12': 58}, 'arch': {'width': 15, 'height': 5, 'alg_qubits': [16, 46, 18, 48, 20, 50, 22, 52, 24, 54, 26, 56, 28, 58], 'magic_states': [1, 3, 5, 7, 9, 11, 13, 29, 59, 73, 71, 69, 67, 65, 63, 61, 15, 45]}, 'gates': [[4], [0], [7], [7, 0], [4, 7], [0, 4], [2], [3], [0], [3, 2], [0, 3], [2, 0], [3], [2, 3], [2], [3], [0], [0, 3], [2, 0], [3, 2], [4], [0], [7], [0, 4], [7, 0], [4, 7], [0], [4, 0], [4], [0], [7], [7, 0], [4, 7], [0, 4], [5], [7], [9], [7, 5], [9, 7], [5, 9], [7], [5, 7], [5], [7], [9], [9, 7], [5, 9], [7, 5], [6], [9], [10], [9, 6], [10, 9], [6, 10], [9], [6, 9], [6], [9], [10], [10, 9], [6, 10], [9, 6], [8], [10], [12], [10, 8], [12, 10], [8, 12], [10], [8, 10], [8], [10], [12], [12, 10], [8, 12], [10, 8], [11], [12], [1], [12, 11], [1, 12]]}","{'map': {'0': 46, '1': 50, '2': 56, '3': 20, '4': 48, '5': 54, '6': 24, '7': 28, '8': 52, '9': 22, '10': 58, '11': 26, '12': 16}, 'arch': {'width': 15, 'height': 5, 'alg_qubits': [16, 46, 18, 48, 20, 50, 22, 52, 24, 54, 26, 56, 28, 58], 'magic_states': [1, 3, 5, 7, 9, 11, 13, 29, 59, 73, 71, 69, 67, 65, 63, 61, 15, 45]}, 'gates': [[0, 3], [2, 0], [3, 2], [4], [0], [5], [0, 4], [5, 0], [4, 5], [0], [4, 0], [4], [0], [5], [5, 0], [4, 5], [0, 4], [7], [5], [6], [5, 7], [6, 5], [7, 6], [5], [7, 5], [7], [5], [6], [6, 5], [7, 6], [5, 7], [8], [6], [10], [6, 8], [10, 6], [8, 10], [6], [8, 6], [8], [6], [10], [10, 6], [8, 10], [6, 8], [9], [10], [12], [10, 9], [12, 10], [9, 12], [10], [9, 10], [9], [10], [12], [12, 10], [9, 12], [10, 9], [11], [12], [1], [12, 11], [1, 12], [11, 1], [12], [11, 12], [11], [12], [1], [1, 12], [11, 1], [12, 11], [9], [10], [12], [10, 9], [12, 10], [9, 12], [10], [9, 10]]}","{'map': {'0': 46, '1': 56, '2': 24, '3': 18, '4': 48, '5': 58, '6': 50, '7': 20, '8': 16, '9': 28, '10': 52, '11': 54, '12': 22}, 'arch': {'width': 15, 'height': 5, 'alg_qubits': [16, 46, 18, 48, 20, 50, 22, 52, 24, 54, 26, 56, 28, 58], 'magic_states': [1, 3, 5, 7, 9, 11, 13, 29, 59, 73, 71, 69, 67, 65, 63, 61, 15, 45]}, 'gates': [[2, 1], [6, 2], [1, 6], [2], [1, 2], [1], [2], [6], [6, 2], [1, 6], [2, 1], [3], [6], [7], [6, 3], [7, 6], [3, 7], [6], [3, 6], [3], [6], [7], [7, 6], [3, 7], [6, 3], [4], [7], [9], [7, 4], [9, 7], [4, 9], [7], [4, 7], [4], [7], [9], [9, 7], [4, 9], [7, 4], [5], [9], [11], [9, 5], [11, 9], [5, 11], [9], [5, 9], [5], [9], [11], [11, 9], [5, 11], [9, 5], [8], [11], [12], [11, 8], [12, 11], [8, 12], [11], [8, 11], [8], [11], [12], [12, 11], [8, 12], [11, 8], [10], [12], [0], [12, 10], [0, 12], [10, 0], [12], [10, 12], [10], [12], [0], [0, 12], [10, 0], [12, 10]]}"
jku_suite_66.qasm,"{'map': {'0': 16, '1': 14, '2': 10, '3': 30, '4': 34, '5': 32, '6': 12}, 'arch': {'width': 9, 'height': 5, 'alg_qubits': [10, 28, 12, 30, 14, 32, 16, 34], 'magic_states': [1, 3, 5, 7, 17, 35, 43, 41, 39, 37, 9, 27]}, 'gates': [[6], [5], [6, 2], [5, 6], [2, 5], [6], [2, 6], [2], [6], [5], [5, 6], [2, 5], [6, 2], [0], [5], [1], [5, 0], [1, 5], [0, 1], [5], [0, 5], [0], [5], [1], [1, 5], [0, 1], [5, 0], [2], [6], [5], [6, 2], [5, 6], [2, 5], [6], [2, 6], [2], [6], [5], [5, 6], [2, 5], [6, 2], [4], [3], [6], [3, 4], [6, 3], [4, 6], [3], [4, 3], [4], [3], [6], [6, 3], [4, 6], [3, 4], [2], [6], [5], [6, 2], [5, 6], [2, 5], [6], [2, 6], [2], [6], [5], [5, 6], [2, 5], [6, 2], [4], [1], [0], [1, 4], [0, 1], [4, 0], [1], [4, 1], [4], [1], [0], [0, 1]]}","{'map': {'0': 32, '1': 34, '2': 10, '3': 16, '4': 12, '5': 30, '6': 28, '7': 14}, 'arch': {'width': 9, 'height': 5, 'alg_qubits': [10, 28, 12, 30, 14, 32, 16, 34], 'magic_states': [1, 3, 5, 7, 17, 35, 43, 41, 39, 37, 9, 27]}, 'gates': [[6, 2], [4], [3], [6], [3, 4], [6, 3], [4, 6], [3], [4, 3], [4], [3], [6], [6, 3], [4, 6], [3, 4], [2], [6], [5], [6, 2], [5, 6], [2, 5], [6], [2, 6], [2], [6], [5], [5, 6], [2, 5], [6, 2], [4], [1], [0], [1, 4], [0, 1], [4, 0], [1], [4, 1], [4], [1], [0], [0, 1], [4, 0], [1, 4], [5], [2], [1], [2, 5], [1, 2], [5, 1], [2], [5, 2], [5], [2], [1], [1, 2], [5, 1], [2, 5], [7], [6], [2], [6, 7], [2, 6], [7, 2], [6], [7, 6], [7], [6], [2], [2, 6], [7, 2], [6, 7], [5], [2], [1], [2, 5], [1, 2], [5, 1], [2], [5, 2], [5], [2]]}","{'map': {'0': 28, '1': 14, '2': 12, '3': 10, '4': 32, '5': 34, '6': 30}, 'arch': {'width': 9, 'height': 5, 'alg_qubits': [10, 28, 12, 30, 14, 32, 16, 34], 'magic_states': [1, 3, 5, 7, 17, 35, 43, 41, 39, 37, 9, 27]}, 'gates': [[1], [0, 1], [0], [1], [6], [6, 1], [0, 6], [1, 0], [2], [1], [0], [1, 2], [0, 1], [2, 0], [1], [2, 1], [2], [1], [0], [0, 1], [2, 0], [1, 2], [3], [6], [1], [6, 3], [1, 6], [3, 1], [6], [3, 6], [3], [6], [1], [1, 6], [3, 1], [6, 3], [5], [4], [6], [4, 5], [6, 4], [5, 6], [4], [5, 4], [5], [4], [6], [6, 4], [5, 6], [4, 5], [3], [6], [1], [6, 3], [1, 6], [3, 1], [6], [3, 6], [3], [6], [1], [1, 6], [3, 1], [6, 3], [2], [1], [0], [1, 2], [0, 1], [2, 0], [1], [2, 1], [2], [1], [0], [0, 1], [2, 0], [1, 2], [3], [6], [1]]}","{'map': {'0': 28, '1': 12, '2': 32, '3': 14, '4': 30, '5': 34, '6': 16, '7': 10}, 'arch': {'width': 9, 'height': 5, 'alg_qubits': [10, 28, 12, 30, 14, 32, 16, 34], 'magic_states': [1, 3, 5, 7, 17, 35, 43, 41, 39, 37, 9, 27]}, 'gates': [[3], [6], [6, 3], [4, 6], [3, 4], [2], [6], [5], [6, 2], [5, 6], [2, 5], [6], [2, 6], [2], [6], [5], [5, 6], [2, 5], [6, 2], [4], [1], [0], [1, 4], [0, 1], [4, 0], [1], [4, 1], [4], [1], [0], [0, 1], [4, 0], [1, 4], [5], [2], [1], [2, 5], [1, 2], [5, 1], [2], [5, 2], [5], [2], [1], [1, 2], [5, 1], [2, 5], [7], [6], [2], [6, 7], [2, 6], [7, 2], [6], [7, 6], [7], [6], [2], [2, 6], [7, 2], [6, 7], [5], [2], [1], [2, 5], [1, 2], [5, 1], [2], [5, 2], [5], [2], [1], [1, 2], [5, 1], [2, 5], [4], [1], [0], [1, 4], [0, 1], [4, 0]]}","{'map': {'0': 28, '1': 30, '2': 32, '3': 34, '4': 14, '5': 12, '6': 16}, 'arch': {'width': 9, 'height': 5, 'alg_qubits': [10, 28, 12, 30, 14, 32, 16, 34], 'magic_states': [1, 3, 5, 7, 17, 35, 43, 41, 39, 37, 9, 27]}, 'gates': [[1], [2], [0], [2, 1], [0, 2], [1, 0], [2], [1, 2], [1], [2], [0], [0, 2], [1, 0], [2, 1], [0], [2], [6], [2, 0], [6, 2], [0, 6], [2], [0, 2], [0], [2], [6], [6, 2], [0, 6], [2, 0], [5], [1], [2], [1, 5], [2, 1], [5, 2], [1], [5, 1], [5], [1], [2], [2, 1], [5, 2], [1, 5], [3], [4], [1], [4, 3], [1, 4], [3, 1], [4], [3, 4], [3], [4], [1], [1, 4], [3, 1], [4, 3], [5], [1], [2], [1, 5], [2, 1], [5, 2], [1], [5, 1], [5], [1], [2], [2, 1], [5, 2], [1, 5], [0], [2], [6], [2, 0], [6, 2], [0, 6], [2], [0, 2], [0], [2], [6]]}"
autobraid_26.qasm,"{'map': {'0': 40, '1': 34, '2': 36, '3': 18, '4': 20, '5': 12, '6': 16, '7': 42, '8': 38, '9': 14}, 'arch': {'width': 11, 'height': 5, 'alg_qubits': [12, 34, 14, 36, 16, 38, 18, 40, 20, 42], 'magic_states': [1, 3, 5, 7, 9, 21, 43, 53, 51, 49, 47, 45, 11, 33]}, 'gates': [[6, 7], [5], [8], [2], [8, 5], [2, 8], [5, 2], [8], [5, 8], [5], [8], [2], [2, 8], [5, 2], [8, 5], [4], [2], [1], [2, 4], [1, 2], [4, 1], [2], [4, 2], [4], [2], [1], [1, 2], [4, 1], [2, 4], [0], [3], [9], [3, 0], [9, 3], [0, 9], [3], [0, 3], [0], [3], [9], [9, 3], [0, 9], [3, 0], [2], [1], [3], [1, 2], [3, 1], [2, 3], [1], [2, 1], [2], [1], [3], [3, 1], [2, 3], [1, 2], [0], [3], [9], [3, 0], [9, 3], [0, 9], [3], [0, 3], [0], [3], [9], [9, 3], [0, 9], [3, 0], [2], [1], [3], [1, 2], [3, 1], [2, 3], [1], [2, 1], [2], [1]]}","{'map': {'0': 42, '1': 14, '2': 34, '3': 16, '4': 12, '5': 40, '6': 38, '7': 18, '8': 36, '9': 20}, 'arch': {'width': 11, 'height': 5, 'alg_qubits': [12, 34, 14, 36, 16, 38, 18, 40, 20, 42], 'magic_states': [1, 3, 5, 7, 9, 21, 43, 53, 51, 49, 47, 45, 11, 33]}, 'gates': [[6, 7], [5], [8], [2], [8, 5], [2, 8], [5, 2], [8], [5, 8], [5], [8], [2], [2, 8], [5, 2], [8, 5], [4], [2], [1], [2, 4], [1, 2], [4, 1], [2], [4, 2], [4], [2], [1], [1, 2], [4, 1], [2, 4], [0], [3], [9], [3, 0], [9, 3], [0, 9], [3], [0, 3], [0], [3], [9], [9, 3], [0, 9], [3, 0], [2], [1], [3], [1, 2], [3, 1], [2, 3], [1], [2, 1], [2], [1], [3], [3, 1], [2, 3], [1, 2], [0], [3], [9], [3, 0], [9, 3], [0, 9], [3], [0, 3], [0], [3], [9], [9, 3], [0, 9], [3, 0], [2], [1], [3], [1, 2], [3, 1], [2, 3], [1], [2, 1], [2], [1]]}","{'map': {'0': 42, '1': 14, '2': 34, '3': 16, '4': 12, '5': 40, '6': 38, '7': 18, '8': 36, '9': 20}, 'arch': {'width': 11, 'height': 5, 'alg_qubits': [12, 34, 14, 36, 16, 38, 18, 40, 20, 42], 'magic_states': [1, 3, 5, 7, 9, 21, 43, 53, 51, 49, 47, 45, 11, 33]}, 'gates': [[6, 7], [5], [8], [2], [8, 5], [2, 8], [5, 2], [8], [5, 8], [5], [8], [2], [2, 8], [5, 2], [8, 5], [4], [2], [1], [2, 4], [1, 2], [4, 1], [2], [4, 2], [4], [2], [1], [1, 2], [4, 1], [2, 4], [0], [3], [9], [3, 0], [9, 3], [0, 9], [3], [0, 3], [0], [3], [9], [9, 3], [0, 9], [3, 0], [2], [1], [3], [1, 2], [3, 1], [2, 3], [1], [2, 1], [2], [1], [3], [3, 1], [2, 3], [1, 2], [0], [3], [9], [3, 0], [9, 3], [0, 9], [3], [0, 3], [0], [3], [9], [9, 3], [0, 9], [3, 0], [2], [1], [3], [1, 2], [3, 1], [2, 3], [1], [2, 1], [2], [1]]}","{'map': {'0': 42, '1': 40, '2': 16, '3': 20, '4': 18, '5': 36, '6': 12, '7': 34, '8': 38, '9': 14}, 'arch': {'width': 11, 'height': 5, 'alg_qubits': [12, 34, 14, 36, 16, 38, 18, 40, 20, 42], 'magic_states': [1, 3, 5, 7, 9, 21, 43, 53, 51, 49, 47, 45, 11, 33]}, 'gates': [[9], [8, 9], [8], [9], [0], [0, 9], [8, 0], [9, 8], [7], [6], [9], [6, 7], [9, 6], [7, 9], [6], [7, 6], [7], [6], [9], [9, 6], [7, 9], [6, 7], [5], [4], [6], [4, 5], [6, 4], [5, 6], [4], [5, 4], [5], [4], [6], [6, 4], [5, 6], [4, 5], [2], [3], [4], [3, 2], [4, 3], [2, 4], [3], [2, 3], [2], [3], [4], [4, 3], [2, 4], [3, 2], [5], [4], [6], [4, 5], [6, 4], [5, 6], [4], [5, 4], [5], [4], [6], [6, 4], [5, 6], [4, 5], [7], [6], [9], [6, 7], [9, 6], [7, 9], [6], [7, 6], [7], [6], [9], [9, 6], [7, 9], [6, 7], [8], [9], [1]]}","{'map': {'0': 20, '1': 40, '2': 14, '3': 18, '4': 36, '5': 34, '6': 12, '7': 16, '8': 38, '9': 42}, 'arch': {'width': 11, 'height': 5, 'alg_qubits': [12, 34, 14, 36, 16, 38, 18, 40, 20, 42], 'magic_states': [1, 3, 5, 7, 9, 21, 43, 53, 51, 49, 47, 45, 11, 33]}, 'gates': [[8], [6, 7], [8, 6], [7, 8], [6], [7, 6], [7], [6], [8], [8, 6], [7, 8], [6, 7], [5], [8], [2], [8, 5], [2, 8], [5, 2], [8], [5, 8], [5], [8], [2], [2, 8], [5, 2], [8, 5], [4], [2], [1], [2, 4], [1, 2], [4, 1], [2], [4, 2], [4], [2], [1], [1, 2], [4, 1], [2, 4], [0], [3], [9], [3, 0], [9, 3], [0, 9], [3], [0, 3], [0], [3], [9], [9, 3], [0, 9], [3, 0], [2], [1], [3], [1, 2], [3, 1], [2, 3], [1], [2, 1], [2], [1], [3], [3, 1], [2, 3], [1, 2], [0], [3], [9], [3, 0], [9, 3], [0, 9], [3], [0, 3], [0], [3], [9], [9, 3], [0, 9]]}"
jku_suite_13.qasm,"{'map': {'0': 42, '1': 14, '2': 34, '3': 16, '4': 12, '5': 40, '6': 38, '7': 18, '8': 36, '9': 20}, 'arch': {'width': 11, 'height': 5, 'alg_qubits': [12, 34, 14, 36, 16, 38, 18, 40, 20, 42], 'magic_states': [1, 3, 5, 7, 9, 21, 43, 53, 51, 49, 47, 45, 11, 33]}, 'gates': [[6, 7], [5], [8], [2], [8, 5], [2, 8], [5, 2], [8], [5, 8], [5], [8], [2], [2, 8], [5, 2], [8, 5], [4], [2], [1], [2, 4], [1, 2], [4, 1], [2], [4, 2], [4], [2], [1], [1, 2], [4, 1], [2, 4], [0], [3], [9], [3, 0], [9, 3], [0, 9], [3], [0, 3], [0], [3], [9], [9, 3], [0, 9], [3, 0], [2], [1], [3], [1, 2], [3, 1], [2, 3], [1], [2, 1], [2], [1], [3], [3, 1], [2, 3], [1, 2], [0], [3], [9], [3, 0], [9, 3], [0, 9], [3], [0, 3], [0], [3], [9], [9, 3], [0, 9], [3, 0], [2], [1], [3], [1, 2], [3, 1], [2, 3], [1], [2, 1], [2], [1]]}","{'map': {'0': 40, '1': 34, '2': 36, '3': 18, '4': 20, '5': 12, '6': 16, '7': 42, '8': 38, '9': 14}, 'arch': {'width': 11, 'height': 5, 'alg_qubits': [12, 34, 14, 36, 16, 38, 18, 40, 20, 42], 'magic_states': [1, 3, 5, 7, 9, 21, 43, 53, 51, 49, 47, 45, 11, 33]}, 'gates': [[6, 7], [5], [8], [2], [8, 5], [2, 8], [5, 2], [8], [5, 8], [5], [8], [2], [2, 8], [5, 2], [8, 5], [4], [2], [1], [2, 4], [1, 2], [4, 1], [2], [4, 2], [4], [2], [1], [1, 2], [4, 1], [2, 4], [0], [3], [9], [3, 0], [9, 3], [0, 9], [3], [0, 3], [0], [3], [9], [9, 3], [0, 9], [3, 0], [2], [1], [3], [1, 2], [3, 1], [2, 3], [1], [2, 1], [2], [1], [3], [3, 1], [2, 3], [1, 2], [0], [3], [9], [3, 0], [9, 3], [0, 9], [3], [0, 3], [0], [3], [9], [9, 3], [0, 9], [3, 0], [2], [1], [3], [1, 2], [3, 1], [2, 3], [1], [2, 1], [2], [1]]}","{'map': {'0': 42, '1': 14, '2': 34, '3': 16, '4': 12, '5': 40, '6': 38, '7': 18, '8': 36, '9': 20}, 'arch': {'width': 11, 'height': 5, 'alg_qubits': [12, 34, 14, 36, 16, 38, 18, 40, 20, 42], 'magic_states': [1, 3, 5, 7, 9, 21, 43, 53, 51, 49, 47, 45, 11, 33]}, 'gates': [[6, 7], [5], [8], [2], [8, 5], [2, 8], [5, 2], [8], [5, 8], [5], [8], [2], [2, 8], [5, 2], [8, 5], [4], [2], [1], [2, 4], [1, 2], [4, 1], [2], [4, 2], [4], [2], [1], [1, 2], [4, 1], [2, 4], [0], [3], [9], [3, 0], [9, 3], [0, 9], [3], [0, 3], [0], [3], [9], [9, 3], [0, 9], [3, 0], [2], [1], [3], [1, 2], [3, 1], [2, 3], [1], [2, 1], [2], [1], [3], [3, 1], [2, 3], [1, 2], [0], [3], [9], [3, 0], [9, 3], [0, 9], [3], [0, 3], [0], [3], [9], [9, 3], [0, 9], [3, 0], [2], [1], [3], [1, 2], [3, 1], [2, 3], [1], [2, 1], [2], [1]]}","{'map': {'0': 16, '1': 40, '2': 14, '3': 20, '4': 36, '5': 18, '6': 38, '7': 12, '8': 42, '9': 34}, 'arch': {'width': 11, 'height': 5, 'alg_qubits': [12, 34, 14, 36, 16, 38, 18, 40, 20, 42], 'magic_states': [1, 3, 5, 7, 9, 21, 43, 53, 51, 49, 47, 45, 11, 33]}, 'gates': [[2], [4], [3], [3, 4], [2, 3], [4, 2], [6], [3], [5], [3, 6], [5, 3], [6, 5], [3], [6, 3], [6], [3], [5], [5, 3], [6, 5], [3, 6], [7], [5], [9], [5, 7], [9, 5], [7, 9], [5], [7, 5], [7], [5], [9], [9, 5], [7, 9], [5, 7], [8], [9], [1], [9, 8], [1, 9], [8, 1], [9], [8, 9], [8], [9], [1], [1, 9], [8, 1], [9, 8], [7], [4], [9], [4, 7], [9, 4], [7, 9], [4], [7, 4], [7], [4], [9], [9, 4], [7, 9], [4, 7], [6], [3], [4], [3, 6], [4, 3], [6, 4], [3], [6, 3], [6], [3], [4], [4, 3], [6, 4], [3, 6], [0], [5], [3], [5, 0], [3, 5]]}","{'map': {'0': 16, '1': 18, '2': 12, '3': 34, '4': 40, '5': 14, '6': 42, '7': 36, '8': 20}, 'arch': {'width': 11, 'height': 5, 'alg_qubits': [12, 34, 14, 36, 16, 38, 18, 40, 20, 42], 'magic_states': [1, 3, 5, 7, 9, 21, 43, 53, 51, 49, 47, 45, 11, 33]}, 'gates': [[2], [4], [2, 3], [4, 2], [3, 4], [2], [3, 2], [3], [2], [4], [4, 2], [3, 4], [2, 3], [4], [0], [1], [0, 4], [1, 0], [4, 1], [0], [4, 0], [4], [0], [1], [1, 0], [4, 1], [0, 4], [5], [2], [0], [2, 5], [0, 2], [5, 0], [2], [5, 2], [5], [2], [0], [0, 2], [5, 0], [2, 5], [6], [3], [2], [3, 6], [2, 3], [6, 2], [3], [6, 3], [6], [3], [2], [2, 3], [6, 2], [3, 6], [8], [7], [3], [7, 8], [3, 7], [8, 3], [7], [8, 7], [8], [7], [3], [3, 7], [8, 3], [7, 8], [6], [3], [2], [3, 6], [2, 3], [6, 2], [3], [6, 3], [6], [3], [2], [2, 3]]}"
quarl_suite_24.qasm,"{'map': {'0': 28, '1': 14, '2': 16, '3': 32, '4': 34, '5': 30, '6': 12, '7': 10}, 'arch': {'width': 9, 'height': 5, 'alg_qubits': [10, 28, 12, 30, 14, 32, 16, 34], 'magic_states': [1, 3, 5, 7, 17, 35, 43, 41, 39, 37, 9, 27]}, 'gates': [[3, 5], [6], [7], [4], [7, 6], [4, 7], [6, 4], [7], [6, 7], [6], [7], [4], [4, 7], [6, 4], [7, 6], [5], [3], [7], [3, 5], [7, 3], [5, 7], [3], [5, 3], [5], [3], [7], [7, 3], [5, 7], [3, 5], [0], [1], [3], [1, 0], [3, 1], [0, 3], [1], [0, 1], [0], [1], [3], [3, 1], [0, 3], [1, 0], [5], [3], [7], [3, 5], [7, 3], [5, 7], [3], [5, 3], [5], [3], [7], [7, 3], [5, 7], [3, 5], [6], [7], [2], [7, 6], [2, 7], [6, 2], [7], [6, 7], [6], [7], [2], [2, 7], [6, 2], [7, 6], [3], [5], [7], [5, 3], [7, 5], [3, 7], [5], [3, 5], [3], [5]]}","{'map': {'0': 14, '1': 32, '2': 12, '3': 16, '4': 30, '5': 28, '6': 10, '7': 34}, 'arch': {'width': 9, 'height': 5, 'alg_qubits': [10, 28, 12, 30, 14, 32, 16, 34], 'magic_states': [1, 3, 5, 7, 17, 35, 43, 41, 39, 37, 9, 27]}, 'gates': [[3, 6], [1], [7], [0], [7, 1], [0, 7], [1, 0], [7], [1, 7], [1], [7], [0], [0, 7], [1, 0], [7, 1], [6], [3], [7], [3, 6], [7, 3], [6, 7], [3], [6, 3], [6], [3], [7], [7, 3], [6, 7], [3, 6], [4], [5], [3], [5, 4], [3, 5], [4, 3], [5], [4, 5], [4], [5], [3], [3, 5], [4, 3], [5, 4], [6], [3], [7], [3, 6], [7, 3], [6, 7], [3], [6, 3], [6], [3], [7], [7, 3], [6, 7], [3, 6], [2], [3], [1], [3, 2], [1, 3], [2, 1], [3], [2, 3], [2], [3], [1], [1, 3], [2, 1], [3, 2], [1], [7], [0], [7, 1], [0, 7], [1, 0], [7], [1, 7], [1], [7]]}","{'map': {'0': 14, '1': 30, '2': 34, '3': 16, '4': 10, '5': 28, '6': 12, '7': 32}, 'arch': {'width': 9, 'height': 5, 'alg_qubits': [10, 28, 12, 30, 14, 32, 16, 34], 'magic_states': [1, 3, 5, 7, 17, 35, 43, 41, 39, 37, 9, 27]}, 'gates': [[0, 2], [1, 5], [0, 2], [1, 5], [2, 3], [0, 6], [1, 7], [4, 5], [2, 3], [0, 6], [1, 7], [4, 5], [3, 7], [4, 6], [1, 5], [0, 2], [3, 7], [4, 6], [1, 5], [0, 2], [4, 5], [2, 3], [0, 6], [1, 7], [4, 5], [2, 3], [0, 6], [1, 7], [4, 6], [3, 7], [4, 6], [3, 7]]}","{'map': {'0': 12, '1': 30, '2': 14, '3': 34, '4': 10, '5': 32, '6': 16, '7': 5}, 'arch': {'width': 9, 'height': 5, 'alg_qubits': [10, 28, 12, 30, 14, 32, 16, 34], 'magic_states': [1, 3, 5, 7, 17, 35, 43, 41, 39, 37, 9, 27]}, 'gates': [[2, 7], [6, 2], [7, 6], [5], [3], [7], [3, 5], [7, 3], [5, 7], [3], [5, 3], [5], [3], [7], [7, 3], [5, 7], [3, 5], [1], [4], [3], [4, 1], [3, 4], [1, 3], [4], [1, 4], [1], [4], [3], [3, 4], [1, 3], [4, 1], [5], [3], [7], [3, 5], [7, 3], [5, 7], [3], [5, 3], [5], [3], [7], [7, 3], [5, 7], [3, 5], [6], [7], [2], [7, 6], [2, 7], [6, 2], [7], [6, 7], [6], [7], [2], [2, 7], [6, 2], [7, 6], [5], [3], [7], [3, 5], [7, 3], [5, 7], [3], [5, 3], [5], [3], [7], [7, 3], [5, 7], [3, 5], [1], [4], [3], [4, 1], [3, 4], [1, 3], [4], [1, 4]]}","{'map': {'0': 10, '1': 34, '2': 16, '3': 30, '4': 12, '5': 28, '6': 14, '7': 32}, 'arch': {'width': 9, 'height': 5, 'alg_qubits': [10, 28, 12, 30, 14, 32, 16, 34], 'magic_states': [1, 3, 5, 7, 17, 35, 43, 41, 39, 37, 9, 27]}, 'gates': [[5, 2], [3, 5], [7], [6], [3], [6, 7], [3, 6], [7, 3], [6], [7, 6], [7], [6], [3], [3, 6], [7, 3], [6, 7], [5], [3], [2], [3, 5], [2, 3], [5, 2], [3], [5, 3], [5], [3], [2], [2, 3], [5, 2], [3, 5], [1], [4], [2], [4, 1], [2, 4], [1, 2], [4], [1, 4], [1], [4], [2], [2, 4], [1, 2], [4, 1], [1], [4], [3], [4, 1], [3, 4], [1, 3], [4], [1, 4], [1], [4], [3], [3, 4], [1, 3], [4, 1], [7], [6], [5], [6, 7], [5, 6], [7, 5], [6], [7, 6], [7], [6], [5], [5, 6], [7, 5], [6, 7], [2], [1], [0], [1, 2], [0, 1], [2, 0], [1], [2, 1], [2]]}"
autobraid_5.qasm,"{'map': {'0': 14, '1': 30, '2': 34, '3': 16, '4': 10, '5': 28, '6': 12, '7': 32}, 'arch': {'width': 9, 'height': 5, 'alg_qubits': [10, 28, 12, 30, 14, 32, 16, 34], 'magic_states': [1, 3, 5, 7, 17, 35, 43, 41, 39, 37, 9, 27]}, 'gates': [[0, 2], [1, 5], [0, 2], [1, 5], [2, 3], [0, 6], [1, 7], [4, 5], [2, 3], [0, 6], [1, 7], [4, 5], [3, 7], [4, 6], [1, 5], [0, 2], [3, 7], [4, 6], [1, 5], [0, 2], [4, 5], [2, 3], [0, 6], [1, 7], [4, 5], [2, 3], [0, 6], [1, 7], [4, 6], [3, 7], [4, 6], [3, 7]]}","{'map': {'0': 32, '1': 10, '2': 16, '3': 30, '4': 34, '5': 14, '6': 28, '7': 12}, 'arch': {'width': 9, 'height': 5, 'alg_qubits': [10, 28, 12, 30, 14, 32, 16, 34], 'magic_states': [1, 3, 5, 7, 17, 35, 43, 41, 39, 37, 9, 27]}, 'gates': [[1], [4], [3], [3, 4], [1, 3], [4, 1], [5], [3], [7], [3, 5], [7, 3], [5, 7], [3], [5, 3], [5], [3], [7], [7, 3], [5, 7], [3, 5], [6], [7], [3], [7, 6], [3, 7], [6, 3], [7], [6, 7], [6], [7], [3], [3, 7], [6, 3], [7, 6], [1], [4], [7], [4, 1], [7, 4], [1, 7], [4], [1, 4], [1], [4], [7], [7, 4], [1, 7], [4, 1], [6], [7], [3], [7, 6], [3, 7], [6, 3], [7], [6, 7], [6], [7], [3], [3, 7], [6, 3], [7, 6], [1], [4], [7], [4, 1], [7, 4], [1, 7], [4], [1, 4], [1], [4], [7], [7, 4], [1, 7], [4, 1], [0], [1], [2], [1, 0], [2, 1]]}","{'map': {'0': 30, '1': 34, '2': 14, '3': 32, '4': 16, '5': 10, '6': 28, '7': 12}, 'arch': {'width': 9, 'height': 5, 'alg_qubits': [10, 28, 12, 30, 14, 32, 16, 34], 'magic_states': [1, 3, 5, 7, 17, 35, 43, 41, 39, 37, 9, 27]}, 'gates': [[5, 6], [4], [2], [1], [2, 4], [1, 2], [4, 1], [2], [4, 2], [4], [2], [1], [1, 2], [4, 1], [2, 4], [0], [3], [7], [3, 0], [7, 3], [0, 7], [3], [0, 3], [0], [3], [7], [7, 3], [0, 7], [3, 0], [2], [1], [3], [1, 2], [3, 1], [2, 3], [1], [2, 1], [2], [1], [3], [3, 1], [2, 3], [1, 2], [0], [3], [7], [3, 0], [7, 3], [0, 7], [3], [0, 3], [0], [3], [7], [7, 3], [0, 7], [3, 0], [2], [1], [3], [1, 2], [3, 1], [2, 3], [1], [2, 1], [2], [1], [3], [3, 1], [2, 3], [1, 2], [1], [5], [4], [5, 1], [4, 5], [1, 4], [5], [1, 5], [1], [5]]}","{'map': {'0': 16, '1': 10, '2': 14, '3': 34, '4': 12, '5': 30, '6': 28, '7': 32}, 'arch': {'width': 9, 'height': 5, 'alg_qubits': [10, 28, 12, 30, 14, 32, 16, 34], 'magic_states': [1, 3, 5, 7, 17, 35, 43, 41, 39, 37, 9, 27]}, 'gates': [[6], [5], [2], [2, 5], [6, 2], [5, 6], [4], [2], [1], [2, 4], [1, 2], [4, 1], [2], [4, 2], [4], [2], [1], [1, 2], [4, 1], [2, 4], [0], [3], [7], [3, 0], [7, 3], [0, 7], [3], [0, 3], [0], [3], [7], [7, 3], [0, 7], [3, 0], [2], [1], [3], [1, 2], [3, 1], [2, 3], [1], [2, 1], [2], [1], [3], [3, 1], [2, 3], [1, 2], [0], [3], [7], [3, 0], [7, 3], [0, 7], [3], [0, 3], [0], [3], [7], [7, 3], [0, 7], [3, 0], [2], [1], [3], [1, 2], [3, 1], [2, 3], [1], [2, 1], [2], [1], [3], [3, 1], [2, 3], [1, 2], [1], [5], [4], [5, 1], [4, 5]]}","{'map': {'0': 14, '1': 30, '2': 32, '3': 16, '4': 12, '5': 28, '6': 34, '7': 10}, 'arch': {'width': 9, 'height': 5, 'alg_qubits': [10, 28, 12, 30, 14, 32, 16, 34], 'magic_states': [1, 3, 5, 7, 17, 35, 43, 41, 39, 37, 9, 27]}, 'gates': [[2, 3], [2], [3], [1], [1, 3], [2, 1], [3, 2], [5], [1], [7], [1, 5], [7, 1], [5, 7], [1], [5, 1], [5], [1], [7], [7, 1], [5, 7], [1, 5], [0], [2], [1], [2, 0], [1, 2], [0, 1], [2], [0, 2], [0], [2], [1], [1, 2], [0, 1], [2, 0], [1], [7], [5], [7, 1], [5, 7], [1, 5], [7], [1, 7], [1], [7], [5], [5, 7], [1, 5], [7, 1], [6], [2], [7], [2, 6], [7, 2], [6, 7], [2], [6, 2], [6], [2], [7], [7, 2], [6, 7], [2, 6], [3], [4], [2], [4, 3], [2, 4], [3, 2], [4], [3, 4], [3], [4], [2], [2, 4], [3, 2], [4, 3], [6], [2], [7], [2, 6]]}"
quest_suite_17.qasm,"{'map': {'0': 18, '1': 16, '2': 8, '3': 6}, 'arch': {'width': 5, 'height': 5, 'alg_qubits': [6, 16, 8, 18], 'magic_states': [1, 3, 9, 19, 23, 21, 5, 15]}, 'gates': [[0, 1], [0, 1], [0, 3], [0, 3], [0, 2], [0, 2], [1, 2], [1, 2], [1, 3], [1, 3], [0, 1], [0, 1], [2, 3], [2, 3], [0, 3], [0, 3], [0, 2], [0, 2], [1, 2], [1, 2], [1, 3], [1, 3], [0, 1], [0, 1], [2, 3], [2, 3], [0, 3], [0, 3], [0, 2], [0, 2], [1, 2], [1, 2], [1, 3], [1, 3], [0, 1], [0, 1], [2, 3], [2, 3], [0, 3], [0, 3], [0, 2], [0, 2], [1, 2], [1, 2], [1, 3], [1, 3], [2, 3], [2, 3]]}","{'map': {'0': 18, '1': 8, '2': 16, '3': 6}, 'arch': {'width': 5, 'height': 5, 'alg_qubits': [6, 16, 8, 18], 'magic_states': [1, 3, 9, 19, 23, 21, 5, 15]}, 'gates': [[0, 1], [0, 1], [1, 2], [2, 3], [2, 3], [1, 2], [0, 1], [0, 1], [1, 2], [2, 3], [2, 3], [1, 2], [0, 1], [1, 2], [2, 3], [2, 3], [1, 2], [0, 1], [0, 1], [1, 2], [2, 3], [2, 3], [1, 2], [0, 1], [1, 2], [2, 3], [2, 3], [1, 2], [0, 1], [0, 1], [1, 2], [2, 3], [2, 3], [1, 2], [0, 1], [1, 2], [2, 3], [2, 3], [1, 2], [0, 1], [0, 1], [1, 2], [2, 3], [2, 3], [1, 2], [0, 1], [2, 3], [2, 3], [1, 2], [2, 3], [2, 3], [1, 2], [2, 3], [2, 3], [1, 2], [1, 2], [0, 1], [1, 2], [2, 3], [2, 3], [1, 2], [0, 1], [1, 2], [2, 3], [2, 3], [1, 2], [0, 1], [1, 2], [1, 2], [0, 1], [1, 2], [1, 2], [0, 1], [0, 1]]}","{'map': {'0': 16, '1': 18, '2': 8}, 'arch': {'width': 5, 'height': 5, 'alg_qubits': [6, 16, 8, 18], 'magic_states': [1, 3, 9, 19, 23, 21, 5, 15]}, 'gates': [[1], [1], [1], [1], [1], [1], [1], [1], [1], [1], [1], [1], [1], [1], [1], [1], [1], [1], [1], [1], [1], [1], [1], [0, 1], [1, 2], [2], [2], [2], [2], [2], [2], [2], [2], [2], [2], [2], [2], [2], [2], [2], [2], [2], [2], [2], [2], [2], [2], [2], [2], [2], [2], [2], [2], [2], [2], [2], [2], [2], [2], [2], [2], [2], [2], [2], [2], [2], [2], [2], [2], [2], [2], [2], [2], [2], [2], [2], [2], [2], [2], [2], [2]]}","{'map': {'0': 16, '1': 10, '2': 14, '3': 32, '4': 30, '5': 34, '6': 12}, 'arch': {'width': 9, 'height': 5, 'alg_qubits': [10, 28, 12, 30, 14, 32, 16, 34], 'magic_states': [1, 3, 5, 7, 17, 35, 43, 41, 39, 37, 9, 27]}, 'gates': [[0], [5], [3], [3, 5], [0, 3], [5, 0], [3], [5], [0], [5, 3], [0, 5], [3, 0], [5], [3, 5], [3], [5], [0], [0, 5], [3, 0], [5, 3], [0], [6], [4], [6, 0], [4, 6], [0, 4], [6], [0, 6], [0], [6], [4], [4, 6], [0, 4], [6, 0], [0], [6], [3], [6, 0], [3, 6], [0, 3], [6], [0, 6], [0], [6], [3], [3, 6], [0, 3], [6, 0], [0], [6], [2], [6, 0], [2, 6], [0, 2], [6], [0, 6], [0], [6], [2], [2, 6], [0, 2], [6, 0], [0], [6], [1], [6, 0], [1, 6], [0, 1], [6], [0, 6], [0], [6], [1], [1, 6], [0, 1], [6, 0], [1], [2], [6], [2, 1], [6, 2]]}","{'map': {'0': 14, '1': 32, '2': 30, '3': 34, '4': 12, '5': 16, '6': 28}, 'arch': {'width': 9, 'height': 5, 'alg_qubits': [10, 28, 12, 30, 14, 32, 16, 34], 'magic_states': [1, 3, 5, 7, 17, 35, 43, 41, 39, 37, 9, 27]}, 'gates': [[5, 0], [1, 5], [0, 1], [5], [0, 5], [0], [5], [1], [1, 5], [0, 1], [5, 0], [2], [6], [5], [6, 2], [5, 6], [2, 5], [6], [2, 6], [2], [6], [5], [5, 6], [2, 5], [6, 2], [4], [3], [6], [3, 4], [6, 3], [4, 6], [3], [4, 3], [4], [3], [6], [6, 3], [4, 6], [3, 4], [2], [6], [5], [6, 2], [5, 6], [2, 5], [6], [2, 6], [2], [6], [5], [5, 6], [2, 5], [6, 2], [5], [1], [0], [1, 5], [0, 1], [5, 0], [1], [5, 1], [5], [1], [0], [0, 1], [5, 0], [1, 5], [6], [2], [1], [2, 6], [1, 2], [6, 1], [2], [6, 2], [6], [2], [1], [1, 2], [6, 1], [2, 6]]}"
quest_suite_7.qasm,"{'map': {'0': 14, '1': 30, '2': 34, '3': 16, '4': 10, '5': 28, '6': 12, '7': 32}, 'arch': {'width': 9, 'height': 5, 'alg_qubits': [10, 28, 12, 30, 14, 32, 16, 34], 'magic_states': [1, 3, 5, 7, 17, 35, 43, 41, 39, 37, 9, 27]}, 'gates': [[0, 2], [1, 5], [0, 2], [1, 5], [2, 3], [0, 6], [1, 7], [4, 5], [2, 3], [0, 6], [1, 7], [4, 5], [3, 7], [4, 6], [1, 5], [0, 2], [3, 7], [4, 6], [1, 5], [0, 2], [4, 5], [2, 3], [0, 6], [1, 7], [4, 5], [2, 3], [0, 6], [1, 7], [4, 6], [3, 7], [4, 6], [3, 7]]}","{'map': {'0': 10, '1': 32, '2': 34, '3': 12, '4': 30, '5': 16, '6': 28}, 'arch': {'width': 9, 'height': 5, 'alg_qubits': [10, 28, 12, 30, 14, 32, 16, 34], 'magic_states': [1, 3, 5, 7, 17, 35, 43, 41, 39, 37, 9, 27]}, 'gates': [[3], [1], [6], [6, 1], [3, 6], [1, 3], [5], [0], [1], [0, 5], [1, 0], [5, 1], [0], [5, 0], [5], [0], [1], [1, 0], [5, 1], [0, 5], [2], [4], [0], [4, 2], [0, 4], [2, 0], [4], [2, 4], [2], [4], [0], [0, 4], [2, 0], [4, 2], [5], [0], [1], [0, 5], [1, 0], [5, 1], [0], [5, 0], [5], [0], [1], [1, 0], [5, 1], [0, 5], [5], [3], [6], [3, 5], [6, 3], [5, 6], [3], [5, 3], [5], [3], [6], [6, 3], [5, 6], [3, 5], [4], [0], [3], [0, 4], [3, 0], [4, 3], [0], [4, 0], [4], [0], [3], [3, 0], [4, 3], [0, 4], [1], [2], [0], [2, 1], [0, 2]]}","{'map': {'0': 10, '1': 16, '2': 14, '3': 34, '4': 12, '5': 28, '6': 30, '7': 32}, 'arch': {'width': 9, 'height': 5, 'alg_qubits': [10, 28, 12, 30, 14, 32, 16, 34], 'magic_states': [1, 3, 5, 7, 17, 35, 43, 41, 39, 37, 9, 27]}, 'gates': [[6], [5], [7], [5, 6], [7, 5], [6, 7], [5], [6, 5], [6], [5], [7], [7, 5], [6, 7], [5, 6], [2], [4], [6], [4, 2], [6, 4], [2, 6], [4], [2, 4], [2], [4], [6], [6, 4], [2, 6], [4, 2], [7], [6], [2], [6, 7], [2, 6], [7, 2], [6], [7, 6], [7], [6], [2], [2, 6], [7, 2], [6, 7], [7], [6], [4], [6, 7], [4, 6], [7, 4], [6], [7, 6], [7], [6], [4], [4, 6], [7, 4], [6, 7], [1], [3], [0], [3, 1], [0, 3], [1, 0], [3], [1, 3], [1], [3], [0], [0, 3], [1, 0], [3, 1], [1], [3], [5], [3, 1], [5, 3], [1, 5], [3], [1, 3], [1], [3], [5]]}","{'map': {'0': 16, '1': 10, '2': 14, '3': 34, '4': 12, '5': 30, '6': 28, '7': 32}, 'arch': {'width': 9, 'height': 5, 'alg_qubits': [10, 28, 12, 30, 14, 32, 16, 34], 'magic_states': [1, 3, 5, 7, 17, 35, 43, 41, 39, 37, 9, 27]}, 'gates': [[6], [5], [2], [2, 5], [6, 2], [5, 6], [4], [2], [1], [2, 4], [1, 2], [4, 1], [2], [4, 2], [4], [2], [1], [1, 2], [4, 1], [2, 4], [0], [3], [7], [3, 0], [7, 3], [0, 7], [3], [0, 3], [0], [3], [7], [7, 3], [0, 7], [3, 0], [2], [1], [3], [1, 2], [3, 1], [2, 3], [1], [2, 1], [2], [1], [3], [3, 1], [2, 3], [1, 2], [0], [3], [7], [3, 0], [7, 3], [0, 7], [3], [0, 3], [0], [3], [7], [7, 3], [0, 7], [3, 0], [2], [1], [3], [1, 2], [3, 1], [2, 3], [1], [2, 1], [2], [1], [3], [3, 1], [2, 3], [1, 2], [1], [5], [4], [5, 1], [4, 5]]}","{'map': {'0': 30, '1': 34, '2': 14, '3': 32, '4': 16, '5': 10, '6': 28, '7': 12}, 'arch': {'width': 9, 'height': 5, 'alg_qubits': [10, 28, 12, 30, 14, 32, 16, 34], 'magic_states': [1, 3, 5, 7, 17, 35, 43, 41, 39, 37, 9, 27]}, 'gates': [[5, 6], [4], [2], [1], [2, 4], [1, 2], [4, 1], [2], [4, 2], [4], [2], [1], [1, 2], [4, 1], [2, 4], [0], [3], [7], [3, 0], [7, 3], [0, 7], [3], [0, 3], [0], [3], [7], [7, 3], [0, 7], [3, 0], [2], [1], [3], [1, 2], [3, 1], [2, 3], [1], [2, 1], [2], [1], [3], [3, 1], [2, 3], [1, 2], [0], [3], [7], [3, 0], [7, 3], [0, 7], [3], [0, 3], [0], [3], [7], [7, 3], [0, 7], [3, 0], [2], [1], [3], [1, 2], [3, 1], [2, 3], [1], [2, 1], [2], [1], [3], [3, 1], [2, 3], [1, 2], [1], [5], [4], [5, 1], [4, 5], [1, 4], [5], [1, 5], [1], [5]]}"
jku_suite_78.qasm,"{'map': {'0': 14, '1': 16, '2': 36, '3': 20, '4': 38, '5': 12, '6': 40, '7': 18, '8': 42, '9': 34}, 'arch': {'width': 11, 'height': 5, 'alg_qubits': [12, 34, 14, 36, 16, 38, 18, 40, 20, 42], 'magic_states': [1, 3, 5, 7, 9, 21, 43, 53, 51, 49, 47, 45, 11, 33]}, 'gates': [[4, 9], [8], [4, 8], [4], [8], [9], [9, 8], [4, 9], [8, 4], [2], [3], [8], [3, 2], [8, 3], [2, 8], [3], [2, 3], [2], [3], [8], [8, 3], [2, 8], [3, 2], [4], [8], [9], [8, 4], [9, 8], [4, 9], [8], [4, 8], [4], [8], [9], [9, 8], [4, 9], [8, 4], [1], [5], [0], [5, 1], [0, 5], [1, 0], [5], [1, 5], [1], [5], [0], [0, 5], [1, 0], [5, 1], [9], [4], [5], [4, 9], [5, 4], [9, 5], [4], [9, 4], [9], [4], [5], [5, 4], [9, 5], [4, 9], [8], [3], [4], [3, 8], [4, 3], [8, 4], [3], [8, 3], [8], [3], [4], [4, 3], [8, 4], [3, 8], [6], [7]]}","{'map': {'0': 36, '1': 20, '2': 34, '3': 38, '4': 40, '5': 16, '6': 18, '7': 12, '8': 14, '9': 42}, 'arch': {'width': 11, 'height': 5, 'alg_qubits': [12, 34, 14, 36, 16, 38, 18, 40, 20, 42], 'magic_states': [1, 3, 5, 7, 9, 21, 43, 53, 51, 49, 47, 45, 11, 33]}, 'gates': [[1], [1, 2], [4, 1], [2, 4], [5], [8], [2], [8, 5], [2, 8], [5, 2], [8], [5, 8], [5], [8], [2], [2, 8], [5, 2], [8, 5], [7], [6], [8], [6, 7], [8, 6], [7, 8], [6], [7, 6], [7], [6], [8], [8, 6], [7, 8], [6, 7], [5], [8], [2], [8, 5], [2, 8], [5, 2], [8], [5, 8], [5], [8], [2], [2, 8], [5, 2], [8, 5], [4], [2], [1], [2, 4], [1, 2], [4, 1], [2], [4, 2], [4], [2], [1], [1, 2], [4, 1], [2, 4], [0], [3], [9], [3, 0], [9, 3], [0, 9], [3], [0, 3], [0], [3], [9], [9, 3], [0, 9], [3, 0], [2], [1], [3], [1, 2], [3, 1], [2, 3], [1]]}","{'map': {'0': 12, '1': 40, '2': 42, '3': 38, '4': 14, '5': 36, '6': 18, '7': 16, '8': 20, '9': 34}, 'arch': {'width': 11, 'height': 5, 'alg_qubits': [12, 34, 14, 36, 16, 38, 18, 40, 20, 42], 'magic_states': [1, 3, 5, 7, 9, 21, 43, 53, 51, 49, 47, 45, 11, 33]}, 'gates': [[8, 5], [7], [6], [8], [6, 7], [8, 6], [7, 8], [6], [7, 6], [7], [6], [8], [8, 6], [7, 8], [6, 7], [5], [8], [2], [8, 5], [2, 8], [5, 2], [8], [5, 8], [5], [8], [2], [2, 8], [5, 2], [8, 5], [4], [2], [1], [2, 4], [1, 2], [4, 1], [2], [4, 2], [4], [2], [1], [1, 2], [4, 1], [2, 4], [0], [3], [9], [3, 0], [9, 3], [0, 9], [3], [0, 3], [0], [3], [9], [9, 3], [0, 9], [3, 0], [2], [1], [3], [1, 2], [3, 1], [2, 3], [1], [2, 1], [2], [1], [3], [3, 1], [2, 3], [1, 2], [0], [3], [9], [3, 0], [9, 3], [0, 9], [3], [0, 3], [0], [3]]}","{'map': {'0': 40, '1': 42, '2': 36, '3': 34, '4': 14, '5': 16, '6': 12, '7': 20, '8': 18, '9': 38}, 'arch': {'width': 11, 'height': 5, 'alg_qubits': [12, 34, 14, 36, 16, 38, 18, 40, 20, 42], 'magic_states': [1, 3, 5, 7, 9, 21, 43, 53, 51, 49, 47, 45, 11, 33]}, 'gates': [[8, 5], [7], [6], [8], [6, 7], [8, 6], [7, 8], [6], [7, 6], [7], [6], [8], [8, 6], [7, 8], [6, 7], [5], [8], [2], [8, 5], [2, 8], [5, 2], [8], [5, 8], [5], [8], [2], [2, 8], [5, 2], [8, 5], [4], [2], [1], [2, 4], [1, 2], [4, 1], [2], [4, 2], [4], [2], [1], [1, 2], [4, 1], [2, 4], [0], [3], [9], [3, 0], [9, 3], [0, 9], [3], [0, 3], [0], [3], [9], [9, 3], [0, 9], [3, 0], [2], [1], [3], [1, 2], [3, 1], [2, 3], [1], [2, 1], [2], [1], [3], [3, 1], [2, 3], [1, 2], [0], [3], [9], [3, 0], [9, 3], [0, 9], [3], [0, 3], [0], [3]]}","{'map': {'0': 12, '1': 18, '2': 36, '3': 42, '4': 16, '5': 14, '6': 38, '7': 20, '8': 34, '9': 40}, 'arch': {'width': 11, 'height': 5, 'alg_qubits': [12, 34, 14, 36, 16, 38, 18, 40, 20, 42], 'magic_states': [1, 3, 5, 7, 9, 21, 43, 53, 51, 49, 47, 45, 11, 33]}, 'gates': [[1], [0], [0, 1], [3, 0], [1, 3], [4], [2], [1], [2, 4], [1, 2], [4, 1], [2], [4, 2], [4], [2], [1], [1, 2], [4, 1], [2, 4], [5], [8], [2], [8, 5], [2, 8], [5, 2], [8], [5, 8], [5], [8], [2], [2, 8], [5, 2], [8, 5], [7], [6], [8], [6, 7], [8, 6], [7, 8], [6], [7, 6], [7], [6], [8], [8, 6], [7, 8], [6, 7], [5], [8], [2], [8, 5], [2, 8], [5, 2], [8], [5, 8], [5], [8], [2], [2, 8], [5, 2], [8, 5], [4], [2], [1], [2, 4], [1, 2], [4, 1], [2], [4, 2], [4], [2], [1], [1, 2], [4, 1], [2, 4], [0], [3], [9], [3, 0], [9, 3], [0, 9]]}"
jku_suite_34.qasm,"{'map': {'0': 18, '1': 16, '2': 8, '3': 6}, 'arch': {'width': 5, 'height': 5, 'alg_qubits': [6, 16, 8, 18], 'magic_states': [1, 3, 9, 19, 23, 21, 5, 15]}, 'gates': [[0, 1], [0, 1], [0, 3], [0, 3], [0, 2], [0, 2], [1, 2], [1, 2], [1, 3], [1, 3], [0, 1], [0, 1], [2, 3], [2, 3], [0, 3], [0, 3], [0, 2], [0, 2], [1, 2], [1, 2], [1, 3], [1, 3], [0, 1], [0, 1], [2, 3], [2, 3], [0, 3], [0, 3], [0, 2], [0, 2], [1, 2], [1, 2], [1, 3], [1, 3], [0, 1], [0, 1], [2, 3], [2, 3], [0, 3], [0, 3], [0, 2], [0, 2], [1, 2], [1, 2], [1, 3], [1, 3], [2, 3], [2, 3]]}","{'map': {'0': 18, '1': 8, '2': 16, '3': 6}, 'arch': {'width': 5, 'height': 5, 'alg_qubits': [6, 16, 8, 18], 'magic_states': [1, 3, 9, 19, 23, 21, 5, 15]}, 'gates': [[0, 1], [0, 1], [1, 2], [2, 3], [2, 3], [1, 2], [0, 1], [0, 1], [1, 2], [2, 3], [2, 3], [1, 2], [0, 1], [1, 2], [2, 3], [2, 3], [1, 2], [0, 1], [0, 1], [1, 2], [2, 3], [2, 3], [1, 2], [0, 1], [1, 2], [2, 3], [2, 3], [1, 2], [0, 1], [0, 1], [1, 2], [2, 3], [2, 3], [1, 2], [0, 1], [1, 2], [2, 3], [2, 3], [1, 2], [0, 1], [0, 1], [1, 2], [2, 3], [2, 3], [1, 2], [0, 1], [2, 3], [2, 3], [1, 2], [2, 3], [2, 3], [1, 2], [2, 3], [2, 3], [1, 2], [1, 2], [0, 1], [1, 2], [2, 3], [2, 3], [1, 2], [0, 1], [1, 2], [2, 3], [2, 3], [1, 2], [0, 1], [1, 2], [1, 2], [0, 1], [1, 2], [1, 2], [0, 1], [0, 1]]}","{'map': {'0': 16, '1': 18, '2': 8}, 'arch': {'width': 5, 'height': 5, 'alg_qubits': [6, 16, 8, 18], 'magic_states': [1, 3, 9, 19, 23, 21, 5, 15]}, 'gates': [[1], [1], [1], [1], [1], [1], [1], [1], [1], [1], [1], [1], [1], [1], [1], [1], [1], [1], [1], [1], [1], [1], [1], [0, 1], [1, 2], [2], [2], [2], [2], [2], [2], [2], [2], [2], [2], [2], [2], [2], [2], [2], [2], [2], [2], [2], [2], [2], [2], [2], [2], [2], [2], [2], [2], [2], [2], [2], [2], [2], [2], [2], [2], [2], [2], [2], [2], [2], [2], [2], [2], [2], [2], [2], [2], [2], [2], [2], [2], [2], [2], [2], [2]]}","{'map': {'0': 16, '1': 10, '2': 14, '3': 32, '4': 30, '5': 34, '6': 12}, 'arch': {'width': 9, 'height': 5, 'alg_qubits': [10, 28, 12, 30, 14, 32, 16, 34], 'magic_states': [1, 3, 5, 7, 17, 35, 43, 41, 39, 37, 9, 27]}, 'gates': [[0], [5], [3], [3, 5], [0, 3], [5, 0], [3], [5], [0], [5, 3], [0, 5], [3, 0], [5], [3, 5], [3], [5], [0], [0, 5], [3, 0], [5, 3], [0], [6], [4], [6, 0], [4, 6], [0, 4], [6], [0, 6], [0], [6], [4], [4, 6], [0, 4], [6, 0], [0], [6], [3], [6, 0], [3, 6], [0, 3], [6], [0, 6], [0], [6], [3], [3, 6], [0, 3], [6, 0], [0], [6], [2], [6, 0], [2, 6], [0, 2], [6], [0, 6], [0], [6], [2], [2, 6], [0, 2], [6, 0], [0], [6], [1], [6, 0], [1, 6], [0, 1], [6], [0, 6], [0], [6], [1], [1, 6], [0, 1], [6, 0], [1], [2], [6], [2, 1], [6, 2]]}","{'map': {'0': 14, '1': 32, '2': 30, '3': 34, '4': 12, '5': 16, '6': 28}, 'arch': {'width': 9, 'height': 5, 'alg_qubits': [10, 28, 12, 30, 14, 32, 16, 34], 'magic_states': [1, 3, 5, 7, 17, 35, 43, 41, 39, 37, 9, 27]}, 'gates': [[5, 0], [1, 5], [0, 1], [5], [0, 5], [0], [5], [1], [1, 5], [0, 1], [5, 0], [2], [6], [5], [6, 2], [5, 6], [2, 5], [6], [2, 6], [2], [6], [5], [5, 6], [2, 5], [6, 2], [4], [3], [6], [3, 4], [6, 3], [4, 6], [3], [4, 3], [4], [3], [6], [6, 3], [4, 6], [3, 4], [2], [6], [5], [6, 2], [5, 6], [2, 5], [6], [2, 6], [2], [6], [5], [5, 6], [2, 5], [6, 2], [5], [1], [0], [1, 5], [0, 1], [5, 0], [1], [5, 1], [5], [1], [0], [0, 1], [5, 0], [1, 5], [6], [2], [1], [2, 6], [1, 2], [6, 1], [2], [6, 2], [6], [2], [1], [1, 2], [6, 1], [2, 6]]}"
quest_suite_9.qasm,"{'map': {'0': 16, '1': 28, '2': 22, '3': 58, '4': 56, '5': 20, '6': 26, '7': 50, '8': 46, '9': 52, '10': 24, '11': 48, '12': 54, '13': 18}, 'arch': {'width': 15, 'height': 5, 'alg_qubits': [16, 46, 18, 48, 20, 50, 22, 52, 24, 54, 26, 56, 28, 58], 'magic_states': [1, 3, 5, 7, 9, 11, 13, 29, 59, 73, 71, 69, 67, 65, 63, 61, 15, 45]}, 'gates': [[2], [12], [12, 2], [1, 12], [2, 1], [3], [12], [13], [12, 3], [13, 12], [3, 13], [12], [3, 12], [3], [12], [13], [13, 12], [3, 13], [12, 3], [9], [13], [0], [13, 9], [0, 13], [9, 0], [13], [9, 13], [9], [13], [0], [0, 13], [9, 0], [13, 9], [11], [12], [13], [12, 11], [13, 12], [11, 13], [12], [11, 12], [11], [12], [13], [13, 12], [11, 13], [12, 11], [8], [10], [12], [10, 8], [12, 10], [8, 12], [10], [8, 10], [8], [10], [12], [12, 10], [8, 12], [10, 8], [7], [4], [10], [4, 7], [10, 4], [7, 10], [4], [7, 4], [7], [4], [10], [10, 4], [7, 10], [4, 7], [5], [6], [4], [6, 5], [4, 6], [5, 4]]}","{'map': {'0': 28, '1': 50, '2': 46, '3': 58, '4': 18, '5': 20, '6': 26, '7': 22, '8': 24, '9': 48, '10': 16, '11': 56, '12': 54, '13': 52}, 'arch': {'width': 15, 'height': 5, 'alg_qubits': [16, 46, 18, 48, 20, 50, 22, 52, 24, 54, 26, 56, 28, 58], 'magic_states': [1, 3, 5, 7, 9, 11, 13, 29, 59, 73, 71, 69, 67, 65, 63, 61, 15, 45]}, 'gates': [[2], [3], [12], [12, 3], [2, 12], [3, 2], [4], [12], [13], [12, 4], [13, 12], [4, 13], [12], [4, 12], [4], [12], [13], [13, 12], [4, 13], [12, 4], [0], [13], [1], [13, 0], [1, 13], [0, 1], [13], [0, 13], [0], [13], [1], [1, 13], [0, 1], [13, 0], [12], [11], [13], [11, 12], [13, 11], [12, 13], [11], [12, 11], [12], [11], [13], [13, 11], [12, 13], [11, 12], [10], [9], [11], [9, 10], [11, 9], [10, 11], [9], [10, 9], [10], [9], [11], [11, 9], [10, 11], [9, 10], [8], [5], [9], [5, 8], [9, 5], [8, 9], [5], [8, 5], [8], [5], [9], [9, 5], [8, 9], [5, 8], [6], [7], [5], [7, 6], [5, 7]]}","{'map': {'0': 50, '1': 18, '2': 46, '3': 54, '4': 52, '5': 48, '6': 22, '7': 20, '8': 56, '9': 16, '10': 58, '11': 24, '12': 28, '13': 26}, 'arch': {'width': 15, 'height': 5, 'alg_qubits': [16, 46, 18, 48, 20, 50, 22, 52, 24, 54, 26, 56, 28, 58], 'magic_states': [1, 3, 5, 7, 9, 11, 13, 29, 59, 73, 71, 69, 67, 65, 63, 61, 15, 45]}, 'gates': [[4, 3], [6, 5], [8, 7], [10, 9], [12, 11], [4, 2], [0], [1], [2], [1, 0], [2, 1], [0, 2], [1], [0, 1], [0], [1], [2], [2, 1], [0, 2], [1, 0], [6, 4], [2], [3], [4], [3, 2], [4, 3], [2, 4], [3], [2, 3], [2], [3], [4], [4, 3], [2, 4], [3, 2], [8, 6], [4], [5], [6], [5, 4], [6, 5], [4, 6], [5], [4, 5], [4], [5], [6], [6, 5], [4, 6], [5, 4], [10, 8], [6], [7], [8], [7, 6], [8, 7], [6, 8], [7], [6, 7], [6], [7], [8], [8, 7], [6, 8], [7, 6], [12, 10], [8], [9], [10], [9, 8], [10, 9], [8, 10], [9], [8, 9], [8], [9], [10], [10, 9], [8, 10], [9, 8], [12, 13]]}","{'map': {'0': 46, '1': 20, '2': 58, '3': 26, '4': 50, '5': 28, '6': 54, '7': 56, '8': 24, '9': 48, '10': 16, '11': 22, '12': 18, '13': 72}, 'arch': {'width': 15, 'height': 5, 'alg_qubits': [16, 46, 18, 48, 20, 50, 22, 52, 24, 54, 26, 56, 28, 58], 'magic_states': [1, 3, 5, 7, 9, 11, 13, 29, 59, 73, 71, 69, 67, 65, 63, 61, 15, 45]}, 'gates': [[13, 2], [12], [13, 12], [13], [12], [2], [2, 12], [13, 2], [12, 13], [11], [2], [3], [2, 11], [3, 2], [11, 3], [2], [11, 2], [11], [2], [3], [3, 2], [11, 3], [2, 11], [8], [3], [4], [3, 8], [4, 3], [8, 4], [3], [8, 3], [8], [3], [4], [4, 3], [8, 4], [3, 8], [7], [4], [9], [4, 7], [9, 4], [7, 9], [4], [7, 4], [7], [4], [9], [9, 4], [7, 9], [4, 7], [6], [9], [10], [9, 6], [10, 9], [6, 10], [9], [6, 9], [6], [9], [10], [10, 9], [6, 10], [9, 6], [5], [10], [0], [10, 5], [0, 10], [5, 0], [10], [5, 10], [5], [10], [0], [0, 10], [5, 0], [10, 5], [6], [9]]}","{'map': {'0': 24, '1': 20, '2': 22, '3': 16, '4': 58, '5': 48, '6': 46, '7': 18, '8': 54, '9': 28, '10': 50, '11': 56, '12': 26, '13': 52}, 'arch': {'width': 15, 'height': 5, 'alg_qubits': [16, 46, 18, 48, 20, 50, 22, 52, 24, 54, 26, 56, 28, 58], 'magic_states': [1, 3, 5, 7, 9, 11, 13, 29, 59, 73, 71, 69, 67, 65, 63, 61, 15, 45]}, 'gates': [[2], [3], [12], [12, 3], [2, 12], [3, 2], [4], [12], [13], [12, 4], [13, 12], [4, 13], [12], [4, 12], [4], [12], [13], [13, 12], [4, 13], [12, 4], [0], [13], [1], [13, 0], [1, 13], [0, 1], [13], [0, 13], [0], [13], [1], [1, 13], [0, 1], [13, 0], [12], [11], [13], [11, 12], [13, 11], [12, 13], [11], [12, 11], [12], [11], [13], [13, 11], [12, 13], [11, 12], [10], [8], [11], [8, 10], [11, 8], [10, 11], [8], [10, 8], [10], [8], [11], [11, 8], [10, 11], [8, 10], [9], [5], [8], [5, 9], [8, 5], [9, 8], [5], [9, 5], [9], [5], [8], [8, 5], [9, 8], [5, 9], [6], [7], [5], [7, 6], [5, 7]]}"
shor_2.qasm,"{'map': {'0': 40, '1': 42, '2': 20, '3': 46, '4': 48, '5': 22, '6': 16, '7': 50, '8': 14, '9': 24, '10': 18}, 'arch': {'width': 13, 'height': 5, 'alg_qubits': [14, 40, 16, 42, 18, 44, 20, 46, 22, 48, 24, 50], 'magic_states': [1, 3, 5, 7, 9, 11, 25, 51, 63, 61, 59, 57, 55, 53, 13, 39]}, 'gates': [[9, 0], [9], [0], [2], [2, 0], [9, 2], [0, 9], [8], [2], [3], [2, 8], [3, 2], [8, 3], [2], [8, 2], [8], [2], [3], [3, 2], [8, 3], [2, 8], [7], [3], [4], [3, 7], [4, 3], [7, 4], [3], [7, 3], [7], [3], [4], [4, 3], [7, 4], [3, 7], [6], [4], [10], [4, 6], [10, 4], [6, 10], [4], [6, 4], [6], [4], [10], [10, 4], [6, 10], [4, 6], [6], [10], [1], [10, 6], [1, 10], [6, 1], [10], [6, 10], [6], [10], [1], [1, 10], [6, 1], [10, 6], [7], [5], [10], [5, 7], [10, 5], [7, 10], [5], [7, 5], [7], [5], [10], [10, 5], [7, 10], [5, 7], [8], [4], [5], [4, 8]]}","{'map': {'0': 24, '1': 22, '2': 50, '3': 14, '4': 42, '5': 44, '6': 48, '7': 16, '8': 18, '9': 20, '10': 40, '11': 36}, 'arch': {'width': 13, 'height': 5, 'alg_qubits': [14, 40, 16, 42, 18, 44, 20, 46, 22, 48, 24, 50], 'magic_states': [1, 3, 5, 7, 9, 11, 25, 51, 63, 61, 59, 57, 55, 53, 13, 39]}, 'gates': [[2, 11], [8], [3], [4], [3, 8], [4, 3], [8, 4], [3], [8, 3], [8], [3], [4], [4, 3], [8, 4], [3, 8], [7], [4], [9], [4, 7], [9, 4], [7, 9], [4], [7, 4], [7], [4], [9], [9, 4], [7, 9], [4, 7], [6], [9], [10], [9, 6], [10, 9], [6, 10], [9], [6, 9], [6], [9], [10], [10, 9], [6, 10], [9, 6], [5], [10], [0], [10, 5], [0, 10], [5, 0], [10], [5, 10], [5], [10], [0], [0, 10], [5, 0], [10, 5], [6], [9], [10], [9, 6], [10, 9], [6, 10], [9], [6, 9], [6], [9], [10], [10, 9], [6, 10], [9, 6], [7], [4], [9], [4, 7], [9, 4], [7, 9], [4], [7, 4], [7], [4]]}","{'map': {'0': 22, '1': 40, '2': 14, '3': 48, '4': 16, '5': 20, '6': 24, '7': 44, '8': 42, '9': 46, '10': 50}, 'arch': {'width': 13, 'height': 5, 'alg_qubits': [14, 40, 16, 42, 18, 44, 20, 46, 22, 48, 24, 50], 'magic_states': [1, 3, 5, 7, 9, 11, 25, 51, 63, 61, 59, 57, 55, 53, 13, 39]}, 'gates': [[10], [0], [0, 10], [1, 0], [10, 1], [2], [9], [10], [9, 2], [10, 9], [2, 10], [9], [2, 9], [2], [9], [10], [10, 9], [2, 10], [9, 2], [3], [8], [9], [8, 3], [9, 8], [3, 9], [8], [3, 8], [3], [8], [9], [9, 8], [3, 9], [8, 3], [4], [7], [8], [7, 4], [8, 7], [4, 8], [7], [4, 7], [4], [7], [8], [8, 7], [4, 8], [7, 4], [6], [5], [7], [5, 6], [7, 5], [6, 7], [5], [6, 5], [6], [5], [7], [7, 5], [6, 7], [5, 6], [4], [7], [8], [7, 4], [8, 7], [4, 8], [7], [4, 7], [4], [7], [8], [8, 7], [4, 8], [7, 4], [3], [8], [9], [8, 3], [9, 8], [3, 9]]}","{'map': {'0': 50, '1': 24, '2': 40, '3': 16, '4': 42, '5': 22, '6': 46, '7': 44, '8': 18, '9': 48, '10': 20}, 'arch': {'width': 13, 'height': 5, 'alg_qubits': [14, 40, 16, 42, 18, 44, 20, 46, 22, 48, 24, 50], 'magic_states': [1, 3, 5, 7, 9, 11, 25, 51, 63, 61, 59, 57, 55, 53, 13, 39]}, 'gates': [[1, 7], [5], [6], [10], [6, 5], [10, 6], [5, 10], [6], [5, 6], [5], [6], [10], [10, 6], [5, 10], [6, 5], [4], [7], [6], [7, 4], [6, 7], [4, 6], [7], [4, 7], [4], [7], [6], [6, 7], [4, 6], [7, 4], [3], [8], [7], [8, 3], [7, 8], [3, 7], [8], [3, 8], [3], [8], [7], [7, 8], [3, 7], [8, 3], [2], [9], [8], [9, 2], [8, 9], [2, 8], [9], [2, 9], [2], [9], [8], [8, 9], [2, 8], [9, 2], [0], [1], [9], [1, 0], [9, 1], [0, 9], [1], [0, 1], [0], [1], [9], [9, 1], [0, 9], [1, 0], [2], [9], [8], [9, 2], [8, 9], [2, 8], [9], [2, 9], [2], [9]]}","{'map': {'0': 50, '1': 14, '2': 22, '3': 24, '4': 48, '5': 44, '6': 46, '7': 18, '8': 42, '9': 20, '10': 16}, 'arch': {'width': 13, 'height': 5, 'alg_qubits': [14, 40, 16, 42, 18, 44, 20, 46, 22, 48, 24, 50], 'magic_states': [1, 3, 5, 7, 9, 11, 25, 51, 63, 61, 59, 57, 55, 53, 13, 39]}, 'gates': [[9, 10], [7, 9], [6], [10], [3], [10, 6], [3, 10], [6, 3], [10], [6, 10], [6], [10], [3], [3, 10], [6, 3], [10, 6], [9], [7], [10], [7, 9], [10, 7], [9, 10], [7], [9, 7], [9], [7], [10], [10, 7], [9, 10], [7, 9], [3], [10], [0], [10, 3], [0, 10], [3, 0], [10], [3, 10], [3], [10], [0], [0, 10], [3, 0], [10, 3], [1], [9], [10], [9, 1], [10, 9], [1, 10], [9], [1, 9], [1], [9], [10], [10, 9], [1, 10], [9, 1], [2], [8], [9], [8, 2], [9, 8], [2, 9], [8], [2, 8], [2], [8], [9], [9, 8], [2, 9], [8, 2], [5], [4], [8], [4, 5], [8, 4], [5, 8], [4], [5, 4], [5]]}"
autobraid_10.qasm,"{'map': {'0': 56, '1': 54, '2': 20, '3': 30, '4': 62, '5': 52, '6': 28, '7': 18, '8': 22, '9': 24, '10': 64, '11': 66, '12': 32, '13': 26, '14': 60}, 'arch': {'width': 17, 'height': 5, 'alg_qubits': [18, 52, 20, 54, 22, 56, 24, 58, 26, 60, 28, 62, 30, 64, 32, 66], 'magic_states': [1, 3, 5, 7, 9, 11, 13, 15, 33, 67, 83, 81, 79, 77, 75, 73, 71, 69, 17, 51]}, 'gates': [[8], [7], [9], [9, 7], [8, 9], [7, 8], [6], [9], [10], [9, 6], [10, 9], [6, 10], [9], [6, 9], [6], [9], [10], [10, 9], [6, 10], [9, 6], [5], [10], [11], [10, 5], [11, 10], [5, 11], [10], [5, 10], [5], [10], [11], [11, 10], [5, 11], [10, 5], [4], [11], [12], [11, 4], [12, 11], [4, 12], [11], [4, 11], [4], [11], [12], [12, 11], [4, 12], [11, 4], [2], [12], [13], [12, 2], [13, 12], [2, 13], [12], [2, 12], [2], [12], [13], [13, 12], [2, 13], [12, 2], [1], [13], [14], [13, 1], [14, 13], [1, 14], [13], [1, 13], [1], [13], [14], [14, 13], [1, 14], [13, 1], [3], [14], [0], [14, 3], [0, 14]]}","{'map': {'0': 40, '1': 24, '2': 22, '3': 18, '4': 44, '5': 48, '6': 42, '7': 14, '8': 20, '9': 50, '10': 16}, 'arch': {'width': 13, 'height': 5, 'alg_qubits': [14, 40, 16, 42, 18, 44, 20, 46, 22, 48, 24, 50], 'magic_states': [1, 3, 5, 7, 9, 11, 25, 51, 63, 61, 59, 57, 55, 53, 13, 39]}, 'gates': [[5, 10], [9], [4], [3], [4, 9], [3, 4], [9, 3], [4], [9, 4], [9], [4], [3], [3, 4], [9, 3], [4, 9], [8], [3], [2], [3, 8], [2, 3], [8, 2], [3], [8, 3], [8], [3], [2], [2, 3], [8, 2], [3, 8], [7], [2], [1], [2, 7], [1, 2], [7, 1], [2], [7, 2], [7], [2], [1], [1, 2], [7, 1], [2, 7], [6], [1], [0], [1, 6], [0, 1], [6, 0], [1], [6, 1], [6], [1], [0], [0, 1], [6, 0], [1, 6], [7], [2], [1], [2, 7], [1, 2], [7, 1], [2], [7, 2], [7], [2], [1], [1, 2], [7, 1], [2, 7], [8], [3], [2], [3, 8], [2, 3], [8, 2], [3], [8, 3], [8], [3]]}","{'map': {'0': 40, '1': 24, '2': 22, '3': 18, '4': 44, '5': 48, '6': 42, '7': 14, '8': 20, '9': 50, '10': 16}, 'arch': {'width': 13, 'height': 5, 'alg_qubits': [14, 40, 16, 42, 18, 44, 20, 46, 22, 48, 24, 50], 'magic_states': [1, 3, 5, 7, 9, 11, 25, 51, 63, 61, 59, 57, 55, 53, 13, 39]}, 'gates': [[5, 10], [9], [4], [3], [4, 9], [3, 4], [9, 3], [4], [9, 4], [9], [4], [3], [3, 4], [9, 3], [4, 9], [8], [3], [2], [3, 8], [2, 3], [8, 2], [3], [8, 3], [8], [3], [2], [2, 3], [8, 2], [3, 8], [7], [2], [1], [2, 7], [1, 2], [7, 1], [2], [7, 2], [7], [2], [1], [1, 2], [7, 1], [2, 7], [6], [1], [0], [1, 6], [0, 1], [6, 0], [1], [6, 1], [6], [1], [0], [0, 1], [6, 0], [1, 6], [7], [2], [1], [2, 7], [1, 2], [7, 1], [2], [7, 2], [7], [2], [1], [1, 2], [7, 1], [2, 7], [8], [3], [2], [3, 8], [2, 3], [8, 2], [3], [8, 3], [8], [3]]}","{'map': {'0': 12, '1': 32, '2': 14, '3': 28, '4': 10, '5': 16, '6': 34, '7': 30}, 'arch': {'width': 9, 'height': 5, 'alg_qubits': [10, 28, 12, 30, 14, 32, 16, 34], 'magic_states': [1, 3, 5, 7, 17, 35, 43, 41, 39, 37, 9, 27]}, 'gates': [[6, 5], [6], [5], [2], [2, 5], [6, 2], [5, 6], [4], [2], [1], [2, 4], [1, 2], [4, 1], [2], [4, 2], [4], [2], [1], [1, 2], [4, 1], [2, 4], [3], [1], [0], [1, 3], [0, 1], [3, 0], [1], [3, 1], [3], [1], [0], [0, 1], [3, 0], [1, 3], [4], [2], [1], [2, 4], [1, 2], [4, 1], [2], [4, 2], [4], [2], [1], [1, 2], [4, 1], [2, 4], [6], [5], [2], [5, 6], [2, 5], [6, 2], [5], [6, 5], [6], [5], [2], [2, 5], [6, 2], [5, 6], [4], [2], [1], [2, 4], [1, 2], [4, 1], [2], [4, 2], [4], [2], [1], [1, 2], [4, 1], [2, 4], [0], [3], [7], [3, 0]]}","{'map': {'0': 12, '1': 32, '2': 14, '3': 28, '4': 10, '5': 16, '6': 34, '7': 30}, 'arch': {'width': 9, 'height': 5, 'alg_qubits': [10, 28, 12, 30, 14, 32, 16, 34], 'magic_states': [1, 3, 5, 7, 17, 35, 43, 41, 39, 37, 9, 27]}, 'gates': [[6, 5], [6], [5], [2], [2, 5], [6, 2], [5, 6], [4], [2], [1], [2, 4], [1, 2], [4, 1], [2], [4, 2], [4], [2], [1], [1, 2], [4, 1], [2, 4], [3], [1], [0], [1, 3], [0, 1], [3, 0], [1], [3, 1], [3], [1], [0], [0, 1], [3, 0], [1, 3], [4], [2], [1], [2, 4], [1, 2], [4, 1], [2], [4, 2], [4], [2], [1], [1, 2], [4, 1], [2, 4], [6], [5], [2], [5, 6], [2, 5], [6, 2], [5], [6, 5], [6], [5], [2], [2, 5], [6, 2], [5, 6], [4], [2], [1], [2, 4], [1, 2], [4, 1], [2], [4, 2], [4], [2], [1], [1, 2], [4, 1], [2, 4], [0], [3], [7], [3, 0]]}"
jku_suite_20.qasm,"{'map': {'0': 16, '1': 14, '2': 10, '3': 30, '4': 34, '5': 32, '6': 12}, 'arch': {'width': 9, 'height': 5, 'alg_qubits': [10, 28, 12, 30, 14, 32, 16, 34], 'magic_states': [1, 3, 5, 7, 17, 35, 43, 41, 39, 37, 9, 27]}, 'gates': [[6], [5], [6, 2], [5, 6], [2, 5], [6], [2, 6], [2], [6], [5], [5, 6], [2, 5], [6, 2], [0], [5], [1], [5, 0], [1, 5], [0, 1], [5], [0, 5], [0], [5], [1], [1, 5], [0, 1], [5, 0], [2], [6], [5], [6, 2], [5, 6], [2, 5], [6], [2, 6], [2], [6], [5], [5, 6], [2, 5], [6, 2], [4], [3], [6], [3, 4], [6, 3], [4, 6], [3], [4, 3], [4], [3], [6], [6, 3], [4, 6], [3, 4], [2], [6], [5], [6, 2], [5, 6], [2, 5], [6], [2, 6], [2], [6], [5], [5, 6], [2, 5], [6, 2], [4], [1], [0], [1, 4], [0, 1], [4, 0], [1], [4, 1], [4], [1], [0], [0, 1]]}","{'map': {'0': 32, '1': 12, '2': 30, '3': 28, '4': 34, '5': 14, '6': 16}, 'arch': {'width': 9, 'height': 5, 'alg_qubits': [10, 28, 12, 30, 14, 32, 16, 34], 'magic_states': [1, 3, 5, 7, 17, 35, 43, 41, 39, 37, 9, 27]}, 'gates': [[2], [1], [0], [1, 2], [0, 1], [2, 0], [1], [2, 1], [2], [1], [0], [0, 1], [2, 0], [1, 2], [3], [6], [1], [6, 3], [1, 6], [3, 1], [6], [3, 6], [3], [6], [1], [1, 6], [3, 1], [6, 3], [5], [4], [6], [4, 5], [6, 4], [5, 6], [4], [5, 4], [5], [4], [6], [6, 4], [5, 6], [4, 5], [3], [6], [1], [6, 3], [1, 6], [3, 1], [6], [3, 6], [3], [6], [1], [1, 6], [3, 1], [6, 3], [0], [1], [6], [1, 0], [6, 1], [0, 6], [1], [0, 1], [0], [1], [6], [6, 1], [0, 6], [1, 0], [2], [1], [0], [1, 2], [0, 1], [2, 0], [1], [2, 1], [2], [1], [0]]}","{'map': {'0': 16, '1': 28, '2': 14, '3': 30, '4': 32, '5': 10, '6': 12}, 'arch': {'width': 9, 'height': 5, 'alg_qubits': [10, 28, 12, 30, 14, 32, 16, 34], 'magic_states': [1, 3, 5, 7, 17, 35, 43, 41, 39, 37, 9, 27]}, 'gates': [[4], [3], [6], [3, 4], [6, 3], [4, 6], [3], [4, 3], [4], [3], [6], [6, 3], [4, 6], [3, 4], [2], [6], [5], [6, 2], [5, 6], [2, 5], [6], [2, 6], [2], [6], [5], [5, 6], [2, 5], [6, 2], [0], [5], [1], [5, 0], [1, 5], [0, 1], [5], [0, 5], [0], [5], [1], [1, 5], [0, 1], [5, 0], [2], [6], [5], [6, 2], [5, 6], [2, 5], [6], [2, 6], [2], [6], [5], [5, 6], [2, 5], [6, 2], [4], [3], [6], [3, 4], [6, 3], [4, 6], [3], [4, 3], [4], [3], [6], [6, 3], [4, 6], [3, 4], [2], [6], [5], [6, 2], [5, 6], [2, 5], [6], [2, 6], [2], [6], [5]]}","{'map': {'0': 14, '1': 30, '2': 34, '3': 16, '4': 10, '5': 28, '6': 12, '7': 32}, 'arch': {'width': 9, 'height': 5, 'alg_qubits': [10, 28, 12, 30, 14, 32, 16, 34], 'magic_states': [1, 3, 5, 7, 17, 35, 43, 41, 39, 37, 9, 27]}, 'gates': [[0, 2], [1, 5], [0, 2], [1, 5], [2, 3], [0, 6], [1, 7], [4, 5], [2, 3], [0, 6], [1, 7], [4, 5], [3, 7], [4, 6], [1, 5], [0, 2], [3, 7], [4, 6], [1, 5], [0, 2], [4, 5], [2, 3], [0, 6], [1, 7], [4, 5], [2, 3], [0, 6], [1, 7], [4, 6], [3, 7], [4, 6], [3, 7]]}","{'map': {'0': 12, '1': 34, '2': 28, '3': 14, '4': 10, '5': 32, '6': 16}, 'arch': {'width': 9, 'height': 5, 'alg_qubits': [10, 28, 12, 30, 14, 32, 16, 34], 'magic_states': [1, 3, 5, 7, 17, 35, 43, 41, 39, 37, 9, 27]}, 'gates': [[4], [6], [4, 3], [6, 4], [3, 6], [4], [3, 4], [3], [4], [6], [6, 4], [3, 6], [4, 3], [5], [6], [1], [6, 5], [1, 6], [5, 1], [6], [5, 6], [5], [6], [1], [1, 6], [5, 1], [6, 5], [3], [4], [6], [4, 3], [6, 4], [3, 6], [4], [3, 4], [3], [4], [6], [6, 4], [3, 6], [4, 3], [1, 0], [5], [6], [0], [6, 5], [0, 6], [5, 0], [6], [5, 6], [5], [6], [0], [0, 6], [5, 0], [6, 5], [2], [4], [6], [4, 2], [6, 4], [2, 6], [4], [2, 4], [2], [4], [6], [6, 4], [2, 6], [4, 2], [5], [6], [0], [6, 5], [0, 6], [5, 0], [6], [5, 6], [5], [6], [0]]}"
autobraid_47.qasm,"{'map': {'0': 22, '1': 40, '2': 16, '3': 18, '4': 50, '5': 24, '6': 14, '7': 46, '8': 44, '9': 42, '10': 48}, 'arch': {'width': 13, 'height': 5, 'alg_qubits': [14, 40, 16, 42, 18, 44, 20, 46, 22, 48, 24, 50], 'magic_states': [1, 3, 5, 7, 9, 11, 25, 51, 63, 61, 59, 57, 55, 53, 13, 39]}, 'gates': [[10], [0], [0, 10], [1, 0], [10, 1], [2], [8], [10], [8, 2], [10, 8], [2, 10], [8], [2, 8], [2], [8], [10], [10, 8], [2, 10], [8, 2], [5], [4], [8], [4, 5], [8, 4], [5, 8], [4], [5, 4], [5], [4], [8], [8, 4], [5, 8], [4, 5], [6], [3], [4], [3, 6], [4, 3], [6, 4], [3], [6, 3], [6], [3], [4], [4, 3], [6, 4], [3, 6], [9], [7], [3], [7, 9], [3, 7], [9, 3], [7], [9, 7], [9], [7], [3], [3, 7], [9, 3], [7, 9], [6], [3], [4], [3, 6], [4, 3], [6, 4], [3], [6, 3], [6], [3], [4], [4, 3], [6, 4], [3, 6], [5], [4], [8], [4, 5], [8, 4], [5, 8]]}","{'map': {'0': 18, '1': 20, '2': 16, '3': 46, '4': 24, '5': 22, '6': 50, '7': 42, '8': 14, '9': 48, '10': 40}, 'arch': {'width': 13, 'height': 5, 'alg_qubits': [14, 40, 16, 42, 18, 44, 20, 46, 22, 48, 24, 50], 'magic_states': [1, 3, 5, 7, 9, 11, 25, 51, 63, 61, 59, 57, 55, 53, 13, 39]}, 'gates': [[10], [0], [0, 10], [1, 0], [10, 1], [2], [8], [10], [8, 2], [10, 8], [2, 10], [8], [2, 8], [2], [8], [10], [10, 8], [2, 10], [8, 2], [3], [5], [8], [5, 3], [8, 5], [3, 8], [5], [3, 5], [3], [5], [8], [8, 5], [3, 8], [5, 3], [6], [4], [5], [4, 6], [5, 4], [6, 5], [4], [6, 4], [6], [4], [5], [5, 4], [6, 5], [4, 6], [9], [7], [4], [7, 9], [4, 7], [9, 4], [7], [9, 7], [9], [7], [4], [4, 7], [9, 4], [7, 9], [6], [4], [5], [4, 6], [5, 4], [6, 5], [4], [6, 4], [6], [4], [5], [5, 4], [6, 5], [4, 6], [3], [5], [8], [5, 3], [8, 5], [3, 8]]}","{'map': {'0': 18, '1': 20, '2': 16, '3': 46, '4': 24, '5': 22, '6': 50, '7': 42, '8': 14, '9': 48, '10': 40}, 'arch': {'width': 13, 'height': 5, 'alg_qubits': [14, 40, 16, 42, 18, 44, 20, 46, 22, 48, 24, 50], 'magic_states': [1, 3, 5, 7, 9, 11, 25, 51, 63, 61, 59, 57, 55, 53, 13, 39]}, 'gates': [[10], [0], [0, 10], [1, 0], [10, 1], [2], [8], [10], [8, 2], [10, 8], [2, 10], [8], [2, 8], [2], [8], [10], [10, 8], [2, 10], [8, 2], [3], [5], [8], [5, 3], [8, 5], [3, 8], [5], [3, 5], [3], [5], [8], [8, 5], [3, 8], [5, 3], [6], [4], [5], [4, 6], [5, 4], [6, 5], [4], [6, 4], [6], [4], [5], [5, 4], [6, 5], [4, 6], [9], [7], [4], [7, 9], [4, 7], [9, 4], [7], [9, 7], [9], [7], [4], [4, 7], [9, 4], [7, 9], [6], [4], [5], [4, 6], [5, 4], [6, 5], [4], [6, 4], [6], [4], [5], [5, 4], [6, 5], [4, 6], [3], [5], [8], [5, 3], [8, 5], [3, 8]]}","{'map': {'0': 22, '1': 40, '2': 14, '3': 48, '4': 16, '5': 20, '6': 24, '7': 44, '8': 42, '9': 46, '10': 50}, 'arch': {'width': 13, 'height': 5, 'alg_qubits': [14, 40, 16, 42, 18, 44, 20, 46, 22, 48, 24, 50], 'magic_states': [1, 3, 5, 7, 9, 11, 25, 51, 63, 61, 59, 57, 55, 53, 13, 39]}, 'gates': [[10], [0], [0, 10], [1, 0], [10, 1], [2], [9], [10], [9, 2], [10, 9], [2, 10], [9], [2, 9], [2], [9], [10], [10, 9], [2, 10], [9, 2], [3], [8], [9], [8, 3], [9, 8], [3, 9], [8], [3, 8], [3], [8], [9], [9, 8], [3, 9], [8, 3], [4], [7], [8], [7, 4], [8, 7], [4, 8], [7], [4, 7], [4], [7], [8], [8, 7], [4, 8], [7, 4], [6], [5], [7], [5, 6], [7, 5], [6, 7], [5], [6, 5], [6], [5], [7], [7, 5], [6, 7], [5, 6], [4], [7], [8], [7, 4], [8, 7], [4, 8], [7], [4, 7], [4], [7], [8], [8, 7], [4, 8], [7, 4], [3], [8], [9], [8, 3], [9, 8], [3, 9]]}","{'map': {'0': 24, '1': 22, '2': 50, '3': 42, '4': 14, '5': 46, '6': 40, '7': 44, '8': 48, '9': 16, '10': 20}, 'arch': {'width': 13, 'height': 5, 'alg_qubits': [14, 40, 16, 42, 18, 44, 20, 46, 22, 48, 24, 50], 'magic_states': [1, 3, 5, 7, 9, 11, 25, 51, 63, 61, 59, 57, 55, 53, 13, 39]}, 'gates': [[10], [5], [4], [4, 5], [10, 4], [5, 10], [9], [4], [3], [4, 9], [3, 4], [9, 3], [4], [9, 4], [9], [4], [3], [3, 4], [9, 3], [4, 9], [8], [3], [2], [3, 8], [2, 3], [8, 2], [3], [8, 3], [8], [3], [2], [2, 3], [8, 2], [3, 8], [7], [2], [1], [2, 7], [1, 2], [7, 1], [2], [7, 2], [7], [2], [1], [1, 2], [7, 1], [2, 7], [6], [1], [0], [1, 6], [0, 1], [6, 0], [1], [6, 1], [6], [1], [0], [0, 1], [6, 0], [1, 6], [7], [2], [1], [2, 7], [1, 2], [7, 1], [2], [7, 2], [7], [2], [1], [1, 2], [7, 1], [2, 7], [8], [3], [2], [3, 8], [2, 3]]}"
jku_suite_83.qasm,"{'map': {'0': 46, '1': 20, '2': 58, '3': 26, '4': 50, '5': 28, '6': 54, '7': 56, '8': 24, '9': 48, '10': 16, '11': 22, '12': 18, '13': 72}, 'arch': {'width': 15, 'height': 5, 'alg_qubits': [16, 46, 18, 48, 20, 50, 22, 52, 24, 54, 26, 56, 28, 58], 'magic_states': [1, 3, 5, 7, 9, 11, 13, 29, 59, 73, 71, 69, 67, 65, 63, 61, 15, 45]}, 'gates': [[13, 2], [12], [13, 12], [13], [12], [2], [2, 12], [13, 2], [12, 13], [11], [2], [3], [2, 11], [3, 2], [11, 3], [2], [11, 2], [11], [2], [3], [3, 2], [11, 3], [2, 11], [8], [3], [4], [3, 8], [4, 3], [8, 4], [3], [8, 3], [8], [3], [4], [4, 3], [8, 4], [3, 8], [7], [4], [9], [4, 7], [9, 4], [7, 9], [4], [7, 4], [7], [4], [9], [9, 4], [7, 9], [4, 7], [6], [9], [10], [9, 6], [10, 9], [6, 10], [9], [6, 9], [6], [9], [10], [10, 9], [6, 10], [9, 6], [5], [10], [0], [10, 5], [0, 10], [5, 0], [10], [5, 10], [5], [10], [0], [0, 10], [5, 0], [10, 5], [6], [9]]}","{'map': {'0': 20, '1': 18, '2': 50, '3': 26, '4': 52, '5': 24, '6': 46, '7': 58, '8': 28, '9': 54, '10': 48, '11': 16, '12': 22, '13': 56}, 'arch': {'width': 15, 'height': 5, 'alg_qubits': [16, 46, 18, 48, 20, 50, 22, 52, 24, 54, 26, 56, 28, 58], 'magic_states': [1, 3, 5, 7, 9, 11, 13, 29, 59, 73, 71, 69, 67, 65, 63, 61, 15, 45]}, 'gates': [[12], [11], [5], [11, 12], [5, 11], [12, 5], [11], [12, 11], [12], [11], [5], [5, 11], [12, 5], [11, 12], [10], [5], [4], [5, 10], [4, 5], [10, 4], [5], [10, 5], [10], [5], [4], [4, 5], [10, 4], [5, 10], [9], [4], [3], [4, 9], [3, 4], [9, 3], [4], [9, 4], [9], [4], [3], [3, 4], [9, 3], [4, 9], [8], [3], [2], [3, 8], [2, 3], [8, 2], [3], [8, 3], [8], [3], [2], [2, 3], [8, 2], [3, 8], [7], [2], [1], [2, 7], [1, 2], [7, 1], [2], [7, 2], [7], [2], [1], [1, 2], [7, 1], [2, 7], [0], [6], [13], [6, 0], [13, 6], [0, 13], [6], [0, 6], [0], [6], [13]]}","{'map': {'0': 54, '1': 26, '2': 22, '3': 52, '4': 16, '5': 58, '6': 20, '7': 46, '8': 50, '9': 18, '10': 24, '11': 28, '12': 56}, 'arch': {'width': 15, 'height': 5, 'alg_qubits': [16, 46, 18, 48, 20, 50, 22, 52, 24, 54, 26, 56, 28, 58], 'magic_states': [1, 3, 5, 7, 9, 11, 13, 29, 59, 73, 71, 69, 67, 65, 63, 61, 15, 45]}, 'gates': [[6], [10], [11], [11, 10], [6, 11], [10, 6], [5], [11], [12], [11, 5], [12, 11], [5, 12], [11], [5, 11], [5], [11], [12], [12, 11], [5, 12], [11, 5], [6], [5], [0], [5, 6], [0, 5], [6, 0], [5], [6, 5], [6], [5], [0], [0, 5], [6, 0], [5, 6], [7], [4], [5], [4, 7], [5, 4], [7, 5], [4], [7, 4], [7], [4], [5], [5, 4], [7, 5], [4, 7], [8], [3], [4], [3, 8], [4, 3], [8, 4], [3], [8, 3], [8], [3], [4], [4, 3], [8, 4], [3, 8], [9], [2], [3], [2, 9], [3, 2], [9, 3], [2], [9, 2], [9], [2], [3], [3, 2], [9, 3], [2, 9], [10], [1], [2], [1, 10], [2, 1]]}","{'map': {'0': 54, '1': 46, '2': 58, '3': 48, '4': 50, '5': 24, '6': 18, '7': 56, '8': 52, '9': 22, '10': 20, '11': 28, '12': 26}, 'arch': {'width': 15, 'height': 5, 'alg_qubits': [16, 46, 18, 48, 20, 50, 22, 52, 24, 54, 26, 56, 28, 58], 'magic_states': [1, 3, 5, 7, 9, 11, 13, 29, 59, 73, 71, 69, 67, 65, 63, 61, 15, 45]}, 'gates': [[6, 11], [4, 6], [5], [11], [0], [11, 5], [0, 11], [5, 0], [11], [5, 11], [5], [11], [0], [0, 11], [5, 0], [11, 5], [6], [4], [11], [4, 6], [11, 4], [6, 11], [4], [6, 4], [6], [4], [11], [11, 4], [6, 11], [4, 6], [7], [3], [4], [3, 7], [4, 3], [7, 4], [3], [7, 3], [7], [3], [4], [4, 3], [7, 4], [3, 7], [8], [2], [3], [2, 8], [3, 2], [8, 3], [2], [8, 2], [8], [2], [3], [3, 2], [8, 3], [2, 8], [9], [1], [2], [1, 9], [2, 1], [9, 2], [1], [9, 1], [9], [1], [2], [2, 1], [9, 2], [1, 9], [12], [10], [1], [10, 12], [1, 10], [12, 1], [10], [12, 10], [12]]}","{'map': {'0': 56, '1': 54, '2': 20, '3': 58, '4': 18, '5': 26, '6': 46, '7': 24, '8': 28, '9': 22, '10': 48, '11': 52, '12': 16}, 'arch': {'width': 15, 'height': 5, 'alg_qubits': [16, 46, 18, 48, 20, 50, 22, 52, 24, 54, 26, 56, 28, 58], 'magic_states': [1, 3, 5, 7, 9, 11, 13, 29, 59, 73, 71, 69, 67, 65, 63, 61, 15, 45]}, 'gates': [[2], [2, 12], [10, 2], [12, 10], [8], [11], [12], [11, 8], [12, 11], [8, 12], [11], [8, 11], [8], [11], [12], [12, 11], [8, 12], [11, 8], [7], [9], [11], [9, 7], [11, 9], [7, 11], [9], [7, 9], [7], [9], [11], [11, 9], [7, 11], [9, 7], [6], [1], [9], [1, 6], [9, 1], [6, 9], [1], [6, 1], [6], [1], [9], [9, 1], [6, 9], [1, 6], [5], [0], [1], [0, 5], [1, 0], [5, 1], [0], [5, 0], [5], [0], [1], [1, 0], [5, 1], [0, 5], [3], [4], [0], [4, 3], [0, 4], [3, 0], [4], [3, 4], [3], [4], [0], [0, 4], [3, 0], [4, 3], [5], [0], [1], [0, 5], [1, 0], [5, 1], [0]]}"
shor_0.qasm,"{'map': {'0': 24, '1': 22, '2': 50, '3': 14, '4': 42, '5': 44, '6': 48, '7': 16, '8': 18, '9': 20, '10': 40, '11': 36}, 'arch': {'width': 13, 'height': 5, 'alg_qubits': [14, 40, 16, 42, 18, 44, 20, 46, 22, 48, 24, 50], 'magic_states': [1, 3, 5, 7, 9, 11, 25, 51, 63, 61, 59, 57, 55, 53, 13, 39]}, 'gates': [[2, 11], [8], [3], [4], [3, 8], [4, 3], [8, 4], [3], [8, 3], [8], [3], [4], [4, 3], [8, 4], [3, 8], [7], [4], [9], [4, 7], [9, 4], [7, 9], [4], [7, 4], [7], [4], [9], [9, 4], [7, 9], [4, 7], [6], [9], [10], [9, 6], [10, 9], [6, 10], [9], [6, 9], [6], [9], [10], [10, 9], [6, 10], [9, 6], [5], [10], [0], [10, 5], [0, 10], [5, 0], [10], [5, 10], [5], [10], [0], [0, 10], [5, 0], [10, 5], [6], [9], [10], [9, 6], [10, 9], [6, 10], [9], [6, 9], [6], [9], [10], [10, 9], [6, 10], [9, 6], [7], [4], [9], [4, 7], [9, 4], [7, 9], [4], [7, 4], [7], [4]]}","{'map': {'0': 24, '1': 48, '2': 22, '3': 50, '4': 44, '5': 14, '6': 16, '7': 20, '8': 18, '9': 46, '10': 40, '11': 36}, 'arch': {'width': 13, 'height': 5, 'alg_qubits': [14, 40, 16, 42, 18, 44, 20, 46, 22, 48, 24, 50], 'magic_states': [1, 3, 5, 7, 9, 11, 25, 51, 63, 61, 59, 57, 55, 53, 13, 39]}, 'gates': [[11, 3], [2, 11], [9], [3], [4], [3, 9], [4, 3], [9, 4], [3], [9, 3], [9], [3], [4], [4, 3], [9, 4], [3, 9], [8], [4], [6], [4, 8], [6, 4], [8, 6], [4], [8, 4], [8], [4], [6], [6, 4], [8, 6], [4, 8], [7], [6], [10], [6, 7], [10, 6], [7, 10], [6], [7, 6], [7], [6], [10], [10, 6], [7, 10], [6, 7], [5], [10], [1], [10, 5], [1, 10], [5, 1], [10], [5, 10], [5], [10], [1], [1, 10], [5, 1], [10, 5], [7], [6], [10], [6, 7], [10, 6], [7, 10], [6], [7, 6], [7], [6], [10], [10, 6], [7, 10], [6, 7], [8], [4], [6], [4, 8], [6, 4], [8, 6], [4], [8, 4], [8]]}","{'map': {'0': 16, '1': 48, '2': 22, '3': 46, '4': 24, '5': 40, '6': 18, '7': 42, '8': 44, '9': 50, '10': 14, '12': 26}, 'arch': {'width': 13, 'height': 5, 'alg_qubits': [14, 40, 16, 42, 18, 44, 20, 46, 22, 48, 24, 50], 'magic_states': [1, 3, 5, 7, 9, 11, 25, 51, 63, 61, 59, 57, 55, 53, 13, 39]}, 'gates': [[9], [10], [12], [12, 10], [9, 12], [10, 9], [8], [6], [10], [6, 8], [10, 6], [8, 10], [6], [8, 6], [8], [6], [10], [10, 6], [8, 10], [6, 8], [7], [5], [6], [5, 7], [6, 5], [7, 6], [5], [7, 5], [7], [5], [6], [6, 5], [7, 6], [5, 7], [4], [0], [5], [0, 4], [5, 0], [4, 5], [0], [4, 0], [4], [0], [5], [5, 0], [4, 5], [0, 4], [2], [3], [0], [3, 2], [0, 3], [2, 0], [3], [2, 3], [2], [3], [0], [0, 3], [2, 0], [3, 2], [4], [0], [5], [0, 4], [5, 0], [4, 5], [0], [4, 0], [4], [0], [5], [5, 0], [4, 5], [0, 4], [7], [5], [6], [5, 7], [6, 5]]}","{'map': {'0': 48, '1': 20, '2': 42, '3': 44, '4': 14, '5': 50, '6': 16, '7': 22, '8': 46, '9': 18, '10': 24}, 'arch': {'width': 13, 'height': 5, 'alg_qubits': [14, 40, 16, 42, 18, 44, 20, 46, 22, 48, 24, 50], 'magic_states': [1, 3, 5, 7, 9, 11, 25, 51, 63, 61, 59, 57, 55, 53, 13, 39]}, 'gates': [[9], [9, 8], [1, 9], [8, 1], [10], [9], [0], [9, 10], [0, 9], [10, 0], [9], [10, 9], [10], [9], [0], [0, 9], [10, 0], [9, 10], [1], [8], [9], [8, 1], [9, 8], [1, 9], [8], [1, 8], [1], [8], [9], [9, 8], [1, 9], [8, 1], [2], [7], [8], [7, 2], [8, 7], [2, 8], [7], [2, 7], [2], [7], [8], [8, 7], [2, 8], [7, 2], [3], [6], [7], [6, 3], [7, 6], [3, 7], [6], [3, 6], [3], [6], [7], [7, 6], [3, 7], [6, 3], [5], [4], [6], [4, 5], [6, 4], [5, 6], [4], [5, 4], [5], [4], [6], [6, 4], [5, 6], [4, 5], [3], [6], [7], [6, 3], [7, 6], [3, 7], [6]]}","{'map': {'0': 48, '1': 20, '2': 42, '3': 44, '4': 14, '5': 50, '6': 16, '7': 22, '8': 46, '9': 18, '10': 24}, 'arch': {'width': 13, 'height': 5, 'alg_qubits': [14, 40, 16, 42, 18, 44, 20, 46, 22, 48, 24, 50], 'magic_states': [1, 3, 5, 7, 9, 11, 25, 51, 63, 61, 59, 57, 55, 53, 13, 39]}, 'gates': [[9], [9, 8], [1, 9], [8, 1], [10], [9], [0], [9, 10], [0, 9], [10, 0], [9], [10, 9], [10], [9], [0], [0, 9], [10, 0], [9, 10], [1], [8], [9], [8, 1], [9, 8], [1, 9], [8], [1, 8], [1], [8], [9], [9, 8], [1, 9], [8, 1], [2], [7], [8], [7, 2], [8, 7], [2, 8], [7], [2, 7], [2], [7], [8], [8, 7], [2, 8], [7, 2], [3], [6], [7], [6, 3], [7, 6], [3, 7], [6], [3, 6], [3], [6], [7], [7, 6], [3, 7], [6, 3], [5], [4], [6], [4, 5], [6, 4], [5, 6], [4], [5, 4], [5], [4], [6], [6, 4], [5, 6], [4, 5], [3], [6], [7], [6, 3], [7, 6], [3, 7], [6]]}"
grover_8.qasm,"{'map': {'0': 26, '1': 24, '2': 12, '3': 8, '4': 22, '5': 10}, 'arch': {'width': 7, 'height': 5, 'alg_qubits': [8, 22, 10, 24, 12, 26], 'magic_states': [1, 3, 5, 13, 27, 33, 31, 29, 7, 21]}, 'gates': [[1], [4], [2], [4, 1], [2, 4], [1, 2], [4], [1, 4], [1], [4], [2], [2, 4], [1, 2], [4, 1], [5], [3], [4], [3, 5], [4, 3], [5, 4], [3], [5, 3], [5], [3], [4], [4, 3], [5, 4], [3, 5], [0], [1], [3], [1, 0], [3, 1], [0, 3], [1], [0, 1], [0], [1], [3], [3, 1], [0, 3], [1, 0], [5], [3], [4], [3, 5], [4, 3], [5, 4], [3], [5, 3], [5], [3], [4], [4, 3], [5, 4], [3, 5], [0], [1], [3], [1, 0], [3, 1], [0, 3], [1], [0, 1], [0], [1], [3], [3, 1], [0, 3], [1, 0], [1], [5], [3], [5, 1], [3, 5], [1, 3], [5], [1, 5], [1], [5], [3]]}","{'map': {'0': 22, '1': 12, '2': 8, '3': 24, '4': 26, '5': 20}, 'arch': {'width': 7, 'height': 5, 'alg_qubits': [8, 22, 10, 24, 12, 26], 'magic_states': [1, 3, 5, 13, 27, 33, 31, 29, 7, 21]}, 'gates': [[2], [2], [2], [2], [2], [2], [2], [2], [2], [2], [2], [2], [2], [2], [2], [2], [2], [2], [2], [2], [2], [2], [2], [2], [2], [2], [2], [2], [2], [2], [2], [2], [2], [2], [2], [2], [2], [2], [2], [2], [2], [0, 2], [4, 5], [5], [3, 5], [5], [4, 5], [4], [5], [3, 5], [5], [5], [5], [5], [5], [5], [5], [5], [5], [5], [5], [5], [5], [5], [5], [5], [5], [5], [5], [5], [5], [5], [5], [5], [5], [5], [5], [5], [5], [5], [5]]}","{'map': {'0': 8, '1': 22, '2': 10, '3': 12, '4': 26}, 'arch': {'width': 7, 'height': 5, 'alg_qubits': [8, 22, 10, 24, 12, 26], 'magic_states': [1, 3, 5, 13, 27, 33, 31, 29, 7, 21]}, 'gates': [[0, 1], [0, 1], [0, 2], [0, 2], [0, 2], [0, 2], [0, 2], [0, 1], [0, 1], [0, 1], [0, 1], [0, 1], [3, 2], [3, 2], [3, 2], [3, 2], [3, 2], [0, 2], [0, 2], [0, 2], [0, 2], [0, 2], [0, 1], [0, 1], [3, 4], [3, 4], [3, 4], [3, 4], [3, 4], [3, 2], [3, 2], [3, 2], [3, 2], [3, 2], [1, 2], [1, 2], [0, 2], [0, 2]]}","{'map': {'0': 22, '1': 12, '2': 8, '3': 10, '4': 26}, 'arch': {'width': 7, 'height': 5, 'alg_qubits': [8, 22, 10, 24, 12, 26], 'magic_states': [1, 3, 5, 13, 27, 33, 31, 29, 7, 21]}, 'gates': [[3], [2], [1], [2, 3], [1, 2], [3, 1], [2], [3, 2], [3], [2], [1], [1, 2], [3, 1], [2, 3], [0], [4], [2], [4, 0], [2, 4], [0, 2], [4], [0, 4], [0], [4], [2], [2, 4], [0, 2], [4, 0], [3], [1], [4], [1, 3], [4, 1], [3, 4], [1], [3, 1], [3], [1], [4], [4, 1], [3, 4], [1, 3], [0], [4], [2], [4, 0], [2, 4], [0, 2], [4], [0, 4], [0], [4], [2], [2, 4], [0, 2], [4, 0], [3], [1], [4], [1, 3], [4, 1], [3, 4], [1], [3, 1], [3], [1], [4], [4, 1], [3, 4], [1, 3], [3], [0], [2], [0, 3], [2, 0], [3, 2], [0], [3, 0], [3], [0], [2]]}","{'map': {'0': 24, '1': 22, '2': 26, '3': 10, '4': 8, '5': 12}, 'arch': {'width': 7, 'height': 5, 'alg_qubits': [8, 22, 10, 24, 12, 26], 'magic_states': [1, 3, 5, 13, 27, 33, 31, 29, 7, 21]}, 'gates': [[4], [4, 0], [1, 4], [0, 1], [3], [2], [5], [2, 3], [5, 2], [3, 5], [2], [3, 2], [3], [2], [5], [5, 2], [3, 5], [2, 3], [5], [3], [4], [3, 5], [4, 3], [5, 4], [3], [5, 3], [5], [3], [4], [4, 3], [5, 4], [3, 5], [1], [0], [3], [0, 1], [3, 0], [1, 3], [0], [1, 0], [1], [0], [3], [3, 0], [1, 3], [0, 1], [5], [3], [4], [3, 5], [4, 3], [5, 4], [3], [5, 3], [5], [3], [4], [4, 3], [5, 4], [3, 5], [1], [0], [3], [0, 1], [3, 0], [1, 3], [0], [1, 0], [1], [0], [3], [3, 0], [1, 3], [0, 1], [3], [2], [5], [2, 3], [5, 2], [3, 5], [2]]}"
jku_suite_63.qasm,"{'map': {'0': 18, '1': 50, '2': 22, '3': 46, '4': 16, '5': 20, '6': 40, '7': 44, '8': 14, '9': 42, '10': 24, '12': 26}, 'arch': {'width': 13, 'height': 5, 'alg_qubits': [14, 40, 16, 42, 18, 44, 20, 46, 22, 48, 24, 50], 'magic_states': [1, 3, 5, 7, 9, 11, 25, 51, 63, 61, 59, 57, 55, 53, 13, 39]}, 'gates': [[9], [10], [12], [12, 10], [9, 12], [10, 9], [7], [8], [10], [8, 7], [10, 8], [7, 10], [8], [7, 8], [7], [8], [10], [10, 8], [7, 10], [8, 7], [5], [6], [8], [6, 5], [8, 6], [5, 8], [6], [5, 6], [5], [6], [8], [8, 6], [5, 8], [6, 5], [4], [0], [6], [0, 4], [6, 0], [4, 6], [0], [4, 0], [4], [0], [6], [6, 0], [4, 6], [0, 4], [2], [3], [0], [3, 2], [0, 3], [2, 0], [3], [2, 3], [2], [3], [0], [0, 3], [2, 0], [3, 2], [4], [0], [6], [0, 4], [6, 0], [4, 6], [0], [4, 0], [4], [0], [6], [6, 0], [4, 6], [0, 4], [5], [6], [8], [6, 5], [8, 6]]}","{'map': {'0': 24, '1': 22, '2': 50, '3': 42, '4': 14, '5': 46, '6': 40, '7': 44, '8': 48, '9': 16, '10': 20}, 'arch': {'width': 13, 'height': 5, 'alg_qubits': [14, 40, 16, 42, 18, 44, 20, 46, 22, 48, 24, 50], 'magic_states': [1, 3, 5, 7, 9, 11, 25, 51, 63, 61, 59, 57, 55, 53, 13, 39]}, 'gates': [[10], [5], [4], [4, 5], [10, 4], [5, 10], [9], [4], [3], [4, 9], [3, 4], [9, 3], [4], [9, 4], [9], [4], [3], [3, 4], [9, 3], [4, 9], [8], [3], [2], [3, 8], [2, 3], [8, 2], [3], [8, 3], [8], [3], [2], [2, 3], [8, 2], [3, 8], [7], [2], [1], [2, 7], [1, 2], [7, 1], [2], [7, 2], [7], [2], [1], [1, 2], [7, 1], [2, 7], [6], [1], [0], [1, 6], [0, 1], [6, 0], [1], [6, 1], [6], [1], [0], [0, 1], [6, 0], [1, 6], [7], [2], [1], [2, 7], [1, 2], [7, 1], [2], [7, 2], [7], [2], [1], [1, 2], [7, 1], [2, 7], [8], [3], [2], [3, 8], [2, 3]]}","{'map': {'0': 24, '1': 22, '2': 50, '3': 42, '4': 14, '5': 46, '6': 40, '7': 44, '8': 48, '9': 16, '10': 20}, 'arch': {'width': 13, 'height': 5, 'alg_qubits': [14, 40, 16, 42, 18, 44, 20, 46, 22, 48, 24, 50], 'magic_states': [1, 3, 5, 7, 9, 11, 25, 51, 63, 61, 59, 57, 55, 53, 13, 39]}, 'gates': [[10], [5], [4], [4, 5], [10, 4], [5, 10], [9], [4], [3], [4, 9], [3, 4], [9, 3], [4], [9, 4], [9], [4], [3], [3, 4], [9, 3], [4, 9], [8], [3], [2], [3, 8], [2, 3], [8, 2], [3], [8, 3], [8], [3], [2], [2, 3], [8, 2], [3, 8], [7], [2], [1], [2, 7], [1, 2], [7, 1], [2], [7, 2], [7], [2], [1], [1, 2], [7, 1], [2, 7], [6], [1], [0], [1, 6], [0, 1], [6, 0], [1], [6, 1], [6], [1], [0], [0, 1], [6, 0], [1, 6], [7], [2], [1], [2, 7], [1, 2], [7, 1], [2], [7, 2], [7], [2], [1], [1, 2], [7, 1], [2, 7], [8], [3], [2], [3, 8], [2, 3]]}","{'map': {'0': 18, '1': 44, '2': 46, '3': 22, '4': 14, '5': 20, '6': 50, '7': 24, '8': 16, '9': 40, '10': 42}, 'arch': {'width': 13, 'height': 5, 'alg_qubits': [14, 40, 16, 42, 18, 44, 20, 46, 22, 48, 24, 50], 'magic_states': [1, 3, 5, 7, 9, 11, 25, 51, 63, 61, 59, 57, 55, 53, 13, 39]}, 'gates': [[5], [4, 5], [4], [5], [7], [7, 5], [4, 7], [5, 4], [6], [3], [5], [3, 6], [5, 3], [6, 5], [3], [6, 3], [6], [3], [5], [5, 3], [6, 5], [3, 6], [9], [8], [3], [8, 9], [3, 8], [9, 3], [8], [9, 8], [9], [8], [3], [3, 8], [9, 3], [8, 9], [6], [3], [5], [3, 6], [5, 3], [6, 5], [3], [6, 3], [6], [3], [5], [5, 3], [6, 5], [3, 6], [4], [5], [7], [5, 4], [7, 5], [4, 7], [5], [4, 5], [4], [5], [7], [7, 5], [4, 7], [5, 4], [2], [7], [10], [7, 2], [10, 7], [2, 10], [7], [2, 7], [2], [7], [10], [10, 7], [2, 10], [7, 2], [1], [10], [0]]}","{'map': {'0': 18, '1': 44, '2': 46, '3': 22, '4': 14, '5': 20, '6': 50, '7': 24, '8': 16, '9': 40, '10': 42}, 'arch': {'width': 13, 'height': 5, 'alg_qubits': [14, 40, 16, 42, 18, 44, 20, 46, 22, 48, 24, 50], 'magic_states': [1, 3, 5, 7, 9, 11, 25, 51, 63, 61, 59, 57, 55, 53, 13, 39]}, 'gates': [[5], [4, 5], [4], [5], [7], [7, 5], [4, 7], [5, 4], [6], [3], [5], [3, 6], [5, 3], [6, 5], [3], [6, 3], [6], [3], [5], [5, 3], [6, 5], [3, 6], [9], [8], [3], [8, 9], [3, 8], [9, 3], [8], [9, 8], [9], [8], [3], [3, 8], [9, 3], [8, 9], [6], [3], [5], [3, 6], [5, 3], [6, 5], [3], [6, 3], [6], [3], [5], [5, 3], [6, 5], [3, 6], [4], [5], [7], [5, 4], [7, 5], [4, 7], [5], [4, 5], [4], [5], [7], [7, 5], [4, 7], [5, 4], [2], [7], [10], [7, 2], [10, 7], [2, 10], [7], [2, 7], [2], [7], [10], [10, 7], [2, 10], [7, 2], [1], [10], [0]]}"
jku_suite_22.qasm,"{'map': {'0': 46, '1': 50, '2': 56, '3': 20, '4': 48, '5': 54, '6': 24, '7': 28, '8': 52, '9': 22, '10': 58, '11': 26, '12': 16}, 'arch': {'width': 15, 'height': 5, 'alg_qubits': [16, 46, 18, 48, 20, 50, 22, 52, 24, 54, 26, 56, 28, 58], 'magic_states': [1, 3, 5, 7, 9, 11, 13, 29, 59, 73, 71, 69, 67, 65, 63, 61, 15, 45]}, 'gates': [[0, 3], [2, 0], [3, 2], [4], [0], [5], [0, 4], [5, 0], [4, 5], [0], [4, 0], [4], [0], [5], [5, 0], [4, 5], [0, 4], [7], [5], [6], [5, 7], [6, 5], [7, 6], [5], [7, 5], [7], [5], [6], [6, 5], [7, 6], [5, 7], [8], [6], [10], [6, 8], [10, 6], [8, 10], [6], [8, 6], [8], [6], [10], [10, 6], [8, 10], [6, 8], [9], [10], [12], [10, 9], [12, 10], [9, 12], [10], [9, 10], [9], [10], [12], [12, 10], [9, 12], [10, 9], [11], [12], [1], [12, 11], [1, 12], [11, 1], [12], [11, 12], [11], [12], [1], [1, 12], [11, 1], [12, 11], [9], [10], [12], [10, 9], [12, 10], [9, 12], [10], [9, 10]]}","{'map': {'0': 48, '1': 28, '2': 50, '3': 54, '4': 56, '5': 46, '6': 20, '7': 52, '8': 22, '9': 26, '10': 16, '11': 24, '12': 58}, 'arch': {'width': 15, 'height': 5, 'alg_qubits': [16, 46, 18, 48, 20, 50, 22, 52, 24, 54, 26, 56, 28, 58], 'magic_states': [1, 3, 5, 7, 9, 11, 13, 29, 59, 73, 71, 69, 67, 65, 63, 61, 15, 45]}, 'gates': [[4], [0], [7], [7, 0], [4, 7], [0, 4], [2], [3], [0], [3, 2], [0, 3], [2, 0], [3], [2, 3], [2], [3], [0], [0, 3], [2, 0], [3, 2], [4], [0], [7], [0, 4], [7, 0], [4, 7], [0], [4, 0], [4], [0], [7], [7, 0], [4, 7], [0, 4], [5], [7], [9], [7, 5], [9, 7], [5, 9], [7], [5, 7], [5], [7], [9], [9, 7], [5, 9], [7, 5], [6], [9], [10], [9, 6], [10, 9], [6, 10], [9], [6, 9], [6], [9], [10], [10, 9], [6, 10], [9, 6], [8], [10], [12], [10, 8], [12, 10], [8, 12], [10], [8, 10], [8], [10], [12], [12, 10], [8, 12], [10, 8], [11], [12], [1], [12, 11], [1, 12]]}","{'map': {'0': 24, '1': 28, '2': 46, '3': 22, '4': 58, '5': 56, '6': 48, '7': 26, '8': 54, '9': 52, '10': 18, '11': 16, '12': 20}, 'arch': {'width': 15, 'height': 5, 'alg_qubits': [16, 46, 18, 48, 20, 50, 22, 52, 24, 54, 26, 56, 28, 58], 'magic_states': [1, 3, 5, 7, 9, 11, 13, 29, 59, 73, 71, 69, 67, 65, 63, 61, 15, 45]}, 'gates': [[8], [10], [12], [12, 10], [8, 12], [10, 8], [11], [12], [2], [12, 11], [2, 12], [11, 2], [12], [11, 12], [11], [12], [2], [2, 12], [11, 2], [12, 11], [8], [10], [12], [10, 8], [12, 10], [8, 12], [10], [8, 10], [8], [10], [12], [12, 10], [8, 12], [10, 8], [7], [9], [10], [9, 7], [10, 9], [7, 10], [9], [7, 9], [7], [9], [10], [10, 9], [7, 10], [9, 7], [6], [1], [9], [1, 6], [9, 1], [6, 9], [1], [6, 1], [6], [1], [9], [9, 1], [6, 9], [1, 6], [5], [0], [1], [0, 5], [1, 0], [5, 1], [0], [5, 0], [5], [0], [1], [1, 0], [5, 1], [0, 5], [3], [4], [0], [4, 3], [0, 4]]}","{'map': {'0': 16, '1': 28, '2': 22, '3': 58, '4': 56, '5': 20, '6': 26, '7': 50, '8': 46, '9': 52, '10': 24, '11': 48, '12': 54, '13': 18}, 'arch': {'width': 15, 'height': 5, 'alg_qubits': [16, 46, 18, 48, 20, 50, 22, 52, 24, 54, 26, 56, 28, 58], 'magic_states': [1, 3, 5, 7, 9, 11, 13, 29, 59, 73, 71, 69, 67, 65, 63, 61, 15, 45]}, 'gates': [[2], [12], [12, 2], [1, 12], [2, 1], [3], [12], [13], [12, 3], [13, 12], [3, 13], [12], [3, 12], [3], [12], [13], [13, 12], [3, 13], [12, 3], [9], [13], [0], [13, 9], [0, 13], [9, 0], [13], [9, 13], [9], [13], [0], [0, 13], [9, 0], [13, 9], [11], [12], [13], [12, 11], [13, 12], [11, 13], [12], [11, 12], [11], [12], [13], [13, 12], [11, 13], [12, 11], [8], [10], [12], [10, 8], [12, 10], [8, 12], [10], [8, 10], [8], [10], [12], [12, 10], [8, 12], [10, 8], [7], [4], [10], [4, 7], [10, 4], [7, 10], [4], [7, 4], [7], [4], [10], [10, 4], [7, 10], [4, 7], [5], [6], [4], [6, 5], [4, 6], [5, 4]]}","{'map': {'0': 56, '1': 54, '2': 20, '3': 58, '4': 18, '5': 26, '6': 46, '7': 24, '8': 28, '9': 22, '10': 48, '11': 52, '12': 16}, 'arch': {'width': 15, 'height': 5, 'alg_qubits': [16, 46, 18, 48, 20, 50, 22, 52, 24, 54, 26, 56, 28, 58], 'magic_states': [1, 3, 5, 7, 9, 11, 13, 29, 59, 73, 71, 69, 67, 65, 63, 61, 15, 45]}, 'gates': [[2], [2, 12], [10, 2], [12, 10], [8], [11], [12], [11, 8], [12, 11], [8, 12], [11], [8, 11], [8], [11], [12], [12, 11], [8, 12], [11, 8], [7], [9], [11], [9, 7], [11, 9], [7, 11], [9], [7, 9], [7], [9], [11], [11, 9], [7, 11], [9, 7], [6], [1], [9], [1, 6], [9, 1], [6, 9], [1], [6, 1], [6], [1], [9], [9, 1], [6, 9], [1, 6], [5], [0], [1], [0, 5], [1, 0], [5, 1], [0], [5, 0], [5], [0], [1], [1, 0], [5, 1], [0, 5], [3], [4], [0], [4, 3], [0, 4], [3, 0], [4], [3, 4], [3], [4], [0], [0, 4], [3, 0], [4, 3], [5], [0], [1], [0, 5], [1, 0], [5, 1], [0]]}"
jku_suite_40.qasm,"{'map': {'0': 10, '1': 16, '2': 32, '3': 28, '4': 30, '5': 34, '6': 14, '7': 12}, 'arch': {'width': 9, 'height': 5, 'alg_qubits': [10, 28, 12, 30, 14, 32, 16, 34], 'magic_states': [1, 3, 5, 7, 17, 35, 43, 41, 39, 37, 9, 27]}, 'gates': [[2], [0, 2], [0], [2], [1], [1, 2], [0, 1], [2, 0], [1], [7], [0], [7, 1], [0, 7], [1, 0], [7], [1, 7], [1], [7], [0], [0, 7], [1, 0], [7, 1], [1], [7], [2], [7, 1], [2, 7], [1, 2], [7], [1, 7], [1], [7], [2], [2, 7], [1, 2], [7, 1], [1], [7], [3], [7, 1], [3, 7], [1, 3], [7], [1, 7], [1], [7], [3], [3, 7], [1, 3], [7, 1], [1], [7], [4], [7, 1], [4, 7], [1, 4], [7], [1, 7], [1], [7], [4], [4, 7], [1, 4], [7, 1], [1], [7], [5], [7, 1], [5, 7], [1, 5], [7], [1, 7], [1], [7], [5], [5, 7], [1, 5], [7, 1], [1], [7], [6]]}","{'map': {'0': 30, '1': 34, '2': 12, '3': 14, '4': 16, '5': 28, '6': 32, '7': 10}, 'arch': {'width': 9, 'height': 5, 'alg_qubits': [10, 28, 12, 30, 14, 32, 16, 34], 'magic_states': [1, 3, 5, 7, 17, 35, 43, 41, 39, 37, 9, 27]}, 'gates': [[7], [2], [7, 0], [2, 7], [0, 2], [7], [0, 7], [0], [7], [2], [2, 7], [0, 2], [7, 0], [0], [7], [3], [7, 0], [3, 7], [0, 3], [7], [0, 7], [0], [7], [3], [3, 7], [0, 3], [7, 0], [0], [7], [4], [7, 0], [4, 7], [0, 4], [7], [0, 7], [0], [7], [4], [4, 7], [0, 4], [7, 0], [0], [7], [5], [7, 0], [5, 7], [0, 5], [7], [0, 7], [0], [7], [5], [5, 7], [0, 5], [7, 0], [0], [7], [6], [7, 0], [6, 7], [0, 6], [7], [0, 7], [0], [7], [6], [6, 7], [0, 6], [7, 0], [0], [1], [5], [1, 0], [5, 1], [0, 5], [1], [0, 1], [0], [1], [5], [5, 1]]}","{'map': {'0': 32, '1': 34, '2': 28, '3': 10, '4': 12, '5': 30, '6': 16, '7': 14}, 'arch': {'width': 9, 'height': 5, 'alg_qubits': [10, 28, 12, 30, 14, 32, 16, 34], 'magic_states': [1, 3, 5, 7, 17, 35, 43, 41, 39, 37, 9, 27]}, 'gates': [[6], [2], [2, 6], [0, 2], [6, 0], [7], [2], [1], [2, 7], [1, 2], [7, 1], [2], [7, 2], [7], [2], [1], [1, 2], [7, 1], [2, 7], [1], [7], [6], [7, 1], [6, 7], [1, 6], [7], [1, 7], [1], [7], [6], [6, 7], [1, 6], [7, 1], [1], [7], [5], [7, 1], [5, 7], [1, 5], [7], [1, 7], [1], [7], [5], [5, 7], [1, 5], [7, 1], [1], [7], [4], [7, 1], [4, 7], [1, 4], [7], [1, 7], [1], [7], [4], [4, 7], [1, 4], [7, 1], [1], [7], [3], [7, 1], [3, 7], [1, 3], [7], [1, 7], [1], [7], [3], [3, 7], [1, 3], [7, 1], [1], [7], [2], [7, 1], [2, 7], [1, 2]]}","{'map': {'0': 32, '1': 12, '2': 16, '3': 30, '4': 28, '5': 10, '6': 14, '7': 4}, 'arch': {'width': 9, 'height': 5, 'alg_qubits': [10, 28, 12, 30, 14, 32, 16, 34], 'magic_states': [1, 3, 5, 7, 17, 35, 43, 41, 39, 37, 9, 27]}, 'gates': [[7, 1], [4, 7], [1, 4], [7], [1, 7], [1], [7], [4], [4, 7], [1, 4], [7, 1], [1], [7], [2], [7, 1], [2, 7], [1, 2], [7], [1, 7], [1], [7], [2], [2, 7], [1, 2], [7, 1], [1], [7], [0], [7, 1], [0, 7], [1, 0], [7], [1, 7], [1], [7], [0], [0, 7], [1, 0], [7, 1], [0], [2], [1], [2, 0], [1, 2], [0, 1], [2], [0, 2], [0], [2], [1], [1, 2], [0, 1], [2, 0], [1], [6], [7], [6, 1], [7, 6], [1, 7], [6], [1, 6], [1], [6], [7], [7, 6], [1, 7], [6, 1], [1], [6], [5], [6, 1], [5, 6], [1, 5], [6], [1, 6], [1], [6], [5], [5, 6], [1, 5], [6, 1]]}","{'map': {'0': 16, '1': 10, '2': 12, '3': 34, '4': 30, '5': 14, '6': 32, '7': 28}, 'arch': {'width': 9, 'height': 5, 'alg_qubits': [10, 28, 12, 30, 14, 32, 16, 34], 'magic_states': [1, 3, 5, 7, 17, 35, 43, 41, 39, 37, 9, 27]}, 'gates': [[3, 1], [0], [7], [6], [7, 0], [6, 7], [0, 6], [7], [0, 7], [0], [7], [6], [6, 7], [0, 6], [7, 0], [0], [7], [5], [7, 0], [5, 7], [0, 5], [7], [0, 7], [0], [7], [5], [5, 7], [0, 5], [7, 0], [0], [7], [4], [7, 0], [4, 7], [0, 4], [7], [0, 7], [0], [7], [4], [4, 7], [0, 4], [7, 0], [0], [7], [3], [7, 0], [3, 7], [0, 3], [7], [0, 7], [0], [7], [3], [3, 7], [0, 3], [7, 0], [0], [7], [2], [7, 0], [2, 7], [0, 2], [7], [0, 7], [0], [7], [2], [2, 7], [0, 2], [7, 0], [0], [4], [6], [4, 0], [6, 4], [0, 6], [4], [0, 4], [0], [4]]}"
jku_suite_84.qasm,"{'map': {'0': 36, '1': 20, '2': 34, '3': 38, '4': 40, '5': 16, '6': 18, '7': 12, '8': 14, '9': 42}, 'arch': {'width': 11, 'height': 5, 'alg_qubits': [12, 34, 14, 36, 16, 38, 18, 40, 20, 42], 'magic_states': [1, 3, 5, 7, 9, 21, 43, 53, 51, 49, 47, 45, 11, 33]}, 'gates': [[1], [1, 2], [4, 1], [2, 4], [5], [8], [2], [8, 5], [2, 8], [5, 2], [8], [5, 8], [5], [8], [2], [2, 8], [5, 2], [8, 5], [7], [6], [8], [6, 7], [8, 6], [7, 8], [6], [7, 6], [7], [6], [8], [8, 6], [7, 8], [6, 7], [5], [8], [2], [8, 5], [2, 8], [5, 2], [8], [5, 8], [5], [8], [2], [2, 8], [5, 2], [8, 5], [4], [2], [1], [2, 4], [1, 2], [4, 1], [2], [4, 2], [4], [2], [1], [1, 2], [4, 1], [2, 4], [0], [3], [9], [3, 0], [9, 3], [0, 9], [3], [0, 3], [0], [3], [9], [9, 3], [0, 9], [3, 0], [2], [1], [3], [1, 2], [3, 1], [2, 3], [1]]}","{'map': {'0': 40, '1': 34, '2': 36, '3': 18, '4': 20, '5': 12, '6': 16, '7': 42, '8': 38, '9': 14}, 'arch': {'width': 11, 'height': 5, 'alg_qubits': [12, 34, 14, 36, 16, 38, 18, 40, 20, 42], 'magic_states': [1, 3, 5, 7, 9, 21, 43, 53, 51, 49, 47, 45, 11, 33]}, 'gates': [[6, 7], [5], [8], [2], [8, 5], [2, 8], [5, 2], [8], [5, 8], [5], [8], [2], [2, 8], [5, 2], [8, 5], [4], [2], [1], [2, 4], [1, 2], [4, 1], [2], [4, 2], [4], [2], [1], [1, 2], [4, 1], [2, 4], [0], [3], [9], [3, 0], [9, 3], [0, 9], [3], [0, 3], [0], [3], [9], [9, 3], [0, 9], [3, 0], [2], [1], [3], [1, 2], [3, 1], [2, 3], [1], [2, 1], [2], [1], [3], [3, 1], [2, 3], [1, 2], [0], [3], [9], [3, 0], [9, 3], [0, 9], [3], [0, 3], [0], [3], [9], [9, 3], [0, 9], [3, 0], [2], [1], [3], [1, 2], [3, 1], [2, 3], [1], [2, 1], [2], [1]]}","{'map': {'0': 42, '1': 14, '2': 34, '3': 16, '4': 12, '5': 40, '6': 38, '7': 18, '8': 36, '9': 20}, 'arch': {'width': 11, 'height': 5, 'alg_qubits': [12, 34, 14, 36, 16, 38, 18, 40, 20, 42], 'magic_states': [1, 3, 5, 7, 9, 21, 43, 53, 51, 49, 47, 45, 11, 33]}, 'gates': [[6, 7], [5], [8], [2], [8, 5], [2, 8], [5, 2], [8], [5, 8], [5], [8], [2], [2, 8], [5, 2], [8, 5], [4], [2], [1], [2, 4], [1, 2], [4, 1], [2], [4, 2], [4], [2], [1], [1, 2], [4, 1], [2, 4], [0], [3], [9], [3, 0], [9, 3], [0, 9], [3], [0, 3], [0], [3], [9], [9, 3], [0, 9], [3, 0], [2], [1], [3], [1, 2], [3, 1], [2, 3], [1], [2, 1], [2], [1], [3], [3, 1], [2, 3], [1, 2], [0], [3], [9], [3, 0], [9, 3], [0, 9], [3], [0, 3], [0], [3], [9], [9, 3], [0, 9], [3, 0], [2], [1], [3], [1, 2], [3, 1], [2, 3], [1], [2, 1], [2], [1]]}","{'map': {'0': 42, '1': 14, '2': 34, '3': 16, '4': 12, '5': 40, '6': 38, '7': 18, '8': 36, '9': 20}, 'arch': {'width': 11, 'height': 5, 'alg_qubits': [12, 34, 14, 36, 16, 38, 18, 40, 20, 42], 'magic_states': [1, 3, 5, 7, 9, 21, 43, 53, 51, 49, 47, 45, 11, 33]}, 'gates': [[6, 7], [5], [8], [2], [8, 5], [2, 8], [5, 2], [8], [5, 8], [5], [8], [2], [2, 8], [5, 2], [8, 5], [4], [2], [1], [2, 4], [1, 2], [4, 1], [2], [4, 2], [4], [2], [1], [1, 2], [4, 1], [2, 4], [0], [3], [9], [3, 0], [9, 3], [0, 9], [3], [0, 3], [0], [3], [9], [9, 3], [0, 9], [3, 0], [2], [1], [3], [1, 2], [3, 1], [2, 3], [1], [2, 1], [2], [1], [3], [3, 1], [2, 3], [1, 2], [0], [3], [9], [3, 0], [9, 3], [0, 9], [3], [0, 3], [0], [3], [9], [9, 3], [0, 9], [3, 0], [2], [1], [3], [1, 2], [3, 1], [2, 3], [1], [2, 1], [2], [1]]}","{'map': {'0': 40, '1': 18, '2': 12, '3': 16, '4': 36, '5': 14, '6': 42, '7': 20, '8': 34, '9': 38}, 'arch': {'width': 11, 'height': 5, 'alg_qubits': [12, 34, 14, 36, 16, 38, 18, 40, 20, 42], 'magic_states': [1, 3, 5, 7, 9, 21, 43, 53, 51, 49, 47, 45, 11, 33]}, 'gates': [[3, 1], [2, 3], [1, 2], [0], [3], [9], [3, 0], [9, 3], [0, 9], [3], [0, 3], [0], [3], [9], [9, 3], [0, 9], [3, 0], [2], [1], [3], [1, 2], [3, 1], [2, 3], [1], [2, 1], [2], [1], [3], [3, 1], [2, 3], [1, 2], [3], [1], [0], [1, 3], [0, 1], [3, 0], [1], [3, 1], [3], [1], [0], [0, 1], [3, 0], [1, 3], [4], [2], [1], [2, 4], [1, 2], [4, 1], [2], [4, 2], [4], [2], [1], [1, 2], [4, 1], [2, 4], [5], [8], [2], [8, 5], [2, 8], [5, 2], [8], [5, 8], [5], [8], [2], [2, 8], [5, 2], [8, 5], [7], [6], [8], [6, 7], [8, 6], [7, 8], [6], [7, 6]]}"
shor_8.qasm,"{'map': {'0': 16, '1': 48, '2': 22, '3': 46, '4': 24, '5': 40, '6': 18, '7': 42, '8': 44, '9': 50, '10': 14, '12': 26}, 'arch': {'width': 13, 'height': 5, 'alg_qubits': [14, 40, 16, 42, 18, 44, 20, 46, 22, 48, 24, 50], 'magic_states': [1, 3, 5, 7, 9, 11, 25, 51, 63, 61, 59, 57, 55, 53, 13, 39]}, 'gates': [[9], [10], [12], [12, 10], [9, 12], [10, 9], [8], [6], [10], [6, 8], [10, 6], [8, 10], [6], [8, 6], [8], [6], [10], [10, 6], [8, 10], [6, 8], [7], [5], [6], [5, 7], [6, 5], [7, 6], [5], [7, 5], [7], [5], [6], [6, 5], [7, 6], [5, 7], [4], [0], [5], [0, 4], [5, 0], [4, 5], [0], [4, 0], [4], [0], [5], [5, 0], [4, 5], [0, 4], [2], [3], [0], [3, 2], [0, 3], [2, 0], [3], [2, 3], [2], [3], [0], [0, 3], [2, 0], [3, 2], [4], [0], [5], [0, 4], [5, 0], [4, 5], [0], [4, 0], [4], [0], [5], [5, 0], [4, 5], [0, 4], [7], [5], [6], [5, 7], [6, 5]]}","{'map': {'0': 18, '1': 50, '2': 22, '3': 46, '4': 16, '5': 20, '6': 40, '7': 44, '8': 14, '9': 42, '10': 24, '12': 26}, 'arch': {'width': 13, 'height': 5, 'alg_qubits': [14, 40, 16, 42, 18, 44, 20, 46, 22, 48, 24, 50], 'magic_states': [1, 3, 5, 7, 9, 11, 25, 51, 63, 61, 59, 57, 55, 53, 13, 39]}, 'gates': [[9], [10], [12], [12, 10], [9, 12], [10, 9], [7], [8], [10], [8, 7], [10, 8], [7, 10], [8], [7, 8], [7], [8], [10], [10, 8], [7, 10], [8, 7], [5], [6], [8], [6, 5], [8, 6], [5, 8], [6], [5, 6], [5], [6], [8], [8, 6], [5, 8], [6, 5], [4], [0], [6], [0, 4], [6, 0], [4, 6], [0], [4, 0], [4], [0], [6], [6, 0], [4, 6], [0, 4], [2], [3], [0], [3, 2], [0, 3], [2, 0], [3], [2, 3], [2], [3], [0], [0, 3], [2, 0], [3, 2], [4], [0], [6], [0, 4], [6, 0], [4, 6], [0], [4, 0], [4], [0], [6], [6, 0], [4, 6], [0, 4], [5], [6], [8], [6, 5], [8, 6]]}","{'map': {'0': 22, '1': 40, '2': 16, '3': 18, '4': 50, '5': 24, '6': 14, '7': 46, '8': 44, '9': 42, '10': 48}, 'arch': {'width': 13, 'height': 5, 'alg_qubits': [14, 40, 16, 42, 18, 44, 20, 46, 22, 48, 24, 50], 'magic_states': [1, 3, 5, 7, 9, 11, 25, 51, 63, 61, 59, 57, 55, 53, 13, 39]}, 'gates': [[10], [0], [0, 10], [1, 0], [10, 1], [2], [8], [10], [8, 2], [10, 8], [2, 10], [8], [2, 8], [2], [8], [10], [10, 8], [2, 10], [8, 2], [5], [4], [8], [4, 5], [8, 4], [5, 8], [4], [5, 4], [5], [4], [8], [8, 4], [5, 8], [4, 5], [6], [3], [4], [3, 6], [4, 3], [6, 4], [3], [6, 3], [6], [3], [4], [4, 3], [6, 4], [3, 6], [9], [7], [3], [7, 9], [3, 7], [9, 3], [7], [9, 7], [9], [7], [3], [3, 7], [9, 3], [7, 9], [6], [3], [4], [3, 6], [4, 3], [6, 4], [3], [6, 3], [6], [3], [4], [4, 3], [6, 4], [3, 6], [5], [4], [8], [4, 5], [8, 4], [5, 8]]}","{'map': {'0': 48, '1': 44, '2': 40, '3': 50, '4': 16, '5': 46, '6': 24, '7': 18, '8': 22, '9': 14, '10': 20}, 'arch': {'width': 13, 'height': 5, 'alg_qubits': [14, 40, 16, 42, 18, 44, 20, 46, 22, 48, 24, 50], 'magic_states': [1, 3, 5, 7, 9, 11, 25, 51, 63, 61, 59, 57, 55, 53, 13, 39]}, 'gates': [[6, 3], [5], [4], [6], [4, 5], [6, 4], [5, 6], [4], [5, 4], [5], [4], [6], [6, 4], [5, 6], [4, 5], [3], [6], [7], [6, 3], [7, 6], [3, 7], [6], [3, 6], [3], [6], [7], [7, 6], [3, 7], [6, 3], [2], [7], [8], [7, 2], [8, 7], [2, 8], [7], [2, 7], [2], [7], [8], [8, 7], [2, 8], [7, 2], [1], [8], [9], [8, 1], [9, 8], [1, 9], [8], [1, 8], [1], [8], [9], [9, 8], [1, 9], [8, 1], [10], [9], [0], [9, 10], [0, 9], [10, 0], [9], [10, 9], [10], [9], [0], [0, 9], [10, 0], [9, 10], [1], [8], [9], [8, 1], [9, 8], [1, 9], [8], [1, 8], [1], [8]]}","{'map': {'0': 22, '1': 40, '2': 16, '3': 14, '4': 24, '5': 42, '6': 50, '7': 46, '8': 44, '9': 20, '10': 48}, 'arch': {'width': 13, 'height': 5, 'alg_qubits': [14, 40, 16, 42, 18, 44, 20, 46, 22, 48, 24, 50], 'magic_states': [1, 3, 5, 7, 9, 11, 25, 51, 63, 61, 59, 57, 55, 53, 13, 39]}, 'gates': [[6, 3], [5], [4], [6], [4, 5], [6, 4], [5, 6], [4], [5, 4], [5], [4], [6], [6, 4], [5, 6], [4, 5], [3], [6], [7], [6, 3], [7, 6], [3, 7], [6], [3, 6], [3], [6], [7], [7, 6], [3, 7], [6, 3], [2], [7], [8], [7, 2], [8, 7], [2, 8], [7], [2, 7], [2], [7], [8], [8, 7], [2, 8], [7, 2], [1], [8], [9], [8, 1], [9, 8], [1, 9], [8], [1, 8], [1], [8], [9], [9, 8], [1, 9], [8, 1], [10], [9], [0], [9, 10], [0, 9], [10, 0], [9], [10, 9], [10], [9], [0], [0, 9], [10, 0], [9, 10], [1], [8], [9], [8, 1], [9, 8], [1, 9], [8], [1, 8], [1], [8]]}"
jku_suite_5.qasm,"{'map': {'0': 18, '1': 38, '2': 12, '3': 20, '4': 40, '5': 36, '6': 34, '7': 14, '8': 42}, 'arch': {'width': 11, 'height': 5, 'alg_qubits': [12, 34, 14, 36, 16, 38, 18, 40, 20, 42], 'magic_states': [1, 3, 5, 7, 9, 21, 43, 53, 51, 49, 47, 45, 11, 33]}, 'gates': [[2], [0], [0, 2], [5, 0], [2, 5], [4], [0], [1], [0, 4], [1, 0], [4, 1], [0], [4, 0], [4], [0], [1], [1, 0], [4, 1], [0, 4], [5], [2], [0], [2, 5], [0, 2], [5, 0], [2], [5, 2], [5], [2], [0], [0, 2], [5, 0], [2, 5], [6], [3], [2], [3, 6], [2, 3], [6, 2], [3], [6, 3], [6], [3], [2], [2, 3], [6, 2], [3, 6], [8], [7], [3], [7, 8], [3, 7], [8, 3], [7], [8, 7], [8], [7], [3], [3, 7], [8, 3], [7, 8], [6], [3], [2], [3, 6], [2, 3], [6, 2], [3], [6, 3], [6], [3], [2], [2, 3], [6, 2], [3, 6], [5], [2], [0], [2, 5], [0, 2], [5, 0]]}","{'map': {'0': 18, '1': 38, '2': 12, '3': 20, '4': 40, '5': 36, '6': 34, '7': 14, '8': 42}, 'arch': {'width': 11, 'height': 5, 'alg_qubits': [12, 34, 14, 36, 16, 38, 18, 40, 20, 42], 'magic_states': [1, 3, 5, 7, 9, 21, 43, 53, 51, 49, 47, 45, 11, 33]}, 'gates': [[2], [0], [0, 2], [5, 0], [2, 5], [4], [0], [1], [0, 4], [1, 0], [4, 1], [0], [4, 0], [4], [0], [1], [1, 0], [4, 1], [0, 4], [5], [2], [0], [2, 5], [0, 2], [5, 0], [2], [5, 2], [5], [2], [0], [0, 2], [5, 0], [2, 5], [6], [3], [2], [3, 6], [2, 3], [6, 2], [3], [6, 3], [6], [3], [2], [2, 3], [6, 2], [3, 6], [8], [7], [3], [7, 8], [3, 7], [8, 3], [7], [8, 7], [8], [7], [3], [3, 7], [8, 3], [7, 8], [6], [3], [2], [3, 6], [2, 3], [6, 2], [3], [6, 3], [6], [3], [2], [2, 3], [6, 2], [3, 6], [5], [2], [0], [2, 5], [0, 2], [5, 0]]}","{'map': {'0': 40, '1': 34, '2': 36, '3': 18, '4': 20, '5': 12, '6': 16, '7': 42, '8': 38, '9': 14}, 'arch': {'width': 11, 'height': 5, 'alg_qubits': [12, 34, 14, 36, 16, 38, 18, 40, 20, 42], 'magic_states': [1, 3, 5, 7, 9, 21, 43, 53, 51, 49, 47, 45, 11, 33]}, 'gates': [[6, 7], [5], [8], [2], [8, 5], [2, 8], [5, 2], [8], [5, 8], [5], [8], [2], [2, 8], [5, 2], [8, 5], [4], [2], [1], [2, 4], [1, 2], [4, 1], [2], [4, 2], [4], [2], [1], [1, 2], [4, 1], [2, 4], [0], [3], [9], [3, 0], [9, 3], [0, 9], [3], [0, 3], [0], [3], [9], [9, 3], [0, 9], [3, 0], [2], [1], [3], [1, 2], [3, 1], [2, 3], [1], [2, 1], [2], [1], [3], [3, 1], [2, 3], [1, 2], [0], [3], [9], [3, 0], [9, 3], [0, 9], [3], [0, 3], [0], [3], [9], [9, 3], [0, 9], [3, 0], [2], [1], [3], [1, 2], [3, 1], [2, 3], [1], [2, 1], [2], [1]]}","{'map': {'0': 42, '1': 14, '2': 34, '3': 16, '4': 12, '5': 40, '6': 38, '7': 18, '8': 36, '9': 20}, 'arch': {'width': 11, 'height': 5, 'alg_qubits': [12, 34, 14, 36, 16, 38, 18, 40, 20, 42], 'magic_states': [1, 3, 5, 7, 9, 21, 43, 53, 51, 49, 47, 45, 11, 33]}, 'gates': [[6, 7], [5], [8], [2], [8, 5], [2, 8], [5, 2], [8], [5, 8], [5], [8], [2], [2, 8], [5, 2], [8, 5], [4], [2], [1], [2, 4], [1, 2], [4, 1], [2], [4, 2], [4], [2], [1], [1, 2], [4, 1], [2, 4], [0], [3], [9], [3, 0], [9, 3], [0, 9], [3], [0, 3], [0], [3], [9], [9, 3], [0, 9], [3, 0], [2], [1], [3], [1, 2], [3, 1], [2, 3], [1], [2, 1], [2], [1], [3], [3, 1], [2, 3], [1, 2], [0], [3], [9], [3, 0], [9, 3], [0, 9], [3], [0, 3], [0], [3], [9], [9, 3], [0, 9], [3, 0], [2], [1], [3], [1, 2], [3, 1], [2, 3], [1], [2, 1], [2], [1]]}","{'map': {'0': 42, '1': 14, '2': 34, '3': 16, '4': 12, '5': 40, '6': 38, '7': 18, '8': 36, '9': 20}, 'arch': {'width': 11, 'height': 5, 'alg_qubits': [12, 34, 14, 36, 16, 38, 18, 40, 20, 42], 'magic_states': [1, 3, 5, 7, 9, 21, 43, 53, 51, 49, 47, 45, 11, 33]}, 'gates': [[6, 7], [5], [8], [2], [8, 5], [2, 8], [5, 2], [8], [5, 8], [5], [8], [2], [2, 8], [5, 2], [8, 5], [4], [2], [1], [2, 4], [1, 2], [4, 1], [2], [4, 2], [4], [2], [1], [1, 2], [4, 1], [2, 4], [0], [3], [9], [3, 0], [9, 3], [0, 9], [3], [0, 3], [0], [3], [9], [9, 3], [0, 9], [3, 0], [2], [1], [3], [1, 2], [3, 1], [2, 3], [1], [2, 1], [2], [1], [3], [3, 1], [2, 3], [1, 2], [0], [3], [9], [3, 0], [9, 3], [0, 9], [3], [0, 3], [0], [3], [9], [9, 3], [0, 9], [3, 0], [2], [1], [3], [1, 2], [3, 1], [2, 3], [1], [2, 1], [2], [1]]}"
qft_1.qasm,"{'map': {'0': 32, '1': 34, '2': 12, '3': 16, '4': 14, '5': 30, '6': 10}, 'arch': {'width': 9, 'height': 5, 'alg_qubits': [10, 28, 12, 30, 14, 32, 16, 34], 'magic_states': [1, 3, 5, 7, 17, 35, 43, 41, 39, 37, 9, 27]}, 'gates': [[4], [2], [1], [2, 4], [1, 2], [4, 1], [2], [4, 2], [4], [2], [1], [1, 2], [4, 1], [2, 4], [6], [5], [2], [5, 6], [2, 5], [6, 2], [5], [6, 5], [6], [5], [2], [2, 5], [6, 2], [5, 6], [4], [2], [1], [2, 4], [1, 2], [4, 1], [2], [4, 2], [4], [2], [1], [1, 2], [4, 1], [2, 4], [3], [1], [0], [1, 3], [0, 1], [3, 0], [1], [3, 1], [3], [1], [0], [0, 1], [3, 0], [1, 3], [4], [2], [1], [2, 4], [1, 2], [4, 1], [2], [4, 2], [4], [2], [1], [1, 2], [4, 1], [2, 4], [6], [5], [2], [5, 6], [2, 5], [6, 2], [5], [6, 5], [6], [5], [2]]}","{'map': {'0': 34, '1': 28, '2': 10, '3': 16, '4': 14, '5': 32, '6': 30}, 'arch': {'width': 9, 'height': 5, 'alg_qubits': [10, 28, 12, 30, 14, 32, 16, 34], 'magic_states': [1, 3, 5, 7, 17, 35, 43, 41, 39, 37, 9, 27]}, 'gates': [[4], [2], [1], [2, 4], [1, 2], [4, 1], [2], [4, 2], [4], [2], [1], [1, 2], [4, 1], [2, 4], [6], [5], [2], [5, 6], [2, 5], [6, 2], [5], [6, 5], [6], [5], [2], [2, 5], [6, 2], [5, 6], [4], [2], [1], [2, 4], [1, 2], [4, 1], [2], [4, 2], [4], [2], [1], [1, 2], [4, 1], [2, 4], [3], [1], [0], [1, 3], [0, 1], [3, 0], [1], [3, 1], [3], [1], [0], [0, 1], [3, 0], [1, 3], [4], [2], [1], [2, 4], [1, 2], [4, 1], [2], [4, 2], [4], [2], [1], [1, 2], [4, 1], [2, 4], [6], [5], [2], [5, 6], [2, 5], [6, 2], [5], [6, 5], [6], [5], [2]]}","{'map': {'0': 10, '1': 12, '2': 32, '3': 16, '4': 14, '5': 34, '6': 30, '7': 28}, 'arch': {'width': 9, 'height': 5, 'alg_qubits': [10, 28, 12, 30, 14, 32, 16, 34], 'magic_states': [1, 3, 5, 7, 17, 35, 43, 41, 39, 37, 9, 27]}, 'gates': [[4, 1], [2, 4], [3], [1], [0], [1, 3], [0, 1], [3, 0], [1], [3, 1], [3], [1], [0], [0, 1], [3, 0], [1, 3], [4], [2], [1], [2, 4], [1, 2], [4, 1], [2], [4, 2], [4], [2], [1], [1, 2], [4, 1], [2, 4], [6], [5], [2], [5, 6], [2, 5], [6, 2], [5], [6, 5], [6], [5], [2], [2, 5], [6, 2], [5, 6], [4], [2], [1], [2, 4], [1, 2], [4, 1], [2], [4, 2], [4], [2], [1], [1, 2], [4, 1], [2, 4], [0], [3], [7], [3, 0], [7, 3], [0, 7], [3], [0, 3], [0], [3], [7], [7, 3], [0, 7], [3, 0], [2], [1], [3], [1, 2], [3, 1], [2, 3], [1], [2, 1], [2]]}","{'map': {'0': 16, '1': 12, '2': 30, '3': 32, '4': 28, '5': 34, '6': 14}, 'arch': {'width': 9, 'height': 5, 'alg_qubits': [10, 28, 12, 30, 14, 32, 16, 34], 'magic_states': [1, 3, 5, 7, 17, 35, 43, 41, 39, 37, 9, 27]}, 'gates': [[3], [1], [0], [1, 3], [0, 1], [3, 0], [1], [3, 1], [3], [1], [0], [0, 1], [3, 0], [1, 3], [4], [2], [1], [2, 4], [1, 2], [4, 1], [2], [4, 2], [4], [2], [1], [1, 2], [4, 1], [2, 4], [6], [5], [2], [5, 6], [2, 5], [6, 2], [5], [6, 5], [6], [5], [2], [2, 5], [6, 2], [5, 6], [4], [2], [1], [2, 4], [1, 2], [4, 1], [2], [4, 2], [4], [2], [1], [1, 2], [4, 1], [2, 4], [3], [1], [0], [1, 3], [0, 1], [3, 0], [1], [3, 1], [3], [1], [0], [0, 1], [3, 0], [1, 3], [4], [2], [1], [2, 4], [1, 2], [4, 1], [2], [4, 2], [4], [2], [1]]}","{'map': {'0': 16, '1': 12, '2': 30, '3': 32, '4': 28, '5': 34, '6': 14}, 'arch': {'width': 9, 'height': 5, 'alg_qubits': [10, 28, 12, 30, 14, 32, 16, 34], 'magic_states': [1, 3, 5, 7, 17, 35, 43, 41, 39, 37, 9, 27]}, 'gates': [[3], [1], [0], [1, 3], [0, 1], [3, 0], [1], [3, 1], [3], [1], [0], [0, 1], [3, 0], [1, 3], [4], [2], [1], [2, 4], [1, 2], [4, 1], [2], [4, 2], [4], [2], [1], [1, 2], [4, 1], [2, 4], [6], [5], [2], [5, 6], [2, 5], [6, 2], [5], [6, 5], [6], [5], [2], [2, 5], [6, 2], [5, 6], [4], [2], [1], [2, 4], [1, 2], [4, 1], [2], [4, 2], [4], [2], [1], [1, 2], [4, 1], [2, 4], [3], [1], [0], [1, 3], [0, 1], [3, 0], [1], [3, 1], [3], [1], [0], [0, 1], [3, 0], [1, 3], [4], [2], [1], [2, 4], [1, 2], [4, 1], [2], [4, 2], [4], [2], [1]]}"
quest_suite_18.qasm,"{'map': {'0': 18, '1': 16, '2': 8, '3': 6}, 'arch': {'width': 5, 'height': 5, 'alg_qubits': [6, 16, 8, 18], 'magic_states': [1, 3, 9, 19, 23, 21, 5, 15]}, 'gates': [[0, 1], [0, 1], [0, 3], [0, 3], [0, 2], [0, 2], [1, 2], [1, 2], [1, 3], [1, 3], [0, 1], [0, 1], [2, 3], [2, 3], [0, 3], [0, 3], [0, 2], [0, 2], [1, 2], [1, 2], [1, 3], [1, 3], [0, 1], [0, 1], [2, 3], [2, 3], [0, 3], [0, 3], [0, 2], [0, 2], [1, 2], [1, 2], [1, 3], [1, 3], [0, 1], [0, 1], [2, 3], [2, 3], [0, 3], [0, 3], [0, 2], [0, 2], [1, 2], [1, 2], [1, 3], [1, 3], [2, 3], [2, 3]]}","{'map': {'0': 18, '1': 8, '2': 16, '3': 6}, 'arch': {'width': 5, 'height': 5, 'alg_qubits': [6, 16, 8, 18], 'magic_states': [1, 3, 9, 19, 23, 21, 5, 15]}, 'gates': [[0, 1], [0, 1], [1, 2], [2, 3], [2, 3], [1, 2], [0, 1], [0, 1], [1, 2], [2, 3], [2, 3], [1, 2], [0, 1], [1, 2], [2, 3], [2, 3], [1, 2], [0, 1], [0, 1], [1, 2], [2, 3], [2, 3], [1, 2], [0, 1], [1, 2], [2, 3], [2, 3], [1, 2], [0, 1], [0, 1], [1, 2], [2, 3], [2, 3], [1, 2], [0, 1], [1, 2], [2, 3], [2, 3], [1, 2], [0, 1], [0, 1], [1, 2], [2, 3], [2, 3], [1, 2], [0, 1], [2, 3], [2, 3], [1, 2], [2, 3], [2, 3], [1, 2], [2, 3], [2, 3], [1, 2], [1, 2], [0, 1], [1, 2], [2, 3], [2, 3], [1, 2], [0, 1], [1, 2], [2, 3], [2, 3], [1, 2], [0, 1], [1, 2], [1, 2], [0, 1], [1, 2], [1, 2], [0, 1], [0, 1]]}","{'map': {'0': 16, '1': 18, '2': 8}, 'arch': {'width': 5, 'height': 5, 'alg_qubits': [6, 16, 8, 18], 'magic_states': [1, 3, 9, 19, 23, 21, 5, 15]}, 'gates': [[1], [1], [1], [1], [1], [1], [1], [1], [1], [1], [1], [1], [1], [1], [1], [1], [1], [1], [1], [1], [1], [1], [1], [0, 1], [1, 2], [2], [2], [2], [2], [2], [2], [2], [2], [2], [2], [2], [2], [2], [2], [2], [2], [2], [2], [2], [2], [2], [2], [2], [2], [2], [2], [2], [2], [2], [2], [2], [2], [2], [2], [2], [2], [2], [2], [2], [2], [2], [2], [2], [2], [2], [2], [2], [2], [2], [2], [2], [2], [2], [2], [2], [2]]}","{'map': {'0': 12, '1': 28, '2': 34, '3': 14, '4': 30, '5': 16, '6': 32, '7': 10, '8': 2}, 'arch': {'width': 9, 'height': 5, 'alg_qubits': [10, 28, 12, 30, 14, 32, 16, 34], 'magic_states': [1, 3, 5, 7, 17, 35, 43, 41, 39, 37, 9, 27]}, 'gates': [[8, 0], [2, 8], [0, 2], [8], [0, 8], [0], [8], [2], [2, 8], [0, 2], [8, 0], [0], [8], [6], [8, 0], [6, 8], [0, 6], [8], [0, 8], [0], [8], [6], [6, 8], [0, 6], [8, 0], [2], [6], [3], [6, 2], [3, 6], [2, 3], [6], [2, 6], [2], [6], [3], [3, 6], [2, 3], [6, 2], [2], [6], [4], [6, 2], [4, 6], [2, 4], [6], [2, 6], [2], [6], [4], [4, 6], [2, 4], [6, 2], [2], [6], [5], [6, 2], [5, 6], [2, 5], [6], [2, 6], [2], [6], [5], [5, 6], [2, 5], [6, 2], [5], [1], [0], [1, 5], [0, 1], [5, 0], [1], [5, 1], [5], [1], [0], [0, 1], [5, 0], [1, 5]]}","{'map': {'0': 30, '1': 12, '2': 34, '3': 32, '4': 14, '5': 16, '6': 28, '7': 10, '8': 18}, 'arch': {'width': 9, 'height': 5, 'alg_qubits': [10, 28, 12, 30, 14, 32, 16, 34], 'magic_states': [1, 3, 5, 7, 17, 35, 43, 41, 39, 37, 9, 27]}, 'gates': [[8], [3, 0], [8, 3], [0, 8], [3], [0, 3], [0], [3], [8], [8, 3], [0, 8], [3, 0], [2], [1], [3], [1, 2], [3, 1], [2, 3], [1], [2, 1], [2], [1], [3], [3, 1], [2, 3], [1, 2], [1], [6], [5], [6, 1], [5, 6], [1, 5], [6], [1, 6], [1], [6], [5], [5, 6], [1, 5], [6, 1], [1], [6], [4], [6, 1], [4, 6], [1, 4], [6], [1, 6], [1], [6], [4], [4, 6], [1, 4], [6, 1], [1], [6], [3], [6, 1], [3, 6], [1, 3], [6], [1, 6], [1], [6], [3], [3, 6], [1, 3], [6, 1], [1], [6], [2], [6, 1], [2, 6], [1, 2], [6], [1, 6], [1], [6], [2], [2, 6], [1, 2]]}"
jku_suite_58.qasm,"{'map': {'0': 34, '1': 28, '2': 12, '3': 32, '4': 10, '5': 16, '6': 30, '7': 14}, 'arch': {'width': 9, 'height': 5, 'alg_qubits': [10, 28, 12, 30, 14, 32, 16, 34], 'magic_states': [1, 3, 5, 7, 17, 35, 43, 41, 39, 37, 9, 27]}, 'gates': [[0], [2], [1], [1, 2], [0, 1], [2, 0], [5], [3], [2], [3, 5], [2, 3], [5, 2], [3], [5, 3], [5], [3], [2], [2, 3], [5, 2], [3, 5], [7], [6], [3], [6, 7], [3, 6], [7, 3], [6], [7, 6], [7], [6], [3], [3, 6], [7, 3], [6, 7], [5], [3], [2], [3, 5], [2, 3], [5, 2], [3], [5, 3], [5], [3], [2], [2, 3], [5, 2], [3, 5], [1], [4], [2], [4, 1], [2, 4], [1, 2], [4], [1, 4], [1], [4], [2], [2, 4], [1, 2], [4, 1], [1], [4], [3], [4, 1], [3, 4], [1, 3], [4], [1, 4], [1], [4], [3], [3, 4], [1, 3], [4, 1], [7], [6], [5], [6, 7], [5, 6]]}","{'map': {'0': 30, '1': 34, '2': 14, '3': 32, '4': 16, '5': 10, '6': 28, '7': 12}, 'arch': {'width': 9, 'height': 5, 'alg_qubits': [10, 28, 12, 30, 14, 32, 16, 34], 'magic_states': [1, 3, 5, 7, 17, 35, 43, 41, 39, 37, 9, 27]}, 'gates': [[5, 6], [4], [2], [1], [2, 4], [1, 2], [4, 1], [2], [4, 2], [4], [2], [1], [1, 2], [4, 1], [2, 4], [0], [3], [7], [3, 0], [7, 3], [0, 7], [3], [0, 3], [0], [3], [7], [7, 3], [0, 7], [3, 0], [2], [1], [3], [1, 2], [3, 1], [2, 3], [1], [2, 1], [2], [1], [3], [3, 1], [2, 3], [1, 2], [0], [3], [7], [3, 0], [7, 3], [0, 7], [3], [0, 3], [0], [3], [7], [7, 3], [0, 7], [3, 0], [2], [1], [3], [1, 2], [3, 1], [2, 3], [1], [2, 1], [2], [1], [3], [3, 1], [2, 3], [1, 2], [1], [5], [4], [5, 1], [4, 5], [1, 4], [5], [1, 5], [1], [5]]}","{'map': {'0': 14, '1': 28, '2': 12, '3': 34, '4': 10, '5': 16, '6': 30, '7': 32}, 'arch': {'width': 9, 'height': 5, 'alg_qubits': [10, 28, 12, 30, 14, 32, 16, 34], 'magic_states': [1, 3, 5, 7, 17, 35, 43, 41, 39, 37, 9, 27]}, 'gates': [[4], [0, 4], [0], [4], [5], [5, 4], [0, 5], [4, 0], [0], [1], [4], [1, 0], [4, 1], [0, 4], [1], [0, 1], [0], [1], [4], [4, 1], [0, 4], [1, 0], [0], [2], [1], [2, 0], [1, 2], [0, 1], [2], [0, 2], [0], [2], [1], [1, 2], [0, 1], [2, 0], [5], [3], [2], [3, 5], [2, 3], [5, 2], [3], [5, 3], [5], [3], [2], [2, 3], [5, 2], [3, 5], [7], [6], [3], [6, 7], [3, 6], [7, 3], [6], [7, 6], [7], [6], [3], [3, 6], [7, 3], [6, 7], [5], [3], [2], [3, 5], [2, 3], [5, 2], [3], [5, 3], [5], [3], [2], [2, 3], [5, 2], [3, 5], [0], [2], [1]]}","{'map': {'0': 34, '1': 30, '2': 28, '3': 32, '4': 12, '5': 10, '6': 16, '7': 14}, 'arch': {'width': 9, 'height': 5, 'alg_qubits': [10, 28, 12, 30, 14, 32, 16, 34], 'magic_states': [1, 3, 5, 7, 17, 35, 43, 41, 39, 37, 9, 27]}, 'gates': [[4, 5], [4], [5], [3], [3, 5], [4, 3], [5, 4], [6], [3], [7], [3, 6], [7, 3], [6, 7], [3], [6, 3], [6], [3], [7], [7, 3], [6, 7], [3, 6], [1], [3], [0], [3, 1], [0, 3], [1, 0], [3], [1, 3], [1], [3], [0], [0, 3], [1, 0], [3, 1], [0], [7], [2], [7, 0], [2, 7], [0, 2], [7], [0, 7], [0], [7], [2], [2, 7], [0, 2], [7, 0], [6], [3], [7], [3, 6], [7, 3], [6, 7], [3], [6, 3], [6], [3], [7], [7, 3], [6, 7], [3, 6], [4], [5], [3], [5, 4], [3, 5], [4, 3], [5], [4, 5], [4], [5], [3], [3, 5], [4, 3], [5, 4], [6], [3], [7], [3, 6]]}","{'map': {'0': 14, '1': 30, '2': 16, '3': 34, '4': 12, '5': 10, '6': 32, '7': 28}, 'arch': {'width': 9, 'height': 5, 'alg_qubits': [10, 28, 12, 30, 14, 32, 16, 34], 'magic_states': [1, 3, 5, 7, 17, 35, 43, 41, 39, 37, 9, 27]}, 'gates': [[2, 3], [1, 2], [0], [3], [7], [3, 0], [7, 3], [0, 7], [3], [0, 3], [0], [3], [7], [7, 3], [0, 7], [3, 0], [2], [1], [3], [1, 2], [3, 1], [2, 3], [1], [2, 1], [2], [1], [3], [3, 1], [2, 3], [1, 2], [1], [5], [4], [5, 1], [4, 5], [1, 4], [5], [1, 5], [1], [5], [4], [4, 5], [1, 4], [5, 1], [1], [5], [3], [5, 1], [3, 5], [1, 3], [5], [1, 5], [1], [5], [3], [3, 5], [1, 3], [5, 1], [1], [5], [2], [5, 1], [2, 5], [1, 2], [5], [1, 5], [1], [5], [2], [2, 5], [1, 2], [5, 1], [6], [3], [2], [3, 6], [2, 3], [6, 2], [3], [6, 3], [6]]}"
shor_1.qasm,"{'map': {'0': 24, '1': 22, '2': 50, '3': 42, '4': 14, '5': 46, '6': 40, '7': 44, '8': 48, '9': 16, '10': 20}, 'arch': {'width': 13, 'height': 5, 'alg_qubits': [14, 40, 16, 42, 18, 44, 20, 46, 22, 48, 24, 50], 'magic_states': [1, 3, 5, 7, 9, 11, 25, 51, 63, 61, 59, 57, 55, 53, 13, 39]}, 'gates': [[10], [5], [4], [4, 5], [10, 4], [5, 10], [9], [4], [3], [4, 9], [3, 4], [9, 3], [4], [9, 4], [9], [4], [3], [3, 4], [9, 3], [4, 9], [8], [3], [2], [3, 8], [2, 3], [8, 2], [3], [8, 3], [8], [3], [2], [2, 3], [8, 2], [3, 8], [7], [2], [1], [2, 7], [1, 2], [7, 1], [2], [7, 2], [7], [2], [1], [1, 2], [7, 1], [2, 7], [6], [1], [0], [1, 6], [0, 1], [6, 0], [1], [6, 1], [6], [1], [0], [0, 1], [6, 0], [1, 6], [7], [2], [1], [2, 7], [1, 2], [7, 1], [2], [7, 2], [7], [2], [1], [1, 2], [7, 1], [2, 7], [8], [3], [2], [3, 8], [2, 3]]}","{'map': {'0': 24, '1': 22, '2': 50, '3': 42, '4': 14, '5': 46, '6': 40, '7': 44, '8': 48, '9': 16, '10': 20}, 'arch': {'width': 13, 'height': 5, 'alg_qubits': [14, 40, 16, 42, 18, 44, 20, 46, 22, 48, 24, 50], 'magic_states': [1, 3, 5, 7, 9, 11, 25, 51, 63, 61, 59, 57, 55, 53, 13, 39]}, 'gates': [[10], [5], [4], [4, 5], [10, 4], [5, 10], [9], [4], [3], [4, 9], [3, 4], [9, 3], [4], [9, 4], [9], [4], [3], [3, 4], [9, 3], [4, 9], [8], [3], [2], [3, 8], [2, 3], [8, 2], [3], [8, 3], [8], [3], [2], [2, 3], [8, 2], [3, 8], [7], [2], [1], [2, 7], [1, 2], [7, 1], [2], [7, 2], [7], [2], [1], [1, 2], [7, 1], [2, 7], [6], [1], [0], [1, 6], [0, 1], [6, 0], [1], [6, 1], [6], [1], [0], [0, 1], [6, 0], [1, 6], [7], [2], [1], [2, 7], [1, 2], [7, 1], [2], [7, 2], [7], [2], [1], [1, 2], [7, 1], [2, 7], [8], [3], [2], [3, 8], [2, 3]]}","{'map': {'0': 18, '1': 44, '2': 46, '3': 22, '4': 14, '5': 20, '6': 50, '7': 24, '8': 16, '9': 40, '10': 42}, 'arch': {'width': 13, 'height': 5, 'alg_qubits': [14, 40, 16, 42, 18, 44, 20, 46, 22, 48, 24, 50], 'magic_states': [1, 3, 5, 7, 9, 11, 25, 51, 63, 61, 59, 57, 55, 53, 13, 39]}, 'gates': [[5], [4, 5], [4], [5], [7], [7, 5], [4, 7], [5, 4], [6], [3], [5], [3, 6], [5, 3], [6, 5], [3], [6, 3], [6], [3], [5], [5, 3], [6, 5], [3, 6], [9], [8], [3], [8, 9], [3, 8], [9, 3], [8], [9, 8], [9], [8], [3], [3, 8], [9, 3], [8, 9], [6], [3], [5], [3, 6], [5, 3], [6, 5], [3], [6, 3], [6], [3], [5], [5, 3], [6, 5], [3, 6], [4], [5], [7], [5, 4], [7, 5], [4, 7], [5], [4, 5], [4], [5], [7], [7, 5], [4, 7], [5, 4], [2], [7], [10], [7, 2], [10, 7], [2, 10], [7], [2, 7], [2], [7], [10], [10, 7], [2, 10], [7, 2], [1], [10], [0]]}","{'map': {'0': 18, '1': 44, '2': 46, '3': 22, '4': 14, '5': 20, '6': 50, '7': 24, '8': 16, '9': 40, '10': 42}, 'arch': {'width': 13, 'height': 5, 'alg_qubits': [14, 40, 16, 42, 18, 44, 20, 46, 22, 48, 24, 50], 'magic_states': [1, 3, 5, 7, 9, 11, 25, 51, 63, 61, 59, 57, 55, 53, 13, 39]}, 'gates': [[5], [4, 5], [4], [5], [7], [7, 5], [4, 7], [5, 4], [6], [3], [5], [3, 6], [5, 3], [6, 5], [3], [6, 3], [6], [3], [5], [5, 3], [6, 5], [3, 6], [9], [8], [3], [8, 9], [3, 8], [9, 3], [8], [9, 8], [9], [8], [3], [3, 8], [9, 3], [8, 9], [6], [3], [5], [3, 6], [5, 3], [6, 5], [3], [6, 3], [6], [3], [5], [5, 3], [6, 5], [3, 6], [4], [5], [7], [5, 4], [7, 5], [4, 7], [5], [4, 5], [4], [5], [7], [7, 5], [4, 7], [5, 4], [2], [7], [10], [7, 2], [10, 7], [2, 10], [7], [2, 7], [2], [7], [10], [10, 7], [2, 10], [7, 2], [1], [10], [0]]}","{'map': {'0': 18, '1': 50, '2': 22, '3': 46, '4': 16, '5': 20, '6': 40, '7': 44, '8': 14, '9': 42, '10': 24, '12': 26}, 'arch': {'width': 13, 'height': 5, 'alg_qubits': [14, 40, 16, 42, 18, 44, 20, 46, 22, 48, 24, 50], 'magic_states': [1, 3, 5, 7, 9, 11, 25, 51, 63, 61, 59, 57, 55, 53, 13, 39]}, 'gates': [[9], [10], [12], [12, 10], [9, 12], [10, 9], [7], [8], [10], [8, 7], [10, 8], [7, 10], [8], [7, 8], [7], [8], [10], [10, 8], [7, 10], [8, 7], [5], [6], [8], [6, 5], [8, 6], [5, 8], [6], [5, 6], [5], [6], [8], [8, 6], [5, 8], [6, 5], [4], [0], [6], [0, 4], [6, 0], [4, 6], [0], [4, 0], [4], [0], [6], [6, 0], [4, 6], [0, 4], [2], [3], [0], [3, 2], [0, 3], [2, 0], [3], [2, 3], [2], [3], [0], [0, 3], [2, 0], [3, 2], [4], [0], [6], [0, 4], [6, 0], [4, 6], [0], [4, 0], [4], [0], [6], [6, 0], [4, 6], [0, 4], [5], [6], [8], [6, 5], [8, 6]]}"
quest_suite_10.qasm,"{'map': {'0': 22, '1': 16, '2': 20, '3': 14, '4': 24, '5': 18, '6': 40, '7': 50, '8': 46, '9': 42, '10': 44}, 'arch': {'width': 13, 'height': 5, 'alg_qubits': [14, 40, 16, 42, 18, 44, 20, 46, 22, 48, 24, 50], 'magic_states': [1, 3, 5, 7, 9, 11, 25, 51, 63, 61, 59, 57, 55, 53, 13, 39]}, 'gates': [[3], [6], [7], [6, 3], [7, 6], [3, 7], [6], [3, 6], [3], [6], [7], [7, 6], [3, 7], [6, 3], [5], [4], [6], [4, 5], [6, 4], [5, 6], [4], [5, 4], [5], [4], [6], [6, 4], [5, 6], [4, 5], [3], [6], [7], [6, 3], [7, 6], [3, 7], [6], [3, 6], [3], [6], [7], [7, 6], [3, 7], [6, 3], [2], [7], [8], [7, 2], [8, 7], [2, 8], [7], [2, 7], [2], [7], [8], [8, 7], [2, 8], [7, 2], [1], [8], [9], [8, 1], [9, 8], [1, 9], [8], [1, 8], [1], [8], [9], [9, 8], [1, 9], [8, 1], [10], [9], [0], [9, 10], [0, 9], [10, 0], [9], [10, 9], [10], [9], [0]]}","{'map': {'0': 22, '1': 16, '2': 20, '3': 14, '4': 24, '5': 18, '6': 40, '7': 50, '8': 46, '9': 42, '10': 44}, 'arch': {'width': 13, 'height': 5, 'alg_qubits': [14, 40, 16, 42, 18, 44, 20, 46, 22, 48, 24, 50], 'magic_states': [1, 3, 5, 7, 9, 11, 25, 51, 63, 61, 59, 57, 55, 53, 13, 39]}, 'gates': [[3], [6], [7], [6, 3], [7, 6], [3, 7], [6], [3, 6], [3], [6], [7], [7, 6], [3, 7], [6, 3], [5], [4], [6], [4, 5], [6, 4], [5, 6], [4], [5, 4], [5], [4], [6], [6, 4], [5, 6], [4, 5], [3], [6], [7], [6, 3], [7, 6], [3, 7], [6], [3, 6], [3], [6], [7], [7, 6], [3, 7], [6, 3], [2], [7], [8], [7, 2], [8, 7], [2, 8], [7], [2, 7], [2], [7], [8], [8, 7], [2, 8], [7, 2], [1], [8], [9], [8, 1], [9, 8], [1, 9], [8], [1, 8], [1], [8], [9], [9, 8], [1, 9], [8, 1], [10], [9], [0], [9, 10], [0, 9], [10, 0], [9], [10, 9], [10], [9], [0]]}","{'map': {'0': 48, '1': 44, '2': 40, '3': 50, '4': 16, '5': 46, '6': 24, '7': 18, '8': 22, '9': 14, '10': 20}, 'arch': {'width': 13, 'height': 5, 'alg_qubits': [14, 40, 16, 42, 18, 44, 20, 46, 22, 48, 24, 50], 'magic_states': [1, 3, 5, 7, 9, 11, 25, 51, 63, 61, 59, 57, 55, 53, 13, 39]}, 'gates': [[6, 3], [5], [4], [6], [4, 5], [6, 4], [5, 6], [4], [5, 4], [5], [4], [6], [6, 4], [5, 6], [4, 5], [3], [6], [7], [6, 3], [7, 6], [3, 7], [6], [3, 6], [3], [6], [7], [7, 6], [3, 7], [6, 3], [2], [7], [8], [7, 2], [8, 7], [2, 8], [7], [2, 7], [2], [7], [8], [8, 7], [2, 8], [7, 2], [1], [8], [9], [8, 1], [9, 8], [1, 9], [8], [1, 8], [1], [8], [9], [9, 8], [1, 9], [8, 1], [10], [9], [0], [9, 10], [0, 9], [10, 0], [9], [10, 9], [10], [9], [0], [0, 9], [10, 0], [9, 10], [1], [8], [9], [8, 1], [9, 8], [1, 9], [8], [1, 8], [1], [8]]}","{'map': {'0': 22, '1': 40, '2': 16, '3': 14, '4': 24, '5': 42, '6': 50, '7': 46, '8': 44, '9': 20, '10': 48}, 'arch': {'width': 13, 'height': 5, 'alg_qubits': [14, 40, 16, 42, 18, 44, 20, 46, 22, 48, 24, 50], 'magic_states': [1, 3, 5, 7, 9, 11, 25, 51, 63, 61, 59, 57, 55, 53, 13, 39]}, 'gates': [[6, 3], [5], [4], [6], [4, 5], [6, 4], [5, 6], [4], [5, 4], [5], [4], [6], [6, 4], [5, 6], [4, 5], [3], [6], [7], [6, 3], [7, 6], [3, 7], [6], [3, 6], [3], [6], [7], [7, 6], [3, 7], [6, 3], [2], [7], [8], [7, 2], [8, 7], [2, 8], [7], [2, 7], [2], [7], [8], [8, 7], [2, 8], [7, 2], [1], [8], [9], [8, 1], [9, 8], [1, 9], [8], [1, 8], [1], [8], [9], [9, 8], [1, 9], [8, 1], [10], [9], [0], [9, 10], [0, 9], [10, 0], [9], [10, 9], [10], [9], [0], [0, 9], [10, 0], [9, 10], [1], [8], [9], [8, 1], [9, 8], [1, 9], [8], [1, 8], [1], [8]]}","{'map': {'0': 48, '1': 44, '2': 40, '3': 50, '4': 16, '5': 46, '6': 24, '7': 18, '8': 22, '9': 14, '10': 20}, 'arch': {'width': 13, 'height': 5, 'alg_qubits': [14, 40, 16, 42, 18, 44, 20, 46, 22, 48, 24, 50], 'magic_states': [1, 3, 5, 7, 9, 11, 25, 51, 63, 61, 59, 57, 55, 53, 13, 39]}, 'gates': [[6, 3], [5], [4], [6], [4, 5], [6, 4], [5, 6], [4], [5, 4], [5], [4], [6], [6, 4], [5, 6], [4, 5], [3], [6], [7], [6, 3], [7, 6], [3, 7], [6], [3, 6], [3], [6], [7], [7, 6], [3, 7], [6, 3], [2], [7], [8], [7, 2], [8, 7], [2, 8], [7], [2, 7], [2], [7], [8], [8, 7], [2, 8], [7, 2], [1], [8], [9], [8, 1], [9, 8], [1, 9], [8], [1, 8], [1], [8], [9], [9, 8], [1, 9], [8, 1], [10], [9], [0], [9, 10], [0, 9], [10, 0], [9], [10, 9], [10], [9], [0], [0, 9], [10, 0], [9, 10], [1], [8], [9], [8, 1], [9, 8], [1, 9], [8], [1, 8], [1], [8]]}"
grover_2.qasm,"{'map': {'0': 22, '1': 12, '2': 8, '3': 24, '4': 26, '5': 20}, 'arch': {'width': 7, 'height': 5, 'alg_qubits': [8, 22, 10, 24, 12, 26], 'magic_states': [1, 3, 5, 13, 27, 33, 31, 29, 7, 21]}, 'gates': [[2], [2], [2], [2], [2], [2], [2], [2], [2], [2], [2], [2], [2], [2], [2], [2], [2], [2], [2], [2], [2], [2], [2], [2], [2], [2], [2], [2], [2], [2], [2], [2], [2], [2], [2], [2], [2], [2], [2], [2], [2], [0, 2], [4, 5], [5], [3, 5], [5], [4, 5], [4], [5], [3, 5], [5], [5], [5], [5], [5], [5], [5], [5], [5], [5], [5], [5], [5], [5], [5], [5], [5], [5], [5], [5], [5], [5], [5], [5], [5], [5], [5], [5], [5], [5], [5]]}","{'map': {'0': 26, '1': 10, '2': 12, '3': 8, '4': 24, '5': 22}, 'arch': {'width': 7, 'height': 5, 'alg_qubits': [8, 22, 10, 24, 12, 26], 'magic_states': [1, 3, 5, 13, 27, 33, 31, 29, 7, 21]}, 'gates': [[3], [4], [4, 3], [5, 4], [3, 5], [1], [0], [3], [0, 1], [3, 0], [1, 3], [0], [1, 0], [1], [0], [3], [3, 0], [1, 3], [0, 1], [3], [2], [5], [2, 3], [5, 2], [3, 5], [2], [3, 2], [3], [2], [5], [5, 2], [3, 5], [2, 3], [5], [3], [4], [3, 5], [4, 3], [5, 4], [3], [5, 3], [5], [3], [4], [4, 3], [5, 4], [3, 5], [1], [0], [3], [0, 1], [3, 0], [1, 3], [0], [1, 0], [1], [0], [3], [3, 0], [1, 3], [0, 1], [5], [3], [4], [3, 5], [4, 3], [5, 4], [3], [5, 3], [5], [3], [4], [4, 3], [5, 4], [3, 5], [1], [0], [3], [0, 1], [3, 0], [1, 3]]}","{'map': {'0': 10, '1': 24, '2': 8, '3': 12, '4': 22, '5': 26}, 'arch': {'width': 7, 'height': 5, 'alg_qubits': [8, 22, 10, 24, 12, 26], 'magic_states': [1, 3, 5, 13, 27, 33, 31, 29, 7, 21]}, 'gates': [[5], [4], [0], [4, 5], [0, 4], [5, 0], [4], [5, 4], [5], [4], [0], [0, 4], [5, 0], [4, 5], [5], [4], [1], [4, 5], [1, 4], [5, 1], [4], [5, 4], [5], [4], [1], [1, 4], [5, 1], [4, 5], [1], [5], [0], [5, 1], [0, 5], [1, 0], [5], [1, 5], [1], [5], [0], [0, 5], [1, 0], [5, 1], [3], [2], [5], [2, 3], [5, 2], [3, 5], [2], [3, 2], [3], [2], [5], [5, 2], [3, 5], [2, 3], [1], [5], [0], [5, 1], [0, 5], [1, 0], [5], [1, 5], [1], [5], [0], [0, 5], [1, 0], [5, 1], [3], [2], [5], [2, 3], [5, 2], [3, 5], [2], [3, 2], [3], [2], [5]]}","{'map': {'0': 26, '1': 24, '2': 12, '3': 8, '4': 22, '5': 10}, 'arch': {'width': 7, 'height': 5, 'alg_qubits': [8, 22, 10, 24, 12, 26], 'magic_states': [1, 3, 5, 13, 27, 33, 31, 29, 7, 21]}, 'gates': [[1], [4], [2], [4, 1], [2, 4], [1, 2], [4], [1, 4], [1], [4], [2], [2, 4], [1, 2], [4, 1], [5], [3], [4], [3, 5], [4, 3], [5, 4], [3], [5, 3], [5], [3], [4], [4, 3], [5, 4], [3, 5], [0], [1], [3], [1, 0], [3, 1], [0, 3], [1], [0, 1], [0], [1], [3], [3, 1], [0, 3], [1, 0], [5], [3], [4], [3, 5], [4, 3], [5, 4], [3], [5, 3], [5], [3], [4], [4, 3], [5, 4], [3, 5], [0], [1], [3], [1, 0], [3, 1], [0, 3], [1], [0, 1], [0], [1], [3], [3, 1], [0, 3], [1, 0], [1], [5], [3], [5, 1], [3, 5], [1, 3], [5], [1, 5], [1], [5], [3]]}","{'map': {'0': 24, '1': 22, '2': 26, '3': 10, '4': 8, '5': 12}, 'arch': {'width': 7, 'height': 5, 'alg_qubits': [8, 22, 10, 24, 12, 26], 'magic_states': [1, 3, 5, 13, 27, 33, 31, 29, 7, 21]}, 'gates': [[4], [4, 0], [1, 4], [0, 1], [3], [2], [5], [2, 3], [5, 2], [3, 5], [2], [3, 2], [3], [2], [5], [5, 2], [3, 5], [2, 3], [5], [3], [4], [3, 5], [4, 3], [5, 4], [3], [5, 3], [5], [3], [4], [4, 3], [5, 4], [3, 5], [1], [0], [3], [0, 1], [3, 0], [1, 3], [0], [1, 0], [1], [0], [3], [3, 0], [1, 3], [0, 1], [5], [3], [4], [3, 5], [4, 3], [5, 4], [3], [5, 3], [5], [3], [4], [4, 3], [5, 4], [3, 5], [1], [0], [3], [0, 1], [3, 0], [1, 3], [0], [1, 0], [1], [0], [3], [3, 0], [1, 3], [0, 1], [3], [2], [5], [2, 3], [5, 2], [3, 5], [2]]}"
jku_suite_48.qasm,"{'map': {'0': 18, '1': 16, '2': 8, '3': 6}, 'arch': {'width': 5, 'height': 5, 'alg_qubits': [6, 16, 8, 18], 'magic_states': [1, 3, 9, 19, 23, 21, 5, 15]}, 'gates': [[0, 1], [0, 1], [0, 3], [0, 3], [0, 2], [0, 2], [1, 2], [1, 2], [1, 3], [1, 3], [0, 1], [0, 1], [2, 3], [2, 3], [0, 3], [0, 3], [0, 2], [0, 2], [1, 2], [1, 2], [1, 3], [1, 3], [0, 1], [0, 1], [2, 3], [2, 3], [0, 3], [0, 3], [0, 2], [0, 2], [1, 2], [1, 2], [1, 3], [1, 3], [0, 1], [0, 1], [2, 3], [2, 3], [0, 3], [0, 3], [0, 2], [0, 2], [1, 2], [1, 2], [1, 3], [1, 3], [2, 3], [2, 3]]}","{'map': {'0': 18, '1': 8, '2': 16, '3': 6}, 'arch': {'width': 5, 'height': 5, 'alg_qubits': [6, 16, 8, 18], 'magic_states': [1, 3, 9, 19, 23, 21, 5, 15]}, 'gates': [[0, 1], [0, 1], [1, 2], [2, 3], [2, 3], [1, 2], [0, 1], [0, 1], [1, 2], [2, 3], [2, 3], [1, 2], [0, 1], [1, 2], [2, 3], [2, 3], [1, 2], [0, 1], [0, 1], [1, 2], [2, 3], [2, 3], [1, 2], [0, 1], [1, 2], [2, 3], [2, 3], [1, 2], [0, 1], [0, 1], [1, 2], [2, 3], [2, 3], [1, 2], [0, 1], [1, 2], [2, 3], [2, 3], [1, 2], [0, 1], [0, 1], [1, 2], [2, 3], [2, 3], [1, 2], [0, 1], [2, 3], [2, 3], [1, 2], [2, 3], [2, 3], [1, 2], [2, 3], [2, 3], [1, 2], [1, 2], [0, 1], [1, 2], [2, 3], [2, 3], [1, 2], [0, 1], [1, 2], [2, 3], [2, 3], [1, 2], [0, 1], [1, 2], [1, 2], [0, 1], [1, 2], [1, 2], [0, 1], [0, 1]]}","{'map': {'0': 16, '1': 18, '2': 8}, 'arch': {'width': 5, 'height': 5, 'alg_qubits': [6, 16, 8, 18], 'magic_states': [1, 3, 9, 19, 23, 21, 5, 15]}, 'gates': [[1], [1], [1], [1], [1], [1], [1], [1], [1], [1], [1], [1], [1], [1], [1], [1], [1], [1], [1], [1], [1], [1], [1], [0, 1], [1, 2], [2], [2], [2], [2], [2], [2], [2], [2], [2], [2], [2], [2], [2], [2], [2], [2], [2], [2], [2], [2], [2], [2], [2], [2], [2], [2], [2], [2], [2], [2], [2], [2], [2], [2], [2], [2], [2], [2], [2], [2], [2], [2], [2], [2], [2], [2], [2], [2], [2], [2], [2], [2], [2], [2], [2], [2]]}","{'map': {'0': 30, '1': 12, '2': 34, '3': 32, '4': 14, '5': 16, '6': 28, '7': 10, '8': 18}, 'arch': {'width': 9, 'height': 5, 'alg_qubits': [10, 28, 12, 30, 14, 32, 16, 34], 'magic_states': [1, 3, 5, 7, 17, 35, 43, 41, 39, 37, 9, 27]}, 'gates': [[8], [3, 0], [8, 3], [0, 8], [3], [0, 3], [0], [3], [8], [8, 3], [0, 8], [3, 0], [2], [1], [3], [1, 2], [3, 1], [2, 3], [1], [2, 1], [2], [1], [3], [3, 1], [2, 3], [1, 2], [1], [6], [5], [6, 1], [5, 6], [1, 5], [6], [1, 6], [1], [6], [5], [5, 6], [1, 5], [6, 1], [1], [6], [4], [6, 1], [4, 6], [1, 4], [6], [1, 6], [1], [6], [4], [4, 6], [1, 4], [6, 1], [1], [6], [3], [6, 1], [3, 6], [1, 3], [6], [1, 6], [1], [6], [3], [3, 6], [1, 3], [6, 1], [1], [6], [2], [6, 1], [2, 6], [1, 2], [6], [1, 6], [1], [6], [2], [2, 6], [1, 2]]}","{'map': {'0': 16, '1': 10, '2': 14, '3': 32, '4': 30, '5': 34, '6': 12}, 'arch': {'width': 9, 'height': 5, 'alg_qubits': [10, 28, 12, 30, 14, 32, 16, 34], 'magic_states': [1, 3, 5, 7, 17, 35, 43, 41, 39, 37, 9, 27]}, 'gates': [[0], [5], [3], [3, 5], [0, 3], [5, 0], [3], [5], [0], [5, 3], [0, 5], [3, 0], [5], [3, 5], [3], [5], [0], [0, 5], [3, 0], [5, 3], [0], [6], [4], [6, 0], [4, 6], [0, 4], [6], [0, 6], [0], [6], [4], [4, 6], [0, 4], [6, 0], [0], [6], [3], [6, 0], [3, 6], [0, 3], [6], [0, 6], [0], [6], [3], [3, 6], [0, 3], [6, 0], [0], [6], [2], [6, 0], [2, 6], [0, 2], [6], [0, 6], [0], [6], [2], [2, 6], [0, 2], [6, 0], [0], [6], [1], [6, 0], [1, 6], [0, 1], [6], [0, 6], [0], [6], [1], [1, 6], [0, 1], [6, 0], [1], [2], [6], [2, 1], [6, 2]]}"
autobraid_46.qasm,"{'map': {'0': 18, '1': 50, '2': 22, '3': 46, '4': 16, '5': 20, '6': 40, '7': 44, '8': 14, '9': 42, '10': 24, '12': 26}, 'arch': {'width': 13, 'height': 5, 'alg_qubits': [14, 40, 16, 42, 18, 44, 20, 46, 22, 48, 24, 50], 'magic_states': [1, 3, 5, 7, 9, 11, 25, 51, 63, 61, 59, 57, 55, 53, 13, 39]}, 'gates': [[9], [10], [12], [12, 10], [9, 12], [10, 9], [7], [8], [10], [8, 7], [10, 8], [7, 10], [8], [7, 8], [7], [8], [10], [10, 8], [7, 10], [8, 7], [5], [6], [8], [6, 5], [8, 6], [5, 8], [6], [5, 6], [5], [6], [8], [8, 6], [5, 8], [6, 5], [4], [0], [6], [0, 4], [6, 0], [4, 6], [0], [4, 0], [4], [0], [6], [6, 0], [4, 6], [0, 4], [2], [3], [0], [3, 2], [0, 3], [2, 0], [3], [2, 3], [2], [3], [0], [0, 3], [2, 0], [3, 2], [4], [0], [6], [0, 4], [6, 0], [4, 6], [0], [4, 0], [4], [0], [6], [6, 0], [4, 6], [0, 4], [5], [6], [8], [6, 5], [8, 6]]}","{'map': {'0': 22, '1': 16, '2': 20, '3': 14, '4': 24, '5': 18, '6': 40, '7': 50, '8': 46, '9': 42, '10': 44}, 'arch': {'width': 13, 'height': 5, 'alg_qubits': [14, 40, 16, 42, 18, 44, 20, 46, 22, 48, 24, 50], 'magic_states': [1, 3, 5, 7, 9, 11, 25, 51, 63, 61, 59, 57, 55, 53, 13, 39]}, 'gates': [[3], [6], [7], [6, 3], [7, 6], [3, 7], [6], [3, 6], [3], [6], [7], [7, 6], [3, 7], [6, 3], [5], [4], [6], [4, 5], [6, 4], [5, 6], [4], [5, 4], [5], [4], [6], [6, 4], [5, 6], [4, 5], [3], [6], [7], [6, 3], [7, 6], [3, 7], [6], [3, 6], [3], [6], [7], [7, 6], [3, 7], [6, 3], [2], [7], [8], [7, 2], [8, 7], [2, 8], [7], [2, 7], [2], [7], [8], [8, 7], [2, 8], [7, 2], [1], [8], [9], [8, 1], [9, 8], [1, 9], [8], [1, 8], [1], [8], [9], [9, 8], [1, 9], [8, 1], [10], [9], [0], [9, 10], [0, 9], [10, 0], [9], [10, 9], [10], [9], [0]]}","{'map': {'0': 22, '1': 16, '2': 20, '3': 14, '4': 24, '5': 18, '6': 40, '7': 50, '8': 46, '9': 42, '10': 44}, 'arch': {'width': 13, 'height': 5, 'alg_qubits': [14, 40, 16, 42, 18, 44, 20, 46, 22, 48, 24, 50], 'magic_states': [1, 3, 5, 7, 9, 11, 25, 51, 63, 61, 59, 57, 55, 53, 13, 39]}, 'gates': [[3], [6], [7], [6, 3], [7, 6], [3, 7], [6], [3, 6], [3], [6], [7], [7, 6], [3, 7], [6, 3], [5], [4], [6], [4, 5], [6, 4], [5, 6], [4], [5, 4], [5], [4], [6], [6, 4], [5, 6], [4, 5], [3], [6], [7], [6, 3], [7, 6], [3, 7], [6], [3, 6], [3], [6], [7], [7, 6], [3, 7], [6, 3], [2], [7], [8], [7, 2], [8, 7], [2, 8], [7], [2, 7], [2], [7], [8], [8, 7], [2, 8], [7, 2], [1], [8], [9], [8, 1], [9, 8], [1, 9], [8], [1, 8], [1], [8], [9], [9, 8], [1, 9], [8, 1], [10], [9], [0], [9, 10], [0, 9], [10, 0], [9], [10, 9], [10], [9], [0]]}","{'map': {'0': 40, '1': 24, '2': 22, '3': 18, '4': 44, '5': 48, '6': 42, '7': 14, '8': 20, '9': 50, '10': 16}, 'arch': {'width': 13, 'height': 5, 'alg_qubits': [14, 40, 16, 42, 18, 44, 20, 46, 22, 48, 24, 50], 'magic_states': [1, 3, 5, 7, 9, 11, 25, 51, 63, 61, 59, 57, 55, 53, 13, 39]}, 'gates': [[5, 10], [9], [4], [3], [4, 9], [3, 4], [9, 3], [4], [9, 4], [9], [4], [3], [3, 4], [9, 3], [4, 9], [8], [3], [2], [3, 8], [2, 3], [8, 2], [3], [8, 3], [8], [3], [2], [2, 3], [8, 2], [3, 8], [7], [2], [1], [2, 7], [1, 2], [7, 1], [2], [7, 2], [7], [2], [1], [1, 2], [7, 1], [2, 7], [6], [1], [0], [1, 6], [0, 1], [6, 0], [1], [6, 1], [6], [1], [0], [0, 1], [6, 0], [1, 6], [7], [2], [1], [2, 7], [1, 2], [7, 1], [2], [7, 2], [7], [2], [1], [1, 2], [7, 1], [2, 7], [8], [3], [2], [3, 8], [2, 3], [8, 2], [3], [8, 3], [8], [3]]}","{'map': {'0': 40, '1': 24, '2': 22, '3': 18, '4': 44, '5': 48, '6': 42, '7': 14, '8': 20, '9': 50, '10': 16}, 'arch': {'width': 13, 'height': 5, 'alg_qubits': [14, 40, 16, 42, 18, 44, 20, 46, 22, 48, 24, 50], 'magic_states': [1, 3, 5, 7, 9, 11, 25, 51, 63, 61, 59, 57, 55, 53, 13, 39]}, 'gates': [[5, 10], [9], [4], [3], [4, 9], [3, 4], [9, 3], [4], [9, 4], [9], [4], [3], [3, 4], [9, 3], [4, 9], [8], [3], [2], [3, 8], [2, 3], [8, 2], [3], [8, 3], [8], [3], [2], [2, 3], [8, 2], [3, 8], [7], [2], [1], [2, 7], [1, 2], [7, 1], [2], [7, 2], [7], [2], [1], [1, 2], [7, 1], [2, 7], [6], [1], [0], [1, 6], [0, 1], [6, 0], [1], [6, 1], [6], [1], [0], [0, 1], [6, 0], [1, 6], [7], [2], [1], [2, 7], [1, 2], [7, 1], [2], [7, 2], [7], [2], [1], [1, 2], [7, 1], [2, 7], [8], [3], [2], [3, 8], [2, 3], [8, 2], [3], [8, 3], [8], [3]]}"
autobraid_43.qasm,"{'map': {'0': 42, '1': 50, '2': 46, '3': 24, '4': 48, '5': 16, '6': 44, '7': 40, '8': 22, '9': 14, '10': 20}, 'arch': {'width': 13, 'height': 5, 'alg_qubits': [14, 40, 16, 42, 18, 44, 20, 46, 22, 48, 24, 50], 'magic_states': [1, 3, 5, 7, 9, 11, 25, 51, 63, 61, 59, 57, 55, 53, 13, 39]}, 'gates': [[10], [9], [8], [8, 9], [10, 8], [9, 10], [5], [6], [0], [6, 5], [0, 6], [5, 0], [6], [5, 6], [5], [6], [0], [0, 6], [5, 0], [6, 5], [4], [7], [6], [7, 4], [6, 7], [4, 6], [7], [4, 7], [4], [7], [6], [6, 7], [4, 6], [7, 4], [3], [8], [7], [8, 3], [7, 8], [3, 7], [8], [3, 8], [3], [8], [7], [7, 8], [3, 7], [8, 3], [1], [2], [8], [2, 1], [8, 2], [1, 8], [2], [1, 2], [1], [2], [8], [8, 2], [1, 8], [2, 1], [3], [8], [7], [8, 3], [7, 8], [3, 7], [8], [3, 8], [3], [8], [7], [7, 8], [3, 7], [8, 3], [4], [7], [6], [7, 4], [6, 7]]}","{'map': {'0': 20, '1': 22, '2': 50, '3': 48, '4': 24, '5': 44, '6': 14, '7': 40, '8': 18, '9': 16, '10': 46}, 'arch': {'width': 13, 'height': 5, 'alg_qubits': [14, 40, 16, 42, 18, 44, 20, 46, 22, 48, 24, 50], 'magic_states': [1, 3, 5, 7, 9, 11, 25, 51, 63, 61, 59, 57, 55, 53, 13, 39]}, 'gates': [[10], [9], [8], [8, 9], [10, 8], [9, 10], [5], [6], [0], [6, 5], [0, 6], [5, 0], [6], [5, 6], [5], [6], [0], [0, 6], [5, 0], [6, 5], [4], [7], [6], [7, 4], [6, 7], [4, 6], [7], [4, 7], [4], [7], [6], [6, 7], [4, 6], [7, 4], [3], [8], [7], [8, 3], [7, 8], [3, 7], [8], [3, 8], [3], [8], [7], [7, 8], [3, 7], [8, 3], [1], [2], [8], [2, 1], [8, 2], [1, 8], [2], [1, 2], [1], [2], [8], [8, 2], [1, 8], [2, 1], [3], [8], [7], [8, 3], [7, 8], [3, 7], [8], [3, 8], [3], [8], [7], [7, 8], [3, 7], [8, 3], [4], [7], [6], [7, 4], [6, 7]]}","{'map': {'0': 20, '1': 22, '2': 50, '3': 48, '4': 24, '5': 44, '6': 14, '7': 40, '8': 18, '9': 16, '10': 46}, 'arch': {'width': 13, 'height': 5, 'alg_qubits': [14, 40, 16, 42, 18, 44, 20, 46, 22, 48, 24, 50], 'magic_states': [1, 3, 5, 7, 9, 11, 25, 51, 63, 61, 59, 57, 55, 53, 13, 39]}, 'gates': [[10], [9], [8], [8, 9], [10, 8], [9, 10], [5], [6], [0], [6, 5], [0, 6], [5, 0], [6], [5, 6], [5], [6], [0], [0, 6], [5, 0], [6, 5], [4], [7], [6], [7, 4], [6, 7], [4, 6], [7], [4, 7], [4], [7], [6], [6, 7], [4, 6], [7, 4], [3], [8], [7], [8, 3], [7, 8], [3, 7], [8], [3, 8], [3], [8], [7], [7, 8], [3, 7], [8, 3], [1], [2], [8], [2, 1], [8, 2], [1, 8], [2], [1, 2], [1], [2], [8], [8, 2], [1, 8], [2, 1], [3], [8], [7], [8, 3], [7, 8], [3, 7], [8], [3, 8], [3], [8], [7], [7, 8], [3, 7], [8, 3], [4], [7], [6], [7, 4], [6, 7]]}","{'map': {'0': 42, '1': 50, '2': 46, '3': 24, '4': 48, '5': 16, '6': 44, '7': 40, '8': 22, '9': 14, '10': 20}, 'arch': {'width': 13, 'height': 5, 'alg_qubits': [14, 40, 16, 42, 18, 44, 20, 46, 22, 48, 24, 50], 'magic_states': [1, 3, 5, 7, 9, 11, 25, 51, 63, 61, 59, 57, 55, 53, 13, 39]}, 'gates': [[10], [9], [8], [8, 9], [10, 8], [9, 10], [5], [6], [0], [6, 5], [0, 6], [5, 0], [6], [5, 6], [5], [6], [0], [0, 6], [5, 0], [6, 5], [4], [7], [6], [7, 4], [6, 7], [4, 6], [7], [4, 7], [4], [7], [6], [6, 7], [4, 6], [7, 4], [3], [8], [7], [8, 3], [7, 8], [3, 7], [8], [3, 8], [3], [8], [7], [7, 8], [3, 7], [8, 3], [1], [2], [8], [2, 1], [8, 2], [1, 8], [2], [1, 2], [1], [2], [8], [8, 2], [1, 8], [2, 1], [3], [8], [7], [8, 3], [7, 8], [3, 7], [8], [3, 8], [3], [8], [7], [7, 8], [3, 7], [8, 3], [4], [7], [6], [7, 4], [6, 7]]}","{'map': {'0': 40, '1': 42, '2': 48, '3': 24, '4': 18, '5': 50, '6': 14, '7': 46, '8': 16, '9': 22, '10': 44}, 'arch': {'width': 13, 'height': 5, 'alg_qubits': [14, 40, 16, 42, 18, 44, 20, 46, 22, 48, 24, 50], 'magic_states': [1, 3, 5, 7, 9, 11, 25, 51, 63, 61, 59, 57, 55, 53, 13, 39]}, 'gates': [[8], [4], [8, 9], [4, 8], [9, 4], [8], [9, 8], [9], [8], [4], [4, 8], [9, 4], [8, 9], [7], [4], [5], [4, 7], [5, 4], [7, 5], [4], [7, 4], [7], [4], [5], [5, 4], [7, 5], [4, 7], [10], [9], [0], [9, 10], [0, 9], [10, 0], [9], [10, 9], [10], [9], [0], [0, 9], [10, 0], [9, 10], [1], [8], [9], [8, 1], [9, 8], [1, 9], [8], [1, 8], [1], [8], [9], [9, 8], [1, 9], [8, 1], [2], [7], [8], [7, 2], [8, 7], [2, 8], [7], [2, 7], [2], [7], [8], [8, 7], [2, 8], [7, 2], [3], [6], [7], [6, 3], [7, 6], [3, 7], [6], [3, 6], [3], [6], [7], [7, 6]]}"
quarl_suite_9.qasm,"{'map': {'0': 50, '1': 18, '2': 46, '3': 54, '4': 52, '5': 48, '6': 22, '7': 20, '8': 56, '9': 16, '10': 58, '11': 24, '12': 28, '13': 26}, 'arch': {'width': 15, 'height': 5, 'alg_qubits': [16, 46, 18, 48, 20, 50, 22, 52, 24, 54, 26, 56, 28, 58], 'magic_states': [1, 3, 5, 7, 9, 11, 13, 29, 59, 73, 71, 69, 67, 65, 63, 61, 15, 45]}, 'gates': [[4, 3], [6, 5], [8, 7], [10, 9], [12, 11], [4, 2], [0], [1], [2], [1, 0], [2, 1], [0, 2], [1], [0, 1], [0], [1], [2], [2, 1], [0, 2], [1, 0], [6, 4], [2], [3], [4], [3, 2], [4, 3], [2, 4], [3], [2, 3], [2], [3], [4], [4, 3], [2, 4], [3, 2], [8, 6], [4], [5], [6], [5, 4], [6, 5], [4, 6], [5], [4, 5], [4], [5], [6], [6, 5], [4, 6], [5, 4], [10, 8], [6], [7], [8], [7, 6], [8, 7], [6, 8], [7], [6, 7], [6], [7], [8], [8, 7], [6, 8], [7, 6], [12, 10], [8], [9], [10], [9, 8], [10, 9], [8, 10], [9], [8, 9], [8], [9], [10], [10, 9], [8, 10], [9, 8], [12, 13]]}","{'map': {'0': 16, '1': 56, '2': 24, '3': 54, '4': 58, '5': 22, '6': 18, '7': 52, '8': 20, '9': 28, '10': 46, '11': 50, '12': 26, '13': 48}, 'arch': {'width': 15, 'height': 5, 'alg_qubits': [16, 46, 18, 48, 20, 50, 22, 52, 24, 54, 26, 56, 28, 58], 'magic_states': [1, 3, 5, 7, 9, 11, 13, 29, 59, 73, 71, 69, 67, 65, 63, 61, 15, 45]}, 'gates': [[5, 10], [12], [11], [5], [11, 12], [5, 11], [12, 5], [11], [12, 11], [12], [11], [5], [5, 11], [12, 5], [11, 12], [10], [5], [4], [5, 10], [4, 5], [10, 4], [5], [10, 5], [10], [5], [4], [4, 5], [10, 4], [5, 10], [9], [4], [3], [4, 9], [3, 4], [9, 3], [4], [9, 4], [9], [4], [3], [3, 4], [9, 3], [4, 9], [8], [3], [2], [3, 8], [2, 3], [8, 2], [3], [8, 3], [8], [3], [2], [2, 3], [8, 2], [3, 8], [7], [2], [1], [2, 7], [1, 2], [7, 1], [2], [7, 2], [7], [2], [1], [1, 2], [7, 1], [2, 7], [0], [6], [13], [6, 0], [13, 6], [0, 13], [6], [0, 6], [0], [6]]}","{'map': {'0': 16, '1': 56, '2': 24, '3': 54, '4': 58, '5': 22, '6': 18, '7': 52, '8': 20, '9': 28, '10': 46, '11': 50, '12': 26, '13': 48}, 'arch': {'width': 15, 'height': 5, 'alg_qubits': [16, 46, 18, 48, 20, 50, 22, 52, 24, 54, 26, 56, 28, 58], 'magic_states': [1, 3, 5, 7, 9, 11, 13, 29, 59, 73, 71, 69, 67, 65, 63, 61, 15, 45]}, 'gates': [[5, 10], [12], [11], [5], [11, 12], [5, 11], [12, 5], [11], [12, 11], [12], [11], [5], [5, 11], [12, 5], [11, 12], [10], [5], [4], [5, 10], [4, 5], [10, 4], [5], [10, 5], [10], [5], [4], [4, 5], [10, 4], [5, 10], [9], [4], [3], [4, 9], [3, 4], [9, 3], [4], [9, 4], [9], [4], [3], [3, 4], [9, 3], [4, 9], [8], [3], [2], [3, 8], [2, 3], [8, 2], [3], [8, 3], [8], [3], [2], [2, 3], [8, 2], [3, 8], [7], [2], [1], [2, 7], [1, 2], [7, 1], [2], [7, 2], [7], [2], [1], [1, 2], [7, 1], [2, 7], [0], [6], [13], [6, 0], [13, 6], [0, 13], [6], [0, 6], [0], [6]]}","{'map': {'0': 46, '1': 20, '2': 58, '3': 26, '4': 50, '5': 28, '6': 54, '7': 56, '8': 24, '9': 48, '10': 16, '11': 22, '12': 18, '13': 72}, 'arch': {'width': 15, 'height': 5, 'alg_qubits': [16, 46, 18, 48, 20, 50, 22, 52, 24, 54, 26, 56, 28, 58], 'magic_states': [1, 3, 5, 7, 9, 11, 13, 29, 59, 73, 71, 69, 67, 65, 63, 61, 15, 45]}, 'gates': [[13, 2], [12], [13, 12], [13], [12], [2], [2, 12], [13, 2], [12, 13], [11], [2], [3], [2, 11], [3, 2], [11, 3], [2], [11, 2], [11], [2], [3], [3, 2], [11, 3], [2, 11], [8], [3], [4], [3, 8], [4, 3], [8, 4], [3], [8, 3], [8], [3], [4], [4, 3], [8, 4], [3, 8], [7], [4], [9], [4, 7], [9, 4], [7, 9], [4], [7, 4], [7], [4], [9], [9, 4], [7, 9], [4, 7], [6], [9], [10], [9, 6], [10, 9], [6, 10], [9], [6, 9], [6], [9], [10], [10, 9], [6, 10], [9, 6], [5], [10], [0], [10, 5], [0, 10], [5, 0], [10], [5, 10], [5], [10], [0], [0, 10], [5, 0], [10, 5], [6], [9]]}","{'map': {'0': 20, '1': 18, '2': 50, '3': 26, '4': 52, '5': 24, '6': 46, '7': 58, '8': 28, '9': 54, '10': 48, '11': 16, '12': 22, '13': 56}, 'arch': {'width': 15, 'height': 5, 'alg_qubits': [16, 46, 18, 48, 20, 50, 22, 52, 24, 54, 26, 56, 28, 58], 'magic_states': [1, 3, 5, 7, 9, 11, 13, 29, 59, 73, 71, 69, 67, 65, 63, 61, 15, 45]}, 'gates': [[12], [11], [5], [11, 12], [5, 11], [12, 5], [11], [12, 11], [12], [11], [5], [5, 11], [12, 5], [11, 12], [10], [5], [4], [5, 10], [4, 5], [10, 4], [5], [10, 5], [10], [5], [4], [4, 5], [10, 4], [5, 10], [9], [4], [3], [4, 9], [3, 4], [9, 3], [4], [9, 4], [9], [4], [3], [3, 4], [9, 3], [4, 9], [8], [3], [2], [3, 8], [2, 3], [8, 2], [3], [8, 3], [8], [3], [2], [2, 3], [8, 2], [3, 8], [7], [2], [1], [2, 7], [1, 2], [7, 1], [2], [7, 2], [7], [2], [1], [1, 2], [7, 1], [2, 7], [0], [6], [13], [6, 0], [13, 6], [0, 13], [6], [0, 6], [0], [6], [13]]}"
jku_suite_68.qasm,"{'map': {'0': 38, '1': 12, '2': 18, '3': 34, '4': 36, '5': 40, '6': 42, '7': 20, '8': 16}, 'arch': {'width': 11, 'height': 5, 'alg_qubits': [12, 34, 14, 36, 16, 38, 18, 40, 20, 42], 'magic_states': [1, 3, 5, 7, 9, 21, 43, 53, 51, 49, 47, 45, 11, 33]}, 'gates': [[8, 5], [4], [2], [1], [2, 4], [1, 2], [4, 1], [2], [4, 2], [4], [2], [1], [1, 2], [4, 1], [2, 4], [3], [1], [0], [1, 3], [0, 1], [3, 0], [1], [3, 1], [3], [1], [0], [0, 1], [3, 0], [1, 3], [4], [2], [1], [2, 4], [1, 2], [4, 1], [2], [4, 2], [4], [2], [1], [1, 2], [4, 1], [2, 4], [5], [8], [2], [8, 5], [2, 8], [5, 2], [8], [5, 8], [5], [8], [2], [2, 8], [5, 2], [8, 5], [7], [6], [8], [6, 7], [8, 6], [7, 8], [6], [7, 6], [7], [6], [8], [8, 6], [7, 8], [6, 7], [5], [8], [2], [8, 5], [2, 8], [5, 2], [8], [5, 8], [5], [8]]}","{'map': {'0': 38, '1': 12, '2': 18, '3': 34, '4': 36, '5': 40, '6': 42, '7': 20, '8': 16}, 'arch': {'width': 11, 'height': 5, 'alg_qubits': [12, 34, 14, 36, 16, 38, 18, 40, 20, 42], 'magic_states': [1, 3, 5, 7, 9, 21, 43, 53, 51, 49, 47, 45, 11, 33]}, 'gates': [[8, 5], [4], [2], [1], [2, 4], [1, 2], [4, 1], [2], [4, 2], [4], [2], [1], [1, 2], [4, 1], [2, 4], [3], [1], [0], [1, 3], [0, 1], [3, 0], [1], [3, 1], [3], [1], [0], [0, 1], [3, 0], [1, 3], [4], [2], [1], [2, 4], [1, 2], [4, 1], [2], [4, 2], [4], [2], [1], [1, 2], [4, 1], [2, 4], [5], [8], [2], [8, 5], [2, 8], [5, 2], [8], [5, 8], [5], [8], [2], [2, 8], [5, 2], [8, 5], [7], [6], [8], [6, 7], [8, 6], [7, 8], [6], [7, 6], [7], [6], [8], [8, 6], [7, 8], [6, 7], [5], [8], [2], [8, 5], [2, 8], [5, 2], [8], [5, 8], [5], [8]]}","{'map': {'0': 38, '1': 12, '2': 18, '3': 34, '4': 36, '5': 40, '6': 42, '7': 20, '8': 16}, 'arch': {'width': 11, 'height': 5, 'alg_qubits': [12, 34, 14, 36, 16, 38, 18, 40, 20, 42], 'magic_states': [1, 3, 5, 7, 9, 21, 43, 53, 51, 49, 47, 45, 11, 33]}, 'gates': [[8, 5], [4], [2], [1], [2, 4], [1, 2], [4, 1], [2], [4, 2], [4], [2], [1], [1, 2], [4, 1], [2, 4], [3], [1], [0], [1, 3], [0, 1], [3, 0], [1], [3, 1], [3], [1], [0], [0, 1], [3, 0], [1, 3], [4], [2], [1], [2, 4], [1, 2], [4, 1], [2], [4, 2], [4], [2], [1], [1, 2], [4, 1], [2, 4], [5], [8], [2], [8, 5], [2, 8], [5, 2], [8], [5, 8], [5], [8], [2], [2, 8], [5, 2], [8, 5], [7], [6], [8], [6, 7], [8, 6], [7, 8], [6], [7, 6], [7], [6], [8], [8, 6], [7, 8], [6, 7], [5], [8], [2], [8, 5], [2, 8], [5, 2], [8], [5, 8], [5], [8]]}","{'map': {'0': 36, '1': 42, '2': 40, '3': 38, '4': 20, '5': 16, '6': 12, '7': 14, '8': 34, '9': 18}, 'arch': {'width': 11, 'height': 5, 'alg_qubits': [12, 34, 14, 36, 16, 38, 18, 40, 20, 42], 'magic_states': [1, 3, 5, 7, 9, 21, 43, 53, 51, 49, 47, 45, 11, 33]}, 'gates': [[1], [6], [5], [6, 1], [5, 6], [1, 5], [6], [1, 6], [1], [6], [5], [5, 6], [1, 5], [6, 1], [9], [8], [7], [8, 9], [7, 8], [9, 7], [8], [9, 8], [9], [8], [7], [7, 8], [9, 7], [8, 9], [3], [1], [0], [1, 3], [0, 1], [3, 0], [1], [3, 1], [3], [1], [0], [0, 1], [3, 0], [1, 3], [4], [2], [1], [2, 4], [1, 2], [4, 1], [2], [4, 2], [4], [2], [1], [1, 2], [4, 1], [2, 4], [5], [8], [2], [8, 5], [2, 8], [5, 2], [8], [5, 8], [5], [8], [2], [2, 8], [5, 2], [8, 5], [7], [6], [8], [6, 7], [8, 6], [7, 8], [6], [7, 6], [7], [6], [8]]}","{'map': {'0': 12, '1': 18, '2': 14, '3': 16, '4': 20, '5': 40, '6': 38, '7': 42, '8': 36, '9': 34}, 'arch': {'width': 11, 'height': 5, 'alg_qubits': [12, 34, 14, 36, 16, 38, 18, 40, 20, 42], 'magic_states': [1, 3, 5, 7, 9, 21, 43, 53, 51, 49, 47, 45, 11, 33]}, 'gates': [[1], [6], [4], [4, 6], [1, 4], [6, 1], [1], [6], [5], [6, 1], [5, 6], [1, 5], [6], [1, 6], [1], [6], [5], [5, 6], [1, 5], [6, 1], [9], [8], [7], [8, 9], [7, 8], [9, 7], [8], [9, 8], [9], [8], [7], [7, 8], [9, 7], [8, 9], [3], [1], [0], [1, 3], [0, 1], [3, 0], [1], [3, 1], [3], [1], [0], [0, 1], [3, 0], [1, 3], [4], [2], [1], [2, 4], [1, 2], [4, 1], [2], [4, 2], [4], [2], [1], [1, 2], [4, 1], [2, 4], [5], [8], [2], [8, 5], [2, 8], [5, 2], [8], [5, 8], [5], [8], [2], [2, 8], [5, 2], [8, 5], [7], [6], [8], [6, 7], [8, 6]]}"
quest_suite_15.qasm,"{'map': {'0': 14, '1': 30, '2': 34, '3': 16, '4': 10, '5': 28, '6': 12, '7': 32}, 'arch': {'width': 9, 'height': 5, 'alg_qubits': [10, 28, 12, 30, 14, 32, 16, 34], 'magic_states': [1, 3, 5, 7, 17, 35, 43, 41, 39, 37, 9, 27]}, 'gates': [[0, 2], [1, 5], [0, 2], [1, 5], [2, 3], [0, 6], [1, 7], [4, 5], [2, 3], [0, 6], [1, 7], [4, 5], [3, 7], [4, 6], [1, 5], [0, 2], [3, 7], [4, 6], [1, 5], [0, 2], [4, 5], [2, 3], [0, 6], [1, 7], [4, 5], [2, 3], [0, 6], [1, 7], [4, 6], [3, 7], [4, 6], [3, 7]]}","{'map': {'0': 10, '1': 34, '2': 16, '3': 14, '4': 30, '5': 32, '6': 28, '7': 12}, 'arch': {'width': 9, 'height': 5, 'alg_qubits': [10, 28, 12, 30, 14, 32, 16, 34], 'magic_states': [1, 3, 5, 7, 17, 35, 43, 41, 39, 37, 9, 27]}, 'gates': [[2, 3], [1], [5], [4], [5, 1], [4, 5], [1, 4], [5], [1, 5], [1], [5], [4], [4, 5], [1, 4], [5, 1], [0], [4], [7], [4, 0], [7, 4], [0, 7], [4], [0, 4], [0], [4], [7], [7, 4], [0, 7], [4, 0], [1], [5], [4], [5, 1], [4, 5], [1, 4], [5], [1, 5], [1], [5], [4], [4, 5], [1, 4], [5, 1], [3], [2], [5], [2, 3], [5, 2], [3, 5], [2], [3, 2], [3], [2], [5], [5, 2], [3, 5], [2, 3], [1], [5], [4], [5, 1], [4, 5], [1, 4], [5], [1, 5], [1], [5], [4], [4, 5], [1, 4], [5, 1], [2], [6], [5], [6, 2], [5, 6], [2, 5], [6], [2, 6], [2], [6]]}","{'map': {'0': 10, '1': 32, '2': 34, '3': 28, '4': 30, '5': 12, '6': 16}, 'arch': {'width': 9, 'height': 5, 'alg_qubits': [10, 28, 12, 30, 14, 32, 16, 34], 'magic_states': [1, 3, 5, 7, 17, 35, 43, 41, 39, 37, 9, 27]}, 'gates': [[0], [5], [6], [5, 0], [6, 5], [0, 6], [5], [0, 5], [0], [5], [6], [6, 5], [0, 6], [5, 0], [2], [1], [5], [1, 2], [5, 1], [2, 5], [1], [2, 1], [2], [1], [5], [5, 1], [2, 5], [1, 2], [4], [3], [1], [3, 4], [1, 3], [4, 1], [3], [4, 3], [4], [3], [1], [1, 3], [4, 1], [3, 4], [2], [1], [5], [1, 2], [5, 1], [2, 5], [1], [2, 1], [2], [1], [5], [5, 1], [2, 5], [1, 2], [0], [5], [6], [5, 0], [6, 5], [0, 6], [5], [0, 5], [0], [5], [6], [6, 5], [0, 6], [5, 0], [2], [1], [5], [1, 2], [5, 1], [2, 5], [1], [2, 1], [2], [1], [5]]}","{'map': {'0': 12, '1': 10, '2': 28, '3': 32, '4': 14, '5': 34, '6': 30, '7': 16}, 'arch': {'width': 9, 'height': 5, 'alg_qubits': [10, 28, 12, 30, 14, 32, 16, 34], 'magic_states': [1, 3, 5, 7, 17, 35, 43, 41, 39, 37, 9, 27]}, 'gates': [[1], [5], [4], [4, 5], [1, 4], [5, 1], [0], [4], [7], [4, 0], [7, 4], [0, 7], [4], [0, 4], [0], [4], [7], [7, 4], [0, 7], [4, 0], [1], [5], [4], [5, 1], [4, 5], [1, 4], [5], [1, 5], [1], [5], [4], [4, 5], [1, 4], [5, 1], [3], [2], [5], [2, 3], [5, 2], [3, 5], [2], [3, 2], [3], [2], [5], [5, 2], [3, 5], [2, 3], [1], [5], [4], [5, 1], [4, 5], [1, 4], [5], [1, 5], [1], [5], [4], [4, 5], [1, 4], [5, 1], [2], [6], [5], [6, 2], [5, 6], [2, 5], [6], [2, 6], [2], [6], [5], [5, 6], [2, 5], [6, 2], [2], [6], [4], [6, 2], [4, 6]]}","{'map': {'0': 30, '1': 14, '2': 34, '3': 12, '4': 10, '5': 32, '6': 16, '7': 28}, 'arch': {'width': 9, 'height': 5, 'alg_qubits': [10, 28, 12, 30, 14, 32, 16, 34], 'magic_states': [1, 3, 5, 7, 17, 35, 43, 41, 39, 37, 9, 27]}, 'gates': [[5], [5, 2], [3, 5], [2, 3], [1], [5], [4], [5, 1], [4, 5], [1, 4], [5], [1, 5], [1], [5], [4], [4, 5], [1, 4], [5, 1], [0], [4], [7], [4, 0], [7, 4], [0, 7], [4], [0, 4], [0], [4], [7], [7, 4], [0, 7], [4, 0], [1], [5], [4], [5, 1], [4, 5], [1, 4], [5], [1, 5], [1], [5], [4], [4, 5], [1, 4], [5, 1], [3], [2], [5], [2, 3], [5, 2], [3, 5], [2], [3, 2], [3], [2], [5], [5, 2], [3, 5], [2, 3], [1], [5], [4], [5, 1], [4, 5], [1, 4], [5], [1, 5], [1], [5], [4], [4, 5], [1, 4], [5, 1], [2], [6], [5], [6, 2], [5, 6], [2, 5], [6]]}"
quarl_suite_13.qasm,"{'map': {'0': 24, '1': 20, '2': 46, '3': 50, '4': 14, '5': 16, '6': 40, '7': 22, '8': 48, '9': 18, '10': 44, '11': 26}, 'arch': {'width': 13, 'height': 5, 'alg_qubits': [14, 40, 16, 42, 18, 44, 20, 46, 22, 48, 24, 50], 'magic_states': [1, 3, 5, 7, 9, 11, 25, 51, 63, 61, 59, 57, 55, 53, 13, 39]}, 'gates': [[8, 10], [7], [11], [3], [11, 7], [3, 11], [7, 3], [11], [7, 11], [7], [11], [3], [3, 11], [7, 3], [11, 7], [10], [8], [11], [8, 10], [11, 8], [10, 11], [8], [10, 8], [10], [8], [11], [11, 8], [10, 11], [8, 10], [3], [11], [0], [11, 3], [0, 11], [3, 0], [11], [3, 11], [3], [11], [0], [0, 11], [3, 0], [11, 3], [1], [10], [11], [10, 1], [11, 10], [1, 11], [10], [1, 10], [1], [10], [11], [11, 10], [1, 11], [10, 1], [2], [9], [10], [9, 2], [10, 9], [2, 10], [9], [2, 9], [2], [9], [10], [10, 9], [2, 10], [9, 2], [6], [4], [9], [4, 6], [9, 4], [6, 9], [4], [6, 4], [6], [4]]}","{'map': {'0': 40, '1': 24, '2': 22, '3': 18, '4': 44, '5': 48, '6': 42, '7': 14, '8': 20, '9': 50, '10': 16}, 'arch': {'width': 13, 'height': 5, 'alg_qubits': [14, 40, 16, 42, 18, 44, 20, 46, 22, 48, 24, 50], 'magic_states': [1, 3, 5, 7, 9, 11, 25, 51, 63, 61, 59, 57, 55, 53, 13, 39]}, 'gates': [[5, 10], [9], [4], [3], [4, 9], [3, 4], [9, 3], [4], [9, 4], [9], [4], [3], [3, 4], [9, 3], [4, 9], [8], [3], [2], [3, 8], [2, 3], [8, 2], [3], [8, 3], [8], [3], [2], [2, 3], [8, 2], [3, 8], [7], [2], [1], [2, 7], [1, 2], [7, 1], [2], [7, 2], [7], [2], [1], [1, 2], [7, 1], [2, 7], [6], [1], [0], [1, 6], [0, 1], [6, 0], [1], [6, 1], [6], [1], [0], [0, 1], [6, 0], [1, 6], [7], [2], [1], [2, 7], [1, 2], [7, 1], [2], [7, 2], [7], [2], [1], [1, 2], [7, 1], [2, 7], [8], [3], [2], [3, 8], [2, 3], [8, 2], [3], [8, 3], [8], [3]]}","{'map': {'0': 40, '1': 24, '2': 22, '3': 18, '4': 44, '5': 48, '6': 42, '7': 14, '8': 20, '9': 50, '10': 16}, 'arch': {'width': 13, 'height': 5, 'alg_qubits': [14, 40, 16, 42, 18, 44, 20, 46, 22, 48, 24, 50], 'magic_states': [1, 3, 5, 7, 9, 11, 25, 51, 63, 61, 59, 57, 55, 53, 13, 39]}, 'gates': [[5, 10], [9], [4], [3], [4, 9], [3, 4], [9, 3], [4], [9, 4], [9], [4], [3], [3, 4], [9, 3], [4, 9], [8], [3], [2], [3, 8], [2, 3], [8, 2], [3], [8, 3], [8], [3], [2], [2, 3], [8, 2], [3, 8], [7], [2], [1], [2, 7], [1, 2], [7, 1], [2], [7, 2], [7], [2], [1], [1, 2], [7, 1], [2, 7], [6], [1], [0], [1, 6], [0, 1], [6, 0], [1], [6, 1], [6], [1], [0], [0, 1], [6, 0], [1, 6], [7], [2], [1], [2, 7], [1, 2], [7, 1], [2], [7, 2], [7], [2], [1], [1, 2], [7, 1], [2, 7], [8], [3], [2], [3, 8], [2, 3], [8, 2], [3], [8, 3], [8], [3]]}","{'map': {'0': 42, '1': 50, '2': 20, '3': 16, '4': 22, '5': 40, '6': 14, '7': 24, '8': 44, '9': 18, '10': 46}, 'arch': {'width': 13, 'height': 5, 'alg_qubits': [14, 40, 16, 42, 18, 44, 20, 46, 22, 48, 24, 50], 'magic_states': [1, 3, 5, 7, 9, 11, 25, 51, 63, 61, 59, 57, 55, 53, 13, 39]}, 'gates': [[1], [1, 2], [7, 1], [2, 7], [10], [9], [8], [9, 10], [8, 9], [10, 8], [9], [10, 9], [10], [9], [8], [8, 9], [10, 8], [9, 10], [5], [6], [0], [6, 5], [0, 6], [5, 0], [6], [5, 6], [5], [6], [0], [0, 6], [5, 0], [6, 5], [4], [7], [6], [7, 4], [6, 7], [4, 6], [7], [4, 7], [4], [7], [6], [6, 7], [4, 6], [7, 4], [3], [8], [7], [8, 3], [7, 8], [3, 7], [8], [3, 8], [3], [8], [7], [7, 8], [3, 7], [8, 3], [1], [2], [8], [2, 1], [8, 2], [1, 8], [2], [1, 2], [1], [2], [8], [8, 2], [1, 8], [2, 1], [3], [8], [7], [8, 3], [7, 8], [3, 7], [8]]}","{'map': {'0': 44, '1': 50, '2': 20, '3': 46, '4': 48, '5': 40, '6': 42, '7': 24, '8': 22, '9': 18, '10': 14}, 'arch': {'width': 13, 'height': 5, 'alg_qubits': [14, 40, 16, 42, 18, 44, 20, 46, 22, 48, 24, 50], 'magic_states': [1, 3, 5, 7, 9, 11, 25, 51, 63, 61, 59, 57, 55, 53, 13, 39]}, 'gates': [[1], [1, 2], [7, 1], [2, 7], [10], [9], [8], [9, 10], [8, 9], [10, 8], [9], [10, 9], [10], [9], [8], [8, 9], [10, 8], [9, 10], [5], [6], [0], [6, 5], [0, 6], [5, 0], [6], [5, 6], [5], [6], [0], [0, 6], [5, 0], [6, 5], [4], [7], [6], [7, 4], [6, 7], [4, 6], [7], [4, 7], [4], [7], [6], [6, 7], [4, 6], [7, 4], [3], [8], [7], [8, 3], [7, 8], [3, 7], [8], [3, 8], [3], [8], [7], [7, 8], [3, 7], [8, 3], [1], [2], [8], [2, 1], [8, 2], [1, 8], [2], [1, 2], [1], [2], [8], [8, 2], [1, 8], [2, 1], [3], [8], [7], [8, 3], [7, 8], [3, 7], [8]]}"
quarl_suite_10.qasm,"{'map': {'0': 26, '1': 32, '2': 62, '3': 18, '4': 58, '5': 56, '6': 22, '7': 54, '8': 28, '9': 60, '10': 24, '11': 64, '12': 20, '13': 30, '14': 66}, 'arch': {'width': 17, 'height': 5, 'alg_qubits': [18, 52, 20, 54, 22, 56, 24, 58, 26, 60, 28, 62, 30, 64, 32, 66], 'magic_states': [1, 3, 5, 7, 9, 11, 13, 15, 33, 67, 83, 81, 79, 77, 75, 73, 71, 69, 17, 51]}, 'gates': [[13, 14], [6], [1], [0], [1, 6], [0, 1], [6, 0], [1], [6, 1], [6], [1], [0], [0, 1], [6, 0], [1, 6], [7], [2], [1], [2, 7], [1, 2], [7, 1], [2], [7, 2], [7], [2], [1], [1, 2], [7, 1], [2, 7], [8], [3], [2], [3, 8], [2, 3], [8, 2], [3], [8, 3], [8], [3], [2], [2, 3], [8, 2], [3, 8], [9], [4], [3], [4, 9], [3, 4], [9, 3], [4], [9, 4], [9], [4], [3], [3, 4], [9, 3], [4, 9], [10], [5], [4], [5, 10], [4, 5], [10, 4], [5], [10, 5], [10], [5], [4], [4, 5], [10, 4], [5, 10], [12], [11], [5], [11, 12], [5, 11], [12, 5], [11], [12, 11], [12], [11]]}","{'map': {'0': 26, '1': 32, '2': 62, '3': 18, '4': 58, '5': 56, '6': 22, '7': 54, '8': 28, '9': 60, '10': 24, '11': 64, '12': 20, '13': 30, '14': 66}, 'arch': {'width': 17, 'height': 5, 'alg_qubits': [18, 52, 20, 54, 22, 56, 24, 58, 26, 60, 28, 62, 30, 64, 32, 66], 'magic_states': [1, 3, 5, 7, 9, 11, 13, 15, 33, 67, 83, 81, 79, 77, 75, 73, 71, 69, 17, 51]}, 'gates': [[13, 14], [6], [1], [0], [1, 6], [0, 1], [6, 0], [1], [6, 1], [6], [1], [0], [0, 1], [6, 0], [1, 6], [7], [2], [1], [2, 7], [1, 2], [7, 1], [2], [7, 2], [7], [2], [1], [1, 2], [7, 1], [2, 7], [8], [3], [2], [3, 8], [2, 3], [8, 2], [3], [8, 3], [8], [3], [2], [2, 3], [8, 2], [3, 8], [9], [4], [3], [4, 9], [3, 4], [9, 3], [4], [9, 4], [9], [4], [3], [3, 4], [9, 3], [4, 9], [10], [5], [4], [5, 10], [4, 5], [10, 4], [5], [10, 5], [10], [5], [4], [4, 5], [10, 4], [5, 10], [12], [11], [5], [11, 12], [5, 11], [12, 5], [11], [12, 11], [12], [11]]}","{'map': {'0': 56, '1': 54, '2': 20, '3': 30, '4': 62, '5': 52, '6': 28, '7': 18, '8': 22, '9': 24, '10': 64, '11': 66, '12': 32, '13': 26, '14': 60}, 'arch': {'width': 17, 'height': 5, 'alg_qubits': [18, 52, 20, 54, 22, 56, 24, 58, 26, 60, 28, 62, 30, 64, 32, 66], 'magic_states': [1, 3, 5, 7, 9, 11, 13, 15, 33, 67, 83, 81, 79, 77, 75, 73, 71, 69, 17, 51]}, 'gates': [[8], [7], [9], [9, 7], [8, 9], [7, 8], [6], [9], [10], [9, 6], [10, 9], [6, 10], [9], [6, 9], [6], [9], [10], [10, 9], [6, 10], [9, 6], [5], [10], [11], [10, 5], [11, 10], [5, 11], [10], [5, 10], [5], [10], [11], [11, 10], [5, 11], [10, 5], [4], [11], [12], [11, 4], [12, 11], [4, 12], [11], [4, 11], [4], [11], [12], [12, 11], [4, 12], [11, 4], [2], [12], [13], [12, 2], [13, 12], [2, 13], [12], [2, 12], [2], [12], [13], [13, 12], [2, 13], [12, 2], [1], [13], [14], [13, 1], [14, 13], [1, 14], [13], [1, 13], [1], [13], [14], [14, 13], [1, 14], [13, 1], [3], [14], [0], [14, 3], [0, 14]]}","{'map': {'0': 20, '1': 28, '2': 54, '3': 60, '4': 32, '5': 66, '6': 30, '7': 26, '8': 64, '9': 56, '10': 22, '11': 52, '12': 18, '13': 58, '14': 24}, 'arch': {'width': 17, 'height': 5, 'alg_qubits': [18, 52, 20, 54, 22, 56, 24, 58, 26, 60, 28, 62, 30, 64, 32, 66], 'magic_states': [1, 3, 5, 7, 9, 11, 13, 15, 33, 67, 83, 81, 79, 77, 75, 73, 71, 69, 17, 51]}, 'gates': [[3, 0], [14, 3], [1], [13], [14], [13, 1], [14, 13], [1, 14], [13], [1, 13], [1], [13], [14], [14, 13], [1, 14], [13, 1], [2], [12], [13], [12, 2], [13, 12], [2, 13], [12], [2, 12], [2], [12], [13], [13, 12], [2, 13], [12, 2], [4], [11], [12], [11, 4], [12, 11], [4, 12], [11], [4, 11], [4], [11], [12], [12, 11], [4, 12], [11, 4], [5], [10], [11], [10, 5], [11, 10], [5, 11], [10], [5, 10], [5], [10], [11], [11, 10], [5, 11], [10, 5], [6], [9], [10], [9, 6], [10, 9], [6, 10], [9], [6, 9], [6], [9], [10], [10, 9], [6, 10], [9, 6], [8], [7], [9], [7, 8], [9, 7], [8, 9], [7], [8, 7], [8]]}","{'map': {'0': 64, '1': 30, '2': 28, '3': 24, '4': 26, '5': 62, '6': 56, '7': 32, '8': 52, '9': 54, '10': 60, '11': 66, '12': 18, '13': 22, '14': 20}, 'arch': {'width': 17, 'height': 5, 'alg_qubits': [18, 52, 20, 54, 22, 56, 24, 58, 26, 60, 28, 62, 30, 64, 32, 66], 'magic_states': [1, 3, 5, 7, 9, 11, 13, 15, 33, 67, 83, 81, 79, 77, 75, 73, 71, 69, 17, 51]}, 'gates': [[0, 14], [3, 0], [14, 3], [1], [13], [14], [13, 1], [14, 13], [1, 14], [13], [1, 13], [1], [13], [14], [14, 13], [1, 14], [13, 1], [2], [12], [13], [12, 2], [13, 12], [2, 13], [12], [2, 12], [2], [12], [13], [13, 12], [2, 13], [12, 2], [4], [11], [12], [11, 4], [12, 11], [4, 12], [11], [4, 11], [4], [11], [12], [12, 11], [4, 12], [11, 4], [5], [10], [11], [10, 5], [11, 10], [5, 11], [10], [5, 10], [5], [10], [11], [11, 10], [5, 11], [10, 5], [6], [9], [10], [9, 6], [10, 9], [6, 10], [9], [6, 9], [6], [9], [10], [10, 9], [6, 10], [9, 6], [8], [7], [9], [7, 8], [9, 7], [8, 9], [7], [8, 7]]}"
vqe_1.qasm,"{'map': {'0': 24, '1': 8, '2': 10, '3': 26, '4': 12, '5': 22}, 'arch': {'width': 7, 'height': 5, 'alg_qubits': [8, 22, 10, 24, 12, 26], 'magic_states': [1, 3, 5, 13, 27, 33, 31, 29, 7, 21]}, 'gates': [[3], [5], [1], [1, 5], [3, 1], [5, 3], [0], [2], [5], [2, 0], [5, 2], [0, 5], [2], [0, 2], [0], [2], [5], [5, 2], [0, 5], [2, 0], [2], [3], [1], [3, 2], [1, 3], [2, 1], [3], [2, 3], [2], [3], [1], [1, 3], [2, 1], [3, 2], [4, 3], [1], [3], [4], [3, 1], [4, 3], [1, 4], [3], [1, 3], [1], [3], [4], [4, 3], [1, 4], [3, 1], [4, 3], [4, 0], [4, 1], [2], [5], [3], [5, 2], [3, 5], [2, 3], [5], [2, 5], [2], [5], [3], [3, 5], [2, 3], [5, 2], [0], [1], [5], [1, 0], [5, 1], [0, 5], [1], [0, 1], [0], [1], [5], [5, 1], [0, 5], [1, 0], [2]]}","{'map': {'0': 26, '1': 10, '2': 24, '3': 22, '4': 12, '5': 8}, 'arch': {'width': 7, 'height': 5, 'alg_qubits': [8, 22, 10, 24, 12, 26], 'magic_states': [1, 3, 5, 13, 27, 33, 31, 29, 7, 21]}, 'gates': [[5], [3], [5, 2], [3, 5], [2, 3], [5], [2, 5], [2], [5], [3], [3, 5], [2, 3], [5, 2], [0], [1], [5], [1, 0], [5, 1], [0, 5], [1], [0, 1], [0], [1], [5], [5, 1], [0, 5], [1, 0], [3, 1], [1], [2], [0], [2, 1], [0, 2], [1, 0], [2], [1, 2], [1], [2], [0], [0, 2], [1, 0], [2, 1], [0], [2], [1], [2, 0], [1, 2], [0, 1], [2], [0, 2], [0], [2], [1], [1, 2], [0, 1], [2, 0], [0], [2], [4], [2, 0], [4, 2], [0, 4], [2], [0, 2], [0], [2], [4], [4, 2], [0, 4], [2, 0], [4, 0], [1], [4], [2], [4, 1], [2, 4], [1, 2], [4], [1, 4], [1], [4]]}","{'map': {'0': 10, '1': 24, '2': 12, '3': 22, '4': 8, '5': 26}, 'arch': {'width': 7, 'height': 5, 'alg_qubits': [8, 22, 10, 24, 12, 26], 'magic_states': [1, 3, 5, 13, 27, 33, 31, 29, 7, 21]}, 'gates': [[2], [1], [0], [1, 2], [0, 1], [2, 0], [1], [2, 1], [2], [1], [0], [0, 1], [2, 0], [1, 2], [4, 0], [3], [2], [5], [2, 3], [5, 2], [3, 5], [2], [3, 2], [3], [2], [5], [5, 2], [3, 5], [2, 3], [5], [3], [4], [3, 5], [4, 3], [5, 4], [3], [5, 3], [5], [3], [4], [4, 3], [5, 4], [3, 5], [1], [0], [3], [0, 1], [3, 0], [1, 3], [0], [1, 0], [1], [0], [3], [3, 0], [1, 3], [0, 1], [5], [3], [4], [3, 5], [4, 3], [5, 4], [3], [5, 3], [5], [3], [4], [4, 3], [5, 4], [3, 5], [1], [0], [3], [0, 1], [3, 0], [1, 3], [0], [1, 0], [1], [0]]}","{'map': {'0': 26, '1': 8, '2': 10, '3': 24, '4': 12, '5': 22}, 'arch': {'width': 7, 'height': 5, 'alg_qubits': [8, 22, 10, 24, 12, 26], 'magic_states': [1, 3, 5, 13, 27, 33, 31, 29, 7, 21]}, 'gates': [[1, 2], [1], [2], [5], [5, 2], [1, 5], [2, 1], [5], [2], [0], [2, 5], [0, 2], [5, 0], [2], [5, 2], [5], [2], [0], [0, 2], [5, 0], [2, 5], [3], [4], [2], [4, 3], [2, 4], [3, 2], [4], [3, 4], [3], [4], [2], [2, 4], [3, 2], [4, 3], [5], [2], [0], [2, 5], [0, 2], [5, 0], [2], [5, 2], [5], [2], [0], [0, 2], [5, 0], [2, 5], [3], [4], [2], [4, 3], [2, 4], [3, 2], [4], [3, 4], [3], [4], [2], [2, 4], [3, 2], [4, 3], [4, 3], [3, 4], [4], [5], [0], [5, 4], [0, 5], [4, 0], [5], [4, 5], [4], [5], [0], [0, 5], [4, 0], [5, 4], [1], [3]]}","{'map': {'0': 26, '1': 8, '2': 10, '3': 24, '4': 12, '5': 22}, 'arch': {'width': 7, 'height': 5, 'alg_qubits': [8, 22, 10, 24, 12, 26], 'magic_states': [1, 3, 5, 13, 27, 33, 31, 29, 7, 21]}, 'gates': [[1, 2], [1], [2], [5], [5, 2], [1, 5], [2, 1], [5], [2], [0], [2, 5], [0, 2], [5, 0], [2], [5, 2], [5], [2], [0], [0, 2], [5, 0], [2, 5], [3], [4], [2], [4, 3], [2, 4], [3, 2], [4], [3, 4], [3], [4], [2], [2, 4], [3, 2], [4, 3], [5], [2], [0], [2, 5], [0, 2], [5, 0], [2], [5, 2], [5], [2], [0], [0, 2], [5, 0], [2, 5], [3], [4], [2], [4, 3], [2, 4], [3, 2], [4], [3, 4], [3], [4], [2], [2, 4], [3, 2], [4, 3], [4, 3], [3, 4], [4], [5], [0], [5, 4], [0, 5], [4, 0], [5], [4, 5], [4], [5], [0], [0, 5], [4, 0], [5, 4], [1], [3]]}"
qft_5.qasm,"{'map': {'0': 32, '1': 12, '2': 30, '3': 28, '4': 34, '5': 14, '6': 16}, 'arch': {'width': 9, 'height': 5, 'alg_qubits': [10, 28, 12, 30, 14, 32, 16, 34], 'magic_states': [1, 3, 5, 7, 17, 35, 43, 41, 39, 37, 9, 27]}, 'gates': [[2], [1], [0], [1, 2], [0, 1], [2, 0], [1], [2, 1], [2], [1], [0], [0, 1], [2, 0], [1, 2], [3], [6], [1], [6, 3], [1, 6], [3, 1], [6], [3, 6], [3], [6], [1], [1, 6], [3, 1], [6, 3], [5], [4], [6], [4, 5], [6, 4], [5, 6], [4], [5, 4], [5], [4], [6], [6, 4], [5, 6], [4, 5], [3], [6], [1], [6, 3], [1, 6], [3, 1], [6], [3, 6], [3], [6], [1], [1, 6], [3, 1], [6, 3], [0], [1], [6], [1, 0], [6, 1], [0, 6], [1], [0, 1], [0], [1], [6], [6, 1], [0, 6], [1, 0], [2], [1], [0], [1, 2], [0, 1], [2, 0], [1], [2, 1], [2], [1], [0]]}","{'map': {'0': 12, '1': 32, '2': 14, '3': 28, '4': 10, '5': 16, '6': 34, '7': 30}, 'arch': {'width': 9, 'height': 5, 'alg_qubits': [10, 28, 12, 30, 14, 32, 16, 34], 'magic_states': [1, 3, 5, 7, 17, 35, 43, 41, 39, 37, 9, 27]}, 'gates': [[6, 5], [6], [5], [2], [2, 5], [6, 2], [5, 6], [4], [2], [1], [2, 4], [1, 2], [4, 1], [2], [4, 2], [4], [2], [1], [1, 2], [4, 1], [2, 4], [3], [1], [0], [1, 3], [0, 1], [3, 0], [1], [3, 1], [3], [1], [0], [0, 1], [3, 0], [1, 3], [4], [2], [1], [2, 4], [1, 2], [4, 1], [2], [4, 2], [4], [2], [1], [1, 2], [4, 1], [2, 4], [6], [5], [2], [5, 6], [2, 5], [6, 2], [5], [6, 5], [6], [5], [2], [2, 5], [6, 2], [5, 6], [4], [2], [1], [2, 4], [1, 2], [4, 1], [2], [4, 2], [4], [2], [1], [1, 2], [4, 1], [2, 4], [0], [3], [7], [3, 0]]}","{'map': {'0': 12, '1': 32, '2': 14, '3': 28, '4': 10, '5': 16, '6': 34, '7': 30}, 'arch': {'width': 9, 'height': 5, 'alg_qubits': [10, 28, 12, 30, 14, 32, 16, 34], 'magic_states': [1, 3, 5, 7, 17, 35, 43, 41, 39, 37, 9, 27]}, 'gates': [[6, 5], [6], [5], [2], [2, 5], [6, 2], [5, 6], [4], [2], [1], [2, 4], [1, 2], [4, 1], [2], [4, 2], [4], [2], [1], [1, 2], [4, 1], [2, 4], [3], [1], [0], [1, 3], [0, 1], [3, 0], [1], [3, 1], [3], [1], [0], [0, 1], [3, 0], [1, 3], [4], [2], [1], [2, 4], [1, 2], [4, 1], [2], [4, 2], [4], [2], [1], [1, 2], [4, 1], [2, 4], [6], [5], [2], [5, 6], [2, 5], [6, 2], [5], [6, 5], [6], [5], [2], [2, 5], [6, 2], [5, 6], [4], [2], [1], [2, 4], [1, 2], [4, 1], [2], [4, 2], [4], [2], [1], [1, 2], [4, 1], [2, 4], [0], [3], [7], [3, 0]]}","{'map': {'0': 34, '1': 16, '2': 30, '3': 14, '4': 10, '5': 12, '6': 28}, 'arch': {'width': 9, 'height': 5, 'alg_qubits': [10, 28, 12, 30, 14, 32, 16, 34], 'magic_states': [1, 3, 5, 7, 17, 35, 43, 41, 39, 37, 9, 27]}, 'gates': [[4], [3], [6], [6, 3], [4, 6], [3, 4], [2], [6], [5], [6, 2], [5, 6], [2, 5], [6], [2, 6], [2], [6], [5], [5, 6], [2, 5], [6, 2], [0], [5], [1], [5, 0], [1, 5], [0, 1], [5], [0, 5], [0], [5], [1], [1, 5], [0, 1], [5, 0], [2], [6], [5], [6, 2], [5, 6], [2, 5], [6], [2, 6], [2], [6], [5], [5, 6], [2, 5], [6, 2], [4], [3], [6], [3, 4], [6, 3], [4, 6], [3], [4, 3], [4], [3], [6], [6, 3], [4, 6], [3, 4], [2], [6], [5], [6, 2], [5, 6], [2, 5], [6], [2, 6], [2], [6], [5], [5, 6], [2, 5], [6, 2], [4], [1], [0], [1, 4], [0, 1]]}","{'map': {'0': 10, '1': 14, '2': 30, '3': 12, '4': 32, '5': 16, '6': 28}, 'arch': {'width': 9, 'height': 5, 'alg_qubits': [10, 28, 12, 30, 14, 32, 16, 34], 'magic_states': [1, 3, 5, 7, 17, 35, 43, 41, 39, 37, 9, 27]}, 'gates': [[4], [3], [6], [6, 3], [4, 6], [3, 4], [2], [6], [5], [6, 2], [5, 6], [2, 5], [6], [2, 6], [2], [6], [5], [5, 6], [2, 5], [6, 2], [0], [5], [1], [5, 0], [1, 5], [0, 1], [5], [0, 5], [0], [5], [1], [1, 5], [0, 1], [5, 0], [2], [6], [5], [6, 2], [5, 6], [2, 5], [6], [2, 6], [2], [6], [5], [5, 6], [2, 5], [6, 2], [4], [3], [6], [3, 4], [6, 3], [4, 6], [3], [4, 3], [4], [3], [6], [6, 3], [4, 6], [3, 4], [2], [6], [5], [6, 2], [5, 6], [2, 5], [6], [2, 6], [2], [6], [5], [5, 6], [2, 5], [6, 2], [5], [1], [0], [1, 5], [0, 1]]}"
jku_suite_1.qasm,"{'map': {'0': 26, '1': 24, '2': 12, '3': 8, '4': 22, '5': 10}, 'arch': {'width': 7, 'height': 5, 'alg_qubits': [8, 22, 10, 24, 12, 26], 'magic_states': [1, 3, 5, 13, 27, 33, 31, 29, 7, 21]}, 'gates': [[1], [4], [2], [4, 1], [2, 4], [1, 2], [4], [1, 4], [1], [4], [2], [2, 4], [1, 2], [4, 1], [5], [3], [4], [3, 5], [4, 3], [5, 4], [3], [5, 3], [5], [3], [4], [4, 3], [5, 4], [3, 5], [0], [1], [3], [1, 0], [3, 1], [0, 3], [1], [0, 1], [0], [1], [3], [3, 1], [0, 3], [1, 0], [5], [3], [4], [3, 5], [4, 3], [5, 4], [3], [5, 3], [5], [3], [4], [4, 3], [5, 4], [3, 5], [0], [1], [3], [1, 0], [3, 1], [0, 3], [1], [0, 1], [0], [1], [3], [3, 1], [0, 3], [1, 0], [1], [5], [3], [5, 1], [3, 5], [1, 3], [5], [1, 5], [1], [5], [3]]}","{'map': {'0': 8, '1': 22, '2': 24, '3': 12, '4': 10, '5': 26}, 'arch': {'width': 7, 'height': 5, 'alg_qubits': [8, 22, 10, 24, 12, 26], 'magic_states': [1, 3, 5, 13, 27, 33, 31, 29, 7, 21]}, 'gates': [[1, 3], [1, 2], [3], [2], [5], [2, 3], [5, 2], [3, 5], [2], [3, 2], [3], [2], [5], [5, 2], [3, 5], [2, 3], [5], [3], [4], [3, 5], [4, 3], [5, 4], [3], [5, 3], [5], [3], [4], [4, 3], [5, 4], [3, 5], [1], [0], [3], [0, 1], [3, 0], [1, 3], [0], [1, 0], [1], [0], [3], [3, 0], [1, 3], [0, 1], [5], [3], [4], [3, 5], [4, 3], [5, 4], [3], [5, 3], [5], [3], [4], [4, 3], [5, 4], [3, 5], [1], [0], [3], [0, 1], [3, 0], [1, 3], [0], [1, 0], [1], [0], [3], [3, 0], [1, 3], [0, 1], [3], [2], [5], [2, 3], [5, 2], [3, 5], [2], [3, 2], [3]]}","{'map': {'0': 10, '1': 24, '2': 8, '3': 12, '4': 22, '5': 26}, 'arch': {'width': 7, 'height': 5, 'alg_qubits': [8, 22, 10, 24, 12, 26], 'magic_states': [1, 3, 5, 13, 27, 33, 31, 29, 7, 21]}, 'gates': [[5], [4], [0], [4, 5], [0, 4], [5, 0], [4], [5, 4], [5], [4], [0], [0, 4], [5, 0], [4, 5], [5], [4], [1], [4, 5], [1, 4], [5, 1], [4], [5, 4], [5], [4], [1], [1, 4], [5, 1], [4, 5], [1], [5], [0], [5, 1], [0, 5], [1, 0], [5], [1, 5], [1], [5], [0], [0, 5], [1, 0], [5, 1], [3], [2], [5], [2, 3], [5, 2], [3, 5], [2], [3, 2], [3], [2], [5], [5, 2], [3, 5], [2, 3], [1], [5], [0], [5, 1], [0, 5], [1, 0], [5], [1, 5], [1], [5], [0], [0, 5], [1, 0], [5, 1], [3], [2], [5], [2, 3], [5, 2], [3, 5], [2], [3, 2], [3], [2], [5]]}","{'map': {'0': 22, '1': 12, '2': 8, '3': 10, '4': 26}, 'arch': {'width': 7, 'height': 5, 'alg_qubits': [8, 22, 10, 24, 12, 26], 'magic_states': [1, 3, 5, 13, 27, 33, 31, 29, 7, 21]}, 'gates': [[3], [2], [1], [2, 3], [1, 2], [3, 1], [2], [3, 2], [3], [2], [1], [1, 2], [3, 1], [2, 3], [0], [4], [2], [4, 0], [2, 4], [0, 2], [4], [0, 4], [0], [4], [2], [2, 4], [0, 2], [4, 0], [3], [1], [4], [1, 3], [4, 1], [3, 4], [1], [3, 1], [3], [1], [4], [4, 1], [3, 4], [1, 3], [0], [4], [2], [4, 0], [2, 4], [0, 2], [4], [0, 4], [0], [4], [2], [2, 4], [0, 2], [4, 0], [3], [1], [4], [1, 3], [4, 1], [3, 4], [1], [3, 1], [3], [1], [4], [4, 1], [3, 4], [1, 3], [3], [0], [2], [0, 3], [2, 0], [3, 2], [0], [3, 0], [3], [0], [2]]}","{'map': {'0': 8, '1': 22, '2': 10, '3': 12, '4': 26}, 'arch': {'width': 7, 'height': 5, 'alg_qubits': [8, 22, 10, 24, 12, 26], 'magic_states': [1, 3, 5, 13, 27, 33, 31, 29, 7, 21]}, 'gates': [[0, 1], [0, 1], [0, 2], [0, 2], [0, 2], [0, 2], [0, 2], [0, 1], [0, 1], [0, 1], [0, 1], [0, 1], [3, 2], [3, 2], [3, 2], [3, 2], [3, 2], [0, 2], [0, 2], [0, 2], [0, 2], [0, 2], [0, 1], [0, 1], [3, 4], [3, 4], [3, 4], [3, 4], [3, 4], [3, 2], [3, 2], [3, 2], [3, 2], [3, 2], [1, 2], [1, 2], [0, 2], [0, 2]]}"
jku_suite_26.qasm,"{'map': {'0': 12, '1': 20, '2': 16, '3': 14, '4': 18, '5': 34, '6': 36, '7': 38, '8': 42}, 'arch': {'width': 11, 'height': 5, 'alg_qubits': [12, 34, 14, 36, 16, 38, 18, 40, 20, 42], 'magic_states': [1, 3, 5, 7, 9, 21, 43, 53, 51, 49, 47, 45, 11, 33]}, 'gates': [[7], [8], [3], [3, 8], [7, 3], [8, 7], [6], [4], [8], [4, 6], [8, 4], [6, 8], [4], [6, 4], [6], [4], [8], [8, 4], [6, 8], [4, 6], [5], [0], [4], [0, 5], [4, 0], [5, 4], [0], [5, 0], [5], [0], [4], [4, 0], [5, 4], [0, 5], [1], [2], [0], [2, 1], [0, 2], [1, 0], [2], [1, 2], [1], [2], [0], [0, 2], [1, 0], [2, 1], [5], [0], [4], [0, 5], [4, 0], [5, 4], [0], [5, 0], [5], [0], [4], [4, 0], [5, 4], [0, 5], [6], [4], [8], [4, 6], [8, 4], [6, 8], [4], [6, 4], [6], [4], [8], [8, 4], [6, 8], [4, 6], [7], [8], [3], [8, 7], [3, 8]]}","{'map': {'0': 38, '1': 14, '2': 12, '3': 36, '4': 16, '5': 40, '6': 20, '7': 42, '8': 18}, 'arch': {'width': 11, 'height': 5, 'alg_qubits': [12, 34, 14, 36, 16, 38, 18, 40, 20, 42], 'magic_states': [1, 3, 5, 7, 9, 21, 43, 53, 51, 49, 47, 45, 11, 33]}, 'gates': [[1], [1, 2], [4, 1], [2, 4], [5], [8], [2], [8, 5], [2, 8], [5, 2], [8], [5, 8], [5], [8], [2], [2, 8], [5, 2], [8, 5], [7], [6], [8], [6, 7], [8, 6], [7, 8], [6], [7, 6], [7], [6], [8], [8, 6], [7, 8], [6, 7], [5], [8], [2], [8, 5], [2, 8], [5, 2], [8], [5, 8], [5], [8], [2], [2, 8], [5, 2], [8, 5], [4], [2], [1], [2, 4], [1, 2], [4, 1], [2], [4, 2], [4], [2], [1], [1, 2], [4, 1], [2, 4], [3], [1], [0], [1, 3], [0, 1], [3, 0], [1], [3, 1], [3], [1], [0], [0, 1], [3, 0], [1, 3], [4], [2], [1], [2, 4], [1, 2], [4, 1], [2]]}","{'map': {'0': 20, '1': 40, '2': 18, '3': 14, '4': 12, '5': 16, '6': 38, '7': 34, '8': 42}, 'arch': {'width': 11, 'height': 5, 'alg_qubits': [12, 34, 14, 36, 16, 38, 18, 40, 20, 42], 'magic_states': [1, 3, 5, 7, 9, 21, 43, 53, 51, 49, 47, 45, 11, 33]}, 'gates': [[1], [1, 2], [4, 1], [2, 4], [5], [8], [2], [8, 5], [2, 8], [5, 2], [8], [5, 8], [5], [8], [2], [2, 8], [5, 2], [8, 5], [7], [6], [8], [6, 7], [8, 6], [7, 8], [6], [7, 6], [7], [6], [8], [8, 6], [7, 8], [6, 7], [5], [8], [2], [8, 5], [2, 8], [5, 2], [8], [5, 8], [5], [8], [2], [2, 8], [5, 2], [8, 5], [4], [2], [1], [2, 4], [1, 2], [4, 1], [2], [4, 2], [4], [2], [1], [1, 2], [4, 1], [2, 4], [3], [1], [0], [1, 3], [0, 1], [3, 0], [1], [3, 1], [3], [1], [0], [0, 1], [3, 0], [1, 3], [4], [2], [1], [2, 4], [1, 2], [4, 1], [2]]}","{'map': {'0': 20, '1': 40, '2': 18, '3': 14, '4': 12, '5': 16, '6': 38, '7': 34, '8': 42}, 'arch': {'width': 11, 'height': 5, 'alg_qubits': [12, 34, 14, 36, 16, 38, 18, 40, 20, 42], 'magic_states': [1, 3, 5, 7, 9, 21, 43, 53, 51, 49, 47, 45, 11, 33]}, 'gates': [[1], [1, 2], [4, 1], [2, 4], [5], [8], [2], [8, 5], [2, 8], [5, 2], [8], [5, 8], [5], [8], [2], [2, 8], [5, 2], [8, 5], [7], [6], [8], [6, 7], [8, 6], [7, 8], [6], [7, 6], [7], [6], [8], [8, 6], [7, 8], [6, 7], [5], [8], [2], [8, 5], [2, 8], [5, 2], [8], [5, 8], [5], [8], [2], [2, 8], [5, 2], [8, 5], [4], [2], [1], [2, 4], [1, 2], [4, 1], [2], [4, 2], [4], [2], [1], [1, 2], [4, 1], [2, 4], [3], [1], [0], [1, 3], [0, 1], [3, 0], [1], [3, 1], [3], [1], [0], [0, 1], [3, 0], [1, 3], [4], [2], [1], [2, 4], [1, 2], [4, 1], [2]]}","{'map': {'0': 20, '1': 40, '2': 18, '3': 14, '4': 12, '5': 16, '6': 38, '7': 34, '8': 42}, 'arch': {'width': 11, 'height': 5, 'alg_qubits': [12, 34, 14, 36, 16, 38, 18, 40, 20, 42], 'magic_states': [1, 3, 5, 7, 9, 21, 43, 53, 51, 49, 47, 45, 11, 33]}, 'gates': [[1], [1, 2], [4, 1], [2, 4], [5], [8], [2], [8, 5], [2, 8], [5, 2], [8], [5, 8], [5], [8], [2], [2, 8], [5, 2], [8, 5], [7], [6], [8], [6, 7], [8, 6], [7, 8], [6], [7, 6], [7], [6], [8], [8, 6], [7, 8], [6, 7], [5], [8], [2], [8, 5], [2, 8], [5, 2], [8], [5, 8], [5], [8], [2], [2, 8], [5, 2], [8, 5], [4], [2], [1], [2, 4], [1, 2], [4, 1], [2], [4, 2], [4], [2], [1], [1, 2], [4, 1], [2, 4], [3], [1], [0], [1, 3], [0, 1], [3, 0], [1], [3, 1], [3], [1], [0], [0, 1], [3, 0], [1, 3], [4], [2], [1], [2, 4], [1, 2], [4, 1], [2]]}"
jku_suite_28.qasm,"{'map': {'0': 10, '1': 24, '2': 8, '3': 12, '4': 22, '5': 26}, 'arch': {'width': 7, 'height': 5, 'alg_qubits': [8, 22, 10, 24, 12, 26], 'magic_states': [1, 3, 5, 13, 27, 33, 31, 29, 7, 21]}, 'gates': [[5], [4], [0], [4, 5], [0, 4], [5, 0], [4], [5, 4], [5], [4], [0], [0, 4], [5, 0], [4, 5], [5], [4], [1], [4, 5], [1, 4], [5, 1], [4], [5, 4], [5], [4], [1], [1, 4], [5, 1], [4, 5], [1], [5], [0], [5, 1], [0, 5], [1, 0], [5], [1, 5], [1], [5], [0], [0, 5], [1, 0], [5, 1], [3], [2], [5], [2, 3], [5, 2], [3, 5], [2], [3, 2], [3], [2], [5], [5, 2], [3, 5], [2, 3], [1], [5], [0], [5, 1], [0, 5], [1, 0], [5], [1, 5], [1], [5], [0], [0, 5], [1, 0], [5, 1], [3], [2], [5], [2, 3], [5, 2], [3, 5], [2], [3, 2], [3], [2], [5]]}","{'map': {'0': 10, '1': 22, '2': 24, '3': 26, '4': 8}, 'arch': {'width': 7, 'height': 5, 'alg_qubits': [8, 22, 10, 24, 12, 26], 'magic_states': [1, 3, 5, 13, 27, 33, 31, 29, 7, 21]}, 'gates': [[2], [2, 4], [1, 2], [4, 1], [2, 3], [3, 2], [1, 2], [0], [1], [3], [1, 0], [3, 1], [0, 3], [1], [0, 1], [0], [1], [3], [3, 1], [0, 3], [1, 0], [1], [3], [0], [3, 1], [0, 3], [1, 0], [3], [1, 3], [1], [3], [0], [0, 3], [1, 0], [3, 1], [0, 1], [2, 1], [1, 0], [0, 2], [1, 0], [2, 1], [0], [2], [1], [2, 0], [1, 2], [0, 1], [2], [0, 2], [0], [2], [1], [1, 2], [0, 1], [2, 0], [0], [2], [4], [2, 0], [4, 2], [0, 4], [2], [0, 2], [0], [2], [4], [4, 2], [0, 4], [2, 0], [4, 0], [1], [4], [2], [4, 1], [2, 4], [1, 2], [4], [1, 4], [1], [4]]}","{'map': {'0': 24, '1': 22, '2': 26, '3': 10, '4': 8, '5': 12}, 'arch': {'width': 7, 'height': 5, 'alg_qubits': [8, 22, 10, 24, 12, 26], 'magic_states': [1, 3, 5, 13, 27, 33, 31, 29, 7, 21]}, 'gates': [[4], [4, 0], [1, 4], [0, 1], [3], [2], [5], [2, 3], [5, 2], [3, 5], [2], [3, 2], [3], [2], [5], [5, 2], [3, 5], [2, 3], [5], [3], [4], [3, 5], [4, 3], [5, 4], [3], [5, 3], [5], [3], [4], [4, 3], [5, 4], [3, 5], [1], [0], [3], [0, 1], [3, 0], [1, 3], [0], [1, 0], [1], [0], [3], [3, 0], [1, 3], [0, 1], [5], [3], [4], [3, 5], [4, 3], [5, 4], [3], [5, 3], [5], [3], [4], [4, 3], [5, 4], [3, 5], [1], [0], [3], [0, 1], [3, 0], [1, 3], [0], [1, 0], [1], [0], [3], [3, 0], [1, 3], [0, 1], [3], [2], [5], [2, 3], [5, 2], [3, 5], [2]]}","{'map': {'0': 26, '1': 24, '2': 12, '3': 8, '4': 22, '5': 10}, 'arch': {'width': 7, 'height': 5, 'alg_qubits': [8, 22, 10, 24, 12, 26], 'magic_states': [1, 3, 5, 13, 27, 33, 31, 29, 7, 21]}, 'gates': [[1], [4], [2], [4, 1], [2, 4], [1, 2], [4], [1, 4], [1], [4], [2], [2, 4], [1, 2], [4, 1], [5], [3], [4], [3, 5], [4, 3], [5, 4], [3], [5, 3], [5], [3], [4], [4, 3], [5, 4], [3, 5], [0], [1], [3], [1, 0], [3, 1], [0, 3], [1], [0, 1], [0], [1], [3], [3, 1], [0, 3], [1, 0], [5], [3], [4], [3, 5], [4, 3], [5, 4], [3], [5, 3], [5], [3], [4], [4, 3], [5, 4], [3, 5], [0], [1], [3], [1, 0], [3, 1], [0, 3], [1], [0, 1], [0], [1], [3], [3, 1], [0, 3], [1, 0], [1], [5], [3], [5, 1], [3, 5], [1, 3], [5], [1, 5], [1], [5], [3]]}","{'map': {'0': 26, '1': 10, '2': 24, '3': 22, '4': 12, '5': 8}, 'arch': {'width': 7, 'height': 5, 'alg_qubits': [8, 22, 10, 24, 12, 26], 'magic_states': [1, 3, 5, 13, 27, 33, 31, 29, 7, 21]}, 'gates': [[5], [3], [5, 2], [3, 5], [2, 3], [5], [2, 5], [2], [5], [3], [3, 5], [2, 3], [5, 2], [0], [1], [5], [1, 0], [5, 1], [0, 5], [1], [0, 1], [0], [1], [5], [5, 1], [0, 5], [1, 0], [3, 1], [1], [2], [0], [2, 1], [0, 2], [1, 0], [2], [1, 2], [1], [2], [0], [0, 2], [1, 0], [2, 1], [0], [2], [1], [2, 0], [1, 2], [0, 1], [2], [0, 2], [0], [2], [1], [1, 2], [0, 1], [2, 0], [0], [2], [4], [2, 0], [4, 2], [0, 4], [2], [0, 2], [0], [2], [4], [4, 2], [0, 4], [2, 0], [4, 0], [1], [4], [2], [4, 1], [2, 4], [1, 2], [4], [1, 4], [1], [4]]}"
jku_suite_6.qasm,"{'map': {'0': 14, '1': 40, '2': 20, '3': 34, '4': 36, '5': 12, '6': 42, '7': 16, '8': 18}, 'arch': {'width': 11, 'height': 5, 'alg_qubits': [12, 34, 14, 36, 16, 38, 18, 40, 20, 42], 'magic_states': [1, 3, 5, 7, 9, 21, 43, 53, 51, 49, 47, 45, 11, 33]}, 'gates': [[4, 6], [7], [4, 7], [4], [7], [6], [6, 7], [4, 6], [7, 4], [3], [8], [7], [8, 3], [7, 8], [3, 7], [8], [3, 8], [3], [8], [7], [7, 8], [3, 7], [8, 3], [1], [2], [8], [2, 1], [8, 2], [1, 8], [2], [1, 2], [1], [2], [8], [8, 2], [1, 8], [2, 1], [3], [8], [7], [8, 3], [7, 8], [3, 7], [8], [3, 8], [3], [8], [7], [7, 8], [3, 7], [8, 3], [4], [7], [6], [7, 4], [6, 7], [4, 6], [7], [4, 7], [4], [7], [6], [6, 7], [4, 6], [7, 4], [5], [6], [0], [6, 5], [0, 6], [5, 0], [6], [5, 6], [5], [6], [0], [0, 6], [5, 0], [6, 5], [4], [7]]}","{'map': {'0': 34, '1': 16, '2': 42, '3': 18, '4': 20, '5': 38, '6': 40, '7': 14, '8': 36}, 'arch': {'width': 11, 'height': 5, 'alg_qubits': [12, 34, 14, 36, 16, 38, 18, 40, 20, 42], 'magic_states': [1, 3, 5, 7, 9, 21, 43, 53, 51, 49, 47, 45, 11, 33]}, 'gates': [[4, 6], [7], [4, 7], [4], [7], [6], [6, 7], [4, 6], [7, 4], [3], [8], [7], [8, 3], [7, 8], [3, 7], [8], [3, 8], [3], [8], [7], [7, 8], [3, 7], [8, 3], [1], [2], [8], [2, 1], [8, 2], [1, 8], [2], [1, 2], [1], [2], [8], [8, 2], [1, 8], [2, 1], [3], [8], [7], [8, 3], [7, 8], [3, 7], [8], [3, 8], [3], [8], [7], [7, 8], [3, 7], [8, 3], [4], [7], [6], [7, 4], [6, 7], [4, 6], [7], [4, 7], [4], [7], [6], [6, 7], [4, 6], [7, 4], [5], [6], [0], [6, 5], [0, 6], [5, 0], [6], [5, 6], [5], [6], [0], [0, 6], [5, 0], [6, 5], [4], [7]]}","{'map': {'0': 34, '1': 16, '2': 42, '3': 18, '4': 20, '5': 38, '6': 40, '7': 14, '8': 36}, 'arch': {'width': 11, 'height': 5, 'alg_qubits': [12, 34, 14, 36, 16, 38, 18, 40, 20, 42], 'magic_states': [1, 3, 5, 7, 9, 21, 43, 53, 51, 49, 47, 45, 11, 33]}, 'gates': [[4, 6], [7], [4, 7], [4], [7], [6], [6, 7], [4, 6], [7, 4], [3], [8], [7], [8, 3], [7, 8], [3, 7], [8], [3, 8], [3], [8], [7], [7, 8], [3, 7], [8, 3], [1], [2], [8], [2, 1], [8, 2], [1, 8], [2], [1, 2], [1], [2], [8], [8, 2], [1, 8], [2, 1], [3], [8], [7], [8, 3], [7, 8], [3, 7], [8], [3, 8], [3], [8], [7], [7, 8], [3, 7], [8, 3], [4], [7], [6], [7, 4], [6, 7], [4, 6], [7], [4, 7], [4], [7], [6], [6, 7], [4, 6], [7, 4], [5], [6], [0], [6, 5], [0, 6], [5, 0], [6], [5, 6], [5], [6], [0], [0, 6], [5, 0], [6, 5], [4], [7]]}","{'map': {'0': 14, '1': 40, '2': 20, '3': 34, '4': 36, '5': 12, '6': 42, '7': 16, '8': 18}, 'arch': {'width': 11, 'height': 5, 'alg_qubits': [12, 34, 14, 36, 16, 38, 18, 40, 20, 42], 'magic_states': [1, 3, 5, 7, 9, 21, 43, 53, 51, 49, 47, 45, 11, 33]}, 'gates': [[4, 6], [7], [4, 7], [4], [7], [6], [6, 7], [4, 6], [7, 4], [3], [8], [7], [8, 3], [7, 8], [3, 7], [8], [3, 8], [3], [8], [7], [7, 8], [3, 7], [8, 3], [1], [2], [8], [2, 1], [8, 2], [1, 8], [2], [1, 2], [1], [2], [8], [8, 2], [1, 8], [2, 1], [3], [8], [7], [8, 3], [7, 8], [3, 7], [8], [3, 8], [3], [8], [7], [7, 8], [3, 7], [8, 3], [4], [7], [6], [7, 4], [6, 7], [4, 6], [7], [4, 7], [4], [7], [6], [6, 7], [4, 6], [7, 4], [5], [6], [0], [6, 5], [0, 6], [5, 0], [6], [5, 6], [5], [6], [0], [0, 6], [5, 0], [6, 5], [4], [7]]}","{'map': {'0': 34, '1': 16, '2': 42, '3': 18, '4': 20, '5': 38, '6': 40, '7': 14, '8': 36}, 'arch': {'width': 11, 'height': 5, 'alg_qubits': [12, 34, 14, 36, 16, 38, 18, 40, 20, 42], 'magic_states': [1, 3, 5, 7, 9, 21, 43, 53, 51, 49, 47, 45, 11, 33]}, 'gates': [[4, 6], [7], [4, 7], [4], [7], [6], [6, 7], [4, 6], [7, 4], [3], [8], [7], [8, 3], [7, 8], [3, 7], [8], [3, 8], [3], [8], [7], [7, 8], [3, 7], [8, 3], [1], [2], [8], [2, 1], [8, 2], [1, 8], [2], [1, 2], [1], [2], [8], [8, 2], [1, 8], [2, 1], [3], [8], [7], [8, 3], [7, 8], [3, 7], [8], [3, 8], [3], [8], [7], [7, 8], [3, 7], [8, 3], [4], [7], [6], [7, 4], [6, 7], [4, 6], [7], [4, 7], [4], [7], [6], [6, 7], [4, 6], [7, 4], [5], [6], [0], [6, 5], [0, 6], [5, 0], [6], [5, 6], [5], [6], [0], [0, 6], [5, 0], [6, 5], [4], [7]]}"
autobraid_22.qasm,"{'map': {'0': 32, '1': 34, '2': 30, '3': 14, '4': 10, '5': 28, '6': 16}, 'arch': {'width': 9, 'height': 5, 'alg_qubits': [10, 28, 12, 30, 14, 32, 16, 34], 'magic_states': [1, 3, 5, 7, 17, 35, 43, 41, 39, 37, 9, 27]}, 'gates': [[1], [5], [0], [5, 1], [0, 5], [1, 0], [5], [1, 5], [1], [5], [0], [0, 5], [1, 0], [5, 1], [1], [5], [2], [5, 1], [2, 5], [1, 2], [5], [1, 5], [1], [5], [2], [2, 5], [1, 2], [5, 1], [1], [5], [4], [5, 1], [4, 5], [1, 4], [5], [1, 5], [1], [5], [4], [4, 5], [1, 4], [5, 1], [1], [6], [2], [6, 1], [2, 6], [1, 2], [6], [1, 6], [1], [6], [2], [2, 6], [1, 2], [6, 1], [1], [6], [3], [6, 1], [3, 6], [1, 3], [6], [1, 6], [1], [6], [3], [3, 6], [1, 3], [6, 1], [1], [6], [4], [6, 1], [4, 6], [1, 4], [6], [1, 6], [1], [6], [4]]}","{'map': {'0': 28, '1': 12, '2': 10, '3': 14, '4': 34, '5': 32, '6': 30, '7': 16}, 'arch': {'width': 9, 'height': 5, 'alg_qubits': [10, 28, 12, 30, 14, 32, 16, 34], 'magic_states': [1, 3, 5, 7, 17, 35, 43, 41, 39, 37, 9, 27]}, 'gates': [[3, 5], [2], [3, 2], [3], [2], [5], [5, 2], [3, 5], [2, 3], [1], [5], [4], [5, 1], [4, 5], [1, 4], [5], [1, 5], [1], [5], [4], [4, 5], [1, 4], [5, 1], [4], [1], [0], [1, 4], [0, 1], [4, 0], [1], [4, 1], [4], [1], [0], [0, 1], [4, 0], [1, 4], [5], [2], [1], [2, 5], [1, 2], [5, 1], [2], [5, 2], [5], [2], [1], [1, 2], [5, 1], [2, 5], [7], [6], [2], [6, 7], [2, 6], [7, 2], [6], [7, 6], [7], [6], [2], [2, 6], [7, 2], [6, 7], [5], [2], [1], [2, 5], [1, 2], [5, 1], [2], [5, 2], [5], [2], [1], [1, 2], [5, 1], [2, 5], [4], [1]]}","{'map': {'0': 34, '1': 32, '2': 28, '3': 16, '4': 14, '5': 30, '6': 12}, 'arch': {'width': 9, 'height': 5, 'alg_qubits': [10, 28, 12, 30, 14, 32, 16, 34], 'magic_states': [1, 3, 5, 7, 17, 35, 43, 41, 39, 37, 9, 27]}, 'gates': [[6, 2], [0], [5], [1], [5, 0], [1, 5], [0, 1], [5], [0, 5], [0], [5], [1], [1, 5], [0, 1], [5, 0], [2], [6], [5], [6, 2], [5, 6], [2, 5], [6], [2, 6], [2], [6], [5], [5, 6], [2, 5], [6, 2], [4], [3], [6], [3, 4], [6, 3], [4, 6], [3], [4, 3], [4], [3], [6], [6, 3], [4, 6], [3, 4], [2], [6], [5], [6, 2], [5, 6], [2, 5], [6], [2, 6], [2], [6], [5], [5, 6], [2, 5], [6, 2], [5], [1], [0], [1, 5], [0, 1], [5, 0], [1], [5, 1], [5], [1], [0], [0, 1], [5, 0], [1, 5], [6], [2], [1], [2, 6], [1, 2], [6, 1], [2], [6, 2], [6], [2]]}","{'map': {'0': 16, '1': 10, '2': 28, '3': 12, '4': 14, '5': 34, '6': 32}, 'arch': {'width': 9, 'height': 5, 'alg_qubits': [10, 28, 12, 30, 14, 32, 16, 34], 'magic_states': [1, 3, 5, 7, 17, 35, 43, 41, 39, 37, 9, 27]}, 'gates': [[6, 2], [0], [5], [1], [5, 0], [1, 5], [0, 1], [5], [0, 5], [0], [5], [1], [1, 5], [0, 1], [5, 0], [2], [6], [5], [6, 2], [5, 6], [2, 5], [6], [2, 6], [2], [6], [5], [5, 6], [2, 5], [6, 2], [4], [3], [6], [3, 4], [6, 3], [4, 6], [3], [4, 3], [4], [3], [6], [6, 3], [4, 6], [3, 4], [2], [6], [5], [6, 2], [5, 6], [2, 5], [6], [2, 6], [2], [6], [5], [5, 6], [2, 5], [6, 2], [5], [1], [0], [1, 5], [0, 1], [5, 0], [1], [5, 1], [5], [1], [0], [0, 1], [5, 0], [1, 5], [6], [2], [1], [2, 6], [1, 2], [6, 1], [2], [6, 2], [6], [2]]}","{'map': {'0': 10, '1': 14, '2': 30, '3': 12, '4': 32, '5': 16, '6': 28}, 'arch': {'width': 9, 'height': 5, 'alg_qubits': [10, 28, 12, 30, 14, 32, 16, 34], 'magic_states': [1, 3, 5, 7, 17, 35, 43, 41, 39, 37, 9, 27]}, 'gates': [[4], [3], [6], [6, 3], [4, 6], [3, 4], [2], [6], [5], [6, 2], [5, 6], [2, 5], [6], [2, 6], [2], [6], [5], [5, 6], [2, 5], [6, 2], [0], [5], [1], [5, 0], [1, 5], [0, 1], [5], [0, 5], [0], [5], [1], [1, 5], [0, 1], [5, 0], [2], [6], [5], [6, 2], [5, 6], [2, 5], [6], [2, 6], [2], [6], [5], [5, 6], [2, 5], [6, 2], [4], [3], [6], [3, 4], [6, 3], [4, 6], [3], [4, 3], [4], [3], [6], [6, 3], [4, 6], [3, 4], [2], [6], [5], [6, 2], [5, 6], [2, 5], [6], [2, 6], [2], [6], [5], [5, 6], [2, 5], [6, 2], [5], [1], [0], [1, 5], [0, 1]]}"
autobraid_7.qasm,"{'map': {'0': 32, '1': 34, '2': 30, '3': 14, '4': 10, '5': 28, '6': 16}, 'arch': {'width': 9, 'height': 5, 'alg_qubits': [10, 28, 12, 30, 14, 32, 16, 34], 'magic_states': [1, 3, 5, 7, 17, 35, 43, 41, 39, 37, 9, 27]}, 'gates': [[1], [5], [0], [5, 1], [0, 5], [1, 0], [5], [1, 5], [1], [5], [0], [0, 5], [1, 0], [5, 1], [1], [5], [2], [5, 1], [2, 5], [1, 2], [5], [1, 5], [1], [5], [2], [2, 5], [1, 2], [5, 1], [1], [5], [4], [5, 1], [4, 5], [1, 4], [5], [1, 5], [1], [5], [4], [4, 5], [1, 4], [5, 1], [1], [6], [2], [6, 1], [2, 6], [1, 2], [6], [1, 6], [1], [6], [2], [2, 6], [1, 2], [6, 1], [1], [6], [3], [6, 1], [3, 6], [1, 3], [6], [1, 6], [1], [6], [3], [3, 6], [1, 3], [6, 1], [1], [6], [4], [6, 1], [4, 6], [1, 4], [6], [1, 6], [1], [6], [4]]}","{'map': {'0': 28, '1': 12, '2': 10, '3': 14, '4': 34, '5': 32, '6': 30, '7': 16}, 'arch': {'width': 9, 'height': 5, 'alg_qubits': [10, 28, 12, 30, 14, 32, 16, 34], 'magic_states': [1, 3, 5, 7, 17, 35, 43, 41, 39, 37, 9, 27]}, 'gates': [[3, 5], [2], [3, 2], [3], [2], [5], [5, 2], [3, 5], [2, 3], [1], [5], [4], [5, 1], [4, 5], [1, 4], [5], [1, 5], [1], [5], [4], [4, 5], [1, 4], [5, 1], [4], [1], [0], [1, 4], [0, 1], [4, 0], [1], [4, 1], [4], [1], [0], [0, 1], [4, 0], [1, 4], [5], [2], [1], [2, 5], [1, 2], [5, 1], [2], [5, 2], [5], [2], [1], [1, 2], [5, 1], [2, 5], [7], [6], [2], [6, 7], [2, 6], [7, 2], [6], [7, 6], [7], [6], [2], [2, 6], [7, 2], [6, 7], [5], [2], [1], [2, 5], [1, 2], [5, 1], [2], [5, 2], [5], [2], [1], [1, 2], [5, 1], [2, 5], [4], [1]]}","{'map': {'0': 34, '1': 32, '2': 28, '3': 16, '4': 14, '5': 30, '6': 12}, 'arch': {'width': 9, 'height': 5, 'alg_qubits': [10, 28, 12, 30, 14, 32, 16, 34], 'magic_states': [1, 3, 5, 7, 17, 35, 43, 41, 39, 37, 9, 27]}, 'gates': [[6, 2], [0], [5], [1], [5, 0], [1, 5], [0, 1], [5], [0, 5], [0], [5], [1], [1, 5], [0, 1], [5, 0], [2], [6], [5], [6, 2], [5, 6], [2, 5], [6], [2, 6], [2], [6], [5], [5, 6], [2, 5], [6, 2], [4], [3], [6], [3, 4], [6, 3], [4, 6], [3], [4, 3], [4], [3], [6], [6, 3], [4, 6], [3, 4], [2], [6], [5], [6, 2], [5, 6], [2, 5], [6], [2, 6], [2], [6], [5], [5, 6], [2, 5], [6, 2], [5], [1], [0], [1, 5], [0, 1], [5, 0], [1], [5, 1], [5], [1], [0], [0, 1], [5, 0], [1, 5], [6], [2], [1], [2, 6], [1, 2], [6, 1], [2], [6, 2], [6], [2]]}","{'map': {'0': 16, '1': 10, '2': 28, '3': 12, '4': 14, '5': 34, '6': 32}, 'arch': {'width': 9, 'height': 5, 'alg_qubits': [10, 28, 12, 30, 14, 32, 16, 34], 'magic_states': [1, 3, 5, 7, 17, 35, 43, 41, 39, 37, 9, 27]}, 'gates': [[6, 2], [0], [5], [1], [5, 0], [1, 5], [0, 1], [5], [0, 5], [0], [5], [1], [1, 5], [0, 1], [5, 0], [2], [6], [5], [6, 2], [5, 6], [2, 5], [6], [2, 6], [2], [6], [5], [5, 6], [2, 5], [6, 2], [4], [3], [6], [3, 4], [6, 3], [4, 6], [3], [4, 3], [4], [3], [6], [6, 3], [4, 6], [3, 4], [2], [6], [5], [6, 2], [5, 6], [2, 5], [6], [2, 6], [2], [6], [5], [5, 6], [2, 5], [6, 2], [5], [1], [0], [1, 5], [0, 1], [5, 0], [1], [5, 1], [5], [1], [0], [0, 1], [5, 0], [1, 5], [6], [2], [1], [2, 6], [1, 2], [6, 1], [2], [6, 2], [6], [2]]}","{'map': {'0': 16, '1': 32, '2': 28, '3': 34, '4': 12, '5': 30, '6': 14, '7': 10}, 'arch': {'width': 9, 'height': 5, 'alg_qubits': [10, 28, 12, 30, 14, 32, 16, 34], 'magic_states': [1, 3, 5, 7, 17, 35, 43, 41, 39, 37, 9, 27]}, 'gates': [[5], [6, 5], [6], [5], [2], [2, 5], [6, 2], [5, 6], [4], [2], [1], [2, 4], [1, 2], [4, 1], [2], [4, 2], [4], [2], [1], [1, 2], [4, 1], [2, 4], [3], [1], [0], [1, 3], [0, 1], [3, 0], [1], [3, 1], [3], [1], [0], [0, 1], [3, 0], [1, 3], [4], [2], [1], [2, 4], [1, 2], [4, 1], [2], [4, 2], [4], [2], [1], [1, 2], [4, 1], [2, 4], [6], [5], [2], [5, 6], [2, 5], [6, 2], [5], [6, 5], [6], [5], [2], [2, 5], [6, 2], [5, 6], [4], [2], [1], [2, 4], [1, 2], [4, 1], [2], [4, 2], [4], [2], [1], [1, 2], [4, 1], [2, 4], [0], [3], [7]]}"
jku_suite_24.qasm,"{'map': {'0': 56, '1': 54, '2': 20, '3': 30, '4': 62, '5': 52, '6': 28, '7': 18, '8': 22, '9': 24, '10': 64, '11': 66, '12': 32, '13': 26, '14': 60}, 'arch': {'width': 17, 'height': 5, 'alg_qubits': [18, 52, 20, 54, 22, 56, 24, 58, 26, 60, 28, 62, 30, 64, 32, 66], 'magic_states': [1, 3, 5, 7, 9, 11, 13, 15, 33, 67, 83, 81, 79, 77, 75, 73, 71, 69, 17, 51]}, 'gates': [[8], [7], [9], [9, 7], [8, 9], [7, 8], [6], [9], [10], [9, 6], [10, 9], [6, 10], [9], [6, 9], [6], [9], [10], [10, 9], [6, 10], [9, 6], [5], [10], [11], [10, 5], [11, 10], [5, 11], [10], [5, 10], [5], [10], [11], [11, 10], [5, 11], [10, 5], [4], [11], [12], [11, 4], [12, 11], [4, 12], [11], [4, 11], [4], [11], [12], [12, 11], [4, 12], [11, 4], [2], [12], [13], [12, 2], [13, 12], [2, 13], [12], [2, 12], [2], [12], [13], [13, 12], [2, 13], [12, 2], [1], [13], [14], [13, 1], [14, 13], [1, 14], [13], [1, 13], [1], [13], [14], [14, 13], [1, 14], [13, 1], [3], [14], [0], [14, 3], [0, 14]]}","{'map': {'0': 26, '1': 32, '2': 62, '3': 18, '4': 58, '5': 56, '6': 22, '7': 54, '8': 28, '9': 60, '10': 24, '11': 64, '12': 20, '13': 30, '14': 66}, 'arch': {'width': 17, 'height': 5, 'alg_qubits': [18, 52, 20, 54, 22, 56, 24, 58, 26, 60, 28, 62, 30, 64, 32, 66], 'magic_states': [1, 3, 5, 7, 9, 11, 13, 15, 33, 67, 83, 81, 79, 77, 75, 73, 71, 69, 17, 51]}, 'gates': [[13, 14], [6], [1], [0], [1, 6], [0, 1], [6, 0], [1], [6, 1], [6], [1], [0], [0, 1], [6, 0], [1, 6], [7], [2], [1], [2, 7], [1, 2], [7, 1], [2], [7, 2], [7], [2], [1], [1, 2], [7, 1], [2, 7], [8], [3], [2], [3, 8], [2, 3], [8, 2], [3], [8, 3], [8], [3], [2], [2, 3], [8, 2], [3, 8], [9], [4], [3], [4, 9], [3, 4], [9, 3], [4], [9, 4], [9], [4], [3], [3, 4], [9, 3], [4, 9], [10], [5], [4], [5, 10], [4, 5], [10, 4], [5], [10, 5], [10], [5], [4], [4, 5], [10, 4], [5, 10], [12], [11], [5], [11, 12], [5, 11], [12, 5], [11], [12, 11], [12], [11]]}","{'map': {'0': 26, '1': 32, '2': 62, '3': 18, '4': 58, '5': 56, '6': 22, '7': 54, '8': 28, '9': 60, '10': 24, '11': 64, '12': 20, '13': 30, '14': 66}, 'arch': {'width': 17, 'height': 5, 'alg_qubits': [18, 52, 20, 54, 22, 56, 24, 58, 26, 60, 28, 62, 30, 64, 32, 66], 'magic_states': [1, 3, 5, 7, 9, 11, 13, 15, 33, 67, 83, 81, 79, 77, 75, 73, 71, 69, 17, 51]}, 'gates': [[13, 14], [6], [1], [0], [1, 6], [0, 1], [6, 0], [1], [6, 1], [6], [1], [0], [0, 1], [6, 0], [1, 6], [7], [2], [1], [2, 7], [1, 2], [7, 1], [2], [7, 2], [7], [2], [1], [1, 2], [7, 1], [2, 7], [8], [3], [2], [3, 8], [2, 3], [8, 2], [3], [8, 3], [8], [3], [2], [2, 3], [8, 2], [3, 8], [9], [4], [3], [4, 9], [3, 4], [9, 3], [4], [9, 4], [9], [4], [3], [3, 4], [9, 3], [4, 9], [10], [5], [4], [5, 10], [4, 5], [10, 4], [5], [10, 5], [10], [5], [4], [4, 5], [10, 4], [5, 10], [12], [11], [5], [11, 12], [5, 11], [12, 5], [11], [12, 11], [12], [11]]}","{'map': {'0': 20, '1': 18, '2': 60, '3': 54, '4': 32, '5': 56, '6': 58, '7': 30, '8': 52, '9': 62, '10': 28, '11': 22, '12': 64, '13': 66, '14': 26}, 'arch': {'width': 17, 'height': 5, 'alg_qubits': [18, 52, 20, 54, 22, 56, 24, 58, 26, 60, 28, 62, 30, 64, 32, 66], 'magic_states': [1, 3, 5, 7, 9, 11, 13, 15, 33, 67, 83, 81, 79, 77, 75, 73, 71, 69, 17, 51]}, 'gates': [[14, 12], [13], [14, 13], [14], [13], [12], [12, 13], [14, 12], [13, 14], [6], [1], [0], [1, 6], [0, 1], [6, 0], [1], [6, 1], [6], [1], [0], [0, 1], [6, 0], [1, 6], [7], [2], [1], [2, 7], [1, 2], [7, 1], [2], [7, 2], [7], [2], [1], [1, 2], [7, 1], [2, 7], [8], [3], [2], [3, 8], [2, 3], [8, 2], [3], [8, 3], [8], [3], [2], [2, 3], [8, 2], [3, 8], [9], [4], [3], [4, 9], [3, 4], [9, 3], [4], [9, 4], [9], [4], [3], [3, 4], [9, 3], [4, 9], [10], [5], [4], [5, 10], [4, 5], [10, 4], [5], [10, 5], [10], [5], [4], [4, 5], [10, 4], [5, 10], [12], [11]]}","{'map': {'0': 32, '1': 10, '2': 34, '3': 28, '4': 30, '5': 14, '6': 16, '7': 12}, 'arch': {'width': 9, 'height': 5, 'alg_qubits': [10, 28, 12, 30, 14, 32, 16, 34], 'magic_states': [1, 3, 5, 7, 17, 35, 43, 41, 39, 37, 9, 27]}, 'gates': [[2], [5, 3], [2, 5], [3, 2], [5], [3, 5], [3], [5], [2], [2, 5], [3, 2], [5, 3], [6], [2], [7], [2, 6], [7, 2], [6, 7], [2], [6, 2], [6], [2], [7], [7, 2], [6, 7], [2, 6], [0], [2], [4], [2, 0], [4, 2], [0, 4], [2], [0, 2], [0], [2], [4], [4, 2], [0, 4], [2, 0], [4], [7], [1], [7, 4], [1, 7], [4, 1], [7], [4, 7], [4], [7], [1], [1, 7], [4, 1], [7, 4], [6], [2], [7], [2, 6], [7, 2], [6, 7], [2], [6, 2], [6], [2], [7], [7, 2], [6, 7], [2, 6], [3], [5], [2], [5, 3], [2, 5], [3, 2], [5], [3, 5], [3], [5], [2], [2, 5], [3, 2]]}"
jku_suite_30.qasm,"{'map': {'0': 16, '1': 40, '2': 14, '3': 20, '4': 36, '5': 18, '6': 38, '7': 12, '8': 42, '9': 34}, 'arch': {'width': 11, 'height': 5, 'alg_qubits': [12, 34, 14, 36, 16, 38, 18, 40, 20, 42], 'magic_states': [1, 3, 5, 7, 9, 21, 43, 53, 51, 49, 47, 45, 11, 33]}, 'gates': [[2], [4], [3], [3, 4], [2, 3], [4, 2], [6], [3], [5], [3, 6], [5, 3], [6, 5], [3], [6, 3], [6], [3], [5], [5, 3], [6, 5], [3, 6], [7], [5], [9], [5, 7], [9, 5], [7, 9], [5], [7, 5], [7], [5], [9], [9, 5], [7, 9], [5, 7], [8], [9], [1], [9, 8], [1, 9], [8, 1], [9], [8, 9], [8], [9], [1], [1, 9], [8, 1], [9, 8], [7], [4], [9], [4, 7], [9, 4], [7, 9], [4], [7, 4], [7], [4], [9], [9, 4], [7, 9], [4, 7], [6], [3], [4], [3, 6], [4, 3], [6, 4], [3], [6, 3], [6], [3], [4], [4, 3], [6, 4], [3, 6], [0], [5], [3], [5, 0], [3, 5]]}","{'map': {'0': 34, '1': 18, '2': 20, '3': 42, '4': 36, '5': 12, '6': 38, '7': 14, '8': 16, '9': 40}, 'arch': {'width': 11, 'height': 5, 'alg_qubits': [12, 34, 14, 36, 16, 38, 18, 40, 20, 42], 'magic_states': [1, 3, 5, 7, 9, 21, 43, 53, 51, 49, 47, 45, 11, 33]}, 'gates': [[0, 1], [0], [1], [5], [5, 1], [0, 5], [1, 0], [2], [5], [6], [5, 2], [6, 5], [2, 6], [5], [2, 5], [2], [5], [6], [6, 5], [2, 6], [5, 2], [3], [6], [9], [6, 3], [9, 6], [3, 9], [6], [3, 6], [3], [6], [9], [9, 6], [3, 9], [6, 3], [7], [9], [4], [9, 7], [4, 9], [7, 4], [9], [7, 9], [7], [9], [4], [4, 9], [7, 4], [9, 7], [3], [8], [9], [8, 3], [9, 8], [3, 9], [8], [3, 8], [3], [8], [9], [9, 8], [3, 9], [8, 3], [1], [2], [8], [2, 1], [8, 2], [1, 8], [2], [1, 2], [1], [2], [8], [8, 2], [1, 8], [2, 1], [3], [8], [9], [8, 3]]}","{'map': {'0': 42, '1': 20, '2': 14, '3': 40, '4': 38, '5': 16, '6': 36, '7': 12, '8': 34, '9': 28}, 'arch': {'width': 11, 'height': 5, 'alg_qubits': [12, 34, 14, 36, 16, 38, 18, 40, 20, 42], 'magic_states': [1, 3, 5, 7, 9, 21, 43, 53, 51, 49, 47, 45, 11, 33]}, 'gates': [[4, 9], [1], [5], [0], [5, 1], [0, 5], [1, 0], [5], [1, 5], [1], [5], [0], [0, 5], [1, 0], [5, 1], [9], [4], [5], [4, 9], [5, 4], [9, 5], [4], [9, 4], [9], [4], [5], [5, 4], [9, 5], [4, 9], [8], [3], [4], [3, 8], [4, 3], [8, 4], [3], [8, 3], [8], [3], [4], [4, 3], [8, 4], [3, 8], [6], [7], [3], [7, 6], [3, 7], [6, 3], [7], [6, 7], [6], [7], [3], [3, 7], [6, 3], [7, 6], [8], [3], [4], [3, 8], [4, 3], [8, 4], [3], [8, 3], [8], [3], [4], [4, 3], [8, 4], [3, 8], [9], [4], [5], [4, 9], [5, 4], [9, 5], [4], [9, 4], [9], [4]]}","{'map': {'0': 16, '1': 18, '2': 38, '3': 14, '4': 42, '5': 20, '6': 12, '7': 36, '8': 34, '9': 40}, 'arch': {'width': 11, 'height': 5, 'alg_qubits': [12, 34, 14, 36, 16, 38, 18, 40, 20, 42], 'magic_states': [1, 3, 5, 7, 9, 21, 43, 53, 51, 49, 47, 45, 11, 33]}, 'gates': [[1, 6], [2], [1, 2], [1], [2], [6], [6, 2], [1, 6], [2, 1], [3], [6], [7], [6, 3], [7, 6], [3, 7], [6], [3, 6], [3], [6], [7], [7, 6], [3, 7], [6, 3], [4], [7], [9], [7, 4], [9, 7], [4, 9], [7], [4, 7], [4], [7], [9], [9, 7], [4, 9], [7, 4], [5], [9], [0], [9, 5], [0, 9], [5, 0], [9], [5, 9], [5], [9], [0], [0, 9], [5, 0], [9, 5], [4], [8], [9], [8, 4], [9, 8], [4, 9], [8], [4, 8], [4], [8], [9], [9, 8], [4, 9], [8, 4], [3], [7], [8], [7, 3], [8, 7], [3, 8], [7], [3, 7], [3], [7], [8], [8, 7], [3, 8], [7, 3], [1], [2]]}","{'map': {'0': 40, '1': 34, '2': 36, '3': 18, '4': 20, '5': 12, '6': 16, '7': 42, '8': 38, '9': 14}, 'arch': {'width': 11, 'height': 5, 'alg_qubits': [12, 34, 14, 36, 16, 38, 18, 40, 20, 42], 'magic_states': [1, 3, 5, 7, 9, 21, 43, 53, 51, 49, 47, 45, 11, 33]}, 'gates': [[6, 7], [5], [8], [2], [8, 5], [2, 8], [5, 2], [8], [5, 8], [5], [8], [2], [2, 8], [5, 2], [8, 5], [4], [2], [1], [2, 4], [1, 2], [4, 1], [2], [4, 2], [4], [2], [1], [1, 2], [4, 1], [2, 4], [0], [3], [9], [3, 0], [9, 3], [0, 9], [3], [0, 3], [0], [3], [9], [9, 3], [0, 9], [3, 0], [2], [1], [3], [1, 2], [3, 1], [2, 3], [1], [2, 1], [2], [1], [3], [3, 1], [2, 3], [1, 2], [0], [3], [9], [3, 0], [9, 3], [0, 9], [3], [0, 3], [0], [3], [9], [9, 3], [0, 9], [3, 0], [2], [1], [3], [1, 2], [3, 1], [2, 3], [1], [2, 1], [2], [1]]}"
jku_suite_53.qasm,"{'map': {'0': 28, '1': 14, '2': 30, '3': 16, '4': 12, '5': 10, '6': 34, '7': 32}, 'arch': {'width': 9, 'height': 5, 'alg_qubits': [10, 28, 12, 30, 14, 32, 16, 34], 'magic_states': [1, 3, 5, 7, 17, 35, 43, 41, 39, 37, 9, 27]}, 'gates': [[4, 1], [0, 4], [1], [0, 1], [0], [1], [4], [4, 1], [0, 4], [1, 0], [0], [2], [1], [2, 0], [1, 2], [0, 1], [2], [0, 2], [0], [2], [1], [1, 2], [0, 1], [2, 0], [5], [3], [2], [3, 5], [2, 3], [5, 2], [3], [5, 3], [5], [3], [2], [2, 3], [5, 2], [3, 5], [7], [6], [3], [6, 7], [3, 6], [7, 3], [6], [7, 6], [7], [6], [3], [3, 6], [7, 3], [6, 7], [5], [3], [2], [3, 5], [2, 3], [5, 2], [3], [5, 3], [5], [3], [2], [2, 3], [5, 2], [3, 5], [0], [2], [1], [2, 0], [1, 2], [0, 1], [2], [0, 2], [0], [2], [1], [1, 2], [0, 1], [2, 0], [5]]}","{'map': {'0': 34, '1': 28, '2': 12, '3': 32, '4': 10, '5': 16, '6': 30, '7': 14}, 'arch': {'width': 9, 'height': 5, 'alg_qubits': [10, 28, 12, 30, 14, 32, 16, 34], 'magic_states': [1, 3, 5, 7, 17, 35, 43, 41, 39, 37, 9, 27]}, 'gates': [[0], [2], [1], [1, 2], [0, 1], [2, 0], [5], [3], [2], [3, 5], [2, 3], [5, 2], [3], [5, 3], [5], [3], [2], [2, 3], [5, 2], [3, 5], [7], [6], [3], [6, 7], [3, 6], [7, 3], [6], [7, 6], [7], [6], [3], [3, 6], [7, 3], [6, 7], [5], [3], [2], [3, 5], [2, 3], [5, 2], [3], [5, 3], [5], [3], [2], [2, 3], [5, 2], [3, 5], [1], [4], [2], [4, 1], [2, 4], [1, 2], [4], [1, 4], [1], [4], [2], [2, 4], [1, 2], [4, 1], [1], [4], [3], [4, 1], [3, 4], [1, 3], [4], [1, 4], [1], [4], [3], [3, 4], [1, 3], [4, 1], [7], [6], [5], [6, 7], [5, 6]]}","{'map': {'0': 34, '1': 10, '2': 16, '3': 32, '4': 12, '5': 30, '6': 14, '7': 28}, 'arch': {'width': 9, 'height': 5, 'alg_qubits': [10, 28, 12, 30, 14, 32, 16, 34], 'magic_states': [1, 3, 5, 7, 17, 35, 43, 41, 39, 37, 9, 27]}, 'gates': [[7], [3], [0], [3, 7], [0, 3], [7, 0], [3], [7, 3], [7], [3], [0], [0, 3], [7, 0], [3, 7], [7], [5], [1], [5, 7], [1, 5], [7, 1], [5], [7, 5], [7], [5], [1], [1, 5], [7, 1], [5, 7], [6], [5], [2], [5, 6], [2, 5], [6, 2], [5], [6, 5], [6], [5], [2], [2, 5], [6, 2], [5, 6], [6], [5], [1], [5, 6], [1, 5], [6, 1], [5], [6, 5], [6], [5], [1], [1, 5], [6, 1], [5, 6], [7], [6], [1], [6, 7], [1, 6], [7, 1], [6], [7, 6], [7], [6], [1], [1, 6], [7, 1], [6, 7], [3], [4], [0], [4, 3], [0, 4], [3, 0], [4], [3, 4], [3], [4], [0]]}","{'map': {'0': 30, '1': 32, '2': 34, '3': 28, '4': 10, '5': 16, '6': 12, '7': 14}, 'arch': {'width': 9, 'height': 5, 'alg_qubits': [10, 28, 12, 30, 14, 32, 16, 34], 'magic_states': [1, 3, 5, 7, 17, 35, 43, 41, 39, 37, 9, 27]}, 'gates': [[7], [0], [0, 7], [4, 0], [7, 4], [3], [6], [7], [6, 3], [7, 6], [3, 7], [6], [3, 6], [3], [6], [7], [7, 6], [3, 7], [6, 3], [1], [2], [6], [2, 1], [6, 2], [1, 6], [2], [1, 2], [1], [2], [6], [6, 2], [1, 6], [2, 1], [3], [6], [7], [6, 3], [7, 6], [3, 7], [6], [3, 6], [3], [6], [7], [7, 6], [3, 7], [6, 3], [0], [5], [6], [5, 0], [6, 5], [0, 6], [5], [0, 5], [0], [5], [6], [6, 5], [0, 6], [5, 0], [0, 4], [1, 2], [0, 1], [1], [5], [4], [5, 1], [4, 5], [1, 4], [5], [1, 5], [1], [5], [4], [4, 5], [1, 4], [5, 1], [4, 1], [1], [6]]}","{'map': {'0': 34, '1': 16, '2': 14, '3': 12, '4': 32, '5': 30, '6': 10, '7': 28}, 'arch': {'width': 9, 'height': 5, 'alg_qubits': [10, 28, 12, 30, 14, 32, 16, 34], 'magic_states': [1, 3, 5, 7, 17, 35, 43, 41, 39, 37, 9, 27]}, 'gates': [[1], [3], [1, 2], [3, 1], [2, 3], [1], [2, 1], [2], [1], [3], [3, 1], [2, 3], [1, 2], [0], [3], [7], [3, 0], [7, 3], [0, 7], [3], [0, 3], [0], [3], [7], [7, 3], [0, 7], [3, 0], [2], [1], [3], [1, 2], [3, 1], [2, 3], [1], [2, 1], [2], [1], [3], [3, 1], [2, 3], [1, 2], [3], [1], [0], [1, 3], [0, 1], [3, 0], [1], [3, 1], [3], [1], [0], [0, 1], [3, 0], [1, 3], [4], [2], [1], [2, 4], [1, 2], [4, 1], [2], [4, 2], [4], [2], [1], [1, 2], [4, 1], [2, 4], [6], [5], [2], [5, 6], [2, 5], [6, 2], [5], [6, 5], [6], [5], [2], [2, 5]]}"
autobraid_23.qasm,"{'map': {'0': 40, '1': 24, '2': 22, '3': 18, '4': 44, '5': 48, '6': 42, '7': 14, '8': 20, '9': 50, '10': 16}, 'arch': {'width': 13, 'height': 5, 'alg_qubits': [14, 40, 16, 42, 18, 44, 20, 46, 22, 48, 24, 50], 'magic_states': [1, 3, 5, 7, 9, 11, 25, 51, 63, 61, 59, 57, 55, 53, 13, 39]}, 'gates': [[5, 10], [9], [4], [3], [4, 9], [3, 4], [9, 3], [4], [9, 4], [9], [4], [3], [3, 4], [9, 3], [4, 9], [8], [3], [2], [3, 8], [2, 3], [8, 2], [3], [8, 3], [8], [3], [2], [2, 3], [8, 2], [3, 8], [7], [2], [1], [2, 7], [1, 2], [7, 1], [2], [7, 2], [7], [2], [1], [1, 2], [7, 1], [2, 7], [6], [1], [0], [1, 6], [0, 1], [6, 0], [1], [6, 1], [6], [1], [0], [0, 1], [6, 0], [1, 6], [7], [2], [1], [2, 7], [1, 2], [7, 1], [2], [7, 2], [7], [2], [1], [1, 2], [7, 1], [2, 7], [8], [3], [2], [3, 8], [2, 3], [8, 2], [3], [8, 3], [8], [3]]}","{'map': {'0': 40, '1': 24, '2': 22, '3': 18, '4': 44, '5': 48, '6': 42, '7': 14, '8': 20, '9': 50, '10': 16}, 'arch': {'width': 13, 'height': 5, 'alg_qubits': [14, 40, 16, 42, 18, 44, 20, 46, 22, 48, 24, 50], 'magic_states': [1, 3, 5, 7, 9, 11, 25, 51, 63, 61, 59, 57, 55, 53, 13, 39]}, 'gates': [[5, 10], [9], [4], [3], [4, 9], [3, 4], [9, 3], [4], [9, 4], [9], [4], [3], [3, 4], [9, 3], [4, 9], [8], [3], [2], [3, 8], [2, 3], [8, 2], [3], [8, 3], [8], [3], [2], [2, 3], [8, 2], [3, 8], [7], [2], [1], [2, 7], [1, 2], [7, 1], [2], [7, 2], [7], [2], [1], [1, 2], [7, 1], [2, 7], [6], [1], [0], [1, 6], [0, 1], [6, 0], [1], [6, 1], [6], [1], [0], [0, 1], [6, 0], [1, 6], [7], [2], [1], [2, 7], [1, 2], [7, 1], [2], [7, 2], [7], [2], [1], [1, 2], [7, 1], [2, 7], [8], [3], [2], [3, 8], [2, 3], [8, 2], [3], [8, 3], [8], [3]]}","{'map': {'0': 14, '1': 48, '2': 46, '3': 16, '4': 20, '5': 50, '6': 18, '7': 40, '8': 44, '9': 24, '10': 42}, 'arch': {'width': 13, 'height': 5, 'alg_qubits': [14, 40, 16, 42, 18, 44, 20, 46, 22, 48, 24, 50], 'magic_states': [1, 3, 5, 7, 9, 11, 25, 51, 63, 61, 59, 57, 55, 53, 13, 39]}, 'gates': [[3, 8], [7], [2], [1], [2, 7], [1, 2], [7, 1], [2], [7, 2], [7], [2], [1], [1, 2], [7, 1], [2, 7], [6], [1], [0], [1, 6], [0, 1], [6, 0], [1], [6, 1], [6], [1], [0], [0, 1], [6, 0], [1, 6], [7], [2], [1], [2, 7], [1, 2], [7, 1], [2], [7, 2], [7], [2], [1], [1, 2], [7, 1], [2, 7], [8], [3], [2], [3, 8], [2, 3], [8, 2], [3], [8, 3], [8], [3], [2], [2, 3], [8, 2], [3, 8], [9], [4], [3], [4, 9], [3, 4], [9, 3], [4], [9, 4], [9], [4], [3], [3, 4], [9, 3], [4, 9], [10], [5], [4], [5, 10], [4, 5], [10, 4], [5], [10, 5], [10], [5]]}","{'map': {'0': 14, '1': 48, '2': 46, '3': 16, '4': 20, '5': 50, '6': 18, '7': 40, '8': 44, '9': 24, '10': 42}, 'arch': {'width': 13, 'height': 5, 'alg_qubits': [14, 40, 16, 42, 18, 44, 20, 46, 22, 48, 24, 50], 'magic_states': [1, 3, 5, 7, 9, 11, 25, 51, 63, 61, 59, 57, 55, 53, 13, 39]}, 'gates': [[3, 8], [7], [2], [1], [2, 7], [1, 2], [7, 1], [2], [7, 2], [7], [2], [1], [1, 2], [7, 1], [2, 7], [6], [1], [0], [1, 6], [0, 1], [6, 0], [1], [6, 1], [6], [1], [0], [0, 1], [6, 0], [1, 6], [7], [2], [1], [2, 7], [1, 2], [7, 1], [2], [7, 2], [7], [2], [1], [1, 2], [7, 1], [2, 7], [8], [3], [2], [3, 8], [2, 3], [8, 2], [3], [8, 3], [8], [3], [2], [2, 3], [8, 2], [3, 8], [9], [4], [3], [4, 9], [3, 4], [9, 3], [4], [9, 4], [9], [4], [3], [3, 4], [9, 3], [4, 9], [10], [5], [4], [5, 10], [4, 5], [10, 4], [5], [10, 5], [10], [5]]}","{'map': {'0': 42, '1': 44, '2': 20, '3': 24, '4': 48, '5': 18, '6': 50, '7': 22, '8': 16, '9': 14, '10': 40}, 'arch': {'width': 13, 'height': 5, 'alg_qubits': [14, 40, 16, 42, 18, 44, 20, 46, 22, 48, 24, 50], 'magic_states': [1, 3, 5, 7, 9, 11, 25, 51, 63, 61, 59, 57, 55, 53, 13, 39]}, 'gates': [[5, 4], [7, 5], [4, 7], [10], [9], [0], [9, 10], [0, 9], [10, 0], [9], [10, 9], [10], [9], [0], [0, 9], [10, 0], [9, 10], [1], [8], [9], [8, 1], [9, 8], [1, 9], [8], [1, 8], [1], [8], [9], [9, 8], [1, 9], [8, 1], [2], [7], [8], [7, 2], [8, 7], [2, 8], [7], [2, 7], [2], [7], [8], [8, 7], [2, 8], [7, 2], [3], [6], [7], [6, 3], [7, 6], [3, 7], [6], [3, 6], [3], [6], [7], [7, 6], [3, 7], [6, 3], [5], [4], [6], [4, 5], [6, 4], [5, 6], [4], [5, 4], [5], [4], [6], [6, 4], [5, 6], [4, 5], [3], [6], [7], [6, 3], [7, 6], [3, 7], [6], [3, 6]]}"
jku_suite_92.qasm,"{'map': {'0': 14, '1': 30, '2': 34, '3': 16, '4': 10, '5': 28, '6': 12, '7': 32}, 'arch': {'width': 9, 'height': 5, 'alg_qubits': [10, 28, 12, 30, 14, 32, 16, 34], 'magic_states': [1, 3, 5, 7, 17, 35, 43, 41, 39, 37, 9, 27]}, 'gates': [[0, 2], [1, 5], [0, 2], [1, 5], [2, 3], [0, 6], [1, 7], [4, 5], [2, 3], [0, 6], [1, 7], [4, 5], [3, 7], [4, 6], [1, 5], [0, 2], [3, 7], [4, 6], [1, 5], [0, 2], [4, 5], [2, 3], [0, 6], [1, 7], [4, 5], [2, 3], [0, 6], [1, 7], [4, 6], [3, 7], [4, 6], [3, 7]]}","{'map': {'0': 34, '1': 30, '2': 28, '3': 32, '4': 12, '5': 10, '6': 16, '7': 14}, 'arch': {'width': 9, 'height': 5, 'alg_qubits': [10, 28, 12, 30, 14, 32, 16, 34], 'magic_states': [1, 3, 5, 7, 17, 35, 43, 41, 39, 37, 9, 27]}, 'gates': [[4, 5], [4], [5], [3], [3, 5], [4, 3], [5, 4], [6], [3], [7], [3, 6], [7, 3], [6, 7], [3], [6, 3], [6], [3], [7], [7, 3], [6, 7], [3, 6], [1], [3], [0], [3, 1], [0, 3], [1, 0], [3], [1, 3], [1], [3], [0], [0, 3], [1, 0], [3, 1], [0], [7], [2], [7, 0], [2, 7], [0, 2], [7], [0, 7], [0], [7], [2], [2, 7], [0, 2], [7, 0], [6], [3], [7], [3, 6], [7, 3], [6, 7], [3], [6, 3], [6], [3], [7], [7, 3], [6, 7], [3, 6], [4], [5], [3], [5, 4], [3, 5], [4, 3], [5], [4, 5], [4], [5], [3], [3, 5], [4, 3], [5, 4], [6], [3], [7], [3, 6]]}","{'map': {'0': 30, '1': 34, '2': 14, '3': 32, '4': 16, '5': 10, '6': 28, '7': 12}, 'arch': {'width': 9, 'height': 5, 'alg_qubits': [10, 28, 12, 30, 14, 32, 16, 34], 'magic_states': [1, 3, 5, 7, 17, 35, 43, 41, 39, 37, 9, 27]}, 'gates': [[5, 6], [4], [2], [1], [2, 4], [1, 2], [4, 1], [2], [4, 2], [4], [2], [1], [1, 2], [4, 1], [2, 4], [0], [3], [7], [3, 0], [7, 3], [0, 7], [3], [0, 3], [0], [3], [7], [7, 3], [0, 7], [3, 0], [2], [1], [3], [1, 2], [3, 1], [2, 3], [1], [2, 1], [2], [1], [3], [3, 1], [2, 3], [1, 2], [0], [3], [7], [3, 0], [7, 3], [0, 7], [3], [0, 3], [0], [3], [7], [7, 3], [0, 7], [3, 0], [2], [1], [3], [1, 2], [3, 1], [2, 3], [1], [2, 1], [2], [1], [3], [3, 1], [2, 3], [1, 2], [1], [5], [4], [5, 1], [4, 5], [1, 4], [5], [1, 5], [1], [5]]}","{'map': {'0': 16, '1': 10, '2': 14, '3': 34, '4': 12, '5': 30, '6': 28, '7': 32}, 'arch': {'width': 9, 'height': 5, 'alg_qubits': [10, 28, 12, 30, 14, 32, 16, 34], 'magic_states': [1, 3, 5, 7, 17, 35, 43, 41, 39, 37, 9, 27]}, 'gates': [[6], [5], [2], [2, 5], [6, 2], [5, 6], [4], [2], [1], [2, 4], [1, 2], [4, 1], [2], [4, 2], [4], [2], [1], [1, 2], [4, 1], [2, 4], [0], [3], [7], [3, 0], [7, 3], [0, 7], [3], [0, 3], [0], [3], [7], [7, 3], [0, 7], [3, 0], [2], [1], [3], [1, 2], [3, 1], [2, 3], [1], [2, 1], [2], [1], [3], [3, 1], [2, 3], [1, 2], [0], [3], [7], [3, 0], [7, 3], [0, 7], [3], [0, 3], [0], [3], [7], [7, 3], [0, 7], [3, 0], [2], [1], [3], [1, 2], [3, 1], [2, 3], [1], [2, 1], [2], [1], [3], [3, 1], [2, 3], [1, 2], [1], [5], [4], [5, 1], [4, 5]]}","{'map': {'0': 32, '1': 10, '2': 16, '3': 30, '4': 34, '5': 14, '6': 28, '7': 12}, 'arch': {'width': 9, 'height': 5, 'alg_qubits': [10, 28, 12, 30, 14, 32, 16, 34], 'magic_states': [1, 3, 5, 7, 17, 35, 43, 41, 39, 37, 9, 27]}, 'gates': [[1], [4], [3], [3, 4], [1, 3], [4, 1], [5], [3], [7], [3, 5], [7, 3], [5, 7], [3], [5, 3], [5], [3], [7], [7, 3], [5, 7], [3, 5], [6], [7], [3], [7, 6], [3, 7], [6, 3], [7], [6, 7], [6], [7], [3], [3, 7], [6, 3], [7, 6], [1], [4], [7], [4, 1], [7, 4], [1, 7], [4], [1, 4], [1], [4], [7], [7, 4], [1, 7], [4, 1], [6], [7], [3], [7, 6], [3, 7], [6, 3], [7], [6, 7], [6], [7], [3], [3, 7], [6, 3], [7, 6], [1], [4], [7], [4, 1], [7, 4], [1, 7], [4], [1, 4], [1], [4], [7], [7, 4], [1, 7], [4, 1], [0], [1], [2], [1, 0], [2, 1]]}"
quest_suite_24.qasm,"{'map': {'0': 8, '1': 22, '2': 10, '3': 12, '4': 26}, 'arch': {'width': 7, 'height': 5, 'alg_qubits': [8, 22, 10, 24, 12, 26], 'magic_states': [1, 3, 5, 13, 27, 33, 31, 29, 7, 21]}, 'gates': [[0, 1], [0, 1], [0, 2], [0, 2], [0, 2], [0, 2], [0, 2], [0, 1], [0, 1], [0, 1], [0, 1], [0, 1], [3, 2], [3, 2], [3, 2], [3, 2], [3, 2], [0, 2], [0, 2], [0, 2], [0, 2], [0, 2], [0, 1], [0, 1], [3, 4], [3, 4], [3, 4], [3, 4], [3, 4], [3, 2], [3, 2], [3, 2], [3, 2], [3, 2], [1, 2], [1, 2], [0, 2], [0, 2]]}","{'map': {'0': 10, '1': 22, '2': 24, '3': 26, '4': 8}, 'arch': {'width': 7, 'height': 5, 'alg_qubits': [8, 22, 10, 24, 12, 26], 'magic_states': [1, 3, 5, 13, 27, 33, 31, 29, 7, 21]}, 'gates': [[2], [2, 4], [1, 2], [4, 1], [2, 3], [3, 2], [1, 2], [0], [1], [3], [1, 0], [3, 1], [0, 3], [1], [0, 1], [0], [1], [3], [3, 1], [0, 3], [1, 0], [1], [3], [0], [3, 1], [0, 3], [1, 0], [3], [1, 3], [1], [3], [0], [0, 3], [1, 0], [3, 1], [0, 1], [2, 1], [1, 0], [0, 2], [1, 0], [2, 1], [0], [2], [1], [2, 0], [1, 2], [0, 1], [2], [0, 2], [0], [2], [1], [1, 2], [0, 1], [2, 0], [0], [2], [4], [2, 0], [4, 2], [0, 4], [2], [0, 2], [0], [2], [4], [4, 2], [0, 4], [2, 0], [4, 0], [1], [4], [2], [4, 1], [2, 4], [1, 2], [4], [1, 4], [1], [4]]}","{'map': {'0': 22, '1': 12, '2': 8, '3': 10, '4': 26}, 'arch': {'width': 7, 'height': 5, 'alg_qubits': [8, 22, 10, 24, 12, 26], 'magic_states': [1, 3, 5, 13, 27, 33, 31, 29, 7, 21]}, 'gates': [[3], [2], [1], [2, 3], [1, 2], [3, 1], [2], [3, 2], [3], [2], [1], [1, 2], [3, 1], [2, 3], [0], [4], [2], [4, 0], [2, 4], [0, 2], [4], [0, 4], [0], [4], [2], [2, 4], [0, 2], [4, 0], [3], [1], [4], [1, 3], [4, 1], [3, 4], [1], [3, 1], [3], [1], [4], [4, 1], [3, 4], [1, 3], [0], [4], [2], [4, 0], [2, 4], [0, 2], [4], [0, 4], [0], [4], [2], [2, 4], [0, 2], [4, 0], [3], [1], [4], [1, 3], [4, 1], [3, 4], [1], [3, 1], [3], [1], [4], [4, 1], [3, 4], [1, 3], [3], [0], [2], [0, 3], [2, 0], [3, 2], [0], [3, 0], [3], [0], [2]]}","{'map': {'0': 8, '1': 22, '2': 26, '3': 24, '4': 12}, 'arch': {'width': 7, 'height': 5, 'alg_qubits': [8, 22, 10, 24, 12, 26], 'magic_states': [1, 3, 5, 13, 27, 33, 31, 29, 7, 21]}, 'gates': [[0], [3], [1], [3, 0], [1, 3], [0, 1], [3], [0, 3], [0], [3], [1], [1, 3], [0, 1], [3, 0], [3], [4], [2], [4, 3], [2, 4], [3, 2], [4], [3, 4], [3], [4], [2], [2, 4], [3, 2], [4, 3], [0], [1], [4], [1, 0], [4, 1], [0, 4], [1], [0, 1], [0], [1], [4], [4, 1], [0, 4], [1, 0], [3], [4], [2], [4, 3], [2, 4], [3, 2], [4], [3, 4], [3], [4], [2], [2, 4], [3, 2], [4, 3], [0], [1], [4], [1, 0], [4, 1], [0, 4], [1], [0, 1], [0], [1], [4], [4, 1], [0, 4], [1, 0], [3], [4], [0], [4, 3], [0, 4], [3, 0], [4], [3, 4], [3], [4], [0]]}","{'map': {'0': 8, '1': 22, '2': 24, '3': 12, '4': 26}, 'arch': {'width': 7, 'height': 5, 'alg_qubits': [8, 22, 10, 24, 12, 26], 'magic_states': [1, 3, 5, 13, 27, 33, 31, 29, 7, 21]}, 'gates': [[2], [3], [1], [3, 2], [1, 3], [2, 1], [3], [2, 3], [2], [3], [1], [1, 3], [2, 1], [3, 2], [0], [4], [3], [4, 0], [3, 4], [0, 3], [4], [0, 4], [0], [4], [3], [3, 4], [0, 3], [4, 0], [2], [3], [1], [3, 2], [1, 3], [2, 1], [3], [2, 3], [2], [3], [1], [1, 3], [2, 1], [3, 2], [0], [4], [3], [4, 0], [3, 4], [0, 3], [4], [0, 4], [0], [4], [3], [3, 4], [0, 3], [4, 0], [2, 0], [3], [0], [2], [0, 3], [2, 0], [3, 2], [0], [3, 0], [3], [0], [2], [2, 0], [3, 2], [0, 3], [1], [4], [0], [4, 1], [0, 4], [1, 0], [4], [1, 4], [1], [4]]}"
autobraid_29.qasm,"{'map': {'0': 32, '1': 34, '2': 30, '3': 14, '4': 10, '5': 28, '6': 16}, 'arch': {'width': 9, 'height': 5, 'alg_qubits': [10, 28, 12, 30, 14, 32, 16, 34], 'magic_states': [1, 3, 5, 7, 17, 35, 43, 41, 39, 37, 9, 27]}, 'gates': [[1], [5], [0], [5, 1], [0, 5], [1, 0], [5], [1, 5], [1], [5], [0], [0, 5], [1, 0], [5, 1], [1], [5], [2], [5, 1], [2, 5], [1, 2], [5], [1, 5], [1], [5], [2], [2, 5], [1, 2], [5, 1], [1], [5], [4], [5, 1], [4, 5], [1, 4], [5], [1, 5], [1], [5], [4], [4, 5], [1, 4], [5, 1], [1], [6], [2], [6, 1], [2, 6], [1, 2], [6], [1, 6], [1], [6], [2], [2, 6], [1, 2], [6, 1], [1], [6], [3], [6, 1], [3, 6], [1, 3], [6], [1, 6], [1], [6], [3], [3, 6], [1, 3], [6, 1], [1], [6], [4], [6, 1], [4, 6], [1, 4], [6], [1, 6], [1], [6], [4]]}","{'map': {'0': 28, '1': 12, '2': 10, '3': 14, '4': 34, '5': 32, '6': 30, '7': 16}, 'arch': {'width': 9, 'height': 5, 'alg_qubits': [10, 28, 12, 30, 14, 32, 16, 34], 'magic_states': [1, 3, 5, 7, 17, 35, 43, 41, 39, 37, 9, 27]}, 'gates': [[3, 5], [2], [3, 2], [3], [2], [5], [5, 2], [3, 5], [2, 3], [1], [5], [4], [5, 1], [4, 5], [1, 4], [5], [1, 5], [1], [5], [4], [4, 5], [1, 4], [5, 1], [4], [1], [0], [1, 4], [0, 1], [4, 0], [1], [4, 1], [4], [1], [0], [0, 1], [4, 0], [1, 4], [5], [2], [1], [2, 5], [1, 2], [5, 1], [2], [5, 2], [5], [2], [1], [1, 2], [5, 1], [2, 5], [7], [6], [2], [6, 7], [2, 6], [7, 2], [6], [7, 6], [7], [6], [2], [2, 6], [7, 2], [6, 7], [5], [2], [1], [2, 5], [1, 2], [5, 1], [2], [5, 2], [5], [2], [1], [1, 2], [5, 1], [2, 5], [4], [1]]}","{'map': {'0': 16, '1': 32, '2': 28, '3': 34, '4': 12, '5': 30, '6': 14, '7': 10}, 'arch': {'width': 9, 'height': 5, 'alg_qubits': [10, 28, 12, 30, 14, 32, 16, 34], 'magic_states': [1, 3, 5, 7, 17, 35, 43, 41, 39, 37, 9, 27]}, 'gates': [[5], [6, 5], [6], [5], [2], [2, 5], [6, 2], [5, 6], [4], [2], [1], [2, 4], [1, 2], [4, 1], [2], [4, 2], [4], [2], [1], [1, 2], [4, 1], [2, 4], [3], [1], [0], [1, 3], [0, 1], [3, 0], [1], [3, 1], [3], [1], [0], [0, 1], [3, 0], [1, 3], [4], [2], [1], [2, 4], [1, 2], [4, 1], [2], [4, 2], [4], [2], [1], [1, 2], [4, 1], [2, 4], [6], [5], [2], [5, 6], [2, 5], [6, 2], [5], [6, 5], [6], [5], [2], [2, 5], [6, 2], [5, 6], [4], [2], [1], [2, 4], [1, 2], [4, 1], [2], [4, 2], [4], [2], [1], [1, 2], [4, 1], [2, 4], [0], [3], [7]]}","{'map': {'0': 56, '1': 54, '2': 20, '3': 30, '4': 62, '5': 52, '6': 28, '7': 18, '8': 22, '9': 24, '10': 64, '11': 66, '12': 32, '13': 26, '14': 60}, 'arch': {'width': 17, 'height': 5, 'alg_qubits': [18, 52, 20, 54, 22, 56, 24, 58, 26, 60, 28, 62, 30, 64, 32, 66], 'magic_states': [1, 3, 5, 7, 9, 11, 13, 15, 33, 67, 83, 81, 79, 77, 75, 73, 71, 69, 17, 51]}, 'gates': [[8], [7], [9], [9, 7], [8, 9], [7, 8], [6], [9], [10], [9, 6], [10, 9], [6, 10], [9], [6, 9], [6], [9], [10], [10, 9], [6, 10], [9, 6], [5], [10], [11], [10, 5], [11, 10], [5, 11], [10], [5, 10], [5], [10], [11], [11, 10], [5, 11], [10, 5], [4], [11], [12], [11, 4], [12, 11], [4, 12], [11], [4, 11], [4], [11], [12], [12, 11], [4, 12], [11, 4], [2], [12], [13], [12, 2], [13, 12], [2, 13], [12], [2, 12], [2], [12], [13], [13, 12], [2, 13], [12, 2], [1], [13], [14], [13, 1], [14, 13], [1, 14], [13], [1, 13], [1], [13], [14], [14, 13], [1, 14], [13, 1], [3], [14], [0], [14, 3], [0, 14]]}","{'map': {'0': 10, '1': 16, '2': 14, '3': 30, '4': 34, '5': 12, '6': 32, '7': 28}, 'arch': {'width': 9, 'height': 5, 'alg_qubits': [10, 28, 12, 30, 14, 32, 16, 34], 'magic_states': [1, 3, 5, 7, 17, 35, 43, 41, 39, 37, 9, 27]}, 'gates': [[2], [5], [5, 2], [3, 5], [2, 3], [1], [5], [4], [5, 1], [4, 5], [1, 4], [5], [1, 5], [1], [5], [4], [4, 5], [1, 4], [5, 1], [4], [1], [0], [1, 4], [0, 1], [4, 0], [1], [4, 1], [4], [1], [0], [0, 1], [4, 0], [1, 4], [5], [2], [1], [2, 5], [1, 2], [5, 1], [2], [5, 2], [5], [2], [1], [1, 2], [5, 1], [2, 5], [7], [6], [2], [6, 7], [2, 6], [7, 2], [6], [7, 6], [7], [6], [2], [2, 6], [7, 2], [6, 7], [5], [2], [1], [2, 5], [1, 2], [5, 1], [2], [5, 2], [5], [2], [1], [1, 2], [5, 1], [2, 5], [4], [1], [0], [1, 4], [0, 1], [4, 0]]}"
vqe_6.qasm,"{'map': {'0': 14, '1': 30, '2': 34, '3': 16, '4': 10, '5': 28, '6': 12, '7': 32}, 'arch': {'width': 9, 'height': 5, 'alg_qubits': [10, 28, 12, 30, 14, 32, 16, 34], 'magic_states': [1, 3, 5, 7, 17, 35, 43, 41, 39, 37, 9, 27]}, 'gates': [[0, 2], [1, 5], [0, 2], [1, 5], [2, 3], [0, 6], [1, 7], [4, 5], [2, 3], [0, 6], [1, 7], [4, 5], [3, 7], [4, 6], [1, 5], [0, 2], [3, 7], [4, 6], [1, 5], [0, 2], [4, 5], [2, 3], [0, 6], [1, 7], [4, 5], [2, 3], [0, 6], [1, 7], [4, 6], [3, 7], [4, 6], [3, 7]]}","{'map': {'0': 16, '1': 32, '2': 14, '3': 34, '4': 30, '5': 12, '6': 10}, 'arch': {'width': 9, 'height': 5, 'alg_qubits': [10, 28, 12, 30, 14, 32, 16, 34], 'magic_states': [1, 3, 5, 7, 17, 35, 43, 41, 39, 37, 9, 27]}, 'gates': [[0, 5], [1], [3], [5], [3, 1], [5, 3], [1, 5], [3], [1, 3], [1], [3], [5], [5, 3], [1, 5], [3, 1], [0], [3], [5], [3, 0], [5, 3], [0, 5], [3], [0, 3], [0], [3], [5], [5, 3], [0, 5], [3, 0], [2, 6], [0], [3], [6], [3, 0], [6, 3], [0, 6], [3], [0, 3], [0], [3], [6], [6, 3], [0, 6], [3, 0], [2], [3], [6], [3, 2], [6, 3], [2, 6], [3], [2, 3], [2], [3], [6], [6, 3], [2, 6], [3, 2], [6, 5], [4], [5], [6], [5, 4], [6, 5], [4, 6], [5], [4, 5], [4], [5], [6], [6, 5], [4, 6], [5, 4]]}","{'map': {'0': 34, '1': 30, '2': 28, '3': 32, '4': 12, '5': 10, '6': 16, '7': 14}, 'arch': {'width': 9, 'height': 5, 'alg_qubits': [10, 28, 12, 30, 14, 32, 16, 34], 'magic_states': [1, 3, 5, 7, 17, 35, 43, 41, 39, 37, 9, 27]}, 'gates': [[4, 5], [4], [5], [3], [3, 5], [4, 3], [5, 4], [6], [3], [7], [3, 6], [7, 3], [6, 7], [3], [6, 3], [6], [3], [7], [7, 3], [6, 7], [3, 6], [1], [3], [0], [3, 1], [0, 3], [1, 0], [3], [1, 3], [1], [3], [0], [0, 3], [1, 0], [3, 1], [0], [7], [2], [7, 0], [2, 7], [0, 2], [7], [0, 7], [0], [7], [2], [2, 7], [0, 2], [7, 0], [6], [3], [7], [3, 6], [7, 3], [6, 7], [3], [6, 3], [6], [3], [7], [7, 3], [6, 7], [3, 6], [4], [5], [3], [5, 4], [3, 5], [4, 3], [5], [4, 5], [4], [5], [3], [3, 5], [4, 3], [5, 4], [6], [3], [7], [3, 6]]}","{'map': {'0': 10, '1': 32, '2': 34, '3': 12, '4': 30, '5': 16, '6': 28}, 'arch': {'width': 9, 'height': 5, 'alg_qubits': [10, 28, 12, 30, 14, 32, 16, 34], 'magic_states': [1, 3, 5, 7, 17, 35, 43, 41, 39, 37, 9, 27]}, 'gates': [[3], [1], [6], [6, 1], [3, 6], [1, 3], [5], [0], [1], [0, 5], [1, 0], [5, 1], [0], [5, 0], [5], [0], [1], [1, 0], [5, 1], [0, 5], [2], [4], [0], [4, 2], [0, 4], [2, 0], [4], [2, 4], [2], [4], [0], [0, 4], [2, 0], [4, 2], [5], [0], [1], [0, 5], [1, 0], [5, 1], [0], [5, 0], [5], [0], [1], [1, 0], [5, 1], [0, 5], [5], [3], [6], [3, 5], [6, 3], [5, 6], [3], [5, 3], [5], [3], [6], [6, 3], [5, 6], [3, 5], [4], [0], [3], [0, 4], [3, 0], [4, 3], [0], [4, 0], [4], [0], [3], [3, 0], [4, 3], [0, 4], [1], [2], [0], [2, 1], [0, 2]]}","{'map': {'0': 30, '1': 10, '2': 34, '3': 32, '4': 28, '5': 14, '6': 16, '7': 12}, 'arch': {'width': 9, 'height': 5, 'alg_qubits': [10, 28, 12, 30, 14, 32, 16, 34], 'magic_states': [1, 3, 5, 7, 17, 35, 43, 41, 39, 37, 9, 27]}, 'gates': [[2], [6], [5], [5, 6], [2, 5], [6, 2], [4], [3], [6], [3, 4], [6, 3], [4, 6], [3], [4, 3], [4], [3], [6], [6, 3], [4, 6], [3, 4], [2], [6], [5], [6, 2], [5, 6], [2, 5], [6], [2, 6], [2], [6], [5], [5, 6], [2, 5], [6, 2], [4], [1], [0], [1, 4], [0, 1], [4, 0], [1], [4, 1], [4], [1], [0], [0, 1], [4, 0], [1, 4], [5], [2], [1], [2, 5], [1, 2], [5, 1], [2], [5, 2], [5], [2], [1], [1, 2], [5, 1], [2, 5], [7], [6], [2], [6, 7], [2, 6], [7, 2], [6], [7, 6], [7], [6], [2], [2, 6], [7, 2], [6, 7], [5], [2], [1], [2, 5], [1, 2]]}"
quarl_suite_23.qasm,"{'map': {'0': 24, '1': 20, '2': 46, '3': 50, '4': 14, '5': 16, '6': 40, '7': 22, '8': 48, '9': 18, '10': 44, '11': 26}, 'arch': {'width': 13, 'height': 5, 'alg_qubits': [14, 40, 16, 42, 18, 44, 20, 46, 22, 48, 24, 50], 'magic_states': [1, 3, 5, 7, 9, 11, 25, 51, 63, 61, 59, 57, 55, 53, 13, 39]}, 'gates': [[8, 10], [7], [11], [3], [11, 7], [3, 11], [7, 3], [11], [7, 11], [7], [11], [3], [3, 11], [7, 3], [11, 7], [10], [8], [11], [8, 10], [11, 8], [10, 11], [8], [10, 8], [10], [8], [11], [11, 8], [10, 11], [8, 10], [3], [11], [0], [11, 3], [0, 11], [3, 0], [11], [3, 11], [3], [11], [0], [0, 11], [3, 0], [11, 3], [1], [10], [11], [10, 1], [11, 10], [1, 11], [10], [1, 10], [1], [10], [11], [11, 10], [1, 11], [10, 1], [2], [9], [10], [9, 2], [10, 9], [2, 10], [9], [2, 9], [2], [9], [10], [10, 9], [2, 10], [9, 2], [6], [4], [9], [4, 6], [9, 4], [6, 9], [4], [6, 4], [6], [4]]}","{'map': {'0': 22, '1': 40, '2': 14, '3': 48, '4': 16, '5': 20, '6': 24, '7': 44, '8': 42, '9': 46, '10': 50}, 'arch': {'width': 13, 'height': 5, 'alg_qubits': [14, 40, 16, 42, 18, 44, 20, 46, 22, 48, 24, 50], 'magic_states': [1, 3, 5, 7, 9, 11, 25, 51, 63, 61, 59, 57, 55, 53, 13, 39]}, 'gates': [[10], [0], [0, 10], [1, 0], [10, 1], [2], [9], [10], [9, 2], [10, 9], [2, 10], [9], [2, 9], [2], [9], [10], [10, 9], [2, 10], [9, 2], [3], [8], [9], [8, 3], [9, 8], [3, 9], [8], [3, 8], [3], [8], [9], [9, 8], [3, 9], [8, 3], [4], [7], [8], [7, 4], [8, 7], [4, 8], [7], [4, 7], [4], [7], [8], [8, 7], [4, 8], [7, 4], [6], [5], [7], [5, 6], [7, 5], [6, 7], [5], [6, 5], [6], [5], [7], [7, 5], [6, 7], [5, 6], [4], [7], [8], [7, 4], [8, 7], [4, 8], [7], [4, 7], [4], [7], [8], [8, 7], [4, 8], [7, 4], [3], [8], [9], [8, 3], [9, 8], [3, 9]]}","{'map': {'0': 24, '1': 22, '2': 50, '3': 42, '4': 14, '5': 46, '6': 40, '7': 44, '8': 48, '9': 16, '10': 20}, 'arch': {'width': 13, 'height': 5, 'alg_qubits': [14, 40, 16, 42, 18, 44, 20, 46, 22, 48, 24, 50], 'magic_states': [1, 3, 5, 7, 9, 11, 25, 51, 63, 61, 59, 57, 55, 53, 13, 39]}, 'gates': [[10], [5], [4], [4, 5], [10, 4], [5, 10], [9], [4], [3], [4, 9], [3, 4], [9, 3], [4], [9, 4], [9], [4], [3], [3, 4], [9, 3], [4, 9], [8], [3], [2], [3, 8], [2, 3], [8, 2], [3], [8, 3], [8], [3], [2], [2, 3], [8, 2], [3, 8], [7], [2], [1], [2, 7], [1, 2], [7, 1], [2], [7, 2], [7], [2], [1], [1, 2], [7, 1], [2, 7], [6], [1], [0], [1, 6], [0, 1], [6, 0], [1], [6, 1], [6], [1], [0], [0, 1], [6, 0], [1, 6], [7], [2], [1], [2, 7], [1, 2], [7, 1], [2], [7, 2], [7], [2], [1], [1, 2], [7, 1], [2, 7], [8], [3], [2], [3, 8], [2, 3]]}","{'map': {'0': 24, '1': 22, '2': 50, '3': 42, '4': 14, '5': 46, '6': 40, '7': 44, '8': 48, '9': 16, '10': 20}, 'arch': {'width': 13, 'height': 5, 'alg_qubits': [14, 40, 16, 42, 18, 44, 20, 46, 22, 48, 24, 50], 'magic_states': [1, 3, 5, 7, 9, 11, 25, 51, 63, 61, 59, 57, 55, 53, 13, 39]}, 'gates': [[10], [5], [4], [4, 5], [10, 4], [5, 10], [9], [4], [3], [4, 9], [3, 4], [9, 3], [4], [9, 4], [9], [4], [3], [3, 4], [9, 3], [4, 9], [8], [3], [2], [3, 8], [2, 3], [8, 2], [3], [8, 3], [8], [3], [2], [2, 3], [8, 2], [3, 8], [7], [2], [1], [2, 7], [1, 2], [7, 1], [2], [7, 2], [7], [2], [1], [1, 2], [7, 1], [2, 7], [6], [1], [0], [1, 6], [0, 1], [6, 0], [1], [6, 1], [6], [1], [0], [0, 1], [6, 0], [1, 6], [7], [2], [1], [2, 7], [1, 2], [7, 1], [2], [7, 2], [7], [2], [1], [1, 2], [7, 1], [2, 7], [8], [3], [2], [3, 8], [2, 3]]}","{'map': {'0': 44, '1': 50, '2': 40, '3': 18, '4': 14, '5': 24, '6': 46, '7': 48, '8': 42, '9': 16, '10': 22}, 'arch': {'width': 13, 'height': 5, 'alg_qubits': [14, 40, 16, 42, 18, 44, 20, 46, 22, 48, 24, 50], 'magic_states': [1, 3, 5, 7, 9, 11, 25, 51, 63, 61, 59, 57, 55, 53, 13, 39]}, 'gates': [[10, 6], [5, 10], [6, 5], [4], [7], [6], [7, 4], [6, 7], [4, 6], [7], [4, 7], [4], [7], [6], [6, 7], [4, 6], [7, 4], [3], [8], [7], [8, 3], [7, 8], [3, 7], [8], [3, 8], [3], [8], [7], [7, 8], [3, 7], [8, 3], [2], [9], [8], [9, 2], [8, 9], [2, 8], [9], [2, 9], [2], [9], [8], [8, 9], [2, 8], [9, 2], [0], [1], [9], [1, 0], [9, 1], [0, 9], [1], [0, 1], [0], [1], [9], [9, 1], [0, 9], [1, 0], [2], [9], [8], [9, 2], [8, 9], [2, 8], [9], [2, 9], [2], [9], [8], [8, 9], [2, 8], [9, 2], [3], [8], [7], [8, 3], [7, 8], [3, 7], [8], [3, 8]]}"
quarl_suite_7.qasm,"{'map': {'0': 18, '1': 20, '2': 30, '3': 62, '4': 66, '5': 56, '6': 32, '7': 52, '8': 58, '9': 24, '10': 60, '11': 28, '12': 64, '13': 22, '14': 26}, 'arch': {'width': 17, 'height': 5, 'alg_qubits': [18, 52, 20, 54, 22, 56, 24, 58, 26, 60, 28, 62, 30, 64, 32, 66], 'magic_states': [1, 3, 5, 7, 9, 11, 13, 15, 33, 67, 83, 81, 79, 77, 75, 73, 71, 69, 17, 51]}, 'gates': [[11, 10], [10, 8], [8, 11], [10, 11], [10, 8], [8, 11], [11, 10], [8, 12], [12, 9], [9, 8], [12, 8], [12, 9], [9, 8], [8, 12], [7, 0], [9, 1], [11, 2], [13, 3], [8, 4], [9, 4], [10, 5], [11, 5], [12, 6], [13, 6], [6, 2], [2, 14], [14, 6], [2, 6], [2, 14], [14, 6], [6, 2], [1, 0], [0, 6], [6, 1], [0, 1], [0, 6], [6, 1], [1, 0], [6, 2], [2, 14], [14, 6], [2, 6], [2, 14], [14, 6], [6, 2], [1, 0], [0, 6], [6, 1], [0, 1], [0, 6], [6, 1], [1, 0], [2, 14], [14, 6], [6, 2], [14, 2], [14, 6], [6, 2], [2, 14], [1, 5], [5, 2], [2, 1], [5, 1], [5, 2], [2, 1], [1, 5], [4, 3], [3, 1], [1, 4], [3, 4], [3, 1], [1, 4], [4, 3], [1, 5], [5, 2], [2, 1], [5, 1], [5, 2], [2, 1], [1, 5], [2, 14]]}","{'map': {'0': 56, '1': 54, '2': 20, '3': 30, '4': 62, '5': 52, '6': 28, '7': 18, '8': 22, '9': 24, '10': 64, '11': 66, '12': 32, '13': 26, '14': 60}, 'arch': {'width': 17, 'height': 5, 'alg_qubits': [18, 52, 20, 54, 22, 56, 24, 58, 26, 60, 28, 62, 30, 64, 32, 66], 'magic_states': [1, 3, 5, 7, 9, 11, 13, 15, 33, 67, 83, 81, 79, 77, 75, 73, 71, 69, 17, 51]}, 'gates': [[8], [7], [9], [9, 7], [8, 9], [7, 8], [6], [9], [10], [9, 6], [10, 9], [6, 10], [9], [6, 9], [6], [9], [10], [10, 9], [6, 10], [9, 6], [5], [10], [11], [10, 5], [11, 10], [5, 11], [10], [5, 10], [5], [10], [11], [11, 10], [5, 11], [10, 5], [4], [11], [12], [11, 4], [12, 11], [4, 12], [11], [4, 11], [4], [11], [12], [12, 11], [4, 12], [11, 4], [2], [12], [13], [12, 2], [13, 12], [2, 13], [12], [2, 12], [2], [12], [13], [13, 12], [2, 13], [12, 2], [1], [13], [14], [13, 1], [14, 13], [1, 14], [13], [1, 13], [1], [13], [14], [14, 13], [1, 14], [13, 1], [3], [14], [0], [14, 3], [0, 14]]}","{'map': {'0': 26, '1': 58, '2': 24, '3': 64, '4': 52, '5': 28, '6': 20, '7': 18, '8': 56, '9': 54, '10': 60, '11': 22, '12': 66, '13': 32, '14': 30}, 'arch': {'width': 17, 'height': 5, 'alg_qubits': [18, 52, 20, 54, 22, 56, 24, 58, 26, 60, 28, 62, 30, 64, 32, 66], 'magic_states': [1, 3, 5, 7, 9, 11, 13, 15, 33, 67, 83, 81, 79, 77, 75, 73, 71, 69, 17, 51]}, 'gates': [[8, 7], [10, 8], [7, 10], [4], [14], [0], [14, 4], [0, 14], [4, 0], [14], [4, 14], [4], [14], [0], [0, 14], [4, 0], [14, 4], [1], [13], [14], [13, 1], [14, 13], [1, 14], [13], [1, 13], [1], [13], [14], [14, 13], [1, 14], [13, 1], [2], [12], [13], [12, 2], [13, 12], [2, 13], [12], [2, 12], [2], [12], [13], [13, 12], [2, 13], [12, 2], [3], [11], [12], [11, 3], [12, 11], [3, 12], [11], [3, 11], [3], [11], [12], [12, 11], [3, 12], [11, 3], [5], [10], [11], [10, 5], [11, 10], [5, 11], [10], [5, 10], [5], [10], [11], [11, 10], [5, 11], [10, 5], [6], [9], [10], [9, 6], [10, 9], [6, 10], [9], [6, 9]]}","{'map': {'0': 64, '1': 30, '2': 28, '3': 24, '4': 26, '5': 62, '6': 56, '7': 32, '8': 52, '9': 54, '10': 60, '11': 66, '12': 18, '13': 22, '14': 20}, 'arch': {'width': 17, 'height': 5, 'alg_qubits': [18, 52, 20, 54, 22, 56, 24, 58, 26, 60, 28, 62, 30, 64, 32, 66], 'magic_states': [1, 3, 5, 7, 9, 11, 13, 15, 33, 67, 83, 81, 79, 77, 75, 73, 71, 69, 17, 51]}, 'gates': [[0, 14], [3, 0], [14, 3], [1], [13], [14], [13, 1], [14, 13], [1, 14], [13], [1, 13], [1], [13], [14], [14, 13], [1, 14], [13, 1], [2], [12], [13], [12, 2], [13, 12], [2, 13], [12], [2, 12], [2], [12], [13], [13, 12], [2, 13], [12, 2], [4], [11], [12], [11, 4], [12, 11], [4, 12], [11], [4, 11], [4], [11], [12], [12, 11], [4, 12], [11, 4], [5], [10], [11], [10, 5], [11, 10], [5, 11], [10], [5, 10], [5], [10], [11], [11, 10], [5, 11], [10, 5], [6], [9], [10], [9, 6], [10, 9], [6, 10], [9], [6, 9], [6], [9], [10], [10, 9], [6, 10], [9, 6], [8], [7], [9], [7, 8], [9, 7], [8, 9], [7], [8, 7]]}","{'map': {'0': 20, '1': 28, '2': 54, '3': 60, '4': 32, '5': 66, '6': 30, '7': 26, '8': 64, '9': 56, '10': 22, '11': 52, '12': 18, '13': 58, '14': 24}, 'arch': {'width': 17, 'height': 5, 'alg_qubits': [18, 52, 20, 54, 22, 56, 24, 58, 26, 60, 28, 62, 30, 64, 32, 66], 'magic_states': [1, 3, 5, 7, 9, 11, 13, 15, 33, 67, 83, 81, 79, 77, 75, 73, 71, 69, 17, 51]}, 'gates': [[3, 0], [14, 3], [1], [13], [14], [13, 1], [14, 13], [1, 14], [13], [1, 13], [1], [13], [14], [14, 13], [1, 14], [13, 1], [2], [12], [13], [12, 2], [13, 12], [2, 13], [12], [2, 12], [2], [12], [13], [13, 12], [2, 13], [12, 2], [4], [11], [12], [11, 4], [12, 11], [4, 12], [11], [4, 11], [4], [11], [12], [12, 11], [4, 12], [11, 4], [5], [10], [11], [10, 5], [11, 10], [5, 11], [10], [5, 10], [5], [10], [11], [11, 10], [5, 11], [10, 5], [6], [9], [10], [9, 6], [10, 9], [6, 10], [9], [6, 9], [6], [9], [10], [10, 9], [6, 10], [9, 6], [8], [7], [9], [7, 8], [9, 7], [8, 9], [7], [8, 7], [8]]}"
jku_suite_44.qasm,"{'map': {'0': 10, '1': 22, '2': 24, '3': 26, '4': 8}, 'arch': {'width': 7, 'height': 5, 'alg_qubits': [8, 22, 10, 24, 12, 26], 'magic_states': [1, 3, 5, 13, 27, 33, 31, 29, 7, 21]}, 'gates': [[2], [2, 4], [1, 2], [4, 1], [2, 3], [3, 2], [1, 2], [0], [1], [3], [1, 0], [3, 1], [0, 3], [1], [0, 1], [0], [1], [3], [3, 1], [0, 3], [1, 0], [1], [3], [0], [3, 1], [0, 3], [1, 0], [3], [1, 3], [1], [3], [0], [0, 3], [1, 0], [3, 1], [0, 1], [2, 1], [1, 0], [0, 2], [1, 0], [2, 1], [0], [2], [1], [2, 0], [1, 2], [0, 1], [2], [0, 2], [0], [2], [1], [1, 2], [0, 1], [2, 0], [0], [2], [4], [2, 0], [4, 2], [0, 4], [2], [0, 2], [0], [2], [4], [4, 2], [0, 4], [2, 0], [4, 0], [1], [4], [2], [4, 1], [2, 4], [1, 2], [4], [1, 4], [1], [4]]}","{'map': {'0': 24, '1': 22, '2': 26, '3': 10, '4': 8, '5': 12}, 'arch': {'width': 7, 'height': 5, 'alg_qubits': [8, 22, 10, 24, 12, 26], 'magic_states': [1, 3, 5, 13, 27, 33, 31, 29, 7, 21]}, 'gates': [[4], [4, 0], [1, 4], [0, 1], [3], [2], [5], [2, 3], [5, 2], [3, 5], [2], [3, 2], [3], [2], [5], [5, 2], [3, 5], [2, 3], [5], [3], [4], [3, 5], [4, 3], [5, 4], [3], [5, 3], [5], [3], [4], [4, 3], [5, 4], [3, 5], [1], [0], [3], [0, 1], [3, 0], [1, 3], [0], [1, 0], [1], [0], [3], [3, 0], [1, 3], [0, 1], [5], [3], [4], [3, 5], [4, 3], [5, 4], [3], [5, 3], [5], [3], [4], [4, 3], [5, 4], [3, 5], [1], [0], [3], [0, 1], [3, 0], [1, 3], [0], [1, 0], [1], [0], [3], [3, 0], [1, 3], [0, 1], [3], [2], [5], [2, 3], [5, 2], [3, 5], [2]]}","{'map': {'0': 24, '1': 8, '2': 10, '3': 26, '4': 12, '5': 22}, 'arch': {'width': 7, 'height': 5, 'alg_qubits': [8, 22, 10, 24, 12, 26], 'magic_states': [1, 3, 5, 13, 27, 33, 31, 29, 7, 21]}, 'gates': [[3], [5], [1], [1, 5], [3, 1], [5, 3], [0], [2], [5], [2, 0], [5, 2], [0, 5], [2], [0, 2], [0], [2], [5], [5, 2], [0, 5], [2, 0], [2], [3], [1], [3, 2], [1, 3], [2, 1], [3], [2, 3], [2], [3], [1], [1, 3], [2, 1], [3, 2], [4, 3], [1], [3], [4], [3, 1], [4, 3], [1, 4], [3], [1, 3], [1], [3], [4], [4, 3], [1, 4], [3, 1], [4, 3], [4, 0], [4, 1], [2], [5], [3], [5, 2], [3, 5], [2, 3], [5], [2, 5], [2], [5], [3], [3, 5], [2, 3], [5, 2], [0], [1], [5], [1, 0], [5, 1], [0, 5], [1], [0, 1], [0], [1], [5], [5, 1], [0, 5], [1, 0], [2]]}","{'map': {'0': 26, '1': 24, '2': 12, '3': 8, '4': 22, '5': 10}, 'arch': {'width': 7, 'height': 5, 'alg_qubits': [8, 22, 10, 24, 12, 26], 'magic_states': [1, 3, 5, 13, 27, 33, 31, 29, 7, 21]}, 'gates': [[1], [4], [2], [4, 1], [2, 4], [1, 2], [4], [1, 4], [1], [4], [2], [2, 4], [1, 2], [4, 1], [5], [3], [4], [3, 5], [4, 3], [5, 4], [3], [5, 3], [5], [3], [4], [4, 3], [5, 4], [3, 5], [0], [1], [3], [1, 0], [3, 1], [0, 3], [1], [0, 1], [0], [1], [3], [3, 1], [0, 3], [1, 0], [5], [3], [4], [3, 5], [4, 3], [5, 4], [3], [5, 3], [5], [3], [4], [4, 3], [5, 4], [3, 5], [0], [1], [3], [1, 0], [3, 1], [0, 3], [1], [0, 1], [0], [1], [3], [3, 1], [0, 3], [1, 0], [1], [5], [3], [5, 1], [3, 5], [1, 3], [5], [1, 5], [1], [5], [3]]}","{'map': {'0': 10, '1': 24, '2': 12, '3': 22, '4': 8, '5': 26}, 'arch': {'width': 7, 'height': 5, 'alg_qubits': [8, 22, 10, 24, 12, 26], 'magic_states': [1, 3, 5, 13, 27, 33, 31, 29, 7, 21]}, 'gates': [[2], [1], [0], [1, 2], [0, 1], [2, 0], [1], [2, 1], [2], [1], [0], [0, 1], [2, 0], [1, 2], [4, 0], [3], [2], [5], [2, 3], [5, 2], [3, 5], [2], [3, 2], [3], [2], [5], [5, 2], [3, 5], [2, 3], [5], [3], [4], [3, 5], [4, 3], [5, 4], [3], [5, 3], [5], [3], [4], [4, 3], [5, 4], [3, 5], [1], [0], [3], [0, 1], [3, 0], [1, 3], [0], [1, 0], [1], [0], [3], [3, 0], [1, 3], [0, 1], [5], [3], [4], [3, 5], [4, 3], [5, 4], [3], [5, 3], [5], [3], [4], [4, 3], [5, 4], [3, 5], [1], [0], [3], [0, 1], [3, 0], [1, 3], [0], [1, 0], [1], [0]]}"
autobraid_11.qasm,"{'map': {'0': 56, '1': 54, '2': 20, '3': 30, '4': 62, '5': 52, '6': 28, '7': 18, '8': 22, '9': 24, '10': 64, '11': 66, '12': 32, '13': 26, '14': 60}, 'arch': {'width': 17, 'height': 5, 'alg_qubits': [18, 52, 20, 54, 22, 56, 24, 58, 26, 60, 28, 62, 30, 64, 32, 66], 'magic_states': [1, 3, 5, 7, 9, 11, 13, 15, 33, 67, 83, 81, 79, 77, 75, 73, 71, 69, 17, 51]}, 'gates': [[8], [7], [9], [9, 7], [8, 9], [7, 8], [6], [9], [10], [9, 6], [10, 9], [6, 10], [9], [6, 9], [6], [9], [10], [10, 9], [6, 10], [9, 6], [5], [10], [11], [10, 5], [11, 10], [5, 11], [10], [5, 10], [5], [10], [11], [11, 10], [5, 11], [10, 5], [4], [11], [12], [11, 4], [12, 11], [4, 12], [11], [4, 11], [4], [11], [12], [12, 11], [4, 12], [11, 4], [2], [12], [13], [12, 2], [13, 12], [2, 13], [12], [2, 12], [2], [12], [13], [13, 12], [2, 13], [12, 2], [1], [13], [14], [13, 1], [14, 13], [1, 14], [13], [1, 13], [1], [13], [14], [14, 13], [1, 14], [13, 1], [3], [14], [0], [14, 3], [0, 14]]}","{'map': {'0': 26, '1': 32, '2': 62, '3': 18, '4': 58, '5': 56, '6': 22, '7': 54, '8': 28, '9': 60, '10': 24, '11': 64, '12': 20, '13': 30, '14': 66}, 'arch': {'width': 17, 'height': 5, 'alg_qubits': [18, 52, 20, 54, 22, 56, 24, 58, 26, 60, 28, 62, 30, 64, 32, 66], 'magic_states': [1, 3, 5, 7, 9, 11, 13, 15, 33, 67, 83, 81, 79, 77, 75, 73, 71, 69, 17, 51]}, 'gates': [[13, 14], [6], [1], [0], [1, 6], [0, 1], [6, 0], [1], [6, 1], [6], [1], [0], [0, 1], [6, 0], [1, 6], [7], [2], [1], [2, 7], [1, 2], [7, 1], [2], [7, 2], [7], [2], [1], [1, 2], [7, 1], [2, 7], [8], [3], [2], [3, 8], [2, 3], [8, 2], [3], [8, 3], [8], [3], [2], [2, 3], [8, 2], [3, 8], [9], [4], [3], [4, 9], [3, 4], [9, 3], [4], [9, 4], [9], [4], [3], [3, 4], [9, 3], [4, 9], [10], [5], [4], [5, 10], [4, 5], [10, 4], [5], [10, 5], [10], [5], [4], [4, 5], [10, 4], [5, 10], [12], [11], [5], [11, 12], [5, 11], [12, 5], [11], [12, 11], [12], [11]]}","{'map': {'0': 26, '1': 32, '2': 62, '3': 18, '4': 58, '5': 56, '6': 22, '7': 54, '8': 28, '9': 60, '10': 24, '11': 64, '12': 20, '13': 30, '14': 66}, 'arch': {'width': 17, 'height': 5, 'alg_qubits': [18, 52, 20, 54, 22, 56, 24, 58, 26, 60, 28, 62, 30, 64, 32, 66], 'magic_states': [1, 3, 5, 7, 9, 11, 13, 15, 33, 67, 83, 81, 79, 77, 75, 73, 71, 69, 17, 51]}, 'gates': [[13, 14], [6], [1], [0], [1, 6], [0, 1], [6, 0], [1], [6, 1], [6], [1], [0], [0, 1], [6, 0], [1, 6], [7], [2], [1], [2, 7], [1, 2], [7, 1], [2], [7, 2], [7], [2], [1], [1, 2], [7, 1], [2, 7], [8], [3], [2], [3, 8], [2, 3], [8, 2], [3], [8, 3], [8], [3], [2], [2, 3], [8, 2], [3, 8], [9], [4], [3], [4, 9], [3, 4], [9, 3], [4], [9, 4], [9], [4], [3], [3, 4], [9, 3], [4, 9], [10], [5], [4], [5, 10], [4, 5], [10, 4], [5], [10, 5], [10], [5], [4], [4, 5], [10, 4], [5, 10], [12], [11], [5], [11, 12], [5, 11], [12, 5], [11], [12, 11], [12], [11]]}","{'map': {'0': 28, '1': 12, '2': 34, '3': 16, '4': 32, '5': 10, '6': 14, '7': 22}, 'arch': {'width': 9, 'height': 5, 'alg_qubits': [10, 28, 12, 30, 14, 32, 16, 34], 'magic_states': [1, 3, 5, 7, 17, 35, 43, 41, 39, 37, 9, 27]}, 'gates': [[2], [6, 7], [2, 6], [7, 2], [6], [7, 6], [7], [6], [2], [2, 6], [7, 2], [6, 7], [5], [2], [1], [2, 5], [1, 2], [5, 1], [2], [5, 2], [5], [2], [1], [1, 2], [5, 1], [2, 5], [4], [1], [0], [1, 4], [0, 1], [4, 0], [1], [4, 1], [4], [1], [0], [0, 1], [4, 0], [1, 4], [5], [2], [1], [2, 5], [1, 2], [5, 1], [2], [5, 2], [5], [2], [1], [1, 2], [5, 1], [2, 5], [7], [6], [2], [6, 7], [2, 6], [7, 2], [6], [7, 6], [7], [6], [2], [2, 6], [7, 2], [6, 7], [5], [2], [1], [2, 5], [1, 2], [5, 1], [2], [5, 2], [5], [2], [1], [1, 2], [5, 1]]}","{'map': {'0': 20, '1': 18, '2': 60, '3': 54, '4': 32, '5': 56, '6': 58, '7': 30, '8': 52, '9': 62, '10': 28, '11': 22, '12': 64, '13': 66, '14': 26}, 'arch': {'width': 17, 'height': 5, 'alg_qubits': [18, 52, 20, 54, 22, 56, 24, 58, 26, 60, 28, 62, 30, 64, 32, 66], 'magic_states': [1, 3, 5, 7, 9, 11, 13, 15, 33, 67, 83, 81, 79, 77, 75, 73, 71, 69, 17, 51]}, 'gates': [[14, 12], [13], [14, 13], [14], [13], [12], [12, 13], [14, 12], [13, 14], [6], [1], [0], [1, 6], [0, 1], [6, 0], [1], [6, 1], [6], [1], [0], [0, 1], [6, 0], [1, 6], [7], [2], [1], [2, 7], [1, 2], [7, 1], [2], [7, 2], [7], [2], [1], [1, 2], [7, 1], [2, 7], [8], [3], [2], [3, 8], [2, 3], [8, 2], [3], [8, 3], [8], [3], [2], [2, 3], [8, 2], [3, 8], [9], [4], [3], [4, 9], [3, 4], [9, 3], [4], [9, 4], [9], [4], [3], [3, 4], [9, 3], [4, 9], [10], [5], [4], [5, 10], [4, 5], [10, 4], [5], [10, 5], [10], [5], [4], [4, 5], [10, 4], [5, 10], [12], [11]]}"
quest_suite_1.qasm,"{'map': {'0': 18, '1': 16, '2': 8, '3': 6}, 'arch': {'width': 5, 'height': 5, 'alg_qubits': [6, 16, 8, 18], 'magic_states': [1, 3, 9, 19, 23, 21, 5, 15]}, 'gates': [[0, 1], [0, 1], [0, 3], [0, 3], [0, 2], [0, 2], [1, 2], [1, 2], [1, 3], [1, 3], [0, 1], [0, 1], [2, 3], [2, 3], [0, 3], [0, 3], [0, 2], [0, 2], [1, 2], [1, 2], [1, 3], [1, 3], [0, 1], [0, 1], [2, 3], [2, 3], [0, 3], [0, 3], [0, 2], [0, 2], [1, 2], [1, 2], [1, 3], [1, 3], [0, 1], [0, 1], [2, 3], [2, 3], [0, 3], [0, 3], [0, 2], [0, 2], [1, 2], [1, 2], [1, 3], [1, 3], [2, 3], [2, 3]]}","{'map': {'0': 18, '1': 8, '2': 16, '3': 6}, 'arch': {'width': 5, 'height': 5, 'alg_qubits': [6, 16, 8, 18], 'magic_states': [1, 3, 9, 19, 23, 21, 5, 15]}, 'gates': [[0, 1], [0, 1], [1, 2], [2, 3], [2, 3], [1, 2], [0, 1], [0, 1], [1, 2], [2, 3], [2, 3], [1, 2], [0, 1], [1, 2], [2, 3], [2, 3], [1, 2], [0, 1], [0, 1], [1, 2], [2, 3], [2, 3], [1, 2], [0, 1], [1, 2], [2, 3], [2, 3], [1, 2], [0, 1], [0, 1], [1, 2], [2, 3], [2, 3], [1, 2], [0, 1], [1, 2], [2, 3], [2, 3], [1, 2], [0, 1], [0, 1], [1, 2], [2, 3], [2, 3], [1, 2], [0, 1], [2, 3], [2, 3], [1, 2], [2, 3], [2, 3], [1, 2], [2, 3], [2, 3], [1, 2], [1, 2], [0, 1], [1, 2], [2, 3], [2, 3], [1, 2], [0, 1], [1, 2], [2, 3], [2, 3], [1, 2], [0, 1], [1, 2], [1, 2], [0, 1], [1, 2], [1, 2], [0, 1], [0, 1]]}","{'map': {'0': 16, '1': 18, '2': 8}, 'arch': {'width': 5, 'height': 5, 'alg_qubits': [6, 16, 8, 18], 'magic_states': [1, 3, 9, 19, 23, 21, 5, 15]}, 'gates': [[1], [1], [1], [1], [1], [1], [1], [1], [1], [1], [1], [1], [1], [1], [1], [1], [1], [1], [1], [1], [1], [1], [1], [0, 1], [1, 2], [2], [2], [2], [2], [2], [2], [2], [2], [2], [2], [2], [2], [2], [2], [2], [2], [2], [2], [2], [2], [2], [2], [2], [2], [2], [2], [2], [2], [2], [2], [2], [2], [2], [2], [2], [2], [2], [2], [2], [2], [2], [2], [2], [2], [2], [2], [2], [2], [2], [2], [2], [2], [2], [2], [2], [2]]}","{'map': {'0': 16, '1': 10, '2': 14, '3': 32, '4': 30, '5': 34, '6': 12}, 'arch': {'width': 9, 'height': 5, 'alg_qubits': [10, 28, 12, 30, 14, 32, 16, 34], 'magic_states': [1, 3, 5, 7, 17, 35, 43, 41, 39, 37, 9, 27]}, 'gates': [[0], [5], [3], [3, 5], [0, 3], [5, 0], [3], [5], [0], [5, 3], [0, 5], [3, 0], [5], [3, 5], [3], [5], [0], [0, 5], [3, 0], [5, 3], [0], [6], [4], [6, 0], [4, 6], [0, 4], [6], [0, 6], [0], [6], [4], [4, 6], [0, 4], [6, 0], [0], [6], [3], [6, 0], [3, 6], [0, 3], [6], [0, 6], [0], [6], [3], [3, 6], [0, 3], [6, 0], [0], [6], [2], [6, 0], [2, 6], [0, 2], [6], [0, 6], [0], [6], [2], [2, 6], [0, 2], [6, 0], [0], [6], [1], [6, 0], [1, 6], [0, 1], [6], [0, 6], [0], [6], [1], [1, 6], [0, 1], [6, 0], [1], [2], [6], [2, 1], [6, 2]]}","{'map': {'0': 30, '1': 12, '2': 34, '3': 32, '4': 14, '5': 16, '6': 28, '7': 10, '8': 18}, 'arch': {'width': 9, 'height': 5, 'alg_qubits': [10, 28, 12, 30, 14, 32, 16, 34], 'magic_states': [1, 3, 5, 7, 17, 35, 43, 41, 39, 37, 9, 27]}, 'gates': [[8], [3, 0], [8, 3], [0, 8], [3], [0, 3], [0], [3], [8], [8, 3], [0, 8], [3, 0], [2], [1], [3], [1, 2], [3, 1], [2, 3], [1], [2, 1], [2], [1], [3], [3, 1], [2, 3], [1, 2], [1], [6], [5], [6, 1], [5, 6], [1, 5], [6], [1, 6], [1], [6], [5], [5, 6], [1, 5], [6, 1], [1], [6], [4], [6, 1], [4, 6], [1, 4], [6], [1, 6], [1], [6], [4], [4, 6], [1, 4], [6, 1], [1], [6], [3], [6, 1], [3, 6], [1, 3], [6], [1, 6], [1], [6], [3], [3, 6], [1, 3], [6, 1], [1], [6], [2], [6, 1], [2, 6], [1, 2], [6], [1, 6], [1], [6], [2], [2, 6], [1, 2]]}"
autobraid_27.qasm,"{'map': {'0': 50, '1': 48, '2': 46, '3': 22, '4': 16, '5': 44, '6': 24, '7': 14, '8': 20, '9': 42, '10': 18}, 'arch': {'width': 13, 'height': 5, 'alg_qubits': [14, 40, 16, 42, 18, 44, 20, 46, 22, 48, 24, 50], 'magic_states': [1, 3, 5, 7, 9, 11, 25, 51, 63, 61, 59, 57, 55, 53, 13, 39]}, 'gates': [[7], [4], [5], [4, 7], [5, 4], [7, 5], [4], [7, 4], [7], [4], [5], [5, 4], [7, 5], [4, 7], [10], [9], [0], [9, 10], [0, 9], [10, 0], [9], [10, 9], [10], [9], [0], [0, 9], [10, 0], [9, 10], [1], [8], [9], [8, 1], [9, 8], [1, 9], [8], [1, 8], [1], [8], [9], [9, 8], [1, 9], [8, 1], [2], [7], [8], [7, 2], [8, 7], [2, 8], [7], [2, 7], [2], [7], [8], [8, 7], [2, 8], [7, 2], [3], [6], [7], [6, 3], [7, 6], [3, 7], [6], [3, 6], [3], [6], [7], [7, 6], [3, 7], [6, 3], [5], [4], [6], [4, 5], [6, 4], [5, 6], [4], [5, 4], [5], [4], [6]]}","{'map': {'0': 50, '1': 48, '2': 46, '3': 22, '4': 16, '5': 44, '6': 24, '7': 14, '8': 20, '9': 42, '10': 18}, 'arch': {'width': 13, 'height': 5, 'alg_qubits': [14, 40, 16, 42, 18, 44, 20, 46, 22, 48, 24, 50], 'magic_states': [1, 3, 5, 7, 9, 11, 25, 51, 63, 61, 59, 57, 55, 53, 13, 39]}, 'gates': [[7], [4], [5], [4, 7], [5, 4], [7, 5], [4], [7, 4], [7], [4], [5], [5, 4], [7, 5], [4, 7], [10], [9], [0], [9, 10], [0, 9], [10, 0], [9], [10, 9], [10], [9], [0], [0, 9], [10, 0], [9, 10], [1], [8], [9], [8, 1], [9, 8], [1, 9], [8], [1, 8], [1], [8], [9], [9, 8], [1, 9], [8, 1], [2], [7], [8], [7, 2], [8, 7], [2, 8], [7], [2, 7], [2], [7], [8], [8, 7], [2, 8], [7, 2], [3], [6], [7], [6, 3], [7, 6], [3, 7], [6], [3, 6], [3], [6], [7], [7, 6], [3, 7], [6, 3], [5], [4], [6], [4, 5], [6, 4], [5, 6], [4], [5, 4], [5], [4], [6]]}","{'map': {'0': 40, '1': 42, '2': 48, '3': 24, '4': 18, '5': 50, '6': 14, '7': 46, '8': 16, '9': 22, '10': 44}, 'arch': {'width': 13, 'height': 5, 'alg_qubits': [14, 40, 16, 42, 18, 44, 20, 46, 22, 48, 24, 50], 'magic_states': [1, 3, 5, 7, 9, 11, 25, 51, 63, 61, 59, 57, 55, 53, 13, 39]}, 'gates': [[8], [4], [8, 9], [4, 8], [9, 4], [8], [9, 8], [9], [8], [4], [4, 8], [9, 4], [8, 9], [7], [4], [5], [4, 7], [5, 4], [7, 5], [4], [7, 4], [7], [4], [5], [5, 4], [7, 5], [4, 7], [10], [9], [0], [9, 10], [0, 9], [10, 0], [9], [10, 9], [10], [9], [0], [0, 9], [10, 0], [9, 10], [1], [8], [9], [8, 1], [9, 8], [1, 9], [8], [1, 8], [1], [8], [9], [9, 8], [1, 9], [8, 1], [2], [7], [8], [7, 2], [8, 7], [2, 8], [7], [2, 7], [2], [7], [8], [8, 7], [2, 8], [7, 2], [3], [6], [7], [6, 3], [7, 6], [3, 7], [6], [3, 6], [3], [6], [7], [7, 6]]}","{'map': {'0': 40, '1': 42, '2': 48, '3': 24, '4': 18, '5': 50, '6': 14, '7': 46, '8': 16, '9': 22, '10': 44}, 'arch': {'width': 13, 'height': 5, 'alg_qubits': [14, 40, 16, 42, 18, 44, 20, 46, 22, 48, 24, 50], 'magic_states': [1, 3, 5, 7, 9, 11, 25, 51, 63, 61, 59, 57, 55, 53, 13, 39]}, 'gates': [[8], [4], [8, 9], [4, 8], [9, 4], [8], [9, 8], [9], [8], [4], [4, 8], [9, 4], [8, 9], [7], [4], [5], [4, 7], [5, 4], [7, 5], [4], [7, 4], [7], [4], [5], [5, 4], [7, 5], [4, 7], [10], [9], [0], [9, 10], [0, 9], [10, 0], [9], [10, 9], [10], [9], [0], [0, 9], [10, 0], [9, 10], [1], [8], [9], [8, 1], [9, 8], [1, 9], [8], [1, 8], [1], [8], [9], [9, 8], [1, 9], [8, 1], [2], [7], [8], [7, 2], [8, 7], [2, 8], [7], [2, 7], [2], [7], [8], [8, 7], [2, 8], [7, 2], [3], [6], [7], [6, 3], [7, 6], [3, 7], [6], [3, 6], [3], [6], [7], [7, 6]]}","{'map': {'0': 20, '1': 22, '2': 50, '3': 48, '4': 24, '5': 44, '6': 14, '7': 40, '8': 18, '9': 16, '10': 46}, 'arch': {'width': 13, 'height': 5, 'alg_qubits': [14, 40, 16, 42, 18, 44, 20, 46, 22, 48, 24, 50], 'magic_states': [1, 3, 5, 7, 9, 11, 25, 51, 63, 61, 59, 57, 55, 53, 13, 39]}, 'gates': [[10], [9], [8], [8, 9], [10, 8], [9, 10], [5], [6], [0], [6, 5], [0, 6], [5, 0], [6], [5, 6], [5], [6], [0], [0, 6], [5, 0], [6, 5], [4], [7], [6], [7, 4], [6, 7], [4, 6], [7], [4, 7], [4], [7], [6], [6, 7], [4, 6], [7, 4], [3], [8], [7], [8, 3], [7, 8], [3, 7], [8], [3, 8], [3], [8], [7], [7, 8], [3, 7], [8, 3], [1], [2], [8], [2, 1], [8, 2], [1, 8], [2], [1, 2], [1], [2], [8], [8, 2], [1, 8], [2, 1], [3], [8], [7], [8, 3], [7, 8], [3, 7], [8], [3, 8], [3], [8], [7], [7, 8], [3, 7], [8, 3], [4], [7], [6], [7, 4], [6, 7]]}"
jku_suite_37.qasm,"{'map': {'0': 50, '1': 20, '2': 18, '3': 58, '4': 52, '5': 28, '6': 24, '7': 48, '8': 22, '9': 56, '10': 46, '11': 26, '12': 16, '13': 54}, 'arch': {'width': 15, 'height': 5, 'alg_qubits': [16, 46, 18, 48, 20, 50, 22, 52, 24, 54, 26, 56, 28, 58], 'magic_states': [1, 3, 5, 7, 9, 11, 13, 29, 59, 73, 71, 69, 67, 65, 63, 61, 15, 45]}, 'gates': [[2], [1, 2], [1], [2], [12], [12, 2], [1, 12], [2, 1], [3], [12], [13], [12, 3], [13, 12], [3, 13], [12], [3, 12], [3], [12], [13], [13, 12], [3, 13], [12, 3], [6], [13], [0], [13, 6], [0, 13], [6, 0], [13], [6, 13], [6], [13], [0], [0, 13], [6, 0], [13, 6], [12], [11], [13], [11, 12], [13, 11], [12, 13], [11], [12, 11], [12], [11], [13], [13, 11], [12, 13], [11, 12], [10], [7], [11], [7, 10], [11, 7], [10, 11], [7], [10, 7], [10], [7], [11], [11, 7], [10, 11], [7, 10], [9], [4], [7], [4, 9], [7, 4], [9, 7], [4], [9, 4], [9], [4], [7], [7, 4], [9, 7], [4, 9], [5], [8], [4]]}","{'map': {'0': 24, '1': 20, '2': 22, '3': 16, '4': 58, '5': 48, '6': 46, '7': 18, '8': 54, '9': 28, '10': 50, '11': 56, '12': 26, '13': 52}, 'arch': {'width': 15, 'height': 5, 'alg_qubits': [16, 46, 18, 48, 20, 50, 22, 52, 24, 54, 26, 56, 28, 58], 'magic_states': [1, 3, 5, 7, 9, 11, 13, 29, 59, 73, 71, 69, 67, 65, 63, 61, 15, 45]}, 'gates': [[2], [3], [12], [12, 3], [2, 12], [3, 2], [4], [12], [13], [12, 4], [13, 12], [4, 13], [12], [4, 12], [4], [12], [13], [13, 12], [4, 13], [12, 4], [0], [13], [1], [13, 0], [1, 13], [0, 1], [13], [0, 13], [0], [13], [1], [1, 13], [0, 1], [13, 0], [12], [11], [13], [11, 12], [13, 11], [12, 13], [11], [12, 11], [12], [11], [13], [13, 11], [12, 13], [11, 12], [10], [8], [11], [8, 10], [11, 8], [10, 11], [8], [10, 8], [10], [8], [11], [11, 8], [10, 11], [8, 10], [9], [5], [8], [5, 9], [8, 5], [9, 8], [5], [9, 5], [9], [5], [8], [8, 5], [9, 8], [5, 9], [6], [7], [5], [7, 6], [5, 7]]}","{'map': {'0': 28, '1': 50, '2': 46, '3': 58, '4': 18, '5': 20, '6': 26, '7': 22, '8': 24, '9': 48, '10': 16, '11': 56, '12': 54, '13': 52}, 'arch': {'width': 15, 'height': 5, 'alg_qubits': [16, 46, 18, 48, 20, 50, 22, 52, 24, 54, 26, 56, 28, 58], 'magic_states': [1, 3, 5, 7, 9, 11, 13, 29, 59, 73, 71, 69, 67, 65, 63, 61, 15, 45]}, 'gates': [[2], [3], [12], [12, 3], [2, 12], [3, 2], [4], [12], [13], [12, 4], [13, 12], [4, 13], [12], [4, 12], [4], [12], [13], [13, 12], [4, 13], [12, 4], [0], [13], [1], [13, 0], [1, 13], [0, 1], [13], [0, 13], [0], [13], [1], [1, 13], [0, 1], [13, 0], [12], [11], [13], [11, 12], [13, 11], [12, 13], [11], [12, 11], [12], [11], [13], [13, 11], [12, 13], [11, 12], [10], [9], [11], [9, 10], [11, 9], [10, 11], [9], [10, 9], [10], [9], [11], [11, 9], [10, 11], [9, 10], [8], [5], [9], [5, 8], [9, 5], [8, 9], [5], [8, 5], [8], [5], [9], [9, 5], [8, 9], [5, 8], [6], [7], [5], [7, 6], [5, 7]]}","{'map': {'0': 18, '1': 54, '2': 22, '3': 48, '4': 56, '5': 16, '6': 20, '7': 52, '8': 50, '9': 24, '10': 58, '11': 28, '12': 46}, 'arch': {'width': 15, 'height': 5, 'alg_qubits': [16, 46, 18, 48, 20, 50, 22, 52, 24, 54, 26, 56, 28, 58], 'magic_states': [1, 3, 5, 7, 9, 11, 13, 29, 59, 73, 71, 69, 67, 65, 63, 61, 15, 45]}, 'gates': [[6], [0], [1], [1, 0], [6, 1], [0, 6], [4], [5], [0], [5, 4], [0, 5], [4, 0], [5], [4, 5], [4], [5], [0], [0, 5], [4, 0], [5, 4], [6], [0], [1], [0, 6], [1, 0], [6, 1], [0], [6, 0], [6], [0], [1], [1, 0], [6, 1], [0, 6], [7], [1], [2], [1, 7], [2, 1], [7, 2], [1], [7, 1], [7], [1], [2], [2, 1], [7, 2], [1, 7], [8], [2], [11], [2, 8], [11, 2], [8, 11], [2], [8, 2], [8], [2], [11], [11, 2], [8, 11], [2, 8], [9], [11], [12], [11, 9], [12, 11], [9, 12], [11], [9, 11], [9], [11], [12], [12, 11], [9, 12], [11, 9], [10], [12], [3], [12, 10], [3, 12]]}","{'map': {'0': 18, '1': 20, '2': 52, '3': 50, '4': 28, '5': 46, '6': 58, '7': 56, '8': 24, '9': 22, '10': 26, '11': 16, '12': 48, '13': 54}, 'arch': {'width': 15, 'height': 5, 'alg_qubits': [16, 46, 18, 48, 20, 50, 22, 52, 24, 54, 26, 56, 28, 58], 'magic_states': [1, 3, 5, 7, 9, 11, 13, 29, 59, 73, 71, 69, 67, 65, 63, 61, 15, 45]}, 'gates': [[2, 3], [2], [3], [12], [12, 3], [2, 12], [3, 2], [4], [12], [13], [12, 4], [13, 12], [4, 13], [12], [4, 12], [4], [12], [13], [13, 12], [4, 13], [12, 4], [0], [13], [1], [13, 0], [1, 13], [0, 1], [13], [0, 13], [0], [13], [1], [1, 13], [0, 1], [13, 0], [12], [10], [13], [10, 12], [13, 10], [12, 13], [10], [12, 10], [12], [10], [13], [13, 10], [12, 13], [10, 12], [11], [7], [10], [7, 11], [10, 7], [11, 10], [7], [11, 7], [11], [7], [10], [10, 7], [11, 10], [7, 11], [9], [5], [7], [5, 9], [7, 5], [9, 7], [5], [9, 5], [9], [5], [7], [7, 5], [9, 7], [5, 9], [6], [8], [5], [8, 6]]}"
autobraid_21.qasm,"{'map': {'0': 32, '1': 34, '2': 30, '3': 14, '4': 10, '5': 28, '6': 16}, 'arch': {'width': 9, 'height': 5, 'alg_qubits': [10, 28, 12, 30, 14, 32, 16, 34], 'magic_states': [1, 3, 5, 7, 17, 35, 43, 41, 39, 37, 9, 27]}, 'gates': [[1], [5], [0], [5, 1], [0, 5], [1, 0], [5], [1, 5], [1], [5], [0], [0, 5], [1, 0], [5, 1], [1], [5], [2], [5, 1], [2, 5], [1, 2], [5], [1, 5], [1], [5], [2], [2, 5], [1, 2], [5, 1], [1], [5], [4], [5, 1], [4, 5], [1, 4], [5], [1, 5], [1], [5], [4], [4, 5], [1, 4], [5, 1], [1], [6], [2], [6, 1], [2, 6], [1, 2], [6], [1, 6], [1], [6], [2], [2, 6], [1, 2], [6, 1], [1], [6], [3], [6, 1], [3, 6], [1, 3], [6], [1, 6], [1], [6], [3], [3, 6], [1, 3], [6, 1], [1], [6], [4], [6, 1], [4, 6], [1, 4], [6], [1, 6], [1], [6], [4]]}","{'map': {'0': 56, '1': 54, '2': 20, '3': 30, '4': 62, '5': 52, '6': 28, '7': 18, '8': 22, '9': 24, '10': 64, '11': 66, '12': 32, '13': 26, '14': 60}, 'arch': {'width': 17, 'height': 5, 'alg_qubits': [18, 52, 20, 54, 22, 56, 24, 58, 26, 60, 28, 62, 30, 64, 32, 66], 'magic_states': [1, 3, 5, 7, 9, 11, 13, 15, 33, 67, 83, 81, 79, 77, 75, 73, 71, 69, 17, 51]}, 'gates': [[8], [7], [9], [9, 7], [8, 9], [7, 8], [6], [9], [10], [9, 6], [10, 9], [6, 10], [9], [6, 9], [6], [9], [10], [10, 9], [6, 10], [9, 6], [5], [10], [11], [10, 5], [11, 10], [5, 11], [10], [5, 10], [5], [10], [11], [11, 10], [5, 11], [10, 5], [4], [11], [12], [11, 4], [12, 11], [4, 12], [11], [4, 11], [4], [11], [12], [12, 11], [4, 12], [11, 4], [2], [12], [13], [12, 2], [13, 12], [2, 13], [12], [2, 12], [2], [12], [13], [13, 12], [2, 13], [12, 2], [1], [13], [14], [13, 1], [14, 13], [1, 14], [13], [1, 13], [1], [13], [14], [14, 13], [1, 14], [13, 1], [3], [14], [0], [14, 3], [0, 14]]}","{'map': {'0': 24, '1': 52, '2': 20, '3': 22, '4': 50, '5': 46, '6': 16, '7': 58, '8': 56, '9': 18, '10': 28, '11': 26, '12': 48}, 'arch': {'width': 15, 'height': 5, 'alg_qubits': [16, 46, 18, 48, 20, 50, 22, 52, 24, 54, 26, 56, 28, 58], 'magic_states': [1, 3, 5, 7, 9, 11, 13, 29, 59, 73, 71, 69, 67, 65, 63, 61, 15, 45]}, 'gates': [[12], [1], [12, 8], [1, 12], [8, 1], [12], [8, 12], [8], [12], [1], [1, 12], [8, 1], [12, 8], [7], [11], [12], [11, 7], [12, 11], [7, 12], [11], [7, 11], [7], [11], [12], [12, 11], [7, 12], [11, 7], [6], [10], [11], [10, 6], [11, 10], [6, 11], [10], [6, 10], [6], [10], [11], [11, 10], [6, 11], [10, 6], [5], [9], [10], [9, 5], [10, 9], [5, 10], [9], [5, 9], [5], [9], [10], [10, 9], [5, 10], [9, 5], [4], [0], [9], [0, 4], [9, 0], [4, 9], [0], [4, 0], [4], [0], [9], [9, 0], [4, 9], [0, 4], [2], [3], [0], [3, 2], [0, 3], [2, 0], [3], [2, 3], [2], [3], [0], [0, 3]]}","{'map': {'0': 34, '1': 32, '2': 28, '3': 16, '4': 14, '5': 30, '6': 12}, 'arch': {'width': 9, 'height': 5, 'alg_qubits': [10, 28, 12, 30, 14, 32, 16, 34], 'magic_states': [1, 3, 5, 7, 17, 35, 43, 41, 39, 37, 9, 27]}, 'gates': [[6, 2], [0], [5], [1], [5, 0], [1, 5], [0, 1], [5], [0, 5], [0], [5], [1], [1, 5], [0, 1], [5, 0], [2], [6], [5], [6, 2], [5, 6], [2, 5], [6], [2, 6], [2], [6], [5], [5, 6], [2, 5], [6, 2], [4], [3], [6], [3, 4], [6, 3], [4, 6], [3], [4, 3], [4], [3], [6], [6, 3], [4, 6], [3, 4], [2], [6], [5], [6, 2], [5, 6], [2, 5], [6], [2, 6], [2], [6], [5], [5, 6], [2, 5], [6, 2], [5], [1], [0], [1, 5], [0, 1], [5, 0], [1], [5, 1], [5], [1], [0], [0, 1], [5, 0], [1, 5], [6], [2], [1], [2, 6], [1, 2], [6, 1], [2], [6, 2], [6], [2]]}","{'map': {'0': 16, '1': 10, '2': 28, '3': 12, '4': 14, '5': 34, '6': 32}, 'arch': {'width': 9, 'height': 5, 'alg_qubits': [10, 28, 12, 30, 14, 32, 16, 34], 'magic_states': [1, 3, 5, 7, 17, 35, 43, 41, 39, 37, 9, 27]}, 'gates': [[6, 2], [0], [5], [1], [5, 0], [1, 5], [0, 1], [5], [0, 5], [0], [5], [1], [1, 5], [0, 1], [5, 0], [2], [6], [5], [6, 2], [5, 6], [2, 5], [6], [2, 6], [2], [6], [5], [5, 6], [2, 5], [6, 2], [4], [3], [6], [3, 4], [6, 3], [4, 6], [3], [4, 3], [4], [3], [6], [6, 3], [4, 6], [3, 4], [2], [6], [5], [6, 2], [5, 6], [2, 5], [6], [2, 6], [2], [6], [5], [5, 6], [2, 5], [6, 2], [5], [1], [0], [1, 5], [0, 1], [5, 0], [1], [5, 1], [5], [1], [0], [0, 1], [5, 0], [1, 5], [6], [2], [1], [2, 6], [1, 2], [6, 1], [2], [6, 2], [6], [2]]}"
quarl_suite_1.qasm,"{'map': {'0': 50, '1': 18, '2': 46, '3': 54, '4': 52, '5': 48, '6': 22, '7': 20, '8': 56, '9': 16, '10': 58, '11': 24, '12': 28, '13': 26}, 'arch': {'width': 15, 'height': 5, 'alg_qubits': [16, 46, 18, 48, 20, 50, 22, 52, 24, 54, 26, 56, 28, 58], 'magic_states': [1, 3, 5, 7, 9, 11, 13, 29, 59, 73, 71, 69, 67, 65, 63, 61, 15, 45]}, 'gates': [[4, 3], [6, 5], [8, 7], [10, 9], [12, 11], [4, 2], [0], [1], [2], [1, 0], [2, 1], [0, 2], [1], [0, 1], [0], [1], [2], [2, 1], [0, 2], [1, 0], [6, 4], [2], [3], [4], [3, 2], [4, 3], [2, 4], [3], [2, 3], [2], [3], [4], [4, 3], [2, 4], [3, 2], [8, 6], [4], [5], [6], [5, 4], [6, 5], [4, 6], [5], [4, 5], [4], [5], [6], [6, 5], [4, 6], [5, 4], [10, 8], [6], [7], [8], [7, 6], [8, 7], [6, 8], [7], [6, 7], [6], [7], [8], [8, 7], [6, 8], [7, 6], [12, 10], [8], [9], [10], [9, 8], [10, 9], [8, 10], [9], [8, 9], [8], [9], [10], [10, 9], [8, 10], [9, 8], [12, 13]]}","{'map': {'0': 48, '1': 28, '2': 50, '3': 54, '4': 56, '5': 46, '6': 20, '7': 52, '8': 22, '9': 26, '10': 16, '11': 24, '12': 58}, 'arch': {'width': 15, 'height': 5, 'alg_qubits': [16, 46, 18, 48, 20, 50, 22, 52, 24, 54, 26, 56, 28, 58], 'magic_states': [1, 3, 5, 7, 9, 11, 13, 29, 59, 73, 71, 69, 67, 65, 63, 61, 15, 45]}, 'gates': [[4], [0], [7], [7, 0], [4, 7], [0, 4], [2], [3], [0], [3, 2], [0, 3], [2, 0], [3], [2, 3], [2], [3], [0], [0, 3], [2, 0], [3, 2], [4], [0], [7], [0, 4], [7, 0], [4, 7], [0], [4, 0], [4], [0], [7], [7, 0], [4, 7], [0, 4], [5], [7], [9], [7, 5], [9, 7], [5, 9], [7], [5, 7], [5], [7], [9], [9, 7], [5, 9], [7, 5], [6], [9], [10], [9, 6], [10, 9], [6, 10], [9], [6, 9], [6], [9], [10], [10, 9], [6, 10], [9, 6], [8], [10], [12], [10, 8], [12, 10], [8, 12], [10], [8, 10], [8], [10], [12], [12, 10], [8, 12], [10, 8], [11], [12], [1], [12, 11], [1, 12]]}","{'map': {'0': 52, '1': 24, '2': 18, '3': 46, '4': 50, '5': 22, '6': 28, '7': 58, '8': 56, '9': 48, '10': 26, '11': 16, '12': 20}, 'arch': {'width': 15, 'height': 5, 'alg_qubits': [16, 46, 18, 48, 20, 50, 22, 52, 24, 54, 26, 56, 28, 58], 'magic_states': [1, 3, 5, 7, 9, 11, 13, 29, 59, 73, 71, 69, 67, 65, 63, 61, 15, 45]}, 'gates': [[6, 7], [4, 6], [5], [7], [0], [7, 5], [0, 7], [5, 0], [7], [5, 7], [5], [7], [0], [0, 7], [5, 0], [7, 5], [6], [4], [7], [4, 6], [7, 4], [6, 7], [4], [6, 4], [6], [4], [7], [7, 4], [6, 7], [4, 6], [8], [3], [4], [3, 8], [4, 3], [8, 4], [3], [8, 3], [8], [3], [4], [4, 3], [8, 4], [3, 8], [9], [2], [3], [2, 9], [3, 2], [9, 3], [2], [9, 2], [9], [2], [3], [3, 2], [9, 3], [2, 9], [10], [1], [2], [1, 10], [2, 1], [10, 2], [1], [10, 1], [10], [1], [2], [2, 1], [10, 2], [1, 10], [12], [11], [1], [11, 12], [1, 11], [12, 1], [11], [12, 11], [12]]}","{'map': {'0': 16, '1': 56, '2': 24, '3': 54, '4': 58, '5': 22, '6': 18, '7': 52, '8': 20, '9': 28, '10': 46, '11': 50, '12': 26, '13': 48}, 'arch': {'width': 15, 'height': 5, 'alg_qubits': [16, 46, 18, 48, 20, 50, 22, 52, 24, 54, 26, 56, 28, 58], 'magic_states': [1, 3, 5, 7, 9, 11, 13, 29, 59, 73, 71, 69, 67, 65, 63, 61, 15, 45]}, 'gates': [[5, 10], [12], [11], [5], [11, 12], [5, 11], [12, 5], [11], [12, 11], [12], [11], [5], [5, 11], [12, 5], [11, 12], [10], [5], [4], [5, 10], [4, 5], [10, 4], [5], [10, 5], [10], [5], [4], [4, 5], [10, 4], [5, 10], [9], [4], [3], [4, 9], [3, 4], [9, 3], [4], [9, 4], [9], [4], [3], [3, 4], [9, 3], [4, 9], [8], [3], [2], [3, 8], [2, 3], [8, 2], [3], [8, 3], [8], [3], [2], [2, 3], [8, 2], [3, 8], [7], [2], [1], [2, 7], [1, 2], [7, 1], [2], [7, 2], [7], [2], [1], [1, 2], [7, 1], [2, 7], [0], [6], [13], [6, 0], [13, 6], [0, 13], [6], [0, 6], [0], [6]]}","{'map': {'0': 16, '1': 56, '2': 24, '3': 54, '4': 58, '5': 22, '6': 18, '7': 52, '8': 20, '9': 28, '10': 46, '11': 50, '12': 26, '13': 48}, 'arch': {'width': 15, 'height': 5, 'alg_qubits': [16, 46, 18, 48, 20, 50, 22, 52, 24, 54, 26, 56, 28, 58], 'magic_states': [1, 3, 5, 7, 9, 11, 13, 29, 59, 73, 71, 69, 67, 65, 63, 61, 15, 45]}, 'gates': [[5, 10], [12], [11], [5], [11, 12], [5, 11], [12, 5], [11], [12, 11], [12], [11], [5], [5, 11], [12, 5], [11, 12], [10], [5], [4], [5, 10], [4, 5], [10, 4], [5], [10, 5], [10], [5], [4], [4, 5], [10, 4], [5, 10], [9], [4], [3], [4, 9], [3, 4], [9, 3], [4], [9, 4], [9], [4], [3], [3, 4], [9, 3], [4, 9], [8], [3], [2], [3, 8], [2, 3], [8, 2], [3], [8, 3], [8], [3], [2], [2, 3], [8, 2], [3, 8], [7], [2], [1], [2, 7], [1, 2], [7, 1], [2], [7, 2], [7], [2], [1], [1, 2], [7, 1], [2, 7], [0], [6], [13], [6, 0], [13, 6], [0, 13], [6], [0, 6], [0], [6]]}"
quarl_suite_22.qasm,"{'map': {'0': 64, '1': 30, '2': 28, '3': 24, '4': 26, '5': 62, '6': 56, '7': 32, '8': 52, '9': 54, '10': 60, '11': 66, '12': 18, '13': 22, '14': 20}, 'arch': {'width': 17, 'height': 5, 'alg_qubits': [18, 52, 20, 54, 22, 56, 24, 58, 26, 60, 28, 62, 30, 64, 32, 66], 'magic_states': [1, 3, 5, 7, 9, 11, 13, 15, 33, 67, 83, 81, 79, 77, 75, 73, 71, 69, 17, 51]}, 'gates': [[0, 14], [3, 0], [14, 3], [1], [13], [14], [13, 1], [14, 13], [1, 14], [13], [1, 13], [1], [13], [14], [14, 13], [1, 14], [13, 1], [2], [12], [13], [12, 2], [13, 12], [2, 13], [12], [2, 12], [2], [12], [13], [13, 12], [2, 13], [12, 2], [4], [11], [12], [11, 4], [12, 11], [4, 12], [11], [4, 11], [4], [11], [12], [12, 11], [4, 12], [11, 4], [5], [10], [11], [10, 5], [11, 10], [5, 11], [10], [5, 10], [5], [10], [11], [11, 10], [5, 11], [10, 5], [6], [9], [10], [9, 6], [10, 9], [6, 10], [9], [6, 9], [6], [9], [10], [10, 9], [6, 10], [9, 6], [8], [7], [9], [7, 8], [9, 7], [8, 9], [7], [8, 7]]}","{'map': {'0': 20, '1': 18, '2': 60, '3': 54, '4': 32, '5': 56, '6': 58, '7': 30, '8': 52, '9': 62, '10': 28, '11': 22, '12': 64, '13': 66, '14': 26}, 'arch': {'width': 17, 'height': 5, 'alg_qubits': [18, 52, 20, 54, 22, 56, 24, 58, 26, 60, 28, 62, 30, 64, 32, 66], 'magic_states': [1, 3, 5, 7, 9, 11, 13, 15, 33, 67, 83, 81, 79, 77, 75, 73, 71, 69, 17, 51]}, 'gates': [[14, 12], [13], [14, 13], [14], [13], [12], [12, 13], [14, 12], [13, 14], [6], [1], [0], [1, 6], [0, 1], [6, 0], [1], [6, 1], [6], [1], [0], [0, 1], [6, 0], [1, 6], [7], [2], [1], [2, 7], [1, 2], [7, 1], [2], [7, 2], [7], [2], [1], [1, 2], [7, 1], [2, 7], [8], [3], [2], [3, 8], [2, 3], [8, 2], [3], [8, 3], [8], [3], [2], [2, 3], [8, 2], [3, 8], [9], [4], [3], [4, 9], [3, 4], [9, 3], [4], [9, 4], [9], [4], [3], [3, 4], [9, 3], [4, 9], [10], [5], [4], [5, 10], [4, 5], [10, 4], [5], [10, 5], [10], [5], [4], [4, 5], [10, 4], [5, 10], [12], [11]]}","{'map': {'0': 56, '1': 54, '2': 20, '3': 30, '4': 62, '5': 52, '6': 28, '7': 18, '8': 22, '9': 24, '10': 64, '11': 66, '12': 32, '13': 26, '14': 60}, 'arch': {'width': 17, 'height': 5, 'alg_qubits': [18, 52, 20, 54, 22, 56, 24, 58, 26, 60, 28, 62, 30, 64, 32, 66], 'magic_states': [1, 3, 5, 7, 9, 11, 13, 15, 33, 67, 83, 81, 79, 77, 75, 73, 71, 69, 17, 51]}, 'gates': [[8], [7], [9], [9, 7], [8, 9], [7, 8], [6], [9], [10], [9, 6], [10, 9], [6, 10], [9], [6, 9], [6], [9], [10], [10, 9], [6, 10], [9, 6], [5], [10], [11], [10, 5], [11, 10], [5, 11], [10], [5, 10], [5], [10], [11], [11, 10], [5, 11], [10, 5], [4], [11], [12], [11, 4], [12, 11], [4, 12], [11], [4, 11], [4], [11], [12], [12, 11], [4, 12], [11, 4], [2], [12], [13], [12, 2], [13, 12], [2, 13], [12], [2, 12], [2], [12], [13], [13, 12], [2, 13], [12, 2], [1], [13], [14], [13, 1], [14, 13], [1, 14], [13], [1, 13], [1], [13], [14], [14, 13], [1, 14], [13, 1], [3], [14], [0], [14, 3], [0, 14]]}","{'map': {'0': 26, '1': 32, '2': 62, '3': 18, '4': 58, '5': 56, '6': 22, '7': 54, '8': 28, '9': 60, '10': 24, '11': 64, '12': 20, '13': 30, '14': 66}, 'arch': {'width': 17, 'height': 5, 'alg_qubits': [18, 52, 20, 54, 22, 56, 24, 58, 26, 60, 28, 62, 30, 64, 32, 66], 'magic_states': [1, 3, 5, 7, 9, 11, 13, 15, 33, 67, 83, 81, 79, 77, 75, 73, 71, 69, 17, 51]}, 'gates': [[13, 14], [6], [1], [0], [1, 6], [0, 1], [6, 0], [1], [6, 1], [6], [1], [0], [0, 1], [6, 0], [1, 6], [7], [2], [1], [2, 7], [1, 2], [7, 1], [2], [7, 2], [7], [2], [1], [1, 2], [7, 1], [2, 7], [8], [3], [2], [3, 8], [2, 3], [8, 2], [3], [8, 3], [8], [3], [2], [2, 3], [8, 2], [3, 8], [9], [4], [3], [4, 9], [3, 4], [9, 3], [4], [9, 4], [9], [4], [3], [3, 4], [9, 3], [4, 9], [10], [5], [4], [5, 10], [4, 5], [10, 4], [5], [10, 5], [10], [5], [4], [4, 5], [10, 4], [5, 10], [12], [11], [5], [11, 12], [5, 11], [12, 5], [11], [12, 11], [12], [11]]}","{'map': {'0': 26, '1': 32, '2': 62, '3': 18, '4': 58, '5': 56, '6': 22, '7': 54, '8': 28, '9': 60, '10': 24, '11': 64, '12': 20, '13': 30, '14': 66}, 'arch': {'width': 17, 'height': 5, 'alg_qubits': [18, 52, 20, 54, 22, 56, 24, 58, 26, 60, 28, 62, 30, 64, 32, 66], 'magic_states': [1, 3, 5, 7, 9, 11, 13, 15, 33, 67, 83, 81, 79, 77, 75, 73, 71, 69, 17, 51]}, 'gates': [[13, 14], [6], [1], [0], [1, 6], [0, 1], [6, 0], [1], [6, 1], [6], [1], [0], [0, 1], [6, 0], [1, 6], [7], [2], [1], [2, 7], [1, 2], [7, 1], [2], [7, 2], [7], [2], [1], [1, 2], [7, 1], [2, 7], [8], [3], [2], [3, 8], [2, 3], [8, 2], [3], [8, 3], [8], [3], [2], [2, 3], [8, 2], [3, 8], [9], [4], [3], [4, 9], [3, 4], [9, 3], [4], [9, 4], [9], [4], [3], [3, 4], [9, 3], [4, 9], [10], [5], [4], [5, 10], [4, 5], [10, 4], [5], [10, 5], [10], [5], [4], [4, 5], [10, 4], [5, 10], [12], [11], [5], [11, 12], [5, 11], [12, 5], [11], [12, 11], [12], [11]]}"
