file_names,similar_0,similar_1,similar_2,similar_3,similar_4
4q_100gates_43.qasm,"{'map': {'0': 18, '1': 16, '2': 8, '3': 6}, 'arch': {'width': 5, 'height': 5, 'alg_qubits': [6, 16, 8, 18], 'magic_states': [1, 3, 9, 19, 23, 21, 5, 15]}, 'gates': [[0, 1], [0, 1], [0, 3], [0, 3], [0, 2], [0, 2], [1, 2], [1, 2], [1, 3], [1, 3], [0, 1], [0, 1], [2, 3], [2, 3], [0, 3], [0, 3], [0, 2], [0, 2], [1, 2], [1, 2], [1, 3], [1, 3], [0, 1], [0, 1], [2, 3], [2, 3], [0, 3], [0, 3], [0, 2], [0, 2], [1, 2], [1, 2], [1, 3], [1, 3], [0, 1], [0, 1], [2, 3], [2, 3], [0, 3], [0, 3], [0, 2], [0, 2], [1, 2], [1, 2], [1, 3], [1, 3], [2, 3], [2, 3]]}","{'map': {'0': 10, '1': 22, '2': 8, '3': 26, '4': 24}, 'arch': {'width': 7, 'height': 5, 'alg_qubits': [8, 22, 10, 24, 12, 26], 'magic_states': [1, 3, 5, 13, 27, 33, 31, 29, 7, 21]}, 'gates': [[2, 1], [1], [2, 0], [0], [2], [3], [0, 3], [2, 0], [0], [3, 2], [2], [3, 0], [0], [2, 0], [3], [3, 2], [0, 3], [0], [2], [3], [4], [4, 1], [0, 4], [1, 0], [0], [4], [1, 4], [1], [4], [0, 4], [1, 0], [0], [0, 3], [2, 0], [0], [3, 2], [2], [3, 0], [0], [2, 0], [3], [3, 2], [0, 3], [0], [2], [4, 1], [1], [4], [4, 1], [0, 4], [1, 0], [0], [4], [1, 4], [1], [4], [0, 4], [1, 0], [0], [4, 1], [4, 3], [3], [3, 0], [2, 3], [0, 2], [2], [3], [0, 3], [0], [3], [2, 3], [0, 2], [3, 0]]}","{'map': {'0': 10, '1': 22, '2': 12, '3': 8, '4': 24}, 'arch': {'width': 7, 'height': 5, 'alg_qubits': [8, 22, 10, 24, 12, 26], 'magic_states': [1, 3, 5, 13, 27, 33, 31, 29, 7, 21]}, 'gates': [[2, 1], [2, 0], [3], [0], [2], [0, 3], [2, 0], [3, 2], [0], [3, 0], [3], [0], [2], [2, 0], [3, 2], [0, 3], [1], [4], [0], [4, 1], [0, 4], [1, 0], [4], [1, 4], [1], [4], [0], [0, 4], [1, 0], [4, 1], [3], [0], [2], [0, 3], [2, 0], [3, 2], [0], [3, 0], [3], [0], [2], [2, 0], [3, 2], [0, 3], [1], [4], [0], [4, 1], [0, 4], [1, 0], [4], [1, 4], [1], [4], [0], [0, 4], [1, 0], [4, 1], [4, 3], [0], [3], [2], [3, 0], [2, 3], [0, 2], [3], [0, 3], [0], [3], [2], [2, 3], [0, 2], [3, 0]]}","{'map': {'0': 26, '1': 24, '2': 10, '3': 8, '4': 22}, 'arch': {'width': 7, 'height': 5, 'alg_qubits': [8, 22, 10, 24, 12, 26], 'magic_states': [1, 3, 5, 13, 27, 33, 31, 29, 7, 21]}, 'gates': [[0], [0, 4], [1, 0], [4, 1], [3], [0], [2], [0, 3], [2, 0], [3, 2], [0], [3, 0], [3], [0], [2], [2, 0], [3, 2], [0, 3], [1], [4], [0], [4, 1], [0, 4], [1, 0], [4], [1, 4], [1], [4], [0], [0, 4], [1, 0], [4, 1], [1, 4], [4, 2], [2], [0], [4], [0, 2], [4, 0], [2, 4], [0], [2, 0], [2], [0], [4], [4, 0], [2, 4], [0, 2], [0, 4], [0], [4], [3], [3, 4], [0, 3], [4, 0], [2, 0], [3], [0], [2], [0, 3], [2, 0], [3, 2], [0], [3, 0], [3], [0], [2], [2, 0], [3, 2], [0, 3], [1], [4], [0], [4, 1], [0, 4], [1, 0], [4], [1, 4], [1], [4]]}","{'map': {'0': 12, '1': 22, '2': 10, '3': 24, '4': 26}, 'arch': {'width': 7, 'height': 5, 'alg_qubits': [8, 22, 10, 24, 12, 26], 'magic_states': [1, 3, 5, 13, 27, 33, 31, 29, 7, 21]}, 'gates': [[2], [0], [1], [0, 2], [1, 0], [2, 1], [0], [2, 0], [2], [0], [1], [1, 0], [2, 1], [0, 2], [4], [3], [0], [3, 4], [0, 3], [4, 0], [3], [4, 3], [4], [3], [0], [0, 3], [4, 0], [3, 4], [2], [0], [1], [0, 2], [1, 0], [2, 1], [0], [2, 0], [2], [0], [1], [1, 0], [2, 1], [0, 2], [4], [3], [0], [3, 4], [0, 3], [4, 0], [3], [4, 3], [4], [3], [0], [0, 3], [4, 0], [3, 4], [4], [1], [0], [1, 4], [0, 1], [4, 0], [1], [4, 1], [4], [1], [0], [0, 1], [4, 0], [1, 4], [1], [0], [2], [0, 1], [2, 0], [1, 2], [0], [1, 0], [1], [0], [2]]}"
9q_100gates_19.qasm,"{'map': {'0': 34, '1': 40, '2': 36, '3': 18, '4': 12, '5': 38, '6': 14, '7': 42, '8': 16}, 'arch': {'width': 11, 'height': 5, 'alg_qubits': [12, 34, 14, 36, 16, 38, 18, 40, 20, 42], 'magic_states': [1, 3, 5, 7, 9, 21, 43, 53, 51, 49, 47, 45, 11, 33]}, 'gates': [[2], [1], [1, 2], [7, 1], [2, 7], [5], [6], [0], [6, 5], [0, 6], [5, 0], [6], [5, 6], [5], [6], [0], [0, 6], [5, 0], [6, 5], [4], [7], [6], [7, 4], [6, 7], [4, 6], [7], [4, 7], [4], [7], [6], [6, 7], [4, 6], [7, 4], [3], [8], [7], [8, 3], [7, 8], [3, 7], [8], [3, 8], [3], [8], [7], [7, 8], [3, 7], [8, 3], [1], [2], [8], [2, 1], [8, 2], [1, 8], [2], [1, 2], [1], [2], [8], [8, 2], [1, 8], [2, 1], [3], [8], [7], [8, 3], [7, 8], [3, 7], [8], [3, 8], [3], [8], [7], [7, 8], [3, 7], [8, 3], [4], [7], [6], [7, 4], [6, 7], [4, 6]]}","{'map': {'0': 18, '1': 12, '2': 14, '3': 34, '4': 16, '5': 40, '6': 42, '7': 36, '8': 20}, 'arch': {'width': 11, 'height': 5, 'alg_qubits': [12, 34, 14, 36, 16, 38, 18, 40, 20, 42], 'magic_states': [1, 3, 5, 7, 9, 21, 43, 53, 51, 49, 47, 45, 11, 33]}, 'gates': [[2], [1], [1, 2], [7, 1], [2, 7], [5], [6], [0], [6, 5], [0, 6], [5, 0], [6], [5, 6], [5], [6], [0], [0, 6], [5, 0], [6, 5], [4], [7], [6], [7, 4], [6, 7], [4, 6], [7], [4, 7], [4], [7], [6], [6, 7], [4, 6], [7, 4], [3], [8], [7], [8, 3], [7, 8], [3, 7], [8], [3, 8], [3], [8], [7], [7, 8], [3, 7], [8, 3], [1], [2], [8], [2, 1], [8, 2], [1, 8], [2], [1, 2], [1], [2], [8], [8, 2], [1, 8], [2, 1], [3], [8], [7], [8, 3], [7, 8], [3, 7], [8], [3, 8], [3], [8], [7], [7, 8], [3, 7], [8, 3], [4], [7], [6], [7, 4], [6, 7], [4, 6]]}","{'map': {'0': 18, '1': 12, '2': 14, '3': 34, '4': 16, '5': 40, '6': 42, '7': 36, '8': 20}, 'arch': {'width': 11, 'height': 5, 'alg_qubits': [12, 34, 14, 36, 16, 38, 18, 40, 20, 42], 'magic_states': [1, 3, 5, 7, 9, 21, 43, 53, 51, 49, 47, 45, 11, 33]}, 'gates': [[2], [1], [1, 2], [7, 1], [2, 7], [5], [6], [0], [6, 5], [0, 6], [5, 0], [6], [5, 6], [5], [6], [0], [0, 6], [5, 0], [6, 5], [4], [7], [6], [7, 4], [6, 7], [4, 6], [7], [4, 7], [4], [7], [6], [6, 7], [4, 6], [7, 4], [3], [8], [7], [8, 3], [7, 8], [3, 7], [8], [3, 8], [3], [8], [7], [7, 8], [3, 7], [8, 3], [1], [2], [8], [2, 1], [8, 2], [1, 8], [2], [1, 2], [1], [2], [8], [8, 2], [1, 8], [2, 1], [3], [8], [7], [8, 3], [7, 8], [3, 7], [8], [3, 8], [3], [8], [7], [7, 8], [3, 7], [8, 3], [4], [7], [6], [7, 4], [6, 7], [4, 6]]}","{'map': {'0': 18, '1': 16, '2': 42, '3': 38, '4': 20, '5': 12, '6': 34, '7': 40, '8': 36}, 'arch': {'width': 11, 'height': 5, 'alg_qubits': [12, 34, 14, 36, 16, 38, 18, 40, 20, 42], 'magic_states': [1, 3, 5, 7, 9, 21, 43, 53, 51, 49, 47, 45, 11, 33]}, 'gates': [[7], [2], [1], [1, 2], [7, 1], [2, 7], [5], [6], [0], [6, 5], [0, 6], [5, 0], [6], [5, 6], [5], [6], [0], [0, 6], [5, 0], [6, 5], [4], [7], [6], [7, 4], [6, 7], [4, 6], [7], [4, 7], [4], [7], [6], [6, 7], [4, 6], [7, 4], [3], [8], [7], [8, 3], [7, 8], [3, 7], [8], [3, 8], [3], [8], [7], [7, 8], [3, 7], [8, 3], [1], [2], [8], [2, 1], [8, 2], [1, 8], [2], [1, 2], [1], [2], [8], [8, 2], [1, 8], [2, 1], [3], [8], [7], [8, 3], [7, 8], [3, 7], [8], [3, 8], [3], [8], [7], [7, 8], [3, 7], [8, 3], [4], [7], [6], [7, 4], [6, 7]]}","{'map': {'0': 42, '1': 18, '2': 34, '3': 12, '4': 20, '5': 16, '6': 40, '7': 36, '8': 38}, 'arch': {'width': 11, 'height': 5, 'alg_qubits': [12, 34, 14, 36, 16, 38, 18, 40, 20, 42], 'magic_states': [1, 3, 5, 7, 9, 21, 43, 53, 51, 49, 47, 45, 11, 33]}, 'gates': [[7], [2], [1], [1, 2], [7, 1], [2, 7], [5], [6], [0], [6, 5], [0, 6], [5, 0], [6], [5, 6], [5], [6], [0], [0, 6], [5, 0], [6, 5], [4], [7], [6], [7, 4], [6, 7], [4, 6], [7], [4, 7], [4], [7], [6], [6, 7], [4, 6], [7, 4], [3], [8], [7], [8, 3], [7, 8], [3, 7], [8], [3, 8], [3], [8], [7], [7, 8], [3, 7], [8, 3], [1], [2], [8], [2, 1], [8, 2], [1, 8], [2], [1, 2], [1], [2], [8], [8, 2], [1, 8], [2, 1], [3], [8], [7], [8, 3], [7, 8], [3, 7], [8], [3, 8], [3], [8], [7], [7, 8], [3, 7], [8, 3], [4], [7], [6], [7, 4], [6, 7]]}"
6q_100gates_20.qasm,"{'map': {'0': 26, '1': 24, '2': 10, '3': 22, '4': 12, '5': 8}, 'arch': {'width': 7, 'height': 5, 'alg_qubits': [8, 22, 10, 24, 12, 26], 'magic_states': [1, 3, 5, 13, 27, 33, 31, 29, 7, 21]}, 'gates': [[5, 2], [3, 5], [2, 3], [5], [4], [1], [4, 5], [1, 4], [5, 1], [4], [5, 4], [5], [4], [1], [1, 4], [5, 1], [4, 5], [1], [5], [0], [5, 1], [0, 5], [1, 0], [5], [1, 5], [1], [5], [0], [0, 5], [1, 0], [5, 1], [3], [2], [5], [2, 3], [5, 2], [3, 5], [2], [3, 2], [3], [2], [5], [5, 2], [3, 5], [2, 3], [1], [5], [0], [5, 1], [0, 5], [1, 0], [5], [1, 5], [1], [5], [0], [0, 5], [1, 0], [5, 1], [3], [2], [5], [2, 3], [5, 2], [3, 5], [2], [3, 2], [3], [2], [5], [5, 2], [3, 5], [2, 3], [1], [5], [0], [5, 1], [0, 5], [1, 0], [5], [1, 5]]}","{'map': {'0': 12, '1': 22, '2': 8, '3': 26, '4': 10, '5': 24}, 'arch': {'width': 7, 'height': 5, 'alg_qubits': [8, 22, 10, 24, 12, 26], 'magic_states': [1, 3, 5, 13, 27, 33, 31, 29, 7, 21]}, 'gates': [[2], [5], [5, 2], [3, 5], [2, 3], [5], [3], [4], [3, 5], [4, 3], [5, 4], [3], [5, 3], [5], [3], [4], [4, 3], [5, 4], [3, 5], [1], [0], [3], [0, 1], [3, 0], [1, 3], [0], [1, 0], [1], [0], [3], [3, 0], [1, 3], [0, 1], [5], [3], [4], [3, 5], [4, 3], [5, 4], [3], [5, 3], [5], [3], [4], [4, 3], [5, 4], [3, 5], [1], [0], [3], [0, 1], [3, 0], [1, 3], [0], [1, 0], [1], [0], [3], [3, 0], [1, 3], [0, 1], [1, 4], [4], [3], [5], [3, 4], [5, 3], [4, 5], [3], [4, 3], [4], [3], [5], [5, 3], [4, 5], [3, 4], [5], [4], [1], [4, 5], [1, 4]]}","{'map': {'0': 10, '1': 24, '2': 8, '3': 12, '4': 22, '5': 26}, 'arch': {'width': 7, 'height': 5, 'alg_qubits': [8, 22, 10, 24, 12, 26], 'magic_states': [1, 3, 5, 13, 27, 33, 31, 29, 7, 21]}, 'gates': [[5], [4], [0], [4, 5], [0, 4], [5, 0], [4], [5, 4], [5], [4], [0], [0, 4], [5, 0], [4, 5], [5], [4], [1], [4, 5], [1, 4], [5, 1], [4], [5, 4], [5], [4], [1], [1, 4], [5, 1], [4, 5], [1], [5], [0], [5, 1], [0, 5], [1, 0], [5], [1, 5], [1], [5], [0], [0, 5], [1, 0], [5, 1], [3], [2], [5], [2, 3], [5, 2], [3, 5], [2], [3, 2], [3], [2], [5], [5, 2], [3, 5], [2, 3], [1], [5], [0], [5, 1], [0, 5], [1, 0], [5], [1, 5], [1], [5], [0], [0, 5], [1, 0], [5, 1], [3], [2], [5], [2, 3], [5, 2], [3, 5], [2], [3, 2], [3], [2], [5]]}","{'map': {'0': 8, '1': 12, '2': 22, '3': 10, '4': 26}, 'arch': {'width': 7, 'height': 5, 'alg_qubits': [8, 22, 10, 24, 12, 26], 'magic_states': [1, 3, 5, 13, 27, 33, 31, 29, 7, 21]}, 'gates': [[3], [4], [1], [4, 3], [1, 4], [3, 1], [4], [3, 4], [3], [4], [1], [1, 4], [3, 1], [4, 3], [0], [2], [4], [2, 0], [4, 2], [0, 4], [2], [0, 2], [0], [2], [4], [4, 2], [0, 4], [2, 0], [3], [4], [1], [4, 3], [1, 4], [3, 1], [4], [3, 4], [3], [4], [1], [1, 4], [3, 1], [4, 3], [0], [2], [4], [2, 0], [4, 2], [0, 4], [2], [0, 2], [0], [2], [4], [4, 2], [0, 4], [2, 0], [2, 0], [0], [3], [2], [3, 0], [2, 3], [0, 2], [3], [0, 3], [0], [3], [2], [2, 3], [0, 2], [3, 0], [2, 0], [2], [4], [3], [4, 2], [3, 4], [2, 3], [4], [2, 4], [2]]}","{'map': {'0': 26, '1': 24, '2': 12, '3': 8, '4': 22, '5': 10}, 'arch': {'width': 7, 'height': 5, 'alg_qubits': [8, 22, 10, 24, 12, 26], 'magic_states': [1, 3, 5, 13, 27, 33, 31, 29, 7, 21]}, 'gates': [[1], [4], [2], [4, 1], [2, 4], [1, 2], [4], [1, 4], [1], [4], [2], [2, 4], [1, 2], [4, 1], [5], [3], [4], [3, 5], [4, 3], [5, 4], [3], [5, 3], [5], [3], [4], [4, 3], [5, 4], [3, 5], [0], [1], [3], [1, 0], [3, 1], [0, 3], [1], [0, 1], [0], [1], [3], [3, 1], [0, 3], [1, 0], [5], [3], [4], [3, 5], [4, 3], [5, 4], [3], [5, 3], [5], [3], [4], [4, 3], [5, 4], [3, 5], [0], [1], [3], [1, 0], [3, 1], [0, 3], [1], [0, 1], [0], [1], [3], [3, 1], [0, 3], [1, 0], [1], [5], [3], [5, 1], [3, 5], [1, 3], [5], [1, 5], [1], [5], [3]]}"
8q_100gates_35.qasm,"{'map': {'0': 16, '1': 30, '2': 32, '3': 10, '4': 28, '5': 12, '6': 14, '7': 34}, 'arch': {'width': 9, 'height': 5, 'alg_qubits': [10, 28, 12, 30, 14, 32, 16, 34], 'magic_states': [1, 3, 5, 7, 17, 35, 43, 41, 39, 37, 9, 27]}, 'gates': [[4], [7], [6], [7, 4], [6, 7], [4, 6], [7], [4, 7], [4], [7], [6], [6, 7], [4, 6], [7, 4], [0], [2], [7], [2, 0], [7, 2], [0, 7], [2], [0, 2], [0], [2], [7], [7, 2], [0, 7], [2, 0], [6, 5], [1], [4], [6], [4, 1], [6, 4], [1, 6], [4], [1, 4], [1], [4], [6], [6, 4], [1, 6], [4, 1], [6, 4], [4, 5], [1], [6], [2], [6, 1], [2, 6], [1, 2], [6], [1, 6], [1], [6], [2], [2, 6], [1, 2], [6, 1], [2], [6], [1], [6, 2], [1, 6], [2, 1], [6], [2, 6], [2], [6], [1], [1, 6], [2, 1], [6, 2], [2], [3], [6], [3, 2], [6, 3], [2, 6], [3], [2, 3]]}","{'map': {'0': 16, '1': 28, '2': 14, '3': 12, '4': 32, '5': 34, '6': 10, '7': 30}, 'arch': {'width': 9, 'height': 5, 'alg_qubits': [10, 28, 12, 30, 14, 32, 16, 34], 'magic_states': [1, 3, 5, 7, 17, 35, 43, 41, 39, 37, 9, 27]}, 'gates': [[0], [5], [7], [5, 0], [7, 5], [0, 7], [5], [0, 5], [0], [5], [7], [7, 5], [0, 7], [5, 0], [4], [7], [0], [7, 4], [0, 7], [4, 0], [7], [4, 7], [4], [7], [0], [0, 7], [4, 0], [7, 4], [3], [6], [7], [6, 3], [7, 6], [3, 7], [6], [3, 6], [3], [6], [7], [7, 6], [3, 7], [6, 3], [1], [2], [6], [2, 1], [6, 2], [1, 6], [2], [1, 2], [1], [2], [6], [6, 2], [1, 6], [2, 1], [3], [6], [7], [6, 3], [7, 6], [3, 7], [6], [3, 6], [3], [6], [7], [7, 6], [3, 7], [6, 3], [4], [7], [0], [7, 4], [0, 7], [4, 0], [7], [4, 7], [4], [7], [0]]}","{'map': {'0': 30, '1': 32, '2': 14, '3': 12, '4': 28, '5': 34, '6': 16, '7': 10}, 'arch': {'width': 9, 'height': 5, 'alg_qubits': [10, 28, 12, 30, 14, 32, 16, 34], 'magic_states': [1, 3, 5, 7, 17, 35, 43, 41, 39, 37, 9, 27]}, 'gates': [[7, 5], [6, 7], [0], [5], [6], [5, 0], [6, 5], [0, 6], [5], [0, 5], [0], [5], [6], [6, 5], [0, 6], [5, 0], [4], [7], [0], [7, 4], [0, 7], [4, 0], [7], [4, 7], [4], [7], [0], [0, 7], [4, 0], [7, 4], [3], [6], [7], [6, 3], [7, 6], [3, 7], [6], [3, 6], [3], [6], [7], [7, 6], [3, 7], [6, 3], [1], [2], [6], [2, 1], [6, 2], [1, 6], [2], [1, 2], [1], [2], [6], [6, 2], [1, 6], [2, 1], [3], [6], [7], [6, 3], [7, 6], [3, 7], [6], [3, 6], [3], [6], [7], [7, 6], [3, 7], [6, 3], [4], [7], [0], [7, 4], [0, 7], [4, 0], [7], [4, 7], [4]]}","{'map': {'0': 16, '1': 10, '2': 12, '3': 30, '4': 14, '5': 32, '6': 34, '7': 28}, 'arch': {'width': 9, 'height': 5, 'alg_qubits': [10, 28, 12, 30, 14, 32, 16, 34], 'magic_states': [1, 3, 5, 7, 17, 35, 43, 41, 39, 37, 9, 27]}, 'gates': [[0, 6], [5, 0], [4], [7], [0], [7, 4], [0, 7], [4, 0], [7], [4, 7], [4], [7], [0], [0, 7], [4, 0], [7, 4], [3], [6], [7], [6, 3], [7, 6], [3, 7], [6], [3, 6], [3], [6], [7], [7, 6], [3, 7], [6, 3], [1], [2], [6], [2, 1], [6, 2], [1, 6], [2], [1, 2], [1], [2], [6], [6, 2], [1, 6], [2, 1], [3], [6], [7], [6, 3], [7, 6], [3, 7], [6], [3, 6], [3], [6], [7], [7, 6], [3, 7], [6, 3], [4], [7], [0], [7, 4], [0, 7], [4, 0], [7], [4, 7], [4], [7], [0], [0, 7], [4, 0], [7, 4], [3], [6], [7], [6, 3], [7, 6], [3, 7], [6], [3, 6], [3]]}","{'map': {'0': 34, '1': 12, '2': 28, '3': 10, '4': 32, '5': 14, '6': 30, '7': 16}, 'arch': {'width': 9, 'height': 5, 'alg_qubits': [10, 28, 12, 30, 14, 32, 16, 34], 'magic_states': [1, 3, 5, 7, 17, 35, 43, 41, 39, 37, 9, 27]}, 'gates': [[0], [5], [6], [6, 5], [0, 6], [5, 0], [4], [7], [0], [7, 4], [0, 7], [4, 0], [7], [4, 7], [4], [7], [0], [0, 7], [4, 0], [7, 4], [3], [6], [7], [6, 3], [7, 6], [3, 7], [6], [3, 6], [3], [6], [7], [7, 6], [3, 7], [6, 3], [1], [2], [6], [2, 1], [6, 2], [1, 6], [2], [1, 2], [1], [2], [6], [6, 2], [1, 6], [2, 1], [3], [6], [7], [6, 3], [7, 6], [3, 7], [6], [3, 6], [3], [6], [7], [7, 6], [3, 7], [6, 3], [4], [7], [0], [7, 4], [0, 7], [4, 0], [7], [4, 7], [4], [7], [0], [0, 7], [4, 0], [7, 4], [3], [6], [7], [6, 3], [7, 6]]}"
4q_100gates_23.qasm,"{'map': {'0': 18, '1': 16, '2': 8, '3': 6}, 'arch': {'width': 5, 'height': 5, 'alg_qubits': [6, 16, 8, 18], 'magic_states': [1, 3, 9, 19, 23, 21, 5, 15]}, 'gates': [[0, 1], [0, 1], [0, 3], [0, 3], [0, 2], [0, 2], [1, 2], [1, 2], [1, 3], [1, 3], [0, 1], [0, 1], [2, 3], [2, 3], [0, 3], [0, 3], [0, 2], [0, 2], [1, 2], [1, 2], [1, 3], [1, 3], [0, 1], [0, 1], [2, 3], [2, 3], [0, 3], [0, 3], [0, 2], [0, 2], [1, 2], [1, 2], [1, 3], [1, 3], [0, 1], [0, 1], [2, 3], [2, 3], [0, 3], [0, 3], [0, 2], [0, 2], [1, 2], [1, 2], [1, 3], [1, 3], [2, 3], [2, 3]]}","{'map': {'0': 18, '1': 8, '2': 16, '3': 6}, 'arch': {'width': 5, 'height': 5, 'alg_qubits': [6, 16, 8, 18], 'magic_states': [1, 3, 9, 19, 23, 21, 5, 15]}, 'gates': [[0, 1], [0, 1], [1, 2], [2, 3], [2, 3], [1, 2], [0, 1], [0, 1], [1, 2], [2, 3], [2, 3], [1, 2], [0, 1], [1, 2], [2, 3], [2, 3], [1, 2], [0, 1], [0, 1], [1, 2], [2, 3], [2, 3], [1, 2], [0, 1], [1, 2], [2, 3], [2, 3], [1, 2], [0, 1], [0, 1], [1, 2], [2, 3], [2, 3], [1, 2], [0, 1], [1, 2], [2, 3], [2, 3], [1, 2], [0, 1], [0, 1], [1, 2], [2, 3], [2, 3], [1, 2], [0, 1], [2, 3], [2, 3], [1, 2], [2, 3], [2, 3], [1, 2], [2, 3], [2, 3], [1, 2], [1, 2], [0, 1], [1, 2], [2, 3], [2, 3], [1, 2], [0, 1], [1, 2], [2, 3], [2, 3], [1, 2], [0, 1], [1, 2], [1, 2], [0, 1], [1, 2], [1, 2], [0, 1], [0, 1]]}","{'map': {'0': 22, '1': 12, '2': 24, '3': 26, '4': 8}, 'arch': {'width': 7, 'height': 5, 'alg_qubits': [8, 22, 10, 24, 12, 26], 'magic_states': [1, 3, 5, 13, 27, 33, 31, 29, 7, 21]}, 'gates': [[1], [0], [0, 1], [2, 0], [1, 2], [4], [3], [1], [3, 4], [1, 3], [4, 1], [3], [4, 3], [4], [3], [1], [1, 3], [4, 1], [3, 4], [2], [1], [0], [1, 2], [0, 1], [2, 0], [1], [2, 1], [2], [1], [0], [0, 1], [2, 0], [1, 2], [4], [3], [1], [3, 4], [1, 3], [4, 1], [3], [4, 3], [4], [3], [1], [1, 3], [4, 1], [3, 4], [3], [2], [0], [2, 3], [0, 2], [3, 0], [2], [3, 2], [3], [2], [0], [0, 2], [3, 0], [2, 3], [3], [4, 3], [4], [3], [2], [2, 3], [4, 2], [3, 4], [0, 2], [2, 3], [2], [1], [0], [1, 2], [0, 1], [2, 0], [1], [2, 1], [2]]}","{'map': {'0': 26, '1': 24, '2': 8, '3': 22, '4': 10}, 'arch': {'width': 7, 'height': 5, 'alg_qubits': [8, 22, 10, 24, 12, 26], 'magic_states': [1, 3, 5, 13, 27, 33, 31, 29, 7, 21]}, 'gates': [[4], [1], [0], [1, 4], [0, 1], [4, 0], [1], [4, 1], [4], [1], [0], [0, 1], [4, 0], [1, 4], [1, 4], [2], [1], [0], [1, 2], [0, 1], [2, 0], [1], [2, 1], [2], [1], [0], [0, 1], [2, 0], [1, 2], [4], [3], [1], [3, 4], [1, 3], [4, 1], [3], [4, 3], [4], [3], [1], [1, 3], [4, 1], [3, 4], [2], [1], [0], [1, 2], [0, 1], [2, 0], [1], [2, 1], [2], [1], [0], [0, 1], [2, 0], [1, 2], [4], [3], [1], [3, 4], [1, 3], [4, 1], [3], [4, 3], [4], [3], [1], [1, 3], [4, 1], [3, 4], [0], [1], [4], [1, 0], [4, 1], [0, 4], [1], [0, 1], [0], [1]]}","{'map': {'0': 22, '1': 8, '2': 26, '3': 12, '4': 24}, 'arch': {'width': 7, 'height': 5, 'alg_qubits': [8, 22, 10, 24, 12, 26], 'magic_states': [1, 3, 5, 13, 27, 33, 31, 29, 7, 21]}, 'gates': [[4, 1], [1, 4], [2], [1], [0], [1, 2], [0, 1], [2, 0], [1], [2, 1], [2], [1], [0], [0, 1], [2, 0], [1, 2], [4], [3], [1], [3, 4], [1, 3], [4, 1], [3], [4, 3], [4], [3], [1], [1, 3], [4, 1], [3, 4], [2], [1], [0], [1, 2], [0, 1], [2, 0], [1], [2, 1], [2], [1], [0], [0, 1], [2, 0], [1, 2], [4], [3], [1], [3, 4], [1, 3], [4, 1], [3], [4, 3], [4], [3], [1], [1, 3], [4, 1], [3, 4], [0], [1], [4], [1, 0], [4, 1], [0, 4], [1], [0, 1], [0], [1], [4], [4, 1], [0, 4], [1, 0], [3], [2], [1], [2, 3], [1, 2], [3, 1], [2], [3, 2], [3]]}"
6q_100gates_46.qasm,"{'map': {'0': 8, '1': 10, '2': 12, '3': 26, '4': 24, '5': 22}, 'arch': {'width': 7, 'height': 5, 'alg_qubits': [8, 22, 10, 24, 12, 26], 'magic_states': [1, 3, 5, 13, 27, 33, 31, 29, 7, 21]}, 'gates': [[0], [0, 4], [5, 0], [4, 5], [2], [1], [4], [1, 2], [4, 1], [2, 4], [1], [2, 1], [2], [1], [4], [4, 1], [2, 4], [1, 2], [5], [4], [0], [4, 5], [0, 4], [5, 0], [4], [5, 4], [5], [4], [0], [0, 4], [5, 0], [4, 5], [2], [1], [4], [1, 2], [4, 1], [2, 4], [1], [2, 1], [2], [1], [4], [4, 1], [2, 4], [1, 2], [4], [3], [5], [3, 4], [5, 3], [4, 5], [3], [4, 3], [4], [3], [5], [5, 3], [4, 5], [3, 4], [5], [4], [0], [4, 5], [0, 4], [5, 0], [4], [5, 4], [5], [4], [0], [0, 4], [5, 0], [4, 5], [2], [1], [4], [1, 2], [4, 1], [2, 4], [1]]}","{'map': {'0': 8, '1': 22, '2': 10, '3': 26, '4': 24, '5': 12}, 'arch': {'width': 7, 'height': 5, 'alg_qubits': [8, 22, 10, 24, 12, 26], 'magic_states': [1, 3, 5, 13, 27, 33, 31, 29, 7, 21]}, 'gates': [[2], [5, 2], [5], [2], [0], [0, 2], [5, 0], [2, 5], [1], [4], [0], [4, 1], [0, 4], [1, 0], [4], [1, 4], [1], [4], [0], [0, 4], [1, 0], [4, 1], [3], [2], [4], [2, 3], [4, 2], [3, 4], [2], [3, 2], [3], [2], [4], [4, 2], [3, 4], [2, 3], [1], [4], [0], [4, 1], [0, 4], [1, 0], [4], [1, 4], [1], [4], [0], [0, 4], [1, 0], [4, 1], [3], [2], [4], [2, 3], [4, 2], [3, 4], [2], [3, 2], [3], [2], [4], [4, 2], [3, 4], [2, 3], [4], [0], [1], [0, 4], [1, 0], [4, 1], [0], [4, 0], [4], [0], [1], [1, 0], [4, 1], [0, 4], [5], [2], [0]]}","{'map': {'0': 26, '1': 24, '2': 22, '3': 12, '4': 8, '5': 10}, 'arch': {'width': 7, 'height': 5, 'alg_qubits': [8, 22, 10, 24, 12, 26], 'magic_states': [1, 3, 5, 13, 27, 33, 31, 29, 7, 21]}, 'gates': [[0, 1], [2, 1], [1, 2], [3, 2], [2, 3], [4, 3], [3, 4], [4, 3], [4, 2], [4, 1], [4, 0], [0], [1], [5], [1, 0], [5, 1], [0, 5], [1], [0, 1], [0], [1], [5], [5, 1], [0, 5], [1, 0], [5], [1], [4], [1, 5], [4, 1], [5, 4], [1], [5, 1], [5], [1], [4], [4, 1], [5, 4], [1, 5], [2], [3], [1], [3, 2], [1, 3], [2, 1], [3], [2, 3], [2], [3], [1], [1, 3], [2, 1], [3, 2], [5], [1], [4], [1, 5], [4, 1], [5, 4], [1], [5, 1], [5], [1], [4], [4, 1], [5, 4], [1, 5], [2], [3], [1], [3, 2], [1, 3], [2, 1], [3], [2, 3], [2], [3], [1], [1, 3], [2, 1], [3, 2]]}","{'map': {'0': 8, '1': 12, '2': 10, '3': 26, '4': 24}, 'arch': {'width': 7, 'height': 5, 'alg_qubits': [8, 22, 10, 24, 12, 26], 'magic_states': [1, 3, 5, 13, 27, 33, 31, 29, 7, 21]}, 'gates': [[0], [4], [1], [4, 0], [1, 4], [0, 1], [4], [0, 4], [0], [4], [1], [1, 4], [0, 1], [4, 0], [1], [2], [0], [2, 1], [0, 2], [1, 0], [2], [1, 2], [1], [2], [0], [0, 2], [1, 0], [2, 1], [4], [3], [2], [3, 4], [2, 3], [4, 2], [3], [4, 3], [4], [3], [2], [2, 3], [4, 2], [3, 4], [1], [2], [0], [2, 1], [0, 2], [1, 0], [2], [1, 2], [1], [2], [0], [0, 2], [1, 0], [2, 1], [4], [3], [2], [3, 4], [2, 3], [4, 2], [3], [4, 3], [4], [3], [2], [2, 3], [4, 2], [3, 4], [0, 2], [2, 3], [2], [1], [0], [1, 2], [0, 1], [2, 0], [1], [2, 1], [2]]}","{'map': {'0': 10, '1': 12, '2': 22, '3': 24, '4': 8, '5': 26}, 'arch': {'width': 7, 'height': 5, 'alg_qubits': [8, 22, 10, 24, 12, 26], 'magic_states': [1, 3, 5, 13, 27, 33, 31, 29, 7, 21]}, 'gates': [[0], [1], [5], [5, 1], [0, 5], [1, 0], [2], [4], [1], [4, 2], [1, 4], [2, 1], [4], [2, 4], [2], [4], [1], [1, 4], [2, 1], [4, 2], [4, 0], [0], [1], [5], [1, 0], [5, 1], [0, 5], [1], [0, 1], [0], [1], [5], [5, 1], [0, 5], [1, 0], [5], [1], [4], [1, 5], [4, 1], [5, 4], [1], [5, 1], [5], [1], [4], [4, 1], [5, 4], [1, 5], [2], [3], [1], [3, 2], [1, 3], [2, 1], [3], [2, 3], [2], [3], [1], [1, 3], [2, 1], [3, 2], [5], [1], [4], [1, 5], [4, 1], [5, 4], [1], [5, 1], [5], [1], [4], [4, 1], [5, 4], [1, 5], [2], [3], [1], [3, 2]]}"
10q_100gates_26.qasm,"{'map': {'0': 34, '1': 18, '2': 40, '3': 14, '4': 20, '5': 16, '6': 42, '7': 36, '8': 12}, 'arch': {'width': 11, 'height': 5, 'alg_qubits': [12, 34, 14, 36, 16, 38, 18, 40, 20, 42], 'magic_states': [1, 3, 5, 7, 9, 21, 43, 53, 51, 49, 47, 45, 11, 33]}, 'gates': [[1], [8], [8, 1], [0, 8], [1, 0], [6], [8], [5], [8, 6], [5, 8], [6, 5], [8], [6, 8], [6], [8], [5], [5, 8], [6, 5], [8, 6], [7], [2], [8], [2, 7], [8, 2], [7, 8], [2], [7, 2], [7], [2], [8], [8, 2], [7, 8], [2, 7], [3], [4], [2], [4, 3], [2, 4], [3, 2], [4], [3, 4], [3], [4], [2], [2, 4], [3, 2], [4, 3], [7], [2], [8], [2, 7], [8, 2], [7, 8], [2], [7, 2], [7], [2], [8], [8, 2], [7, 8], [2, 7], [6], [8], [5], [8, 6], [5, 8], [6, 5], [8], [6, 8], [6], [8], [5], [5, 8], [6, 5], [8, 6], [7], [2], [8], [2, 7], [8, 2], [7, 8]]}","{'map': {'0': 12, '1': 16, '2': 38, '3': 14, '4': 36, '5': 42, '6': 18, '7': 34, '8': 40, '9': 20}, 'arch': {'width': 11, 'height': 5, 'alg_qubits': [12, 34, 14, 36, 16, 38, 18, 40, 20, 42], 'magic_states': [1, 3, 5, 7, 9, 21, 43, 53, 51, 49, 47, 45, 11, 33]}, 'gates': [[6], [0], [0, 6], [5, 0], [6, 5], [4], [7], [6], [7, 4], [6, 7], [4, 6], [7], [4, 7], [4], [7], [6], [6, 7], [4, 6], [7, 4], [3], [8], [7], [8, 3], [7, 8], [3, 7], [8], [3, 8], [3], [8], [7], [7, 8], [3, 7], [8, 3], [1], [2], [8], [2, 1], [8, 2], [1, 8], [2], [1, 2], [1], [2], [8], [8, 2], [1, 8], [2, 1], [3], [8], [7], [8, 3], [7, 8], [3, 7], [8], [3, 8], [3], [8], [7], [7, 8], [3, 7], [8, 3], [4], [7], [6], [7, 4], [6, 7], [4, 6], [7], [4, 7], [4], [7], [6], [6, 7], [4, 6], [7, 4], [8], [1], [9], [1, 8], [9, 1], [8, 9]]}","{'map': {'0': 12, '1': 40, '2': 20, '3': 42, '4': 38, '5': 34, '6': 16, '7': 14, '8': 18}, 'arch': {'width': 11, 'height': 5, 'alg_qubits': [12, 34, 14, 36, 16, 38, 18, 40, 20, 42], 'magic_states': [1, 3, 5, 7, 9, 21, 43, 53, 51, 49, 47, 45, 11, 33]}, 'gates': [[6], [0], [0, 6], [5, 0], [6, 5], [4], [7], [6], [7, 4], [6, 7], [4, 6], [7], [4, 7], [4], [7], [6], [6, 7], [4, 6], [7, 4], [3], [8], [7], [8, 3], [7, 8], [3, 7], [8], [3, 8], [3], [8], [7], [7, 8], [3, 7], [8, 3], [1], [2], [8], [2, 1], [8, 2], [1, 8], [2], [1, 2], [1], [2], [8], [8, 2], [1, 8], [2, 1], [3], [8], [7], [8, 3], [7, 8], [3, 7], [8], [3, 8], [3], [8], [7], [7, 8], [3, 7], [8, 3], [4], [7], [6], [7, 4], [6, 7], [4, 6], [7], [4, 7], [4], [7], [6], [6, 7], [4, 6], [7, 4], [5], [6], [0], [6, 5], [0, 6], [5, 0]]}","{'map': {'0': 12, '1': 40, '2': 20, '3': 42, '4': 38, '5': 34, '6': 16, '7': 14, '8': 18}, 'arch': {'width': 11, 'height': 5, 'alg_qubits': [12, 34, 14, 36, 16, 38, 18, 40, 20, 42], 'magic_states': [1, 3, 5, 7, 9, 21, 43, 53, 51, 49, 47, 45, 11, 33]}, 'gates': [[6], [0], [0, 6], [5, 0], [6, 5], [4], [7], [6], [7, 4], [6, 7], [4, 6], [7], [4, 7], [4], [7], [6], [6, 7], [4, 6], [7, 4], [3], [8], [7], [8, 3], [7, 8], [3, 7], [8], [3, 8], [3], [8], [7], [7, 8], [3, 7], [8, 3], [1], [2], [8], [2, 1], [8, 2], [1, 8], [2], [1, 2], [1], [2], [8], [8, 2], [1, 8], [2, 1], [3], [8], [7], [8, 3], [7, 8], [3, 7], [8], [3, 8], [3], [8], [7], [7, 8], [3, 7], [8, 3], [4], [7], [6], [7, 4], [6, 7], [4, 6], [7], [4, 7], [4], [7], [6], [6, 7], [4, 6], [7, 4], [5], [6], [0], [6, 5], [0, 6], [5, 0]]}","{'map': {'0': 42, '1': 36, '2': 34, '3': 16, '4': 18, '5': 12, '6': 38, '7': 40, '8': 20}, 'arch': {'width': 11, 'height': 5, 'alg_qubits': [12, 34, 14, 36, 16, 38, 18, 40, 20, 42], 'magic_states': [1, 3, 5, 7, 9, 21, 43, 53, 51, 49, 47, 45, 11, 33]}, 'gates': [[6], [0], [0, 6], [5, 0], [6, 5], [4], [7], [6], [7, 4], [6, 7], [4, 6], [7], [4, 7], [4], [7], [6], [6, 7], [4, 6], [7, 4], [3], [8], [7], [8, 3], [7, 8], [3, 7], [8], [3, 8], [3], [8], [7], [7, 8], [3, 7], [8, 3], [1], [2], [8], [2, 1], [8, 2], [1, 8], [2], [1, 2], [1], [2], [8], [8, 2], [1, 8], [2, 1], [3], [8], [7], [8, 3], [7, 8], [3, 7], [8], [3, 8], [3], [8], [7], [7, 8], [3, 7], [8, 3], [4], [7], [6], [7, 4], [6, 7], [4, 6], [7], [4, 7], [4], [7], [6], [6, 7], [4, 6], [7, 4], [5], [6], [0], [6, 5], [0, 6], [5, 0]]}"
9q_100gates_2.qasm,"{'map': {'0': 40, '1': 38, '2': 18, '3': 36, '4': 20, '5': 16, '6': 12, '7': 42, '8': 14}, 'arch': {'width': 11, 'height': 5, 'alg_qubits': [12, 34, 14, 36, 16, 38, 18, 40, 20, 42], 'magic_states': [1, 3, 5, 7, 9, 21, 43, 53, 51, 49, 47, 45, 11, 33]}, 'gates': [[8], [6], [2], [2, 6], [8, 2], [6, 8], [5], [2], [1], [2, 5], [1, 2], [5, 1], [2], [5, 2], [5], [2], [1], [1, 2], [5, 1], [2, 5], [0], [4], [7], [4, 0], [7, 4], [0, 7], [4], [0, 4], [0], [4], [7], [7, 4], [0, 7], [4, 0], [1], [5], [4], [5, 1], [4, 5], [1, 4], [5], [1, 5], [1], [5], [4], [4, 5], [1, 4], [5, 1], [3], [2], [5], [2, 3], [5, 2], [3, 5], [2], [3, 2], [3], [2], [5], [5, 2], [3, 5], [2, 3], [1], [5], [4], [5, 1], [4, 5], [1, 4], [5], [1, 5], [1], [5], [4], [4, 5], [1, 4], [5, 1], [0], [4], [7], [4, 0], [7, 4]]}","{'map': {'0': 14, '1': 42, '2': 36, '3': 34, '4': 20, '5': 16, '6': 18, '7': 40, '8': 12}, 'arch': {'width': 11, 'height': 5, 'alg_qubits': [12, 34, 14, 36, 16, 38, 18, 40, 20, 42], 'magic_states': [1, 3, 5, 7, 9, 21, 43, 53, 51, 49, 47, 45, 11, 33]}, 'gates': [[3], [8], [8, 3], [0, 8], [3, 0], [2], [1], [3], [1, 2], [3, 1], [2, 3], [1], [2, 1], [2], [1], [3], [3, 1], [2, 3], [1, 2], [8], [7], [6], [7, 8], [6, 7], [8, 6], [7], [8, 7], [8], [7], [6], [6, 7], [8, 6], [7, 8], [3], [1], [0], [1, 3], [0, 1], [3, 0], [1], [3, 1], [3], [1], [0], [0, 1], [3, 0], [1, 3], [4], [2], [1], [2, 4], [1, 2], [4, 1], [2], [4, 2], [4], [2], [1], [1, 2], [4, 1], [2, 4], [6], [5], [2], [5, 6], [2, 5], [6, 2], [5], [6, 5], [6], [5], [2], [2, 5], [6, 2], [5, 6], [4], [2], [1], [2, 4], [1, 2], [4, 1]]}","{'map': {'0': 42, '1': 12, '2': 36, '3': 14, '4': 20, '5': 18, '6': 34, '7': 40, '8': 38}, 'arch': {'width': 11, 'height': 5, 'alg_qubits': [12, 34, 14, 36, 16, 38, 18, 40, 20, 42], 'magic_states': [1, 3, 5, 7, 9, 21, 43, 53, 51, 49, 47, 45, 11, 33]}, 'gates': [[6], [2], [2, 6], [7, 2], [6, 7], [5], [2], [1], [2, 5], [1, 2], [5, 1], [2], [5, 2], [5], [2], [1], [1, 2], [5, 1], [2, 5], [0], [4], [8], [4, 0], [8, 4], [0, 8], [4], [0, 4], [0], [4], [8], [8, 4], [0, 8], [4, 0], [1], [5], [4], [5, 1], [4, 5], [1, 4], [5], [1, 5], [1], [5], [4], [4, 5], [1, 4], [5, 1], [3], [2], [5], [2, 3], [5, 2], [3, 5], [2], [3, 2], [3], [2], [5], [5, 2], [3, 5], [2, 3], [1], [5], [4], [5, 1], [4, 5], [1, 4], [5], [1, 5], [1], [5], [4], [4, 5], [1, 4], [5, 1], [0], [4], [8], [4, 0], [8, 4], [0, 8]]}","{'map': {'0': 34, '1': 42, '2': 16, '3': 12, '4': 38, '5': 40, '6': 18, '7': 14, '8': 36}, 'arch': {'width': 11, 'height': 5, 'alg_qubits': [12, 34, 14, 36, 16, 38, 18, 40, 20, 42], 'magic_states': [1, 3, 5, 7, 9, 21, 43, 53, 51, 49, 47, 45, 11, 33]}, 'gates': [[2, 6], [8, 2], [6], [8, 6], [8], [6], [2], [2, 6], [8, 2], [6, 8], [5], [2], [1], [2, 5], [1, 2], [5, 1], [2], [5, 2], [5], [2], [1], [1, 2], [5, 1], [2, 5], [0], [4], [7], [4, 0], [7, 4], [0, 7], [4], [0, 4], [0], [4], [7], [7, 4], [0, 7], [4, 0], [1], [5], [4], [5, 1], [4, 5], [1, 4], [5], [1, 5], [1], [5], [4], [4, 5], [1, 4], [5, 1], [3], [2], [5], [2, 3], [5, 2], [3, 5], [2], [3, 2], [3], [2], [5], [5, 2], [3, 5], [2, 3], [1], [5], [4], [5, 1], [4, 5], [1, 4], [5], [1, 5], [1], [5], [4], [4, 5], [1, 4], [5, 1], [0]]}","{'map': {'0': 38, '1': 14, '2': 40, '3': 36, '4': 20, '5': 34, '6': 42, '7': 18, '8': 12}, 'arch': {'width': 11, 'height': 5, 'alg_qubits': [12, 34, 14, 36, 16, 38, 18, 40, 20, 42], 'magic_states': [1, 3, 5, 7, 9, 21, 43, 53, 51, 49, 47, 45, 11, 33]}, 'gates': [[5], [2], [2, 5], [6, 2], [5, 6], [4], [2], [1], [2, 4], [1, 2], [4, 1], [2], [4, 2], [4], [2], [1], [1, 2], [4, 1], [2, 4], [0], [3], [8], [3, 0], [8, 3], [0, 8], [3], [0, 3], [0], [3], [8], [8, 3], [0, 8], [3, 0], [2], [1], [3], [1, 2], [3, 1], [2, 3], [1], [2, 1], [2], [1], [3], [3, 1], [2, 3], [1, 2], [0], [3], [8], [3, 0], [8, 3], [0, 8], [3], [0, 3], [0], [3], [8], [8, 3], [0, 8], [3, 0], [2], [1], [3], [1, 2], [3, 1], [2, 3], [1], [2, 1], [2], [1], [3], [3, 1], [2, 3], [1, 2], [8], [7], [6], [7, 8], [6, 7], [8, 6]]}"
7q_100gates_30.qasm,"{'map': {'0': 14, '1': 34, '2': 10, '3': 32, '4': 30, '5': 12, '6': 28, '7': 16}, 'arch': {'width': 9, 'height': 5, 'alg_qubits': [10, 28, 12, 30, 14, 32, 16, 34], 'magic_states': [1, 3, 5, 7, 17, 35, 43, 41, 39, 37, 9, 27]}, 'gates': [[0, 1], [5], [0, 5], [0], [5], [1], [1, 5], [0, 1], [5, 0], [2], [6], [5], [6, 2], [5, 6], [2, 5], [6], [2, 6], [2], [6], [5], [5, 6], [2, 5], [6, 2], [4], [3], [6], [3, 4], [6, 3], [4, 6], [3], [4, 3], [4], [3], [6], [6, 3], [4, 6], [3, 4], [2], [6], [5], [6, 2], [5, 6], [2, 5], [6], [2, 6], [2], [6], [5], [5, 6], [2, 5], [6, 2], [4], [1], [0], [1, 4], [0, 1], [4, 0], [1], [4, 1], [4], [1], [0], [0, 1], [4, 0], [1, 4], [5], [2], [1], [2, 5], [1, 2], [5, 1], [2], [5, 2], [5], [2], [1], [1, 2], [5, 1], [2, 5], [7], [6]]}","{'map': {'0': 16, '1': 10, '2': 28, '3': 12, '4': 14, '5': 34, '6': 32}, 'arch': {'width': 9, 'height': 5, 'alg_qubits': [10, 28, 12, 30, 14, 32, 16, 34], 'magic_states': [1, 3, 5, 7, 17, 35, 43, 41, 39, 37, 9, 27]}, 'gates': [[6, 2], [0], [5], [1], [5, 0], [1, 5], [0, 1], [5], [0, 5], [0], [5], [1], [1, 5], [0, 1], [5, 0], [2], [6], [5], [6, 2], [5, 6], [2, 5], [6], [2, 6], [2], [6], [5], [5, 6], [2, 5], [6, 2], [4], [3], [6], [3, 4], [6, 3], [4, 6], [3], [4, 3], [4], [3], [6], [6, 3], [4, 6], [3, 4], [2], [6], [5], [6, 2], [5, 6], [2, 5], [6], [2, 6], [2], [6], [5], [5, 6], [2, 5], [6, 2], [5], [1], [0], [1, 5], [0, 1], [5, 0], [1], [5, 1], [5], [1], [0], [0, 1], [5, 0], [1, 5], [6], [2], [1], [2, 6], [1, 2], [6, 1], [2], [6, 2], [6], [2]]}","{'map': {'0': 34, '1': 32, '2': 28, '3': 16, '4': 14, '5': 30, '6': 12}, 'arch': {'width': 9, 'height': 5, 'alg_qubits': [10, 28, 12, 30, 14, 32, 16, 34], 'magic_states': [1, 3, 5, 7, 17, 35, 43, 41, 39, 37, 9, 27]}, 'gates': [[6, 2], [0], [5], [1], [5, 0], [1, 5], [0, 1], [5], [0, 5], [0], [5], [1], [1, 5], [0, 1], [5, 0], [2], [6], [5], [6, 2], [5, 6], [2, 5], [6], [2, 6], [2], [6], [5], [5, 6], [2, 5], [6, 2], [4], [3], [6], [3, 4], [6, 3], [4, 6], [3], [4, 3], [4], [3], [6], [6, 3], [4, 6], [3, 4], [2], [6], [5], [6, 2], [5, 6], [2, 5], [6], [2, 6], [2], [6], [5], [5, 6], [2, 5], [6, 2], [5], [1], [0], [1, 5], [0, 1], [5, 0], [1], [5, 1], [5], [1], [0], [0, 1], [5, 0], [1, 5], [6], [2], [1], [2, 6], [1, 2], [6, 1], [2], [6, 2], [6], [2]]}","{'map': {'0': 28, '1': 10, '2': 34, '3': 14, '4': 30, '5': 12, '6': 16}, 'arch': {'width': 9, 'height': 5, 'alg_qubits': [10, 28, 12, 30, 14, 32, 16, 34], 'magic_states': [1, 3, 5, 7, 17, 35, 43, 41, 39, 37, 9, 27]}, 'gates': [[6, 2], [0], [5], [1], [5, 0], [1, 5], [0, 1], [5], [0, 5], [0], [5], [1], [1, 5], [0, 1], [5, 0], [2], [6], [5], [6, 2], [5, 6], [2, 5], [6], [2, 6], [2], [6], [5], [5, 6], [2, 5], [6, 2], [4], [3], [6], [3, 4], [6, 3], [4, 6], [3], [4, 3], [4], [3], [6], [6, 3], [4, 6], [3, 4], [2], [6], [5], [6, 2], [5, 6], [2, 5], [6], [2, 6], [2], [6], [5], [5, 6], [2, 5], [6, 2], [4], [1], [0], [1, 4], [0, 1], [4, 0], [1], [4, 1], [4], [1], [0], [0, 1], [4, 0], [1, 4], [5], [2], [1], [2, 5], [1, 2], [5, 1], [2], [5, 2], [5], [2]]}","{'map': {'0': 34, '1': 12, '2': 28, '3': 10, '4': 16, '5': 14, '6': 32}, 'arch': {'width': 9, 'height': 5, 'alg_qubits': [10, 28, 12, 30, 14, 32, 16, 34], 'magic_states': [1, 3, 5, 7, 17, 35, 43, 41, 39, 37, 9, 27]}, 'gates': [[0, 1], [2, 0], [1], [2, 1], [2], [1], [0], [0, 1], [2, 0], [1, 2], [3], [6], [1], [6, 3], [1, 6], [3, 1], [6], [3, 6], [3], [6], [1], [1, 6], [3, 1], [6, 3], [5], [4], [6], [4, 5], [6, 4], [5, 6], [4], [5, 4], [5], [4], [6], [6, 4], [5, 6], [4, 5], [3], [6], [1], [6, 3], [1, 6], [3, 1], [6], [3, 6], [3], [6], [1], [1, 6], [3, 1], [6, 3], [2], [1], [0], [1, 2], [0, 1], [2, 0], [1], [2, 1], [2], [1], [0], [0, 1], [2, 0], [1, 2], [3], [6], [1], [6, 3], [1, 6], [3, 1], [6], [3, 6], [3], [6], [1], [1, 6], [3, 1], [6, 3], [5]]}"
6q_100gates_40.qasm,"{'map': {'0': 8, '1': 12, '2': 22, '3': 10, '4': 26}, 'arch': {'width': 7, 'height': 5, 'alg_qubits': [8, 22, 10, 24, 12, 26], 'magic_states': [1, 3, 5, 13, 27, 33, 31, 29, 7, 21]}, 'gates': [[3], [4], [1], [4, 3], [1, 4], [3, 1], [4], [3, 4], [3], [4], [1], [1, 4], [3, 1], [4, 3], [0], [2], [4], [2, 0], [4, 2], [0, 4], [2], [0, 2], [0], [2], [4], [4, 2], [0, 4], [2, 0], [3], [4], [1], [4, 3], [1, 4], [3, 1], [4], [3, 4], [3], [4], [1], [1, 4], [3, 1], [4, 3], [0], [2], [4], [2, 0], [4, 2], [0, 4], [2], [0, 2], [0], [2], [4], [4, 2], [0, 4], [2, 0], [2, 0], [0], [3], [2], [3, 0], [2, 3], [0, 2], [3], [0, 3], [0], [3], [2], [2, 3], [0, 2], [3, 0], [2, 0], [2], [4], [3], [4, 2], [3, 4], [2, 3], [4], [2, 4], [2]]}","{'map': {'0': 22, '1': 12, '2': 8, '3': 10, '4': 26}, 'arch': {'width': 7, 'height': 5, 'alg_qubits': [8, 22, 10, 24, 12, 26], 'magic_states': [1, 3, 5, 13, 27, 33, 31, 29, 7, 21]}, 'gates': [[3], [2], [1], [2, 3], [1, 2], [3, 1], [2], [3, 2], [3], [2], [1], [1, 2], [3, 1], [2, 3], [0], [4], [2], [4, 0], [2, 4], [0, 2], [4], [0, 4], [0], [4], [2], [2, 4], [0, 2], [4, 0], [3], [1], [4], [1, 3], [4, 1], [3, 4], [1], [3, 1], [3], [1], [4], [4, 1], [3, 4], [1, 3], [0], [4], [2], [4, 0], [2, 4], [0, 2], [4], [0, 4], [0], [4], [2], [2, 4], [0, 2], [4, 0], [3], [1], [4], [1, 3], [4, 1], [3, 4], [1], [3, 1], [3], [1], [4], [4, 1], [3, 4], [1, 3], [3], [0], [2], [0, 3], [2, 0], [3, 2], [0], [3, 0], [3], [0], [2]]}","{'map': {'0': 10, '1': 24, '2': 12, '3': 22, '4': 8, '5': 26}, 'arch': {'width': 7, 'height': 5, 'alg_qubits': [8, 22, 10, 24, 12, 26], 'magic_states': [1, 3, 5, 13, 27, 33, 31, 29, 7, 21]}, 'gates': [[2], [1], [0], [1, 2], [0, 1], [2, 0], [1], [2, 1], [2], [1], [0], [0, 1], [2, 0], [1, 2], [4, 0], [3], [2], [5], [2, 3], [5, 2], [3, 5], [2], [3, 2], [3], [2], [5], [5, 2], [3, 5], [2, 3], [5], [3], [4], [3, 5], [4, 3], [5, 4], [3], [5, 3], [5], [3], [4], [4, 3], [5, 4], [3, 5], [1], [0], [3], [0, 1], [3, 0], [1, 3], [0], [1, 0], [1], [0], [3], [3, 0], [1, 3], [0, 1], [5], [3], [4], [3, 5], [4, 3], [5, 4], [3], [5, 3], [5], [3], [4], [4, 3], [5, 4], [3, 5], [1], [0], [3], [0, 1], [3, 0], [1, 3], [0], [1, 0], [1], [0]]}","{'map': {'0': 8, '1': 22, '2': 10, '3': 26, '4': 24, '5': 12}, 'arch': {'width': 7, 'height': 5, 'alg_qubits': [8, 22, 10, 24, 12, 26], 'magic_states': [1, 3, 5, 13, 27, 33, 31, 29, 7, 21]}, 'gates': [[2], [5, 2], [5], [2], [0], [0, 2], [5, 0], [2, 5], [1], [4], [0], [4, 1], [0, 4], [1, 0], [4], [1, 4], [1], [4], [0], [0, 4], [1, 0], [4, 1], [3], [2], [4], [2, 3], [4, 2], [3, 4], [2], [3, 2], [3], [2], [4], [4, 2], [3, 4], [2, 3], [1], [4], [0], [4, 1], [0, 4], [1, 0], [4], [1, 4], [1], [4], [0], [0, 4], [1, 0], [4, 1], [3], [2], [4], [2, 3], [4, 2], [3, 4], [2], [3, 2], [3], [2], [4], [4, 2], [3, 4], [2, 3], [4], [0], [1], [0, 4], [1, 0], [4, 1], [0], [4, 0], [4], [0], [1], [1, 0], [4, 1], [0, 4], [5], [2], [0]]}","{'map': {'0': 22, '1': 24, '2': 8, '3': 12, '4': 26, '5': 10}, 'arch': {'width': 7, 'height': 5, 'alg_qubits': [8, 22, 10, 24, 12, 26], 'magic_states': [1, 3, 5, 13, 27, 33, 31, 29, 7, 21]}, 'gates': [[2, 5], [1], [4], [0], [4, 1], [0, 4], [1, 0], [4], [1, 4], [1], [4], [0], [0, 4], [1, 0], [4, 1], [3], [2], [4], [2, 3], [4, 2], [3, 4], [2], [3, 2], [3], [2], [4], [4, 2], [3, 4], [2, 3], [1], [4], [0], [4, 1], [0, 4], [1, 0], [4], [1, 4], [1], [4], [0], [0, 4], [1, 0], [4, 1], [3], [2], [4], [2, 3], [4, 2], [3, 4], [2], [3, 2], [3], [2], [4], [4, 2], [3, 4], [2, 3], [4], [0], [1], [0, 4], [1, 0], [4, 1], [0], [4, 0], [4], [0], [1], [1, 0], [4, 1], [0, 4], [5], [2], [0], [2, 5], [0, 2], [5, 0], [2], [5, 2], [5], [2]]}"
4q_100gates_39.qasm,"{'map': {'0': 18, '1': 8, '2': 16, '3': 6}, 'arch': {'width': 5, 'height': 5, 'alg_qubits': [6, 16, 8, 18], 'magic_states': [1, 3, 9, 19, 23, 21, 5, 15]}, 'gates': [[0, 1], [0, 1], [1, 2], [2, 3], [2, 3], [1, 2], [0, 1], [0, 1], [1, 2], [2, 3], [2, 3], [1, 2], [0, 1], [1, 2], [2, 3], [2, 3], [1, 2], [0, 1], [0, 1], [1, 2], [2, 3], [2, 3], [1, 2], [0, 1], [1, 2], [2, 3], [2, 3], [1, 2], [0, 1], [0, 1], [1, 2], [2, 3], [2, 3], [1, 2], [0, 1], [1, 2], [2, 3], [2, 3], [1, 2], [0, 1], [0, 1], [1, 2], [2, 3], [2, 3], [1, 2], [0, 1], [2, 3], [2, 3], [1, 2], [2, 3], [2, 3], [1, 2], [2, 3], [2, 3], [1, 2], [1, 2], [0, 1], [1, 2], [2, 3], [2, 3], [1, 2], [0, 1], [1, 2], [2, 3], [2, 3], [1, 2], [0, 1], [1, 2], [1, 2], [0, 1], [1, 2], [1, 2], [0, 1], [0, 1]]}","{'map': {'0': 22, '1': 8, '2': 26, '3': 12, '4': 24}, 'arch': {'width': 7, 'height': 5, 'alg_qubits': [8, 22, 10, 24, 12, 26], 'magic_states': [1, 3, 5, 13, 27, 33, 31, 29, 7, 21]}, 'gates': [[4, 1], [1, 4], [2], [1], [0], [1, 2], [0, 1], [2, 0], [1], [2, 1], [2], [1], [0], [0, 1], [2, 0], [1, 2], [4], [3], [1], [3, 4], [1, 3], [4, 1], [3], [4, 3], [4], [3], [1], [1, 3], [4, 1], [3, 4], [2], [1], [0], [1, 2], [0, 1], [2, 0], [1], [2, 1], [2], [1], [0], [0, 1], [2, 0], [1, 2], [4], [3], [1], [3, 4], [1, 3], [4, 1], [3], [4, 3], [4], [3], [1], [1, 3], [4, 1], [3, 4], [0], [1], [4], [1, 0], [4, 1], [0, 4], [1], [0, 1], [0], [1], [4], [4, 1], [0, 4], [1, 0], [3], [2], [1], [2, 3], [1, 2], [3, 1], [2], [3, 2], [3]]}","{'map': {'0': 18, '1': 16, '2': 8, '3': 6}, 'arch': {'width': 5, 'height': 5, 'alg_qubits': [6, 16, 8, 18], 'magic_states': [1, 3, 9, 19, 23, 21, 5, 15]}, 'gates': [[0, 1], [0, 1], [0, 3], [0, 3], [0, 2], [0, 2], [1, 2], [1, 2], [1, 3], [1, 3], [0, 1], [0, 1], [2, 3], [2, 3], [0, 3], [0, 3], [0, 2], [0, 2], [1, 2], [1, 2], [1, 3], [1, 3], [0, 1], [0, 1], [2, 3], [2, 3], [0, 3], [0, 3], [0, 2], [0, 2], [1, 2], [1, 2], [1, 3], [1, 3], [0, 1], [0, 1], [2, 3], [2, 3], [0, 3], [0, 3], [0, 2], [0, 2], [1, 2], [1, 2], [1, 3], [1, 3], [2, 3], [2, 3]]}","{'map': {'0': 22, '1': 10, '2': 24, '3': 12, '4': 26}, 'arch': {'width': 7, 'height': 5, 'alg_qubits': [8, 22, 10, 24, 12, 26], 'magic_states': [1, 3, 5, 13, 27, 33, 31, 29, 7, 21]}, 'gates': [[4], [4, 1], [3, 4], [1, 3], [0], [2], [1], [2, 0], [1, 2], [0, 1], [2], [0, 2], [0], [2], [1], [1, 2], [0, 1], [2, 0], [3], [1], [4], [1, 3], [4, 1], [3, 4], [1], [3, 1], [3], [1], [4], [4, 1], [3, 4], [1, 3], [0], [2], [1], [2, 0], [1, 2], [0, 1], [2], [0, 2], [0], [2], [1], [1, 2], [0, 1], [2, 0], [0], [3], [2], [3, 0], [2, 3], [0, 2], [3], [0, 3], [0], [3], [2], [2, 3], [0, 2], [3, 0], [0, 3], [2, 1], [3], [2, 3], [2], [3], [1], [1, 3], [2, 1], [3, 2], [3], [1], [4], [1, 3], [4, 1], [3, 4], [1], [3, 1], [3], [1]]}","{'map': {'0': 12, '1': 26, '2': 8, '3': 24, '4': 22}, 'arch': {'width': 7, 'height': 5, 'alg_qubits': [8, 22, 10, 24, 12, 26], 'magic_states': [1, 3, 5, 13, 27, 33, 31, 29, 7, 21]}, 'gates': [[4], [4, 1], [0, 4], [1, 0], [3], [2], [1], [2, 3], [1, 2], [3, 1], [2], [3, 2], [3], [2], [1], [1, 2], [3, 1], [2, 3], [0], [1], [4], [1, 0], [4, 1], [0, 4], [1], [0, 1], [0], [1], [4], [4, 1], [0, 4], [1, 0], [3], [2], [1], [2, 3], [1, 2], [3, 1], [2], [3, 2], [3], [2], [1], [1, 2], [3, 1], [2, 3], [0], [3], [2], [3, 0], [2, 3], [0, 2], [3], [0, 3], [0], [3], [2], [2, 3], [0, 2], [3, 0], [0, 3], [4, 1], [3], [4, 3], [4], [3], [1], [1, 3], [4, 1], [3, 4], [0], [1], [4], [1, 0], [4, 1], [0, 4], [1], [0, 1], [0], [1]]}"
4q_100gates_33.qasm,"{'map': {'0': 16, '1': 18, '2': 8}, 'arch': {'width': 5, 'height': 5, 'alg_qubits': [6, 16, 8, 18], 'magic_states': [1, 3, 9, 19, 23, 21, 5, 15]}, 'gates': [[1], [1], [1], [1], [1], [1], [1], [1], [1], [1], [1], [1], [1], [1], [1], [1], [1], [1], [1], [1], [1], [1], [1], [0, 1], [1, 2], [2], [2], [2], [2], [2], [2], [2], [2], [2], [2], [2], [2], [2], [2], [2], [2], [2], [2], [2], [2], [2], [2], [2], [2], [2], [2], [2], [2], [2], [2], [2], [2], [2], [2], [2], [2], [2], [2], [2], [2], [2], [2], [2], [2], [2], [2], [2], [2], [2], [2], [2], [2], [2], [2], [2], [2]]}","{'map': {'0': 22, '1': 8, '2': 26, '3': 12, '4': 24}, 'arch': {'width': 7, 'height': 5, 'alg_qubits': [8, 22, 10, 24, 12, 26], 'magic_states': [1, 3, 5, 13, 27, 33, 31, 29, 7, 21]}, 'gates': [[4, 1], [1, 4], [2], [1], [0], [1, 2], [0, 1], [2, 0], [1], [2, 1], [2], [1], [0], [0, 1], [2, 0], [1, 2], [4], [3], [1], [3, 4], [1, 3], [4, 1], [3], [4, 3], [4], [3], [1], [1, 3], [4, 1], [3, 4], [2], [1], [0], [1, 2], [0, 1], [2, 0], [1], [2, 1], [2], [1], [0], [0, 1], [2, 0], [1, 2], [4], [3], [1], [3, 4], [1, 3], [4, 1], [3], [4, 3], [4], [3], [1], [1, 3], [4, 1], [3, 4], [0], [1], [4], [1, 0], [4, 1], [0, 4], [1], [0, 1], [0], [1], [4], [4, 1], [0, 4], [1, 0], [3], [2], [1], [2, 3], [1, 2], [3, 1], [2], [3, 2], [3]]}","{'map': {'0': 12, '1': 26, '2': 8, '3': 24, '4': 22}, 'arch': {'width': 7, 'height': 5, 'alg_qubits': [8, 22, 10, 24, 12, 26], 'magic_states': [1, 3, 5, 13, 27, 33, 31, 29, 7, 21]}, 'gates': [[4], [4, 1], [0, 4], [1, 0], [3], [2], [1], [2, 3], [1, 2], [3, 1], [2], [3, 2], [3], [2], [1], [1, 2], [3, 1], [2, 3], [0], [1], [4], [1, 0], [4, 1], [0, 4], [1], [0, 1], [0], [1], [4], [4, 1], [0, 4], [1, 0], [3], [2], [1], [2, 3], [1, 2], [3, 1], [2], [3, 2], [3], [2], [1], [1, 2], [3, 1], [2, 3], [0], [3], [2], [3, 0], [2, 3], [0, 2], [3], [0, 3], [0], [3], [2], [2, 3], [0, 2], [3, 0], [0, 3], [4, 1], [3], [4, 3], [4], [3], [1], [1, 3], [4, 1], [3, 4], [0], [1], [4], [1, 0], [4, 1], [0, 4], [1], [0, 1], [0], [1]]}","{'map': {'0': 12, '1': 28, '2': 16, '3': 34, '4': 10, '5': 14, '6': 30}, 'arch': {'width': 9, 'height': 5, 'alg_qubits': [10, 28, 12, 30, 14, 32, 16, 34], 'magic_states': [1, 3, 5, 7, 17, 35, 43, 41, 39, 37, 9, 27]}, 'gates': [[2], [1], [3], [1, 2], [3, 1], [2, 3], [1], [2, 1], [2], [1], [3], [3, 1], [2, 3], [1, 2], [3], [1], [0], [1, 3], [0, 1], [3, 0], [1], [3, 1], [3], [1], [0], [0, 1], [3, 0], [1, 3], [4], [2], [1], [2, 4], [1, 2], [4, 1], [2], [4, 2], [4], [2], [1], [1, 2], [4, 1], [2, 4], [6], [5], [2], [5, 6], [2, 5], [6, 2], [5], [6, 5], [6], [5], [2], [2, 5], [6, 2], [5, 6], [4], [2], [1], [2, 4], [1, 2], [4, 1], [2], [4, 2], [4], [2], [1], [1, 2], [4, 1], [2, 4], [3], [1], [0], [1, 3], [0, 1], [3, 0], [1], [3, 1], [3], [1], [0]]}","{'map': {'0': 10, '1': 14, '2': 12, '3': 16, '4': 34, '5': 28, '6': 32}, 'arch': {'width': 9, 'height': 5, 'alg_qubits': [10, 28, 12, 30, 14, 32, 16, 34], 'magic_states': [1, 3, 5, 7, 17, 35, 43, 41, 39, 37, 9, 27]}, 'gates': [[1], [3], [1, 2], [3, 1], [2, 3], [1], [2, 1], [2], [1], [3], [3, 1], [2, 3], [1, 2], [3], [1], [0], [1, 3], [0, 1], [3, 0], [1], [3, 1], [3], [1], [0], [0, 1], [3, 0], [1, 3], [4], [2], [1], [2, 4], [1, 2], [4, 1], [2], [4, 2], [4], [2], [1], [1, 2], [4, 1], [2, 4], [6], [5], [2], [5, 6], [2, 5], [6, 2], [5], [6, 5], [6], [5], [2], [2, 5], [6, 2], [5, 6], [4], [2], [1], [2, 4], [1, 2], [4, 1], [2], [4, 2], [4], [2], [1], [1, 2], [4, 1], [2, 4], [3], [1], [0], [1, 3], [0, 1], [3, 0], [1], [3, 1], [3], [1], [0], [0, 1]]}"
5q_100gates_29.qasm,"{'map': {'0': 24, '1': 22, '2': 12, '3': 26, '4': 10}, 'arch': {'width': 7, 'height': 5, 'alg_qubits': [8, 22, 10, 24, 12, 26], 'magic_states': [1, 3, 5, 13, 27, 33, 31, 29, 7, 21]}, 'gates': [[3, 2], [4, 1], [1], [4], [0], [4, 1], [0, 4], [1, 0], [4], [1, 4], [1], [4], [0], [0, 4], [1, 0], [4, 1], [4], [2], [3], [2, 4], [3, 2], [4, 3], [2], [4, 2], [4], [2], [3], [3, 2], [4, 3], [2, 4], [0], [1], [2], [1, 0], [2, 1], [0, 2], [1], [0, 1], [0], [1], [2], [2, 1], [0, 2], [1, 0], [4], [2], [3], [2, 4], [3, 2], [4, 3], [2], [4, 2], [4], [2], [3], [3, 2], [4, 3], [2, 4], [0], [1], [2], [1, 0], [2, 1], [0, 2], [1], [0, 1], [0], [1], [2], [2, 1], [0, 2], [1, 0], [1], [2], [3], [2, 1], [3, 2], [1, 3], [2], [1, 2], [1]]}","{'map': {'0': 22, '1': 12, '2': 8, '3': 10, '4': 26}, 'arch': {'width': 7, 'height': 5, 'alg_qubits': [8, 22, 10, 24, 12, 26], 'magic_states': [1, 3, 5, 13, 27, 33, 31, 29, 7, 21]}, 'gates': [[3], [2], [1], [2, 3], [1, 2], [3, 1], [2], [3, 2], [3], [2], [1], [1, 2], [3, 1], [2, 3], [0], [4], [2], [4, 0], [2, 4], [0, 2], [4], [0, 4], [0], [4], [2], [2, 4], [0, 2], [4, 0], [3], [1], [4], [1, 3], [4, 1], [3, 4], [1], [3, 1], [3], [1], [4], [4, 1], [3, 4], [1, 3], [0], [4], [2], [4, 0], [2, 4], [0, 2], [4], [0, 4], [0], [4], [2], [2, 4], [0, 2], [4, 0], [3], [1], [4], [1, 3], [4, 1], [3, 4], [1], [3, 1], [3], [1], [4], [4, 1], [3, 4], [1, 3], [3], [0], [2], [0, 3], [2, 0], [3, 2], [0], [3, 0], [3], [0], [2]]}","{'map': {'0': 12, '1': 10, '2': 24, '3': 22, '4': 8, '5': 26}, 'arch': {'width': 7, 'height': 5, 'alg_qubits': [8, 22, 10, 24, 12, 26], 'magic_states': [1, 3, 5, 13, 27, 33, 31, 29, 7, 21]}, 'gates': [[5, 0], [2, 5], [1], [4], [0], [4, 1], [0, 4], [1, 0], [4], [1, 4], [1], [4], [0], [0, 4], [1, 0], [4, 1], [3], [2], [4], [2, 3], [4, 2], [3, 4], [2], [3, 2], [3], [2], [4], [4, 2], [3, 4], [2, 3], [1], [4], [0], [4, 1], [0, 4], [1, 0], [4], [1, 4], [1], [4], [0], [0, 4], [1, 0], [4, 1], [3], [2], [4], [2, 3], [4, 2], [3, 4], [2], [3, 2], [3], [2], [4], [4, 2], [3, 4], [2, 3], [4], [0], [1], [0, 4], [1, 0], [4, 1], [0], [4, 0], [4], [0], [1], [1, 0], [4, 1], [0, 4], [5], [2], [0], [2, 5], [0, 2], [5, 0], [2], [5, 2], [5]]}","{'map': {'0': 12, '1': 26, '2': 8, '3': 24, '4': 22}, 'arch': {'width': 7, 'height': 5, 'alg_qubits': [8, 22, 10, 24, 12, 26], 'magic_states': [1, 3, 5, 13, 27, 33, 31, 29, 7, 21]}, 'gates': [[4], [4, 1], [0, 4], [1, 0], [3], [2], [1], [2, 3], [1, 2], [3, 1], [2], [3, 2], [3], [2], [1], [1, 2], [3, 1], [2, 3], [0], [1], [4], [1, 0], [4, 1], [0, 4], [1], [0, 1], [0], [1], [4], [4, 1], [0, 4], [1, 0], [3], [2], [1], [2, 3], [1, 2], [3, 1], [2], [3, 2], [3], [2], [1], [1, 2], [3, 1], [2, 3], [0], [3], [2], [3, 0], [2, 3], [0, 2], [3], [0, 3], [0], [3], [2], [2, 3], [0, 2], [3, 0], [0, 3], [4, 1], [3], [4, 3], [4], [3], [1], [1, 3], [4, 1], [3, 4], [0], [1], [4], [1, 0], [4, 1], [0, 4], [1], [0, 1], [0], [1]]}","{'map': {'0': 12, '1': 22, '2': 24, '3': 8, '4': 26}, 'arch': {'width': 7, 'height': 5, 'alg_qubits': [8, 22, 10, 24, 12, 26], 'magic_states': [1, 3, 5, 13, 27, 33, 31, 29, 7, 21]}, 'gates': [[4], [4, 2], [3, 4], [2, 3], [0], [4], [1], [4, 0], [1, 4], [0, 1], [4], [0, 4], [0], [4], [1], [1, 4], [0, 1], [4, 0], [3], [2], [4], [2, 3], [4, 2], [3, 4], [2], [3, 2], [3], [2], [4], [4, 2], [3, 4], [2, 3], [1], [4], [0], [4, 1], [0, 4], [1, 0], [4], [1, 4], [1], [4], [0], [0, 4], [1, 0], [4, 1], [3], [2], [4], [2, 3], [4, 2], [3, 4], [2], [3, 2], [3], [2], [4], [4, 2], [3, 4], [2, 3], [1], [4], [0], [4, 1], [0, 4], [1, 0], [4], [1, 4], [1], [4], [0], [0, 4], [1, 0], [4, 1], [3], [2], [4], [2, 3], [4, 2], [3, 4], [2]]}"
10q_100gates_17.qasm,"{'map': {'0': 42, '1': 34, '2': 40, '3': 14, '4': 18, '5': 38, '6': 12, '7': 20, '8': 16}, 'arch': {'width': 11, 'height': 5, 'alg_qubits': [12, 34, 14, 36, 16, 38, 18, 40, 20, 42], 'magic_states': [1, 3, 5, 7, 9, 21, 43, 53, 51, 49, 47, 45, 11, 33]}, 'gates': [[6, 1], [2, 6], [8], [7], [2], [7, 8], [2, 7], [8, 2], [7], [8, 7], [8], [7], [2], [2, 7], [8, 2], [7, 8], [6], [2], [1], [2, 6], [1, 2], [6, 1], [2], [6, 2], [6], [2], [1], [1, 2], [6, 1], [2, 6], [0], [5], [1], [5, 0], [1, 5], [0, 1], [5], [0, 5], [0], [5], [1], [1, 5], [0, 1], [5, 0], [2], [6], [5], [6, 2], [5, 6], [2, 5], [6], [2, 6], [2], [6], [5], [5, 6], [2, 5], [6, 2], [4], [3], [6], [3, 4], [6, 3], [4, 6], [3], [4, 3], [4], [3], [6], [6, 3], [4, 6], [3, 4], [2], [6], [5], [6, 2], [5, 6], [2, 5], [6], [2, 6], [2]]}","{'map': {'0': 16, '1': 38, '2': 18, '3': 40, '4': 14, '5': 20, '6': 36, '7': 12, '8': 42}, 'arch': {'width': 11, 'height': 5, 'alg_qubits': [12, 34, 14, 36, 16, 38, 18, 40, 20, 42], 'magic_states': [1, 3, 5, 7, 9, 21, 43, 53, 51, 49, 47, 45, 11, 33]}, 'gates': [[6, 8], [4, 6], [7], [8], [1], [8, 7], [1, 8], [7, 1], [8], [7, 8], [7], [8], [1], [1, 8], [7, 1], [8, 7], [6], [2], [8], [2, 6], [8, 2], [6, 8], [2], [6, 2], [6], [2], [8], [8, 2], [6, 8], [2, 6], [5], [0], [2], [0, 5], [2, 0], [5, 2], [0], [5, 0], [5], [0], [2], [2, 0], [5, 2], [0, 5], [3], [4], [0], [4, 3], [0, 4], [3, 0], [4], [3, 4], [3], [4], [0], [0, 4], [3, 0], [4, 3], [5], [0], [2], [0, 5], [2, 0], [5, 2], [0], [5, 0], [5], [0], [2], [2, 0], [5, 2], [0, 5], [6], [2], [8], [2, 6], [8, 2], [6, 8], [2], [6, 2], [6]]}","{'map': {'0': 18, '1': 40, '2': 12, '3': 20, '4': 34, '5': 42, '6': 38, '7': 16, '8': 14}, 'arch': {'width': 11, 'height': 5, 'alg_qubits': [12, 34, 14, 36, 16, 38, 18, 40, 20, 42], 'magic_states': [1, 3, 5, 7, 9, 21, 43, 53, 51, 49, 47, 45, 11, 33]}, 'gates': [[6, 8], [2, 6], [8, 2], [6], [8, 6], [8], [6], [2], [2, 6], [8, 2], [6, 8], [5], [2], [1], [2, 5], [1, 2], [5, 1], [2], [5, 2], [5], [2], [1], [1, 2], [5, 1], [2, 5], [0], [4], [7], [4, 0], [7, 4], [0, 7], [4], [0, 4], [0], [4], [7], [7, 4], [0, 7], [4, 0], [1], [5], [4], [5, 1], [4, 5], [1, 4], [5], [1, 5], [1], [5], [4], [4, 5], [1, 4], [5, 1], [3], [2], [5], [2, 3], [5, 2], [3, 5], [2], [3, 2], [3], [2], [5], [5, 2], [3, 5], [2, 3], [1], [5], [4], [5, 1], [4, 5], [1, 4], [5], [1, 5], [1], [5], [4], [4, 5], [1, 4], [5, 1]]}","{'map': {'0': 18, '1': 42, '2': 36, '3': 38, '4': 34, '5': 14, '6': 20, '7': 40, '8': 16, '9': 32}, 'arch': {'width': 11, 'height': 5, 'alg_qubits': [12, 34, 14, 36, 16, 38, 18, 40, 20, 42], 'magic_states': [1, 3, 5, 7, 9, 21, 43, 53, 51, 49, 47, 45, 11, 33]}, 'gates': [[9], [9, 2], [8, 9], [2, 8], [7], [1], [2], [1, 7], [2, 1], [7, 2], [1], [7, 1], [7], [1], [2], [2, 1], [7, 2], [1, 7], [5], [6], [1], [6, 5], [1, 6], [5, 1], [6], [5, 6], [5], [6], [1], [1, 6], [5, 1], [6, 5], [7], [1], [2], [1, 7], [2, 1], [7, 2], [1], [7, 1], [7], [1], [2], [2, 1], [7, 2], [1, 7], [8], [2], [9], [2, 8], [9, 2], [8, 9], [2], [8, 2], [8], [2], [9], [9, 2], [8, 9], [2, 8], [2], [9], [4], [9, 2], [4, 9], [2, 4], [9], [2, 9], [2], [9], [4], [4, 9], [2, 4], [9, 2], [0], [1], [9], [1, 0], [9, 1], [0, 9], [1]]}","{'map': {'0': 36, '1': 42, '2': 12, '3': 18, '4': 14, '5': 16, '6': 38, '7': 20, '8': 34}, 'arch': {'width': 11, 'height': 5, 'alg_qubits': [12, 34, 14, 36, 16, 38, 18, 40, 20, 42], 'magic_states': [1, 3, 5, 7, 9, 21, 43, 53, 51, 49, 47, 45, 11, 33]}, 'gates': [[3, 2], [2], [3], [8], [3, 2], [8, 3], [2, 8], [3], [2, 3], [2], [3], [8], [8, 3], [2, 8], [3, 2], [1], [7], [5], [7, 1], [5, 7], [1, 5], [7], [1, 7], [1], [7], [5], [5, 7], [1, 5], [7, 1], [1], [7], [0], [7, 1], [0, 7], [1, 0], [7], [1, 7], [1], [7], [0], [0, 7], [1, 0], [7, 1], [1], [6], [7], [6, 1], [7, 6], [1, 7], [6], [1, 6], [1], [6], [7], [7, 6], [1, 7], [6, 1], [1], [6], [4], [6, 1], [4, 6], [1, 4], [6], [1, 6], [1], [6], [4], [4, 6], [1, 4], [6, 1], [1], [6], [2], [6, 1], [2, 6], [1, 2], [6], [1, 6], [1], [6]]}"
6q_100gates_31.qasm,"{'map': {'0': 10, '1': 24, '2': 12, '3': 22, '4': 8, '5': 26}, 'arch': {'width': 7, 'height': 5, 'alg_qubits': [8, 22, 10, 24, 12, 26], 'magic_states': [1, 3, 5, 13, 27, 33, 31, 29, 7, 21]}, 'gates': [[2], [1], [0], [1, 2], [0, 1], [2, 0], [1], [2, 1], [2], [1], [0], [0, 1], [2, 0], [1, 2], [4, 0], [3], [2], [5], [2, 3], [5, 2], [3, 5], [2], [3, 2], [3], [2], [5], [5, 2], [3, 5], [2, 3], [5], [3], [4], [3, 5], [4, 3], [5, 4], [3], [5, 3], [5], [3], [4], [4, 3], [5, 4], [3, 5], [1], [0], [3], [0, 1], [3, 0], [1, 3], [0], [1, 0], [1], [0], [3], [3, 0], [1, 3], [0, 1], [5], [3], [4], [3, 5], [4, 3], [5, 4], [3], [5, 3], [5], [3], [4], [4, 3], [5, 4], [3, 5], [1], [0], [3], [0, 1], [3, 0], [1, 3], [0], [1, 0], [1], [0]]}","{'map': {'0': 26, '1': 10, '2': 12, '3': 8, '4': 24, '5': 22}, 'arch': {'width': 7, 'height': 5, 'alg_qubits': [8, 22, 10, 24, 12, 26], 'magic_states': [1, 3, 5, 13, 27, 33, 31, 29, 7, 21]}, 'gates': [[3], [4], [4, 3], [5, 4], [3, 5], [1], [0], [3], [0, 1], [3, 0], [1, 3], [0], [1, 0], [1], [0], [3], [3, 0], [1, 3], [0, 1], [3], [2], [5], [2, 3], [5, 2], [3, 5], [2], [3, 2], [3], [2], [5], [5, 2], [3, 5], [2, 3], [5], [3], [4], [3, 5], [4, 3], [5, 4], [3], [5, 3], [5], [3], [4], [4, 3], [5, 4], [3, 5], [1], [0], [3], [0, 1], [3, 0], [1, 3], [0], [1, 0], [1], [0], [3], [3, 0], [1, 3], [0, 1], [5], [3], [4], [3, 5], [4, 3], [5, 4], [3], [5, 3], [5], [3], [4], [4, 3], [5, 4], [3, 5], [1], [0], [3], [0, 1], [3, 0], [1, 3]]}","{'map': {'0': 8, '1': 22, '2': 10, '3': 26, '4': 24, '5': 12}, 'arch': {'width': 7, 'height': 5, 'alg_qubits': [8, 22, 10, 24, 12, 26], 'magic_states': [1, 3, 5, 13, 27, 33, 31, 29, 7, 21]}, 'gates': [[2], [5, 2], [5], [2], [0], [0, 2], [5, 0], [2, 5], [1], [4], [0], [4, 1], [0, 4], [1, 0], [4], [1, 4], [1], [4], [0], [0, 4], [1, 0], [4, 1], [3], [2], [4], [2, 3], [4, 2], [3, 4], [2], [3, 2], [3], [2], [4], [4, 2], [3, 4], [2, 3], [1], [4], [0], [4, 1], [0, 4], [1, 0], [4], [1, 4], [1], [4], [0], [0, 4], [1, 0], [4, 1], [3], [2], [4], [2, 3], [4, 2], [3, 4], [2], [3, 2], [3], [2], [4], [4, 2], [3, 4], [2, 3], [4], [0], [1], [0, 4], [1, 0], [4, 1], [0], [4, 0], [4], [0], [1], [1, 0], [4, 1], [0, 4], [5], [2], [0]]}","{'map': {'0': 22, '1': 8, '2': 26, '3': 10, '4': 12, '5': 24}, 'arch': {'width': 7, 'height': 5, 'alg_qubits': [8, 22, 10, 24, 12, 26], 'magic_states': [1, 3, 5, 13, 27, 33, 31, 29, 7, 21]}, 'gates': [[4, 3], [5, 4], [3, 5], [1], [0], [3], [0, 1], [3, 0], [1, 3], [0], [1, 0], [1], [0], [3], [3, 0], [1, 3], [0, 1], [3], [2], [5], [2, 3], [5, 2], [3, 5], [2], [3, 2], [3], [2], [5], [5, 2], [3, 5], [2, 3], [5], [3], [4], [3, 5], [4, 3], [5, 4], [3], [5, 3], [5], [3], [4], [4, 3], [5, 4], [3, 5], [1], [0], [3], [0, 1], [3, 0], [1, 3], [0], [1, 0], [1], [0], [3], [3, 0], [1, 3], [0, 1], [5], [3], [4], [3, 5], [4, 3], [5, 4], [3], [5, 3], [5], [3], [4], [4, 3], [5, 4], [3, 5], [1], [0], [3], [0, 1], [3, 0], [1, 3], [0], [1, 0]]}","{'map': {'0': 12, '1': 10, '2': 24, '3': 8, '4': 22, '5': 26}, 'arch': {'width': 7, 'height': 5, 'alg_qubits': [8, 22, 10, 24, 12, 26], 'magic_states': [1, 3, 5, 13, 27, 33, 31, 29, 7, 21]}, 'gates': [[0], [1], [5], [1, 0], [5, 1], [0, 5], [1], [0, 1], [0], [1], [5], [5, 1], [0, 5], [1, 0], [5], [1], [4], [1, 5], [4, 1], [5, 4], [1], [5, 1], [5], [1], [4], [4, 1], [5, 4], [1, 5], [2], [3], [1], [3, 2], [1, 3], [2, 1], [3], [2, 3], [2], [3], [1], [1, 3], [2, 1], [3, 2], [5], [1], [4], [1, 5], [4, 1], [5, 4], [1], [5, 1], [5], [1], [4], [4, 1], [5, 4], [1, 5], [2], [3], [1], [3, 2], [1, 3], [2, 1], [3], [2, 3], [2], [3], [1], [1, 3], [2, 1], [3, 2], [0], [1], [5], [1, 0], [5, 1], [0, 5], [1], [0, 1], [0], [1], [5]]}"
5q_100gates_36.qasm,"{'map': {'0': 22, '1': 12, '2': 24, '3': 26, '4': 8}, 'arch': {'width': 7, 'height': 5, 'alg_qubits': [8, 22, 10, 24, 12, 26], 'magic_states': [1, 3, 5, 13, 27, 33, 31, 29, 7, 21]}, 'gates': [[1], [0], [0, 1], [2, 0], [1, 2], [4], [3], [1], [3, 4], [1, 3], [4, 1], [3], [4, 3], [4], [3], [1], [1, 3], [4, 1], [3, 4], [2], [1], [0], [1, 2], [0, 1], [2, 0], [1], [2, 1], [2], [1], [0], [0, 1], [2, 0], [1, 2], [4], [3], [1], [3, 4], [1, 3], [4, 1], [3], [4, 3], [4], [3], [1], [1, 3], [4, 1], [3, 4], [3], [2], [0], [2, 3], [0, 2], [3, 0], [2], [3, 2], [3], [2], [0], [0, 2], [3, 0], [2, 3], [3], [4, 3], [4], [3], [2], [2, 3], [4, 2], [3, 4], [0, 2], [2, 3], [2], [1], [0], [1, 2], [0, 1], [2, 0], [1], [2, 1], [2]]}","{'map': {'0': 26, '1': 24, '2': 8, '3': 22, '4': 10}, 'arch': {'width': 7, 'height': 5, 'alg_qubits': [8, 22, 10, 24, 12, 26], 'magic_states': [1, 3, 5, 13, 27, 33, 31, 29, 7, 21]}, 'gates': [[4], [1], [0], [1, 4], [0, 1], [4, 0], [1], [4, 1], [4], [1], [0], [0, 1], [4, 0], [1, 4], [1, 4], [2], [1], [0], [1, 2], [0, 1], [2, 0], [1], [2, 1], [2], [1], [0], [0, 1], [2, 0], [1, 2], [4], [3], [1], [3, 4], [1, 3], [4, 1], [3], [4, 3], [4], [3], [1], [1, 3], [4, 1], [3, 4], [2], [1], [0], [1, 2], [0, 1], [2, 0], [1], [2, 1], [2], [1], [0], [0, 1], [2, 0], [1, 2], [4], [3], [1], [3, 4], [1, 3], [4, 1], [3], [4, 3], [4], [3], [1], [1, 3], [4, 1], [3, 4], [0], [1], [4], [1, 0], [4, 1], [0, 4], [1], [0, 1], [0], [1]]}","{'map': {'0': 26, '1': 10, '2': 22, '3': 24, '4': 8}, 'arch': {'width': 7, 'height': 5, 'alg_qubits': [8, 22, 10, 24, 12, 26], 'magic_states': [1, 3, 5, 13, 27, 33, 31, 29, 7, 21]}, 'gates': [[1], [4], [0], [4, 1], [0, 4], [1, 0], [4], [1, 4], [1], [4], [0], [0, 4], [1, 0], [4, 1], [1, 4], [4], [1], [0], [1, 4], [0, 1], [4, 0], [1], [4, 1], [4], [1], [0], [0, 1], [4, 0], [1, 4], [2], [3], [1], [3, 2], [1, 3], [2, 1], [3], [2, 3], [2], [3], [1], [1, 3], [2, 1], [3, 2], [4], [1], [0], [1, 4], [0, 1], [4, 0], [1], [4, 1], [4], [1], [0], [0, 1], [4, 0], [1, 4], [2], [3], [1], [3, 2], [1, 3], [2, 1], [3], [2, 3], [2], [3], [1], [1, 3], [2, 1], [3, 2], [3], [1], [4], [1, 3], [4, 1], [3, 4], [1], [3, 1], [3], [1]]}","{'map': {'0': 8, '1': 12, '2': 10, '3': 26, '4': 24}, 'arch': {'width': 7, 'height': 5, 'alg_qubits': [8, 22, 10, 24, 12, 26], 'magic_states': [1, 3, 5, 13, 27, 33, 31, 29, 7, 21]}, 'gates': [[0], [4], [1], [4, 0], [1, 4], [0, 1], [4], [0, 4], [0], [4], [1], [1, 4], [0, 1], [4, 0], [1], [2], [0], [2, 1], [0, 2], [1, 0], [2], [1, 2], [1], [2], [0], [0, 2], [1, 0], [2, 1], [4], [3], [2], [3, 4], [2, 3], [4, 2], [3], [4, 3], [4], [3], [2], [2, 3], [4, 2], [3, 4], [1], [2], [0], [2, 1], [0, 2], [1, 0], [2], [1, 2], [1], [2], [0], [0, 2], [1, 0], [2, 1], [4], [3], [2], [3, 4], [2, 3], [4, 2], [3], [4, 3], [4], [3], [2], [2, 3], [4, 2], [3, 4], [0, 2], [2, 3], [2], [1], [0], [1, 2], [0, 1], [2, 0], [1], [2, 1], [2]]}","{'map': {'0': 24, '1': 22, '2': 12, '3': 26, '4': 10}, 'arch': {'width': 7, 'height': 5, 'alg_qubits': [8, 22, 10, 24, 12, 26], 'magic_states': [1, 3, 5, 13, 27, 33, 31, 29, 7, 21]}, 'gates': [[3, 2], [4, 1], [1], [4], [0], [4, 1], [0, 4], [1, 0], [4], [1, 4], [1], [4], [0], [0, 4], [1, 0], [4, 1], [4], [2], [3], [2, 4], [3, 2], [4, 3], [2], [4, 2], [4], [2], [3], [3, 2], [4, 3], [2, 4], [0], [1], [2], [1, 0], [2, 1], [0, 2], [1], [0, 1], [0], [1], [2], [2, 1], [0, 2], [1, 0], [4], [2], [3], [2, 4], [3, 2], [4, 3], [2], [4, 2], [4], [2], [3], [3, 2], [4, 3], [2, 4], [0], [1], [2], [1, 0], [2, 1], [0, 2], [1], [0, 1], [0], [1], [2], [2, 1], [0, 2], [1, 0], [1], [2], [3], [2, 1], [3, 2], [1, 3], [2], [1, 2], [1]]}"
8q_100gates_16.qasm,"{'map': {'0': 28, '1': 10, '2': 34, '3': 14, '4': 30, '5': 12, '6': 16}, 'arch': {'width': 9, 'height': 5, 'alg_qubits': [10, 28, 12, 30, 14, 32, 16, 34], 'magic_states': [1, 3, 5, 7, 17, 35, 43, 41, 39, 37, 9, 27]}, 'gates': [[6, 2], [0], [5], [1], [5, 0], [1, 5], [0, 1], [5], [0, 5], [0], [5], [1], [1, 5], [0, 1], [5, 0], [2], [6], [5], [6, 2], [5, 6], [2, 5], [6], [2, 6], [2], [6], [5], [5, 6], [2, 5], [6, 2], [4], [3], [6], [3, 4], [6, 3], [4, 6], [3], [4, 3], [4], [3], [6], [6, 3], [4, 6], [3, 4], [2], [6], [5], [6, 2], [5, 6], [2, 5], [6], [2, 6], [2], [6], [5], [5, 6], [2, 5], [6, 2], [4], [1], [0], [1, 4], [0, 1], [4, 0], [1], [4, 1], [4], [1], [0], [0, 1], [4, 0], [1, 4], [5], [2], [1], [2, 5], [1, 2], [5, 1], [2], [5, 2], [5], [2]]}","{'map': {'0': 34, '1': 32, '2': 28, '3': 16, '4': 14, '5': 30, '6': 12}, 'arch': {'width': 9, 'height': 5, 'alg_qubits': [10, 28, 12, 30, 14, 32, 16, 34], 'magic_states': [1, 3, 5, 7, 17, 35, 43, 41, 39, 37, 9, 27]}, 'gates': [[6, 2], [0], [5], [1], [5, 0], [1, 5], [0, 1], [5], [0, 5], [0], [5], [1], [1, 5], [0, 1], [5, 0], [2], [6], [5], [6, 2], [5, 6], [2, 5], [6], [2, 6], [2], [6], [5], [5, 6], [2, 5], [6, 2], [4], [3], [6], [3, 4], [6, 3], [4, 6], [3], [4, 3], [4], [3], [6], [6, 3], [4, 6], [3, 4], [2], [6], [5], [6, 2], [5, 6], [2, 5], [6], [2, 6], [2], [6], [5], [5, 6], [2, 5], [6, 2], [5], [1], [0], [1, 5], [0, 1], [5, 0], [1], [5, 1], [5], [1], [0], [0, 1], [5, 0], [1, 5], [6], [2], [1], [2, 6], [1, 2], [6, 1], [2], [6, 2], [6], [2]]}","{'map': {'0': 16, '1': 10, '2': 28, '3': 12, '4': 14, '5': 34, '6': 32}, 'arch': {'width': 9, 'height': 5, 'alg_qubits': [10, 28, 12, 30, 14, 32, 16, 34], 'magic_states': [1, 3, 5, 7, 17, 35, 43, 41, 39, 37, 9, 27]}, 'gates': [[6, 2], [0], [5], [1], [5, 0], [1, 5], [0, 1], [5], [0, 5], [0], [5], [1], [1, 5], [0, 1], [5, 0], [2], [6], [5], [6, 2], [5, 6], [2, 5], [6], [2, 6], [2], [6], [5], [5, 6], [2, 5], [6, 2], [4], [3], [6], [3, 4], [6, 3], [4, 6], [3], [4, 3], [4], [3], [6], [6, 3], [4, 6], [3, 4], [2], [6], [5], [6, 2], [5, 6], [2, 5], [6], [2, 6], [2], [6], [5], [5, 6], [2, 5], [6, 2], [5], [1], [0], [1, 5], [0, 1], [5, 0], [1], [5, 1], [5], [1], [0], [0, 1], [5, 0], [1, 5], [6], [2], [1], [2, 6], [1, 2], [6, 1], [2], [6, 2], [6], [2]]}","{'map': {'0': 34, '1': 12, '2': 28, '3': 10, '4': 16, '5': 14, '6': 32}, 'arch': {'width': 9, 'height': 5, 'alg_qubits': [10, 28, 12, 30, 14, 32, 16, 34], 'magic_states': [1, 3, 5, 7, 17, 35, 43, 41, 39, 37, 9, 27]}, 'gates': [[0, 1], [2, 0], [1], [2, 1], [2], [1], [0], [0, 1], [2, 0], [1, 2], [3], [6], [1], [6, 3], [1, 6], [3, 1], [6], [3, 6], [3], [6], [1], [1, 6], [3, 1], [6, 3], [5], [4], [6], [4, 5], [6, 4], [5, 6], [4], [5, 4], [5], [4], [6], [6, 4], [5, 6], [4, 5], [3], [6], [1], [6, 3], [1, 6], [3, 1], [6], [3, 6], [3], [6], [1], [1, 6], [3, 1], [6, 3], [2], [1], [0], [1, 2], [0, 1], [2, 0], [1], [2, 1], [2], [1], [0], [0, 1], [2, 0], [1, 2], [3], [6], [1], [6, 3], [1, 6], [3, 1], [6], [3, 6], [3], [6], [1], [1, 6], [3, 1], [6, 3], [5]]}","{'map': {'0': 14, '1': 10, '2': 34, '3': 32, '4': 28, '5': 30, '6': 16, '7': 12}, 'arch': {'width': 9, 'height': 5, 'alg_qubits': [10, 28, 12, 30, 14, 32, 16, 34], 'magic_states': [1, 3, 5, 7, 17, 35, 43, 41, 39, 37, 9, 27]}, 'gates': [[0, 1], [2, 0], [1], [2, 1], [2], [1], [0], [0, 1], [2, 0], [1, 2], [3], [6], [1], [6, 3], [1, 6], [3, 1], [6], [3, 6], [3], [6], [1], [1, 6], [3, 1], [6, 3], [5], [4], [6], [4, 5], [6, 4], [5, 6], [4], [5, 4], [5], [4], [6], [6, 4], [5, 6], [4, 5], [3], [6], [1], [6, 3], [1, 6], [3, 1], [6], [3, 6], [3], [6], [1], [1, 6], [3, 1], [6, 3], [0], [1], [7], [1, 0], [7, 1], [0, 7], [1], [0, 1], [0], [1], [7], [7, 1], [0, 7], [1, 0], [2], [1], [0], [1, 2], [0, 1], [2, 0], [1], [2, 1], [2], [1], [0], [0, 1], [2, 0], [1, 2], [3]]}"
10q_100gates_14.qasm,"{'map': {'0': 20, '1': 34, '2': 12, '3': 14, '4': 18, '5': 16, '6': 42, '7': 36, '8': 40}, 'arch': {'width': 11, 'height': 5, 'alg_qubits': [12, 34, 14, 36, 16, 38, 18, 40, 20, 42], 'magic_states': [1, 3, 5, 7, 9, 21, 43, 53, 51, 49, 47, 45, 11, 33]}, 'gates': [[0, 1], [5, 0], [1, 5], [6], [2], [1], [2, 6], [1, 2], [6, 1], [2], [6, 2], [6], [2], [1], [1, 2], [6, 1], [2, 6], [8], [7], [2], [7, 8], [2, 7], [8, 2], [7], [8, 7], [8], [7], [2], [2, 7], [8, 2], [7, 8], [6], [2], [1], [2, 6], [1, 2], [6, 1], [2], [6, 2], [6], [2], [1], [1, 2], [6, 1], [2, 6], [0], [5], [1], [5, 0], [1, 5], [0, 1], [5], [0, 5], [0], [5], [1], [1, 5], [0, 1], [5, 0], [2], [6], [5], [6, 2], [5, 6], [2, 5], [6], [2, 6], [2], [6], [5], [5, 6], [2, 5], [6, 2], [4], [3], [6], [3, 4], [6, 3], [4, 6], [3], [4, 3]]}","{'map': {'0': 20, '1': 34, '2': 12, '3': 14, '4': 18, '5': 16, '6': 42, '7': 36, '8': 40}, 'arch': {'width': 11, 'height': 5, 'alg_qubits': [12, 34, 14, 36, 16, 38, 18, 40, 20, 42], 'magic_states': [1, 3, 5, 7, 9, 21, 43, 53, 51, 49, 47, 45, 11, 33]}, 'gates': [[0, 1], [5, 0], [1, 5], [6], [2], [1], [2, 6], [1, 2], [6, 1], [2], [6, 2], [6], [2], [1], [1, 2], [6, 1], [2, 6], [8], [7], [2], [7, 8], [2, 7], [8, 2], [7], [8, 7], [8], [7], [2], [2, 7], [8, 2], [7, 8], [6], [2], [1], [2, 6], [1, 2], [6, 1], [2], [6, 2], [6], [2], [1], [1, 2], [6, 1], [2, 6], [0], [5], [1], [5, 0], [1, 5], [0, 1], [5], [0, 5], [0], [5], [1], [1, 5], [0, 1], [5, 0], [2], [6], [5], [6, 2], [5, 6], [2, 5], [6], [2, 6], [2], [6], [5], [5, 6], [2, 5], [6, 2], [4], [3], [6], [3, 4], [6, 3], [4, 6], [3], [4, 3]]}","{'map': {'0': 14, '1': 40, '2': 12, '3': 34, '4': 16, '5': 36, '6': 20, '7': 42, '8': 38}, 'arch': {'width': 11, 'height': 5, 'alg_qubits': [12, 34, 14, 36, 16, 38, 18, 40, 20, 42], 'magic_states': [1, 3, 5, 7, 9, 21, 43, 53, 51, 49, 47, 45, 11, 33]}, 'gates': [[2], [0, 2], [0], [2], [1], [1, 2], [0, 1], [2, 0], [6], [3], [2], [3, 6], [2, 3], [6, 2], [3], [6, 3], [6], [3], [2], [2, 3], [6, 2], [3, 6], [8], [7], [3], [7, 8], [3, 7], [8, 3], [7], [8, 7], [8], [7], [3], [3, 7], [8, 3], [7, 8], [6], [3], [2], [3, 6], [2, 3], [6, 2], [3], [6, 3], [6], [3], [2], [2, 3], [6, 2], [3, 6], [1], [5], [2], [5, 1], [2, 5], [1, 2], [5], [1, 5], [1], [5], [2], [2, 5], [1, 2], [5, 1], [1], [5], [3], [5, 1], [3, 5], [1, 3], [5], [1, 5], [1], [5], [3], [3, 5], [1, 3], [5, 1], [1], [5], [4]]}","{'map': {'0': 14, '1': 40, '2': 12, '3': 34, '4': 16, '5': 36, '6': 20, '7': 42, '8': 38}, 'arch': {'width': 11, 'height': 5, 'alg_qubits': [12, 34, 14, 36, 16, 38, 18, 40, 20, 42], 'magic_states': [1, 3, 5, 7, 9, 21, 43, 53, 51, 49, 47, 45, 11, 33]}, 'gates': [[2], [0, 2], [0], [2], [1], [1, 2], [0, 1], [2, 0], [6], [3], [2], [3, 6], [2, 3], [6, 2], [3], [6, 3], [6], [3], [2], [2, 3], [6, 2], [3, 6], [8], [7], [3], [7, 8], [3, 7], [8, 3], [7], [8, 7], [8], [7], [3], [3, 7], [8, 3], [7, 8], [6], [3], [2], [3, 6], [2, 3], [6, 2], [3], [6, 3], [6], [3], [2], [2, 3], [6, 2], [3, 6], [1], [5], [2], [5, 1], [2, 5], [1, 2], [5], [1, 5], [1], [5], [2], [2, 5], [1, 2], [5, 1], [1], [5], [3], [5, 1], [3, 5], [1, 3], [5], [1, 5], [1], [5], [3], [3, 5], [1, 3], [5, 1], [1], [5], [4]]}","{'map': {'0': 14, '1': 40, '2': 12, '3': 34, '4': 16, '5': 36, '6': 20, '7': 42, '8': 38}, 'arch': {'width': 11, 'height': 5, 'alg_qubits': [12, 34, 14, 36, 16, 38, 18, 40, 20, 42], 'magic_states': [1, 3, 5, 7, 9, 21, 43, 53, 51, 49, 47, 45, 11, 33]}, 'gates': [[2], [0, 2], [0], [2], [1], [1, 2], [0, 1], [2, 0], [6], [3], [2], [3, 6], [2, 3], [6, 2], [3], [6, 3], [6], [3], [2], [2, 3], [6, 2], [3, 6], [8], [7], [3], [7, 8], [3, 7], [8, 3], [7], [8, 7], [8], [7], [3], [3, 7], [8, 3], [7, 8], [6], [3], [2], [3, 6], [2, 3], [6, 2], [3], [6, 3], [6], [3], [2], [2, 3], [6, 2], [3, 6], [1], [5], [2], [5, 1], [2, 5], [1, 2], [5], [1, 5], [1], [5], [2], [2, 5], [1, 2], [5, 1], [1], [5], [3], [5, 1], [3, 5], [1, 3], [5], [1, 5], [1], [5], [3], [3, 5], [1, 3], [5, 1], [1], [5], [4]]}"
8q_100gates_15.qasm,"{'map': {'0': 16, '1': 30, '2': 32, '3': 10, '4': 28, '5': 12, '6': 14, '7': 34}, 'arch': {'width': 9, 'height': 5, 'alg_qubits': [10, 28, 12, 30, 14, 32, 16, 34], 'magic_states': [1, 3, 5, 7, 17, 35, 43, 41, 39, 37, 9, 27]}, 'gates': [[4], [7], [6], [7, 4], [6, 7], [4, 6], [7], [4, 7], [4], [7], [6], [6, 7], [4, 6], [7, 4], [0], [2], [7], [2, 0], [7, 2], [0, 7], [2], [0, 2], [0], [2], [7], [7, 2], [0, 7], [2, 0], [6, 5], [1], [4], [6], [4, 1], [6, 4], [1, 6], [4], [1, 4], [1], [4], [6], [6, 4], [1, 6], [4, 1], [6, 4], [4, 5], [1], [6], [2], [6, 1], [2, 6], [1, 2], [6], [1, 6], [1], [6], [2], [2, 6], [1, 2], [6, 1], [2], [6], [1], [6, 2], [1, 6], [2, 1], [6], [2, 6], [2], [6], [1], [1, 6], [2, 1], [6, 2], [2], [3], [6], [3, 2], [6, 3], [2, 6], [3], [2, 3]]}","{'map': {'0': 16, '1': 32, '2': 34, '3': 28, '4': 10, '5': 30, '6': 12, '7': 14}, 'arch': {'width': 9, 'height': 5, 'alg_qubits': [10, 28, 12, 30, 14, 32, 16, 34], 'magic_states': [1, 3, 5, 7, 17, 35, 43, 41, 39, 37, 9, 27]}, 'gates': [[6], [5], [6, 7], [5, 6], [7, 5], [6], [7, 6], [7], [6], [5], [5, 6], [7, 5], [6, 7], [2], [1], [0], [1, 2], [0, 1], [2, 0], [1], [2, 1], [2], [1], [0], [0, 1], [2, 0], [1, 2], [3], [6], [1], [6, 3], [1, 6], [3, 1], [6], [3, 6], [3], [6], [1], [1, 6], [3, 1], [6, 3], [5], [4], [6], [4, 5], [6, 4], [5, 6], [4], [5, 4], [5], [4], [6], [6, 4], [5, 6], [4, 5], [3], [6], [1], [6, 3], [1, 6], [3, 1], [6], [3, 6], [3], [6], [1], [1, 6], [3, 1], [6, 3], [2], [1], [0], [1, 2], [0, 1], [2, 0], [1], [2, 1], [2], [1], [0], [0, 1]]}","{'map': {'0': 32, '1': 12, '2': 28, '3': 30, '4': 10, '5': 34, '6': 16, '7': 14}, 'arch': {'width': 9, 'height': 5, 'alg_qubits': [10, 28, 12, 30, 14, 32, 16, 34], 'magic_states': [1, 3, 5, 7, 17, 35, 43, 41, 39, 37, 9, 27]}, 'gates': [[7], [6], [5], [6, 7], [5, 6], [7, 5], [6], [7, 6], [7], [6], [5], [5, 6], [7, 5], [6, 7], [2], [1], [0], [1, 2], [0, 1], [2, 0], [1], [2, 1], [2], [1], [0], [0, 1], [2, 0], [1, 2], [3], [6], [1], [6, 3], [1, 6], [3, 1], [6], [3, 6], [3], [6], [1], [1, 6], [3, 1], [6, 3], [5], [4], [6], [4, 5], [6, 4], [5, 6], [4], [5, 4], [5], [4], [6], [6, 4], [5, 6], [4, 5], [3], [6], [1], [6, 3], [1, 6], [3, 1], [6], [3, 6], [3], [6], [1], [1, 6], [3, 1], [6, 3], [2], [1], [0], [1, 2], [0, 1], [2, 0], [1], [2, 1], [2], [1], [0]]}","{'map': {'0': 32, '1': 12, '2': 28, '3': 30, '4': 10, '5': 34, '6': 16, '7': 14}, 'arch': {'width': 9, 'height': 5, 'alg_qubits': [10, 28, 12, 30, 14, 32, 16, 34], 'magic_states': [1, 3, 5, 7, 17, 35, 43, 41, 39, 37, 9, 27]}, 'gates': [[7], [6], [5], [6, 7], [5, 6], [7, 5], [6], [7, 6], [7], [6], [5], [5, 6], [7, 5], [6, 7], [2], [1], [0], [1, 2], [0, 1], [2, 0], [1], [2, 1], [2], [1], [0], [0, 1], [2, 0], [1, 2], [3], [6], [1], [6, 3], [1, 6], [3, 1], [6], [3, 6], [3], [6], [1], [1, 6], [3, 1], [6, 3], [5], [4], [6], [4, 5], [6, 4], [5, 6], [4], [5, 4], [5], [4], [6], [6, 4], [5, 6], [4, 5], [3], [6], [1], [6, 3], [1, 6], [3, 1], [6], [3, 6], [3], [6], [1], [1, 6], [3, 1], [6, 3], [2], [1], [0], [1, 2], [0, 1], [2, 0], [1], [2, 1], [2], [1], [0]]}","{'map': {'0': 12, '1': 30, '2': 10, '3': 34, '4': 28, '5': 14, '6': 16, '7': 32}, 'arch': {'width': 9, 'height': 5, 'alg_qubits': [10, 28, 12, 30, 14, 32, 16, 34], 'magic_states': [1, 3, 5, 7, 17, 35, 43, 41, 39, 37, 9, 27]}, 'gates': [[5, 6], [7, 5], [6], [7, 6], [7], [6], [5], [5, 6], [7, 5], [6, 7], [2], [1], [0], [1, 2], [0, 1], [2, 0], [1], [2, 1], [2], [1], [0], [0, 1], [2, 0], [1, 2], [3], [6], [1], [6, 3], [1, 6], [3, 1], [6], [3, 6], [3], [6], [1], [1, 6], [3, 1], [6, 3], [5], [4], [6], [4, 5], [6, 4], [5, 6], [4], [5, 4], [5], [4], [6], [6, 4], [5, 6], [4, 5], [3], [6], [1], [6, 3], [1, 6], [3, 1], [6], [3, 6], [3], [6], [1], [1, 6], [3, 1], [6, 3], [2], [1], [0], [1, 2], [0, 1], [2, 0], [1], [2, 1], [2], [1], [0], [0, 1], [2, 0], [1, 2], [3]]}"
8q_100gates_25.qasm,"{'map': {'0': 16, '1': 10, '2': 14, '3': 34, '4': 12, '5': 30, '6': 28, '7': 32}, 'arch': {'width': 9, 'height': 5, 'alg_qubits': [10, 28, 12, 30, 14, 32, 16, 34], 'magic_states': [1, 3, 5, 7, 17, 35, 43, 41, 39, 37, 9, 27]}, 'gates': [[6], [5], [2], [2, 5], [6, 2], [5, 6], [4], [2], [1], [2, 4], [1, 2], [4, 1], [2], [4, 2], [4], [2], [1], [1, 2], [4, 1], [2, 4], [0], [3], [7], [3, 0], [7, 3], [0, 7], [3], [0, 3], [0], [3], [7], [7, 3], [0, 7], [3, 0], [2], [1], [3], [1, 2], [3, 1], [2, 3], [1], [2, 1], [2], [1], [3], [3, 1], [2, 3], [1, 2], [0], [3], [7], [3, 0], [7, 3], [0, 7], [3], [0, 3], [0], [3], [7], [7, 3], [0, 7], [3, 0], [2], [1], [3], [1, 2], [3, 1], [2, 3], [1], [2, 1], [2], [1], [3], [3, 1], [2, 3], [1, 2], [1], [5], [4], [5, 1], [4, 5]]}","{'map': {'0': 10, '1': 32, '2': 28, '3': 30, '4': 14, '5': 16, '6': 12, '7': 34}, 'arch': {'width': 9, 'height': 5, 'alg_qubits': [10, 28, 12, 30, 14, 32, 16, 34], 'magic_states': [1, 3, 5, 7, 17, 35, 43, 41, 39, 37, 9, 27]}, 'gates': [[7, 5], [6, 7], [2], [1], [0], [1, 2], [0, 1], [2, 0], [1], [2, 1], [2], [1], [0], [0, 1], [2, 0], [1, 2], [3], [6], [1], [6, 3], [1, 6], [3, 1], [6], [3, 6], [3], [6], [1], [1, 6], [3, 1], [6, 3], [5], [4], [6], [4, 5], [6, 4], [5, 6], [4], [5, 4], [5], [4], [6], [6, 4], [5, 6], [4, 5], [3], [6], [1], [6, 3], [1, 6], [3, 1], [6], [3, 6], [3], [6], [1], [1, 6], [3, 1], [6, 3], [2], [1], [0], [1, 2], [0, 1], [2, 0], [1], [2, 1], [2], [1], [0], [0, 1], [2, 0], [1, 2], [3], [6], [1], [6, 3], [1, 6], [3, 1], [6], [3, 6], [3]]}","{'map': {'0': 30, '1': 34, '2': 14, '3': 32, '4': 16, '5': 10, '6': 28, '7': 12}, 'arch': {'width': 9, 'height': 5, 'alg_qubits': [10, 28, 12, 30, 14, 32, 16, 34], 'magic_states': [1, 3, 5, 7, 17, 35, 43, 41, 39, 37, 9, 27]}, 'gates': [[5, 6], [4], [2], [1], [2, 4], [1, 2], [4, 1], [2], [4, 2], [4], [2], [1], [1, 2], [4, 1], [2, 4], [0], [3], [7], [3, 0], [7, 3], [0, 7], [3], [0, 3], [0], [3], [7], [7, 3], [0, 7], [3, 0], [2], [1], [3], [1, 2], [3, 1], [2, 3], [1], [2, 1], [2], [1], [3], [3, 1], [2, 3], [1, 2], [0], [3], [7], [3, 0], [7, 3], [0, 7], [3], [0, 3], [0], [3], [7], [7, 3], [0, 7], [3, 0], [2], [1], [3], [1, 2], [3, 1], [2, 3], [1], [2, 1], [2], [1], [3], [3, 1], [2, 3], [1, 2], [1], [5], [4], [5, 1], [4, 5], [1, 4], [5], [1, 5], [1], [5]]}","{'map': {'0': 12, '1': 30, '2': 10, '3': 34, '4': 28, '5': 14, '6': 16, '7': 32}, 'arch': {'width': 9, 'height': 5, 'alg_qubits': [10, 28, 12, 30, 14, 32, 16, 34], 'magic_states': [1, 3, 5, 7, 17, 35, 43, 41, 39, 37, 9, 27]}, 'gates': [[5, 6], [7, 5], [6], [7, 6], [7], [6], [5], [5, 6], [7, 5], [6, 7], [2], [1], [0], [1, 2], [0, 1], [2, 0], [1], [2, 1], [2], [1], [0], [0, 1], [2, 0], [1, 2], [3], [6], [1], [6, 3], [1, 6], [3, 1], [6], [3, 6], [3], [6], [1], [1, 6], [3, 1], [6, 3], [5], [4], [6], [4, 5], [6, 4], [5, 6], [4], [5, 4], [5], [4], [6], [6, 4], [5, 6], [4, 5], [3], [6], [1], [6, 3], [1, 6], [3, 1], [6], [3, 6], [3], [6], [1], [1, 6], [3, 1], [6, 3], [2], [1], [0], [1, 2], [0, 1], [2, 0], [1], [2, 1], [2], [1], [0], [0, 1], [2, 0], [1, 2], [3]]}","{'map': {'0': 12, '1': 16, '2': 28, '3': 10, '4': 32, '5': 30, '6': 34}, 'arch': {'width': 9, 'height': 5, 'alg_qubits': [10, 28, 12, 30, 14, 32, 16, 34], 'magic_states': [1, 3, 5, 7, 17, 35, 43, 41, 39, 37, 9, 27]}, 'gates': [[6, 2], [6], [2], [1], [1, 2], [6, 1], [2, 6], [0], [5], [1], [5, 0], [1, 5], [0, 1], [5], [0, 5], [0], [5], [1], [1, 5], [0, 1], [5, 0], [2], [6], [5], [6, 2], [5, 6], [2, 5], [6], [2, 6], [2], [6], [5], [5, 6], [2, 5], [6, 2], [4], [3], [6], [3, 4], [6, 3], [4, 6], [3], [4, 3], [4], [3], [6], [6, 3], [4, 6], [3, 4], [2], [6], [5], [6, 2], [5, 6], [2, 5], [6], [2, 6], [2], [6], [5], [5, 6], [2, 5], [6, 2], [0], [5], [1], [5, 0], [1, 5], [0, 1], [5], [0, 5], [0], [5], [1], [1, 5], [0, 1], [5, 0], [2], [6], [5], [6, 2]]}"
9q_100gates_5.qasm,"{'map': {'0': 14, '1': 40, '2': 12, '3': 34, '4': 16, '5': 36, '6': 20, '7': 42, '8': 38}, 'arch': {'width': 11, 'height': 5, 'alg_qubits': [12, 34, 14, 36, 16, 38, 18, 40, 20, 42], 'magic_states': [1, 3, 5, 7, 9, 21, 43, 53, 51, 49, 47, 45, 11, 33]}, 'gates': [[2], [0, 2], [0], [2], [1], [1, 2], [0, 1], [2, 0], [6], [3], [2], [3, 6], [2, 3], [6, 2], [3], [6, 3], [6], [3], [2], [2, 3], [6, 2], [3, 6], [8], [7], [3], [7, 8], [3, 7], [8, 3], [7], [8, 7], [8], [7], [3], [3, 7], [8, 3], [7, 8], [6], [3], [2], [3, 6], [2, 3], [6, 2], [3], [6, 3], [6], [3], [2], [2, 3], [6, 2], [3, 6], [1], [5], [2], [5, 1], [2, 5], [1, 2], [5], [1, 5], [1], [5], [2], [2, 5], [1, 2], [5, 1], [1], [5], [3], [5, 1], [3, 5], [1, 3], [5], [1, 5], [1], [5], [3], [3, 5], [1, 3], [5, 1], [1], [5], [4]]}","{'map': {'0': 14, '1': 40, '2': 12, '3': 34, '4': 16, '5': 36, '6': 20, '7': 42, '8': 38}, 'arch': {'width': 11, 'height': 5, 'alg_qubits': [12, 34, 14, 36, 16, 38, 18, 40, 20, 42], 'magic_states': [1, 3, 5, 7, 9, 21, 43, 53, 51, 49, 47, 45, 11, 33]}, 'gates': [[2], [0, 2], [0], [2], [1], [1, 2], [0, 1], [2, 0], [6], [3], [2], [3, 6], [2, 3], [6, 2], [3], [6, 3], [6], [3], [2], [2, 3], [6, 2], [3, 6], [8], [7], [3], [7, 8], [3, 7], [8, 3], [7], [8, 7], [8], [7], [3], [3, 7], [8, 3], [7, 8], [6], [3], [2], [3, 6], [2, 3], [6, 2], [3], [6, 3], [6], [3], [2], [2, 3], [6, 2], [3, 6], [1], [5], [2], [5, 1], [2, 5], [1, 2], [5], [1, 5], [1], [5], [2], [2, 5], [1, 2], [5, 1], [1], [5], [3], [5, 1], [3, 5], [1, 3], [5], [1, 5], [1], [5], [3], [3, 5], [1, 3], [5, 1], [1], [5], [4]]}","{'map': {'0': 14, '1': 40, '2': 12, '3': 34, '4': 16, '5': 36, '6': 20, '7': 42, '8': 38}, 'arch': {'width': 11, 'height': 5, 'alg_qubits': [12, 34, 14, 36, 16, 38, 18, 40, 20, 42], 'magic_states': [1, 3, 5, 7, 9, 21, 43, 53, 51, 49, 47, 45, 11, 33]}, 'gates': [[2], [0, 2], [0], [2], [1], [1, 2], [0, 1], [2, 0], [6], [3], [2], [3, 6], [2, 3], [6, 2], [3], [6, 3], [6], [3], [2], [2, 3], [6, 2], [3, 6], [8], [7], [3], [7, 8], [3, 7], [8, 3], [7], [8, 7], [8], [7], [3], [3, 7], [8, 3], [7, 8], [6], [3], [2], [3, 6], [2, 3], [6, 2], [3], [6, 3], [6], [3], [2], [2, 3], [6, 2], [3, 6], [1], [5], [2], [5, 1], [2, 5], [1, 2], [5], [1, 5], [1], [5], [2], [2, 5], [1, 2], [5, 1], [1], [5], [3], [5, 1], [3, 5], [1, 3], [5], [1, 5], [1], [5], [3], [3, 5], [1, 3], [5, 1], [1], [5], [4]]}","{'map': {'0': 18, '1': 14, '2': 12, '3': 38, '4': 40, '5': 36, '6': 34, '7': 42, '8': 20}, 'arch': {'width': 11, 'height': 5, 'alg_qubits': [12, 34, 14, 36, 16, 38, 18, 40, 20, 42], 'magic_states': [1, 3, 5, 7, 9, 21, 43, 53, 51, 49, 47, 45, 11, 33]}, 'gates': [[3], [4, 3], [4], [3], [6], [6, 3], [4, 6], [3, 4], [2], [6], [5], [6, 2], [5, 6], [2, 5], [6], [2, 6], [2], [6], [5], [5, 6], [2, 5], [6, 2], [5], [1], [0], [1, 5], [0, 1], [5, 0], [1], [5, 1], [5], [1], [0], [0, 1], [5, 0], [1, 5], [6], [2], [1], [2, 6], [1, 2], [6, 1], [2], [6, 2], [6], [2], [1], [1, 2], [6, 1], [2, 6], [8], [7], [2], [7, 8], [2, 7], [8, 2], [7], [8, 7], [8], [7], [2], [2, 7], [8, 2], [7, 8], [6], [2], [1], [2, 6], [1, 2], [6, 1], [2], [6, 2], [6], [2], [1], [1, 2], [6, 1], [2, 6], [5], [1], [0]]}","{'map': {'0': 42, '1': 18, '2': 20, '3': 40, '4': 14, '5': 36, '6': 12, '7': 34, '8': 38}, 'arch': {'width': 11, 'height': 5, 'alg_qubits': [12, 34, 14, 36, 16, 38, 18, 40, 20, 42], 'magic_states': [1, 3, 5, 7, 9, 21, 43, 53, 51, 49, 47, 45, 11, 33]}, 'gates': [[5], [6, 5], [6], [5], [2], [2, 5], [6, 2], [5, 6], [4], [2], [1], [2, 4], [1, 2], [4, 1], [2], [4, 2], [4], [2], [1], [1, 2], [4, 1], [2, 4], [0], [3], [8], [3, 0], [8, 3], [0, 8], [3], [0, 3], [0], [3], [8], [8, 3], [0, 8], [3, 0], [2], [1], [3], [1, 2], [3, 1], [2, 3], [1], [2, 1], [2], [1], [3], [3, 1], [2, 3], [1, 2], [0], [3], [8], [3, 0], [8, 3], [0, 8], [3], [0, 3], [0], [3], [8], [8, 3], [0, 8], [3, 0], [2], [1], [3], [1, 2], [3, 1], [2, 3], [1], [2, 1], [2], [1], [3], [3, 1], [2, 3], [1, 2], [8], [7], [6]]}"
8q_100gates_24.qasm,"{'map': {'0': 30, '1': 34, '2': 14, '3': 32, '4': 16, '5': 10, '6': 28, '7': 12}, 'arch': {'width': 9, 'height': 5, 'alg_qubits': [10, 28, 12, 30, 14, 32, 16, 34], 'magic_states': [1, 3, 5, 7, 17, 35, 43, 41, 39, 37, 9, 27]}, 'gates': [[5, 6], [4], [2], [1], [2, 4], [1, 2], [4, 1], [2], [4, 2], [4], [2], [1], [1, 2], [4, 1], [2, 4], [0], [3], [7], [3, 0], [7, 3], [0, 7], [3], [0, 3], [0], [3], [7], [7, 3], [0, 7], [3, 0], [2], [1], [3], [1, 2], [3, 1], [2, 3], [1], [2, 1], [2], [1], [3], [3, 1], [2, 3], [1, 2], [0], [3], [7], [3, 0], [7, 3], [0, 7], [3], [0, 3], [0], [3], [7], [7, 3], [0, 7], [3, 0], [2], [1], [3], [1, 2], [3, 1], [2, 3], [1], [2, 1], [2], [1], [3], [3, 1], [2, 3], [1, 2], [1], [5], [4], [5, 1], [4, 5], [1, 4], [5], [1, 5], [1], [5]]}","{'map': {'0': 14, '1': 10, '2': 34, '3': 32, '4': 28, '5': 30, '6': 16, '7': 12}, 'arch': {'width': 9, 'height': 5, 'alg_qubits': [10, 28, 12, 30, 14, 32, 16, 34], 'magic_states': [1, 3, 5, 7, 17, 35, 43, 41, 39, 37, 9, 27]}, 'gates': [[0, 1], [2, 0], [1], [2, 1], [2], [1], [0], [0, 1], [2, 0], [1, 2], [3], [6], [1], [6, 3], [1, 6], [3, 1], [6], [3, 6], [3], [6], [1], [1, 6], [3, 1], [6, 3], [5], [4], [6], [4, 5], [6, 4], [5, 6], [4], [5, 4], [5], [4], [6], [6, 4], [5, 6], [4, 5], [3], [6], [1], [6, 3], [1, 6], [3, 1], [6], [3, 6], [3], [6], [1], [1, 6], [3, 1], [6, 3], [0], [1], [7], [1, 0], [7, 1], [0, 7], [1], [0, 1], [0], [1], [7], [7, 1], [0, 7], [1, 0], [2], [1], [0], [1, 2], [0, 1], [2, 0], [1], [2, 1], [2], [1], [0], [0, 1], [2, 0], [1, 2], [3]]}","{'map': {'0': 34, '1': 12, '2': 28, '3': 10, '4': 16, '5': 14, '6': 32}, 'arch': {'width': 9, 'height': 5, 'alg_qubits': [10, 28, 12, 30, 14, 32, 16, 34], 'magic_states': [1, 3, 5, 7, 17, 35, 43, 41, 39, 37, 9, 27]}, 'gates': [[0, 1], [2, 0], [1], [2, 1], [2], [1], [0], [0, 1], [2, 0], [1, 2], [3], [6], [1], [6, 3], [1, 6], [3, 1], [6], [3, 6], [3], [6], [1], [1, 6], [3, 1], [6, 3], [5], [4], [6], [4, 5], [6, 4], [5, 6], [4], [5, 4], [5], [4], [6], [6, 4], [5, 6], [4, 5], [3], [6], [1], [6, 3], [1, 6], [3, 1], [6], [3, 6], [3], [6], [1], [1, 6], [3, 1], [6, 3], [2], [1], [0], [1, 2], [0, 1], [2, 0], [1], [2, 1], [2], [1], [0], [0, 1], [2, 0], [1, 2], [3], [6], [1], [6, 3], [1, 6], [3, 1], [6], [3, 6], [3], [6], [1], [1, 6], [3, 1], [6, 3], [5]]}","{'map': {'0': 12, '1': 14, '2': 10, '3': 30, '4': 16, '5': 32, '6': 28, '7': 34}, 'arch': {'width': 9, 'height': 5, 'alg_qubits': [10, 28, 12, 30, 14, 32, 16, 34], 'magic_states': [1, 3, 5, 7, 17, 35, 43, 41, 39, 37, 9, 27]}, 'gates': [[0, 1], [3, 0], [1], [3, 1], [3], [1], [0], [0, 1], [3, 0], [1, 3], [4], [2], [1], [2, 4], [1, 2], [4, 1], [2], [4, 2], [4], [2], [1], [1, 2], [4, 1], [2, 4], [6], [5], [2], [5, 6], [2, 5], [6, 2], [5], [6, 5], [6], [5], [2], [2, 5], [6, 2], [5, 6], [4], [2], [1], [2, 4], [1, 2], [4, 1], [2], [4, 2], [4], [2], [1], [1, 2], [4, 1], [2, 4], [0], [3], [7], [3, 0], [7, 3], [0, 7], [3], [0, 3], [0], [3], [7], [7, 3], [0, 7], [3, 0], [2], [1], [3], [1, 2], [3, 1], [2, 3], [1], [2, 1], [2], [1], [3], [3, 1], [2, 3], [1, 2], [0]]}","{'map': {'0': 16, '1': 10, '2': 14, '3': 34, '4': 12, '5': 30, '6': 28, '7': 32}, 'arch': {'width': 9, 'height': 5, 'alg_qubits': [10, 28, 12, 30, 14, 32, 16, 34], 'magic_states': [1, 3, 5, 7, 17, 35, 43, 41, 39, 37, 9, 27]}, 'gates': [[6], [5], [2], [2, 5], [6, 2], [5, 6], [4], [2], [1], [2, 4], [1, 2], [4, 1], [2], [4, 2], [4], [2], [1], [1, 2], [4, 1], [2, 4], [0], [3], [7], [3, 0], [7, 3], [0, 7], [3], [0, 3], [0], [3], [7], [7, 3], [0, 7], [3, 0], [2], [1], [3], [1, 2], [3, 1], [2, 3], [1], [2, 1], [2], [1], [3], [3, 1], [2, 3], [1, 2], [0], [3], [7], [3, 0], [7, 3], [0, 7], [3], [0, 3], [0], [3], [7], [7, 3], [0, 7], [3, 0], [2], [1], [3], [1, 2], [3, 1], [2, 3], [1], [2, 1], [2], [1], [3], [3, 1], [2, 3], [1, 2], [1], [5], [4], [5, 1], [4, 5]]}"
6q_100gates_13.qasm,"{'map': {'0': 12, '1': 10, '2': 24, '3': 22, '4': 8, '5': 26}, 'arch': {'width': 7, 'height': 5, 'alg_qubits': [8, 22, 10, 24, 12, 26], 'magic_states': [1, 3, 5, 13, 27, 33, 31, 29, 7, 21]}, 'gates': [[5, 0], [2, 5], [1], [4], [0], [4, 1], [0, 4], [1, 0], [4], [1, 4], [1], [4], [0], [0, 4], [1, 0], [4, 1], [3], [2], [4], [2, 3], [4, 2], [3, 4], [2], [3, 2], [3], [2], [4], [4, 2], [3, 4], [2, 3], [1], [4], [0], [4, 1], [0, 4], [1, 0], [4], [1, 4], [1], [4], [0], [0, 4], [1, 0], [4, 1], [3], [2], [4], [2, 3], [4, 2], [3, 4], [2], [3, 2], [3], [2], [4], [4, 2], [3, 4], [2, 3], [4], [0], [1], [0, 4], [1, 0], [4, 1], [0], [4, 0], [4], [0], [1], [1, 0], [4, 1], [0, 4], [5], [2], [0], [2, 5], [0, 2], [5, 0], [2], [5, 2], [5]]}","{'map': {'0': 8, '1': 10, '2': 12, '3': 26, '4': 24, '5': 22}, 'arch': {'width': 7, 'height': 5, 'alg_qubits': [8, 22, 10, 24, 12, 26], 'magic_states': [1, 3, 5, 13, 27, 33, 31, 29, 7, 21]}, 'gates': [[0], [0, 4], [5, 0], [4, 5], [2], [1], [4], [1, 2], [4, 1], [2, 4], [1], [2, 1], [2], [1], [4], [4, 1], [2, 4], [1, 2], [5], [4], [0], [4, 5], [0, 4], [5, 0], [4], [5, 4], [5], [4], [0], [0, 4], [5, 0], [4, 5], [2], [1], [4], [1, 2], [4, 1], [2, 4], [1], [2, 1], [2], [1], [4], [4, 1], [2, 4], [1, 2], [4], [3], [5], [3, 4], [5, 3], [4, 5], [3], [4, 3], [4], [3], [5], [5, 3], [4, 5], [3, 4], [5], [4], [0], [4, 5], [0, 4], [5, 0], [4], [5, 4], [5], [4], [0], [0, 4], [5, 0], [4, 5], [2], [1], [4], [1, 2], [4, 1], [2, 4], [1]]}","{'map': {'0': 24, '1': 8, '2': 12, '3': 22, '4': 26, '5': 10}, 'arch': {'width': 7, 'height': 5, 'alg_qubits': [8, 22, 10, 24, 12, 26], 'magic_states': [1, 3, 5, 13, 27, 33, 31, 29, 7, 21]}, 'gates': [[4, 0], [1], [5], [0], [5, 1], [0, 5], [1, 0], [5], [1, 5], [1], [5], [0], [0, 5], [1, 0], [5, 1], [4], [2], [5], [2, 4], [5, 2], [4, 5], [2], [4, 2], [4], [2], [5], [5, 2], [4, 5], [2, 4], [1], [5], [0], [5, 1], [0, 5], [1, 0], [5], [1, 5], [1], [5], [0], [0, 5], [1, 0], [5, 1], [4], [2], [5], [2, 4], [5, 2], [4, 5], [2], [4, 2], [4], [2], [5], [5, 2], [4, 5], [2, 4], [4], [3], [5], [3, 4], [5, 3], [4, 5], [3], [4, 3], [4], [3], [5], [5, 3], [4, 5], [3, 4], [5], [4], [0], [4, 5], [0, 4], [5, 0], [4], [5, 4], [5], [4]]}","{'map': {'0': 8, '1': 22, '2': 10, '3': 26, '4': 24, '5': 12}, 'arch': {'width': 7, 'height': 5, 'alg_qubits': [8, 22, 10, 24, 12, 26], 'magic_states': [1, 3, 5, 13, 27, 33, 31, 29, 7, 21]}, 'gates': [[2], [5, 2], [5], [2], [0], [0, 2], [5, 0], [2, 5], [1], [4], [0], [4, 1], [0, 4], [1, 0], [4], [1, 4], [1], [4], [0], [0, 4], [1, 0], [4, 1], [3], [2], [4], [2, 3], [4, 2], [3, 4], [2], [3, 2], [3], [2], [4], [4, 2], [3, 4], [2, 3], [1], [4], [0], [4, 1], [0, 4], [1, 0], [4], [1, 4], [1], [4], [0], [0, 4], [1, 0], [4, 1], [3], [2], [4], [2, 3], [4, 2], [3, 4], [2], [3, 2], [3], [2], [4], [4, 2], [3, 4], [2, 3], [4], [0], [1], [0, 4], [1, 0], [4, 1], [0], [4, 0], [4], [0], [1], [1, 0], [4, 1], [0, 4], [5], [2], [0]]}","{'map': {'0': 10, '1': 24, '2': 12, '3': 22, '4': 8, '5': 26}, 'arch': {'width': 7, 'height': 5, 'alg_qubits': [8, 22, 10, 24, 12, 26], 'magic_states': [1, 3, 5, 13, 27, 33, 31, 29, 7, 21]}, 'gates': [[2], [1], [0], [1, 2], [0, 1], [2, 0], [1], [2, 1], [2], [1], [0], [0, 1], [2, 0], [1, 2], [4, 0], [3], [2], [5], [2, 3], [5, 2], [3, 5], [2], [3, 2], [3], [2], [5], [5, 2], [3, 5], [2, 3], [5], [3], [4], [3, 5], [4, 3], [5, 4], [3], [5, 3], [5], [3], [4], [4, 3], [5, 4], [3, 5], [1], [0], [3], [0, 1], [3, 0], [1, 3], [0], [1, 0], [1], [0], [3], [3, 0], [1, 3], [0, 1], [5], [3], [4], [3, 5], [4, 3], [5, 4], [3], [5, 3], [5], [3], [4], [4, 3], [5, 4], [3, 5], [1], [0], [3], [0, 1], [3, 0], [1, 3], [0], [1, 0], [1], [0]]}"
5q_100gates_47.qasm,"{'map': {'0': 26, '1': 24, '2': 8, '3': 22, '4': 10}, 'arch': {'width': 7, 'height': 5, 'alg_qubits': [8, 22, 10, 24, 12, 26], 'magic_states': [1, 3, 5, 13, 27, 33, 31, 29, 7, 21]}, 'gates': [[4], [1], [0], [1, 4], [0, 1], [4, 0], [1], [4, 1], [4], [1], [0], [0, 1], [4, 0], [1, 4], [1, 4], [2], [1], [0], [1, 2], [0, 1], [2, 0], [1], [2, 1], [2], [1], [0], [0, 1], [2, 0], [1, 2], [4], [3], [1], [3, 4], [1, 3], [4, 1], [3], [4, 3], [4], [3], [1], [1, 3], [4, 1], [3, 4], [2], [1], [0], [1, 2], [0, 1], [2, 0], [1], [2, 1], [2], [1], [0], [0, 1], [2, 0], [1, 2], [4], [3], [1], [3, 4], [1, 3], [4, 1], [3], [4, 3], [4], [3], [1], [1, 3], [4, 1], [3, 4], [0], [1], [4], [1, 0], [4, 1], [0, 4], [1], [0, 1], [0], [1]]}","{'map': {'0': 22, '1': 8, '2': 26, '3': 12, '4': 24}, 'arch': {'width': 7, 'height': 5, 'alg_qubits': [8, 22, 10, 24, 12, 26], 'magic_states': [1, 3, 5, 13, 27, 33, 31, 29, 7, 21]}, 'gates': [[4, 1], [1, 4], [2], [1], [0], [1, 2], [0, 1], [2, 0], [1], [2, 1], [2], [1], [0], [0, 1], [2, 0], [1, 2], [4], [3], [1], [3, 4], [1, 3], [4, 1], [3], [4, 3], [4], [3], [1], [1, 3], [4, 1], [3, 4], [2], [1], [0], [1, 2], [0, 1], [2, 0], [1], [2, 1], [2], [1], [0], [0, 1], [2, 0], [1, 2], [4], [3], [1], [3, 4], [1, 3], [4, 1], [3], [4, 3], [4], [3], [1], [1, 3], [4, 1], [3, 4], [0], [1], [4], [1, 0], [4, 1], [0, 4], [1], [0, 1], [0], [1], [4], [4, 1], [0, 4], [1, 0], [3], [2], [1], [2, 3], [1, 2], [3, 1], [2], [3, 2], [3]]}","{'map': {'0': 12, '1': 26, '2': 8, '3': 24, '4': 22}, 'arch': {'width': 7, 'height': 5, 'alg_qubits': [8, 22, 10, 24, 12, 26], 'magic_states': [1, 3, 5, 13, 27, 33, 31, 29, 7, 21]}, 'gates': [[4], [4, 1], [0, 4], [1, 0], [3], [2], [1], [2, 3], [1, 2], [3, 1], [2], [3, 2], [3], [2], [1], [1, 2], [3, 1], [2, 3], [0], [1], [4], [1, 0], [4, 1], [0, 4], [1], [0, 1], [0], [1], [4], [4, 1], [0, 4], [1, 0], [3], [2], [1], [2, 3], [1, 2], [3, 1], [2], [3, 2], [3], [2], [1], [1, 2], [3, 1], [2, 3], [0], [3], [2], [3, 0], [2, 3], [0, 2], [3], [0, 3], [0], [3], [2], [2, 3], [0, 2], [3, 0], [0, 3], [4, 1], [3], [4, 3], [4], [3], [1], [1, 3], [4, 1], [3, 4], [0], [1], [4], [1, 0], [4, 1], [0, 4], [1], [0, 1], [0], [1]]}","{'map': {'0': 8, '1': 12, '2': 10, '3': 26, '4': 24}, 'arch': {'width': 7, 'height': 5, 'alg_qubits': [8, 22, 10, 24, 12, 26], 'magic_states': [1, 3, 5, 13, 27, 33, 31, 29, 7, 21]}, 'gates': [[0], [4], [1], [4, 0], [1, 4], [0, 1], [4], [0, 4], [0], [4], [1], [1, 4], [0, 1], [4, 0], [1], [2], [0], [2, 1], [0, 2], [1, 0], [2], [1, 2], [1], [2], [0], [0, 2], [1, 0], [2, 1], [4], [3], [2], [3, 4], [2, 3], [4, 2], [3], [4, 3], [4], [3], [2], [2, 3], [4, 2], [3, 4], [1], [2], [0], [2, 1], [0, 2], [1, 0], [2], [1, 2], [1], [2], [0], [0, 2], [1, 0], [2, 1], [4], [3], [2], [3, 4], [2, 3], [4, 2], [3], [4, 3], [4], [3], [2], [2, 3], [4, 2], [3, 4], [0, 2], [2, 3], [2], [1], [0], [1, 2], [0, 1], [2, 0], [1], [2, 1], [2]]}","{'map': {'0': 22, '1': 12, '2': 24, '3': 26, '4': 8}, 'arch': {'width': 7, 'height': 5, 'alg_qubits': [8, 22, 10, 24, 12, 26], 'magic_states': [1, 3, 5, 13, 27, 33, 31, 29, 7, 21]}, 'gates': [[1], [0], [0, 1], [2, 0], [1, 2], [4], [3], [1], [3, 4], [1, 3], [4, 1], [3], [4, 3], [4], [3], [1], [1, 3], [4, 1], [3, 4], [2], [1], [0], [1, 2], [0, 1], [2, 0], [1], [2, 1], [2], [1], [0], [0, 1], [2, 0], [1, 2], [4], [3], [1], [3, 4], [1, 3], [4, 1], [3], [4, 3], [4], [3], [1], [1, 3], [4, 1], [3, 4], [3], [2], [0], [2, 3], [0, 2], [3, 0], [2], [3, 2], [3], [2], [0], [0, 2], [3, 0], [2, 3], [3], [4, 3], [4], [3], [2], [2, 3], [4, 2], [3, 4], [0, 2], [2, 3], [2], [1], [0], [1, 2], [0, 1], [2, 0], [1], [2, 1], [2]]}"
3q_100gates_9.qasm,"{'map': {'0': 18, '1': 8, '2': 16, '3': 6}, 'arch': {'width': 5, 'height': 5, 'alg_qubits': [6, 16, 8, 18], 'magic_states': [1, 3, 9, 19, 23, 21, 5, 15]}, 'gates': [[0, 1], [0, 1], [1, 2], [2, 3], [2, 3], [1, 2], [0, 1], [0, 1], [1, 2], [2, 3], [2, 3], [1, 2], [0, 1], [1, 2], [2, 3], [2, 3], [1, 2], [0, 1], [0, 1], [1, 2], [2, 3], [2, 3], [1, 2], [0, 1], [1, 2], [2, 3], [2, 3], [1, 2], [0, 1], [0, 1], [1, 2], [2, 3], [2, 3], [1, 2], [0, 1], [1, 2], [2, 3], [2, 3], [1, 2], [0, 1], [0, 1], [1, 2], [2, 3], [2, 3], [1, 2], [0, 1], [2, 3], [2, 3], [1, 2], [2, 3], [2, 3], [1, 2], [2, 3], [2, 3], [1, 2], [1, 2], [0, 1], [1, 2], [2, 3], [2, 3], [1, 2], [0, 1], [1, 2], [2, 3], [2, 3], [1, 2], [0, 1], [1, 2], [1, 2], [0, 1], [1, 2], [1, 2], [0, 1], [0, 1]]}","{'map': {'0': 18, '1': 16, '2': 8, '3': 6}, 'arch': {'width': 5, 'height': 5, 'alg_qubits': [6, 16, 8, 18], 'magic_states': [1, 3, 9, 19, 23, 21, 5, 15]}, 'gates': [[0, 1], [0, 1], [0, 3], [0, 3], [0, 2], [0, 2], [1, 2], [1, 2], [1, 3], [1, 3], [0, 1], [0, 1], [2, 3], [2, 3], [0, 3], [0, 3], [0, 2], [0, 2], [1, 2], [1, 2], [1, 3], [1, 3], [0, 1], [0, 1], [2, 3], [2, 3], [0, 3], [0, 3], [0, 2], [0, 2], [1, 2], [1, 2], [1, 3], [1, 3], [0, 1], [0, 1], [2, 3], [2, 3], [0, 3], [0, 3], [0, 2], [0, 2], [1, 2], [1, 2], [1, 3], [1, 3], [2, 3], [2, 3]]}","{'map': {'0': 28, '1': 30, '2': 32, '3': 34, '4': 14, '5': 12, '6': 16}, 'arch': {'width': 9, 'height': 5, 'alg_qubits': [10, 28, 12, 30, 14, 32, 16, 34], 'magic_states': [1, 3, 5, 7, 17, 35, 43, 41, 39, 37, 9, 27]}, 'gates': [[1], [2], [0], [2, 1], [0, 2], [1, 0], [2], [1, 2], [1], [2], [0], [0, 2], [1, 0], [2, 1], [0], [2], [6], [2, 0], [6, 2], [0, 6], [2], [0, 2], [0], [2], [6], [6, 2], [0, 6], [2, 0], [5], [1], [2], [1, 5], [2, 1], [5, 2], [1], [5, 1], [5], [1], [2], [2, 1], [5, 2], [1, 5], [3], [4], [1], [4, 3], [1, 4], [3, 1], [4], [3, 4], [3], [4], [1], [1, 4], [3, 1], [4, 3], [5], [1], [2], [1, 5], [2, 1], [5, 2], [1], [5, 1], [5], [1], [2], [2, 1], [5, 2], [1, 5], [0], [2], [6], [2, 0], [6, 2], [0, 6], [2], [0, 2], [0], [2], [6]]}","{'map': {'0': 30, '1': 16, '2': 34, '3': 28, '4': 10, '5': 14, '6': 12, '8': 26}, 'arch': {'width': 9, 'height': 5, 'alg_qubits': [10, 28, 12, 30, 14, 32, 16, 34], 'magic_states': [1, 3, 5, 7, 17, 35, 43, 41, 39, 37, 9, 27]}, 'gates': [[1, 8], [1], [8], [5], [5, 8], [1, 5], [8, 1], [0], [2], [1], [2, 0], [1, 2], [0, 1], [2], [0, 2], [0], [2], [1], [1, 2], [0, 1], [2, 0], [1], [4], [0], [4, 1], [0, 4], [1, 0], [4], [1, 4], [1], [4], [0], [0, 4], [1, 0], [4, 1], [1], [4], [2], [4, 1], [2, 4], [1, 2], [4], [1, 4], [1], [4], [2], [2, 4], [1, 2], [4, 1], [1], [4], [3], [4, 1], [3, 4], [1, 3], [4], [1, 4], [1], [4], [3], [3, 4], [1, 3], [4, 1], [0], [2], [8], [2, 0], [8, 2], [0, 8], [2], [0, 2], [0], [2], [8], [8, 2], [0, 8], [2, 0], [0], [8], [2], [8, 0]]}","{'map': {'0': 22, '1': 8, '2': 26, '3': 12, '4': 24}, 'arch': {'width': 7, 'height': 5, 'alg_qubits': [8, 22, 10, 24, 12, 26], 'magic_states': [1, 3, 5, 13, 27, 33, 31, 29, 7, 21]}, 'gates': [[4, 1], [1, 4], [2], [1], [0], [1, 2], [0, 1], [2, 0], [1], [2, 1], [2], [1], [0], [0, 1], [2, 0], [1, 2], [4], [3], [1], [3, 4], [1, 3], [4, 1], [3], [4, 3], [4], [3], [1], [1, 3], [4, 1], [3, 4], [2], [1], [0], [1, 2], [0, 1], [2, 0], [1], [2, 1], [2], [1], [0], [0, 1], [2, 0], [1, 2], [4], [3], [1], [3, 4], [1, 3], [4, 1], [3], [4, 3], [4], [3], [1], [1, 3], [4, 1], [3, 4], [0], [1], [4], [1, 0], [4, 1], [0, 4], [1], [0, 1], [0], [1], [4], [4, 1], [0, 4], [1, 0], [3], [2], [1], [2, 3], [1, 2], [3, 1], [2], [3, 2], [3]]}"
4q_100gates_38.qasm,"{'map': {'0': 18, '1': 16, '2': 8, '3': 6}, 'arch': {'width': 5, 'height': 5, 'alg_qubits': [6, 16, 8, 18], 'magic_states': [1, 3, 9, 19, 23, 21, 5, 15]}, 'gates': [[0, 1], [0, 1], [0, 3], [0, 3], [0, 2], [0, 2], [1, 2], [1, 2], [1, 3], [1, 3], [0, 1], [0, 1], [2, 3], [2, 3], [0, 3], [0, 3], [0, 2], [0, 2], [1, 2], [1, 2], [1, 3], [1, 3], [0, 1], [0, 1], [2, 3], [2, 3], [0, 3], [0, 3], [0, 2], [0, 2], [1, 2], [1, 2], [1, 3], [1, 3], [0, 1], [0, 1], [2, 3], [2, 3], [0, 3], [0, 3], [0, 2], [0, 2], [1, 2], [1, 2], [1, 3], [1, 3], [2, 3], [2, 3]]}","{'map': {'0': 18, '1': 8, '2': 16, '3': 6}, 'arch': {'width': 5, 'height': 5, 'alg_qubits': [6, 16, 8, 18], 'magic_states': [1, 3, 9, 19, 23, 21, 5, 15]}, 'gates': [[0, 1], [0, 1], [1, 2], [2, 3], [2, 3], [1, 2], [0, 1], [0, 1], [1, 2], [2, 3], [2, 3], [1, 2], [0, 1], [1, 2], [2, 3], [2, 3], [1, 2], [0, 1], [0, 1], [1, 2], [2, 3], [2, 3], [1, 2], [0, 1], [1, 2], [2, 3], [2, 3], [1, 2], [0, 1], [0, 1], [1, 2], [2, 3], [2, 3], [1, 2], [0, 1], [1, 2], [2, 3], [2, 3], [1, 2], [0, 1], [0, 1], [1, 2], [2, 3], [2, 3], [1, 2], [0, 1], [2, 3], [2, 3], [1, 2], [2, 3], [2, 3], [1, 2], [2, 3], [2, 3], [1, 2], [1, 2], [0, 1], [1, 2], [2, 3], [2, 3], [1, 2], [0, 1], [1, 2], [2, 3], [2, 3], [1, 2], [0, 1], [1, 2], [1, 2], [0, 1], [1, 2], [1, 2], [0, 1], [0, 1]]}","{'map': {'0': 10, '1': 22, '2': 12, '3': 8, '4': 24}, 'arch': {'width': 7, 'height': 5, 'alg_qubits': [8, 22, 10, 24, 12, 26], 'magic_states': [1, 3, 5, 13, 27, 33, 31, 29, 7, 21]}, 'gates': [[2, 1], [2, 0], [3], [0], [2], [0, 3], [2, 0], [3, 2], [0], [3, 0], [3], [0], [2], [2, 0], [3, 2], [0, 3], [1], [4], [0], [4, 1], [0, 4], [1, 0], [4], [1, 4], [1], [4], [0], [0, 4], [1, 0], [4, 1], [3], [0], [2], [0, 3], [2, 0], [3, 2], [0], [3, 0], [3], [0], [2], [2, 0], [3, 2], [0, 3], [1], [4], [0], [4, 1], [0, 4], [1, 0], [4], [1, 4], [1], [4], [0], [0, 4], [1, 0], [4, 1], [4, 3], [0], [3], [2], [3, 0], [2, 3], [0, 2], [3], [0, 3], [0], [3], [2], [2, 3], [0, 2], [3, 0]]}","{'map': {'0': 22, '1': 8, '2': 26, '3': 12, '4': 24}, 'arch': {'width': 7, 'height': 5, 'alg_qubits': [8, 22, 10, 24, 12, 26], 'magic_states': [1, 3, 5, 13, 27, 33, 31, 29, 7, 21]}, 'gates': [[4, 1], [1, 4], [2], [1], [0], [1, 2], [0, 1], [2, 0], [1], [2, 1], [2], [1], [0], [0, 1], [2, 0], [1, 2], [4], [3], [1], [3, 4], [1, 3], [4, 1], [3], [4, 3], [4], [3], [1], [1, 3], [4, 1], [3, 4], [2], [1], [0], [1, 2], [0, 1], [2, 0], [1], [2, 1], [2], [1], [0], [0, 1], [2, 0], [1, 2], [4], [3], [1], [3, 4], [1, 3], [4, 1], [3], [4, 3], [4], [3], [1], [1, 3], [4, 1], [3, 4], [0], [1], [4], [1, 0], [4, 1], [0, 4], [1], [0, 1], [0], [1], [4], [4, 1], [0, 4], [1, 0], [3], [2], [1], [2, 3], [1, 2], [3, 1], [2], [3, 2], [3]]}","{'map': {'0': 26, '1': 24, '2': 10, '3': 8, '4': 22}, 'arch': {'width': 7, 'height': 5, 'alg_qubits': [8, 22, 10, 24, 12, 26], 'magic_states': [1, 3, 5, 13, 27, 33, 31, 29, 7, 21]}, 'gates': [[0], [0, 4], [1, 0], [4, 1], [3], [0], [2], [0, 3], [2, 0], [3, 2], [0], [3, 0], [3], [0], [2], [2, 0], [3, 2], [0, 3], [1], [4], [0], [4, 1], [0, 4], [1, 0], [4], [1, 4], [1], [4], [0], [0, 4], [1, 0], [4, 1], [1, 4], [4, 2], [2], [0], [4], [0, 2], [4, 0], [2, 4], [0], [2, 0], [2], [0], [4], [4, 0], [2, 4], [0, 2], [0, 4], [0], [4], [3], [3, 4], [0, 3], [4, 0], [2, 0], [3], [0], [2], [0, 3], [2, 0], [3, 2], [0], [3, 0], [3], [0], [2], [2, 0], [3, 2], [0, 3], [1], [4], [0], [4, 1], [0, 4], [1, 0], [4], [1, 4], [1], [4]]}"
9q_100gates_48.qasm,"{'map': {'0': 40, '1': 38, '2': 18, '3': 36, '4': 20, '5': 16, '6': 12, '7': 42, '8': 14}, 'arch': {'width': 11, 'height': 5, 'alg_qubits': [12, 34, 14, 36, 16, 38, 18, 40, 20, 42], 'magic_states': [1, 3, 5, 7, 9, 21, 43, 53, 51, 49, 47, 45, 11, 33]}, 'gates': [[8], [6], [2], [2, 6], [8, 2], [6, 8], [5], [2], [1], [2, 5], [1, 2], [5, 1], [2], [5, 2], [5], [2], [1], [1, 2], [5, 1], [2, 5], [0], [4], [7], [4, 0], [7, 4], [0, 7], [4], [0, 4], [0], [4], [7], [7, 4], [0, 7], [4, 0], [1], [5], [4], [5, 1], [4, 5], [1, 4], [5], [1, 5], [1], [5], [4], [4, 5], [1, 4], [5, 1], [3], [2], [5], [2, 3], [5, 2], [3, 5], [2], [3, 2], [3], [2], [5], [5, 2], [3, 5], [2, 3], [1], [5], [4], [5, 1], [4, 5], [1, 4], [5], [1, 5], [1], [5], [4], [4, 5], [1, 4], [5, 1], [0], [4], [7], [4, 0], [7, 4]]}","{'map': {'0': 42, '1': 12, '2': 36, '3': 14, '4': 20, '5': 18, '6': 34, '7': 40, '8': 38}, 'arch': {'width': 11, 'height': 5, 'alg_qubits': [12, 34, 14, 36, 16, 38, 18, 40, 20, 42], 'magic_states': [1, 3, 5, 7, 9, 21, 43, 53, 51, 49, 47, 45, 11, 33]}, 'gates': [[6], [2], [2, 6], [7, 2], [6, 7], [5], [2], [1], [2, 5], [1, 2], [5, 1], [2], [5, 2], [5], [2], [1], [1, 2], [5, 1], [2, 5], [0], [4], [8], [4, 0], [8, 4], [0, 8], [4], [0, 4], [0], [4], [8], [8, 4], [0, 8], [4, 0], [1], [5], [4], [5, 1], [4, 5], [1, 4], [5], [1, 5], [1], [5], [4], [4, 5], [1, 4], [5, 1], [3], [2], [5], [2, 3], [5, 2], [3, 5], [2], [3, 2], [3], [2], [5], [5, 2], [3, 5], [2, 3], [1], [5], [4], [5, 1], [4, 5], [1, 4], [5], [1, 5], [1], [5], [4], [4, 5], [1, 4], [5, 1], [0], [4], [8], [4, 0], [8, 4], [0, 8]]}","{'map': {'0': 20, '1': 12, '2': 16, '3': 42, '4': 34, '5': 40, '6': 38, '7': 36, '8': 14, '9': 18}, 'arch': {'width': 11, 'height': 5, 'alg_qubits': [12, 34, 14, 36, 16, 38, 18, 40, 20, 42], 'magic_states': [1, 3, 5, 7, 9, 21, 43, 53, 51, 49, 47, 45, 11, 33]}, 'gates': [[8], [1], [9], [9, 1], [8, 9], [1, 8], [7], [2], [1], [2, 7], [1, 2], [7, 1], [2], [7, 2], [7], [2], [1], [1, 2], [7, 1], [2, 7], [0], [6], [2], [6, 0], [2, 6], [0, 2], [6], [0, 6], [0], [6], [2], [2, 6], [0, 2], [6, 0], [7], [2], [1], [2, 7], [1, 2], [7, 1], [2], [7, 2], [7], [2], [1], [1, 2], [7, 1], [2, 7], [5], [6], [0], [6, 5], [0, 6], [5, 0], [6], [5, 6], [5], [6], [0], [0, 6], [5, 0], [6, 5], [4], [7], [6], [7, 4], [6, 7], [4, 6], [7], [4, 7], [4], [7], [6], [6, 7], [4, 6], [7, 4], [3], [8], [7], [8, 3], [7, 8]]}","{'map': {'0': 36, '1': 16, '2': 38, '3': 34, '4': 42, '5': 14, '6': 12, '7': 18, '8': 40}, 'arch': {'width': 11, 'height': 5, 'alg_qubits': [12, 34, 14, 36, 16, 38, 18, 40, 20, 42], 'magic_states': [1, 3, 5, 7, 9, 21, 43, 53, 51, 49, 47, 45, 11, 33]}, 'gates': [[0], [6], [2], [2, 6], [0, 2], [6, 0], [7], [2], [1], [2, 7], [1, 2], [7, 1], [2], [7, 2], [7], [2], [1], [1, 2], [7, 1], [2, 7], [5], [6], [0], [6, 5], [0, 6], [5, 0], [6], [5, 6], [5], [6], [0], [0, 6], [5, 0], [6, 5], [4], [7], [6], [7, 4], [6, 7], [4, 6], [7], [4, 7], [4], [7], [6], [6, 7], [4, 6], [7, 4], [3], [8], [7], [8, 3], [7, 8], [3, 7], [8], [3, 8], [3], [8], [7], [7, 8], [3, 7], [8, 3], [1], [2], [8], [2, 1], [8, 2], [1, 8], [2], [1, 2], [1], [2], [8], [8, 2], [1, 8], [2, 1], [3], [8], [7], [8, 3], [7, 8]]}","{'map': {'0': 36, '1': 16, '2': 38, '3': 34, '4': 42, '5': 14, '6': 12, '7': 18, '8': 40}, 'arch': {'width': 11, 'height': 5, 'alg_qubits': [12, 34, 14, 36, 16, 38, 18, 40, 20, 42], 'magic_states': [1, 3, 5, 7, 9, 21, 43, 53, 51, 49, 47, 45, 11, 33]}, 'gates': [[0], [6], [2], [2, 6], [0, 2], [6, 0], [7], [2], [1], [2, 7], [1, 2], [7, 1], [2], [7, 2], [7], [2], [1], [1, 2], [7, 1], [2, 7], [5], [6], [0], [6, 5], [0, 6], [5, 0], [6], [5, 6], [5], [6], [0], [0, 6], [5, 0], [6, 5], [4], [7], [6], [7, 4], [6, 7], [4, 6], [7], [4, 7], [4], [7], [6], [6, 7], [4, 6], [7, 4], [3], [8], [7], [8, 3], [7, 8], [3, 7], [8], [3, 8], [3], [8], [7], [7, 8], [3, 7], [8, 3], [1], [2], [8], [2, 1], [8, 2], [1, 8], [2], [1, 2], [1], [2], [8], [8, 2], [1, 8], [2, 1], [3], [8], [7], [8, 3], [7, 8]]}"
4q_100gates_0.qasm,"{'map': {'0': 18, '1': 16, '2': 8, '3': 6}, 'arch': {'width': 5, 'height': 5, 'alg_qubits': [6, 16, 8, 18], 'magic_states': [1, 3, 9, 19, 23, 21, 5, 15]}, 'gates': [[0, 1], [0, 1], [0, 3], [0, 3], [0, 2], [0, 2], [1, 2], [1, 2], [1, 3], [1, 3], [0, 1], [0, 1], [2, 3], [2, 3], [0, 3], [0, 3], [0, 2], [0, 2], [1, 2], [1, 2], [1, 3], [1, 3], [0, 1], [0, 1], [2, 3], [2, 3], [0, 3], [0, 3], [0, 2], [0, 2], [1, 2], [1, 2], [1, 3], [1, 3], [0, 1], [0, 1], [2, 3], [2, 3], [0, 3], [0, 3], [0, 2], [0, 2], [1, 2], [1, 2], [1, 3], [1, 3], [2, 3], [2, 3]]}","{'map': {'0': 10, '1': 22, '2': 12, '3': 8, '4': 24}, 'arch': {'width': 7, 'height': 5, 'alg_qubits': [8, 22, 10, 24, 12, 26], 'magic_states': [1, 3, 5, 13, 27, 33, 31, 29, 7, 21]}, 'gates': [[2, 1], [2, 0], [3], [0], [2], [0, 3], [2, 0], [3, 2], [0], [3, 0], [3], [0], [2], [2, 0], [3, 2], [0, 3], [1], [4], [0], [4, 1], [0, 4], [1, 0], [4], [1, 4], [1], [4], [0], [0, 4], [1, 0], [4, 1], [3], [0], [2], [0, 3], [2, 0], [3, 2], [0], [3, 0], [3], [0], [2], [2, 0], [3, 2], [0, 3], [1], [4], [0], [4, 1], [0, 4], [1, 0], [4], [1, 4], [1], [4], [0], [0, 4], [1, 0], [4, 1], [4, 3], [0], [3], [2], [3, 0], [2, 3], [0, 2], [3], [0, 3], [0], [3], [2], [2, 3], [0, 2], [3, 0]]}","{'map': {'0': 10, '1': 22, '2': 8, '3': 26, '4': 24}, 'arch': {'width': 7, 'height': 5, 'alg_qubits': [8, 22, 10, 24, 12, 26], 'magic_states': [1, 3, 5, 13, 27, 33, 31, 29, 7, 21]}, 'gates': [[2, 1], [1], [2, 0], [0], [2], [3], [0, 3], [2, 0], [0], [3, 2], [2], [3, 0], [0], [2, 0], [3], [3, 2], [0, 3], [0], [2], [3], [4], [4, 1], [0, 4], [1, 0], [0], [4], [1, 4], [1], [4], [0, 4], [1, 0], [0], [0, 3], [2, 0], [0], [3, 2], [2], [3, 0], [0], [2, 0], [3], [3, 2], [0, 3], [0], [2], [4, 1], [1], [4], [4, 1], [0, 4], [1, 0], [0], [4], [1, 4], [1], [4], [0, 4], [1, 0], [0], [4, 1], [4, 3], [3], [3, 0], [2, 3], [0, 2], [2], [3], [0, 3], [0], [3], [2, 3], [0, 2], [3, 0]]}","{'map': {'0': 26, '1': 24, '2': 10, '3': 8, '4': 22}, 'arch': {'width': 7, 'height': 5, 'alg_qubits': [8, 22, 10, 24, 12, 26], 'magic_states': [1, 3, 5, 13, 27, 33, 31, 29, 7, 21]}, 'gates': [[0], [0, 4], [1, 0], [4, 1], [3], [0], [2], [0, 3], [2, 0], [3, 2], [0], [3, 0], [3], [0], [2], [2, 0], [3, 2], [0, 3], [1], [4], [0], [4, 1], [0, 4], [1, 0], [4], [1, 4], [1], [4], [0], [0, 4], [1, 0], [4, 1], [1, 4], [4, 2], [2], [0], [4], [0, 2], [4, 0], [2, 4], [0], [2, 0], [2], [0], [4], [4, 0], [2, 4], [0, 2], [0, 4], [0], [4], [3], [3, 4], [0, 3], [4, 0], [2, 0], [3], [0], [2], [0, 3], [2, 0], [3, 2], [0], [3, 0], [3], [0], [2], [2, 0], [3, 2], [0, 3], [1], [4], [0], [4, 1], [0, 4], [1, 0], [4], [1, 4], [1], [4]]}","{'map': {'0': 8, '1': 10, '2': 12, '3': 26, '4': 22}, 'arch': {'width': 7, 'height': 5, 'alg_qubits': [8, 22, 10, 24, 12, 26], 'magic_states': [1, 3, 5, 13, 27, 33, 31, 29, 7, 21]}, 'gates': [[1, 2], [1], [2], [0], [0, 2], [1, 0], [2, 1], [0, 3], [3, 2], [0], [2], [3], [2, 0], [3, 2], [0, 3], [2], [0, 2], [0], [2], [3], [3, 2], [0, 3], [2, 0], [0], [3], [1], [3, 0], [1, 3], [0, 1], [3], [0, 3], [0], [3], [1], [1, 3], [0, 1], [3, 0], [0], [1], [2], [1, 0], [2, 1], [0, 2], [1], [0, 1], [0], [1], [2], [2, 1], [0, 2], [1, 0], [4], [3, 4], [3], [4], [0], [0, 4], [3, 0], [4, 3], [1], [2], [4], [2, 1], [4, 2], [1, 4], [2], [1, 2], [1], [2], [4], [4, 2], [1, 4], [2, 1], [1], [2], [0], [2, 1], [0, 2], [1, 0], [2]]}"
4q_100gates_10.qasm,"{'map': {'0': 18, '1': 8, '2': 16, '3': 6}, 'arch': {'width': 5, 'height': 5, 'alg_qubits': [6, 16, 8, 18], 'magic_states': [1, 3, 9, 19, 23, 21, 5, 15]}, 'gates': [[0, 1], [0, 1], [1, 2], [2, 3], [2, 3], [1, 2], [0, 1], [0, 1], [1, 2], [2, 3], [2, 3], [1, 2], [0, 1], [1, 2], [2, 3], [2, 3], [1, 2], [0, 1], [0, 1], [1, 2], [2, 3], [2, 3], [1, 2], [0, 1], [1, 2], [2, 3], [2, 3], [1, 2], [0, 1], [0, 1], [1, 2], [2, 3], [2, 3], [1, 2], [0, 1], [1, 2], [2, 3], [2, 3], [1, 2], [0, 1], [0, 1], [1, 2], [2, 3], [2, 3], [1, 2], [0, 1], [2, 3], [2, 3], [1, 2], [2, 3], [2, 3], [1, 2], [2, 3], [2, 3], [1, 2], [1, 2], [0, 1], [1, 2], [2, 3], [2, 3], [1, 2], [0, 1], [1, 2], [2, 3], [2, 3], [1, 2], [0, 1], [1, 2], [1, 2], [0, 1], [1, 2], [1, 2], [0, 1], [0, 1]]}","{'map': {'0': 22, '1': 8, '2': 26, '3': 12, '4': 24}, 'arch': {'width': 7, 'height': 5, 'alg_qubits': [8, 22, 10, 24, 12, 26], 'magic_states': [1, 3, 5, 13, 27, 33, 31, 29, 7, 21]}, 'gates': [[4, 1], [1, 4], [2], [1], [0], [1, 2], [0, 1], [2, 0], [1], [2, 1], [2], [1], [0], [0, 1], [2, 0], [1, 2], [4], [3], [1], [3, 4], [1, 3], [4, 1], [3], [4, 3], [4], [3], [1], [1, 3], [4, 1], [3, 4], [2], [1], [0], [1, 2], [0, 1], [2, 0], [1], [2, 1], [2], [1], [0], [0, 1], [2, 0], [1, 2], [4], [3], [1], [3, 4], [1, 3], [4, 1], [3], [4, 3], [4], [3], [1], [1, 3], [4, 1], [3, 4], [0], [1], [4], [1, 0], [4, 1], [0, 4], [1], [0, 1], [0], [1], [4], [4, 1], [0, 4], [1, 0], [3], [2], [1], [2, 3], [1, 2], [3, 1], [2], [3, 2], [3]]}","{'map': {'0': 12, '1': 26, '2': 8, '3': 24, '4': 22}, 'arch': {'width': 7, 'height': 5, 'alg_qubits': [8, 22, 10, 24, 12, 26], 'magic_states': [1, 3, 5, 13, 27, 33, 31, 29, 7, 21]}, 'gates': [[4], [4, 1], [0, 4], [1, 0], [3], [2], [1], [2, 3], [1, 2], [3, 1], [2], [3, 2], [3], [2], [1], [1, 2], [3, 1], [2, 3], [0], [1], [4], [1, 0], [4, 1], [0, 4], [1], [0, 1], [0], [1], [4], [4, 1], [0, 4], [1, 0], [3], [2], [1], [2, 3], [1, 2], [3, 1], [2], [3, 2], [3], [2], [1], [1, 2], [3, 1], [2, 3], [0], [3], [2], [3, 0], [2, 3], [0, 2], [3], [0, 3], [0], [3], [2], [2, 3], [0, 2], [3, 0], [0, 3], [4, 1], [3], [4, 3], [4], [3], [1], [1, 3], [4, 1], [3, 4], [0], [1], [4], [1, 0], [4, 1], [0, 4], [1], [0, 1], [0], [1]]}","{'map': {'0': 22, '1': 10, '2': 24, '3': 12, '4': 26}, 'arch': {'width': 7, 'height': 5, 'alg_qubits': [8, 22, 10, 24, 12, 26], 'magic_states': [1, 3, 5, 13, 27, 33, 31, 29, 7, 21]}, 'gates': [[4], [4, 1], [3, 4], [1, 3], [0], [2], [1], [2, 0], [1, 2], [0, 1], [2], [0, 2], [0], [2], [1], [1, 2], [0, 1], [2, 0], [3], [1], [4], [1, 3], [4, 1], [3, 4], [1], [3, 1], [3], [1], [4], [4, 1], [3, 4], [1, 3], [0], [2], [1], [2, 0], [1, 2], [0, 1], [2], [0, 2], [0], [2], [1], [1, 2], [0, 1], [2, 0], [0], [3], [2], [3, 0], [2, 3], [0, 2], [3], [0, 3], [0], [3], [2], [2, 3], [0, 2], [3, 0], [0, 3], [2, 1], [3], [2, 3], [2], [3], [1], [1, 3], [2, 1], [3, 2], [3], [1], [4], [1, 3], [4, 1], [3, 4], [1], [3, 1], [3], [1]]}","{'map': {'0': 18, '1': 16, '2': 8, '3': 6}, 'arch': {'width': 5, 'height': 5, 'alg_qubits': [6, 16, 8, 18], 'magic_states': [1, 3, 9, 19, 23, 21, 5, 15]}, 'gates': [[0, 1], [0, 1], [0, 3], [0, 3], [0, 2], [0, 2], [1, 2], [1, 2], [1, 3], [1, 3], [0, 1], [0, 1], [2, 3], [2, 3], [0, 3], [0, 3], [0, 2], [0, 2], [1, 2], [1, 2], [1, 3], [1, 3], [0, 1], [0, 1], [2, 3], [2, 3], [0, 3], [0, 3], [0, 2], [0, 2], [1, 2], [1, 2], [1, 3], [1, 3], [0, 1], [0, 1], [2, 3], [2, 3], [0, 3], [0, 3], [0, 2], [0, 2], [1, 2], [1, 2], [1, 3], [1, 3], [2, 3], [2, 3]]}"
4q_100gates_34.qasm,"{'map': {'0': 18, '1': 8, '2': 16, '3': 6}, 'arch': {'width': 5, 'height': 5, 'alg_qubits': [6, 16, 8, 18], 'magic_states': [1, 3, 9, 19, 23, 21, 5, 15]}, 'gates': [[0, 1], [0, 1], [1, 2], [2, 3], [2, 3], [1, 2], [0, 1], [0, 1], [1, 2], [2, 3], [2, 3], [1, 2], [0, 1], [1, 2], [2, 3], [2, 3], [1, 2], [0, 1], [0, 1], [1, 2], [2, 3], [2, 3], [1, 2], [0, 1], [1, 2], [2, 3], [2, 3], [1, 2], [0, 1], [0, 1], [1, 2], [2, 3], [2, 3], [1, 2], [0, 1], [1, 2], [2, 3], [2, 3], [1, 2], [0, 1], [0, 1], [1, 2], [2, 3], [2, 3], [1, 2], [0, 1], [2, 3], [2, 3], [1, 2], [2, 3], [2, 3], [1, 2], [2, 3], [2, 3], [1, 2], [1, 2], [0, 1], [1, 2], [2, 3], [2, 3], [1, 2], [0, 1], [1, 2], [2, 3], [2, 3], [1, 2], [0, 1], [1, 2], [1, 2], [0, 1], [1, 2], [1, 2], [0, 1], [0, 1]]}","{'map': {'0': 16, '1': 18, '2': 8}, 'arch': {'width': 5, 'height': 5, 'alg_qubits': [6, 16, 8, 18], 'magic_states': [1, 3, 9, 19, 23, 21, 5, 15]}, 'gates': [[1], [1], [1], [1], [1], [1], [1], [1], [1], [1], [1], [1], [1], [1], [1], [1], [1], [1], [1], [1], [1], [1], [1], [0, 1], [1, 2], [2], [2], [2], [2], [2], [2], [2], [2], [2], [2], [2], [2], [2], [2], [2], [2], [2], [2], [2], [2], [2], [2], [2], [2], [2], [2], [2], [2], [2], [2], [2], [2], [2], [2], [2], [2], [2], [2], [2], [2], [2], [2], [2], [2], [2], [2], [2], [2], [2], [2], [2], [2], [2], [2], [2], [2]]}","{'map': {'0': 22, '1': 8, '2': 26, '3': 12, '4': 24}, 'arch': {'width': 7, 'height': 5, 'alg_qubits': [8, 22, 10, 24, 12, 26], 'magic_states': [1, 3, 5, 13, 27, 33, 31, 29, 7, 21]}, 'gates': [[4, 1], [1, 4], [2], [1], [0], [1, 2], [0, 1], [2, 0], [1], [2, 1], [2], [1], [0], [0, 1], [2, 0], [1, 2], [4], [3], [1], [3, 4], [1, 3], [4, 1], [3], [4, 3], [4], [3], [1], [1, 3], [4, 1], [3, 4], [2], [1], [0], [1, 2], [0, 1], [2, 0], [1], [2, 1], [2], [1], [0], [0, 1], [2, 0], [1, 2], [4], [3], [1], [3, 4], [1, 3], [4, 1], [3], [4, 3], [4], [3], [1], [1, 3], [4, 1], [3, 4], [0], [1], [4], [1, 0], [4, 1], [0, 4], [1], [0, 1], [0], [1], [4], [4, 1], [0, 4], [1, 0], [3], [2], [1], [2, 3], [1, 2], [3, 1], [2], [3, 2], [3]]}","{'map': {'0': 22, '1': 10, '2': 24, '3': 12, '4': 26}, 'arch': {'width': 7, 'height': 5, 'alg_qubits': [8, 22, 10, 24, 12, 26], 'magic_states': [1, 3, 5, 13, 27, 33, 31, 29, 7, 21]}, 'gates': [[4], [4, 1], [3, 4], [1, 3], [0], [2], [1], [2, 0], [1, 2], [0, 1], [2], [0, 2], [0], [2], [1], [1, 2], [0, 1], [2, 0], [3], [1], [4], [1, 3], [4, 1], [3, 4], [1], [3, 1], [3], [1], [4], [4, 1], [3, 4], [1, 3], [0], [2], [1], [2, 0], [1, 2], [0, 1], [2], [0, 2], [0], [2], [1], [1, 2], [0, 1], [2, 0], [0], [3], [2], [3, 0], [2, 3], [0, 2], [3], [0, 3], [0], [3], [2], [2, 3], [0, 2], [3, 0], [0, 3], [2, 1], [3], [2, 3], [2], [3], [1], [1, 3], [2, 1], [3, 2], [3], [1], [4], [1, 3], [4, 1], [3, 4], [1], [3, 1], [3], [1]]}","{'map': {'0': 8, '1': 22, '2': 10, '3': 12, '4': 26}, 'arch': {'width': 7, 'height': 5, 'alg_qubits': [8, 22, 10, 24, 12, 26], 'magic_states': [1, 3, 5, 13, 27, 33, 31, 29, 7, 21]}, 'gates': [[2], [1], [1, 2], [3, 1], [2, 3], [0], [1], [4], [1, 0], [4, 1], [0, 4], [1], [0, 1], [0], [1], [4], [4, 1], [0, 4], [1, 0], [3], [2], [1], [2, 3], [1, 2], [3, 1], [2], [3, 2], [3], [2], [1], [1, 2], [3, 1], [2, 3], [0, 1], [2, 0], [1], [2, 1], [2], [1], [0], [0, 1], [2, 0], [1, 2], [4], [3], [1], [3, 4], [1, 3], [4, 1], [3], [4, 3], [4], [3], [1], [1, 3], [4, 1], [3, 4], [0], [1], [4], [1, 0], [4, 1], [0, 4], [1], [0, 1], [0], [1], [4], [4, 1], [0, 4], [1, 0], [3], [2], [1], [2, 3], [1, 2], [3, 1], [2], [3, 2], [3]]}"
3q_100gates_4.qasm,"{'map': {'0': 18, '1': 16, '2': 8, '3': 6}, 'arch': {'width': 5, 'height': 5, 'alg_qubits': [6, 16, 8, 18], 'magic_states': [1, 3, 9, 19, 23, 21, 5, 15]}, 'gates': [[0, 1], [0, 1], [0, 3], [0, 3], [0, 2], [0, 2], [1, 2], [1, 2], [1, 3], [1, 3], [0, 1], [0, 1], [2, 3], [2, 3], [0, 3], [0, 3], [0, 2], [0, 2], [1, 2], [1, 2], [1, 3], [1, 3], [0, 1], [0, 1], [2, 3], [2, 3], [0, 3], [0, 3], [0, 2], [0, 2], [1, 2], [1, 2], [1, 3], [1, 3], [0, 1], [0, 1], [2, 3], [2, 3], [0, 3], [0, 3], [0, 2], [0, 2], [1, 2], [1, 2], [1, 3], [1, 3], [2, 3], [2, 3]]}","{'map': {'0': 10, '1': 14, '2': 28, '3': 32, '4': 34, '5': 12, '6': 16}, 'arch': {'width': 9, 'height': 5, 'alg_qubits': [10, 28, 12, 30, 14, 32, 16, 34], 'magic_states': [1, 3, 5, 7, 17, 35, 43, 41, 39, 37, 9, 27]}, 'gates': [[1, 2], [0, 1], [2], [0, 2], [0], [2], [1], [1, 2], [0, 1], [2, 0], [0], [1], [2], [1, 0], [2, 1], [0, 2], [1], [0, 1], [0], [1], [2], [2, 1], [0, 2], [1, 0], [0], [1], [3], [1, 0], [3, 1], [0, 3], [1], [0, 1], [0], [1], [3], [3, 1], [0, 3], [1, 0], [0], [1], [4], [1, 0], [4, 1], [0, 4], [1], [0, 1], [0], [1], [4], [4, 1], [0, 4], [1, 0], [0], [1], [5], [1, 0], [5, 1], [0, 5], [1], [0, 1], [0], [1], [5], [5, 1], [0, 5], [1, 0], [0], [1], [6], [1, 0], [6, 1], [0, 6], [1], [0, 1], [0], [1], [6], [6, 1], [0, 6], [1, 0], [0]]}","{'map': {'0': 14, '1': 16, '2': 28, '3': 10, '4': 34, '5': 30, '6': 12, '7': 32}, 'arch': {'width': 9, 'height': 5, 'alg_qubits': [10, 28, 12, 30, 14, 32, 16, 34], 'magic_states': [1, 3, 5, 7, 17, 35, 43, 41, 39, 37, 9, 27]}, 'gates': [[3], [2], [2, 3], [5, 2], [3, 5], [0], [2], [1], [2, 0], [1, 2], [0, 1], [2], [0, 2], [0], [2], [1], [1, 2], [0, 1], [2, 0], [0], [1], [4], [1, 0], [4, 1], [0, 4], [1], [0, 1], [0], [1], [4], [4, 1], [0, 4], [1, 0], [0], [4], [5], [4, 0], [5, 4], [0, 5], [4], [0, 4], [0], [4], [5], [5, 4], [0, 5], [4, 0], [0], [5], [1], [5, 0], [1, 5], [0, 1], [5], [0, 5], [0], [5], [1], [1, 5], [0, 1], [5, 0], [0], [1], [6], [1, 0], [6, 1], [0, 6], [1], [0, 1], [0], [1], [6], [6, 1], [0, 6], [1, 0], [0], [1], [7], [1, 0], [7, 1], [0, 7]]}","{'map': {'0': 18, '1': 8, '2': 16, '3': 6}, 'arch': {'width': 5, 'height': 5, 'alg_qubits': [6, 16, 8, 18], 'magic_states': [1, 3, 9, 19, 23, 21, 5, 15]}, 'gates': [[0, 1], [0, 1], [1, 2], [2, 3], [2, 3], [1, 2], [0, 1], [0, 1], [1, 2], [2, 3], [2, 3], [1, 2], [0, 1], [1, 2], [2, 3], [2, 3], [1, 2], [0, 1], [0, 1], [1, 2], [2, 3], [2, 3], [1, 2], [0, 1], [1, 2], [2, 3], [2, 3], [1, 2], [0, 1], [0, 1], [1, 2], [2, 3], [2, 3], [1, 2], [0, 1], [1, 2], [2, 3], [2, 3], [1, 2], [0, 1], [0, 1], [1, 2], [2, 3], [2, 3], [1, 2], [0, 1], [2, 3], [2, 3], [1, 2], [2, 3], [2, 3], [1, 2], [2, 3], [2, 3], [1, 2], [1, 2], [0, 1], [1, 2], [2, 3], [2, 3], [1, 2], [0, 1], [1, 2], [2, 3], [2, 3], [1, 2], [0, 1], [1, 2], [1, 2], [0, 1], [1, 2], [1, 2], [0, 1], [0, 1]]}","{'map': {'0': 12, '1': 16, '2': 30, '3': 14, '4': 34, '5': 32, '6': 10, '7': 28}, 'arch': {'width': 9, 'height': 5, 'alg_qubits': [10, 28, 12, 30, 14, 32, 16, 34], 'magic_states': [1, 3, 5, 7, 17, 35, 43, 41, 39, 37, 9, 27]}, 'gates': [[5, 4], [0, 5], [4, 0], [0], [1], [4], [1, 0], [4, 1], [0, 4], [1], [0, 1], [0], [1], [4], [4, 1], [0, 4], [1, 0], [0], [2], [1], [2, 0], [1, 2], [0, 1], [2], [0, 2], [0], [2], [1], [1, 2], [0, 1], [2, 0], [5], [3], [2], [3, 5], [2, 3], [5, 2], [3], [5, 3], [5], [3], [2], [2, 3], [5, 2], [3, 5], [7], [6], [3], [6, 7], [3, 6], [7, 3], [6], [7, 6], [7], [6], [3], [3, 6], [7, 3], [6, 7], [5], [3], [2], [3, 5], [2, 3], [5, 2], [3], [5, 3], [5], [3], [2], [2, 3], [5, 2], [3, 5], [0], [2], [1], [2, 0], [1, 2], [0, 1], [2], [0, 2]]}"
3q_100gates_21.qasm,"{'map': {'0': 18, '1': 16, '2': 8, '3': 6}, 'arch': {'width': 5, 'height': 5, 'alg_qubits': [6, 16, 8, 18], 'magic_states': [1, 3, 9, 19, 23, 21, 5, 15]}, 'gates': [[0, 1], [0, 1], [0, 3], [0, 3], [0, 2], [0, 2], [1, 2], [1, 2], [1, 3], [1, 3], [0, 1], [0, 1], [2, 3], [2, 3], [0, 3], [0, 3], [0, 2], [0, 2], [1, 2], [1, 2], [1, 3], [1, 3], [0, 1], [0, 1], [2, 3], [2, 3], [0, 3], [0, 3], [0, 2], [0, 2], [1, 2], [1, 2], [1, 3], [1, 3], [0, 1], [0, 1], [2, 3], [2, 3], [0, 3], [0, 3], [0, 2], [0, 2], [1, 2], [1, 2], [1, 3], [1, 3], [2, 3], [2, 3]]}","{'map': {'0': 18, '1': 8, '2': 16, '3': 6}, 'arch': {'width': 5, 'height': 5, 'alg_qubits': [6, 16, 8, 18], 'magic_states': [1, 3, 9, 19, 23, 21, 5, 15]}, 'gates': [[0, 1], [0, 1], [1, 2], [2, 3], [2, 3], [1, 2], [0, 1], [0, 1], [1, 2], [2, 3], [2, 3], [1, 2], [0, 1], [1, 2], [2, 3], [2, 3], [1, 2], [0, 1], [0, 1], [1, 2], [2, 3], [2, 3], [1, 2], [0, 1], [1, 2], [2, 3], [2, 3], [1, 2], [0, 1], [0, 1], [1, 2], [2, 3], [2, 3], [1, 2], [0, 1], [1, 2], [2, 3], [2, 3], [1, 2], [0, 1], [0, 1], [1, 2], [2, 3], [2, 3], [1, 2], [0, 1], [2, 3], [2, 3], [1, 2], [2, 3], [2, 3], [1, 2], [2, 3], [2, 3], [1, 2], [1, 2], [0, 1], [1, 2], [2, 3], [2, 3], [1, 2], [0, 1], [1, 2], [2, 3], [2, 3], [1, 2], [0, 1], [1, 2], [1, 2], [0, 1], [1, 2], [1, 2], [0, 1], [0, 1]]}","{'map': {'0': 8, '1': 12, '2': 10, '3': 26, '4': 24}, 'arch': {'width': 7, 'height': 5, 'alg_qubits': [8, 22, 10, 24, 12, 26], 'magic_states': [1, 3, 5, 13, 27, 33, 31, 29, 7, 21]}, 'gates': [[0], [4], [1], [4, 0], [1, 4], [0, 1], [4], [0, 4], [0], [4], [1], [1, 4], [0, 1], [4, 0], [1], [2], [0], [2, 1], [0, 2], [1, 0], [2], [1, 2], [1], [2], [0], [0, 2], [1, 0], [2, 1], [4], [3], [2], [3, 4], [2, 3], [4, 2], [3], [4, 3], [4], [3], [2], [2, 3], [4, 2], [3, 4], [1], [2], [0], [2, 1], [0, 2], [1, 0], [2], [1, 2], [1], [2], [0], [0, 2], [1, 0], [2, 1], [4], [3], [2], [3, 4], [2, 3], [4, 2], [3], [4, 3], [4], [3], [2], [2, 3], [4, 2], [3, 4], [0, 2], [2, 3], [2], [1], [0], [1, 2], [0, 1], [2, 0], [1], [2, 1], [2]]}","{'map': {'0': 26, '1': 24, '2': 8, '3': 22, '4': 10}, 'arch': {'width': 7, 'height': 5, 'alg_qubits': [8, 22, 10, 24, 12, 26], 'magic_states': [1, 3, 5, 13, 27, 33, 31, 29, 7, 21]}, 'gates': [[4], [1], [0], [1, 4], [0, 1], [4, 0], [1], [4, 1], [4], [1], [0], [0, 1], [4, 0], [1, 4], [1, 4], [2], [1], [0], [1, 2], [0, 1], [2, 0], [1], [2, 1], [2], [1], [0], [0, 1], [2, 0], [1, 2], [4], [3], [1], [3, 4], [1, 3], [4, 1], [3], [4, 3], [4], [3], [1], [1, 3], [4, 1], [3, 4], [2], [1], [0], [1, 2], [0, 1], [2, 0], [1], [2, 1], [2], [1], [0], [0, 1], [2, 0], [1, 2], [4], [3], [1], [3, 4], [1, 3], [4, 1], [3], [4, 3], [4], [3], [1], [1, 3], [4, 1], [3, 4], [0], [1], [4], [1, 0], [4, 1], [0, 4], [1], [0, 1], [0], [1]]}","{'map': {'0': 22, '1': 8, '2': 10, '3': 24, '4': 12}, 'arch': {'width': 7, 'height': 5, 'alg_qubits': [8, 22, 10, 24, 12, 26], 'magic_states': [1, 3, 5, 13, 27, 33, 31, 29, 7, 21]}, 'gates': [[2], [0], [1], [0, 2], [1, 0], [2, 1], [0], [2, 0], [2], [0], [1], [1, 0], [2, 1], [0, 2], [4], [3], [0], [3, 4], [0, 3], [4, 0], [3], [4, 3], [4], [3], [0], [0, 3], [4, 0], [3, 4], [2], [0], [1], [0, 2], [1, 0], [2, 1], [0], [2, 0], [2], [0], [1], [1, 0], [2, 1], [0, 2], [4], [3], [0], [3, 4], [0, 3], [4, 0], [3], [4, 3], [4], [3], [0], [0, 3], [4, 0], [3, 4], [3, 4], [1], [3], [2], [3, 1], [2, 3], [1, 2], [3], [1, 3], [1], [3], [2], [2, 3], [1, 2], [3, 1], [4], [2], [0], [2, 4], [0, 2], [4, 0], [2], [4, 2], [4], [2]]}"
3q_100gates_1.qasm,"{'map': {'0': 18, '1': 8, '2': 16, '3': 6}, 'arch': {'width': 5, 'height': 5, 'alg_qubits': [6, 16, 8, 18], 'magic_states': [1, 3, 9, 19, 23, 21, 5, 15]}, 'gates': [[0, 1], [0, 1], [1, 2], [2, 3], [2, 3], [1, 2], [0, 1], [0, 1], [1, 2], [2, 3], [2, 3], [1, 2], [0, 1], [1, 2], [2, 3], [2, 3], [1, 2], [0, 1], [0, 1], [1, 2], [2, 3], [2, 3], [1, 2], [0, 1], [1, 2], [2, 3], [2, 3], [1, 2], [0, 1], [0, 1], [1, 2], [2, 3], [2, 3], [1, 2], [0, 1], [1, 2], [2, 3], [2, 3], [1, 2], [0, 1], [0, 1], [1, 2], [2, 3], [2, 3], [1, 2], [0, 1], [2, 3], [2, 3], [1, 2], [2, 3], [2, 3], [1, 2], [2, 3], [2, 3], [1, 2], [1, 2], [0, 1], [1, 2], [2, 3], [2, 3], [1, 2], [0, 1], [1, 2], [2, 3], [2, 3], [1, 2], [0, 1], [1, 2], [1, 2], [0, 1], [1, 2], [1, 2], [0, 1], [0, 1]]}","{'map': {'0': 28, '1': 30, '2': 32, '3': 34, '4': 14, '5': 12, '6': 16}, 'arch': {'width': 9, 'height': 5, 'alg_qubits': [10, 28, 12, 30, 14, 32, 16, 34], 'magic_states': [1, 3, 5, 7, 17, 35, 43, 41, 39, 37, 9, 27]}, 'gates': [[1], [2], [0], [2, 1], [0, 2], [1, 0], [2], [1, 2], [1], [2], [0], [0, 2], [1, 0], [2, 1], [0], [2], [6], [2, 0], [6, 2], [0, 6], [2], [0, 2], [0], [2], [6], [6, 2], [0, 6], [2, 0], [5], [1], [2], [1, 5], [2, 1], [5, 2], [1], [5, 1], [5], [1], [2], [2, 1], [5, 2], [1, 5], [3], [4], [1], [4, 3], [1, 4], [3, 1], [4], [3, 4], [3], [4], [1], [1, 4], [3, 1], [4, 3], [5], [1], [2], [1, 5], [2, 1], [5, 2], [1], [5, 1], [5], [1], [2], [2, 1], [5, 2], [1, 5], [0], [2], [6], [2, 0], [6, 2], [0, 6], [2], [0, 2], [0], [2], [6]]}","{'map': {'0': 10, '1': 14, '2': 28, '3': 32, '4': 34, '5': 12, '6': 16}, 'arch': {'width': 9, 'height': 5, 'alg_qubits': [10, 28, 12, 30, 14, 32, 16, 34], 'magic_states': [1, 3, 5, 7, 17, 35, 43, 41, 39, 37, 9, 27]}, 'gates': [[1, 2], [0, 1], [2], [0, 2], [0], [2], [1], [1, 2], [0, 1], [2, 0], [0], [1], [2], [1, 0], [2, 1], [0, 2], [1], [0, 1], [0], [1], [2], [2, 1], [0, 2], [1, 0], [0], [1], [3], [1, 0], [3, 1], [0, 3], [1], [0, 1], [0], [1], [3], [3, 1], [0, 3], [1, 0], [0], [1], [4], [1, 0], [4, 1], [0, 4], [1], [0, 1], [0], [1], [4], [4, 1], [0, 4], [1, 0], [0], [1], [5], [1, 0], [5, 1], [0, 5], [1], [0, 1], [0], [1], [5], [5, 1], [0, 5], [1, 0], [0], [1], [6], [1, 0], [6, 1], [0, 6], [1], [0, 1], [0], [1], [6], [6, 1], [0, 6], [1, 0], [0]]}","{'map': {'0': 30, '1': 16, '2': 34, '3': 28, '4': 10, '5': 14, '6': 12, '8': 26}, 'arch': {'width': 9, 'height': 5, 'alg_qubits': [10, 28, 12, 30, 14, 32, 16, 34], 'magic_states': [1, 3, 5, 7, 17, 35, 43, 41, 39, 37, 9, 27]}, 'gates': [[1, 8], [1], [8], [5], [5, 8], [1, 5], [8, 1], [0], [2], [1], [2, 0], [1, 2], [0, 1], [2], [0, 2], [0], [2], [1], [1, 2], [0, 1], [2, 0], [1], [4], [0], [4, 1], [0, 4], [1, 0], [4], [1, 4], [1], [4], [0], [0, 4], [1, 0], [4, 1], [1], [4], [2], [4, 1], [2, 4], [1, 2], [4], [1, 4], [1], [4], [2], [2, 4], [1, 2], [4, 1], [1], [4], [3], [4, 1], [3, 4], [1, 3], [4], [1, 4], [1], [4], [3], [3, 4], [1, 3], [4, 1], [0], [2], [8], [2, 0], [8, 2], [0, 8], [2], [0, 2], [0], [2], [8], [8, 2], [0, 8], [2, 0], [0], [8], [2], [8, 0]]}","{'map': {'0': 14, '1': 16, '2': 28, '3': 10, '4': 34, '5': 30, '6': 12, '7': 32}, 'arch': {'width': 9, 'height': 5, 'alg_qubits': [10, 28, 12, 30, 14, 32, 16, 34], 'magic_states': [1, 3, 5, 7, 17, 35, 43, 41, 39, 37, 9, 27]}, 'gates': [[3], [2], [2, 3], [5, 2], [3, 5], [0], [2], [1], [2, 0], [1, 2], [0, 1], [2], [0, 2], [0], [2], [1], [1, 2], [0, 1], [2, 0], [0], [1], [4], [1, 0], [4, 1], [0, 4], [1], [0, 1], [0], [1], [4], [4, 1], [0, 4], [1, 0], [0], [4], [5], [4, 0], [5, 4], [0, 5], [4], [0, 4], [0], [4], [5], [5, 4], [0, 5], [4, 0], [0], [5], [1], [5, 0], [1, 5], [0, 1], [5], [0, 5], [0], [5], [1], [1, 5], [0, 1], [5, 0], [0], [1], [6], [1, 0], [6, 1], [0, 6], [1], [0, 1], [0], [1], [6], [6, 1], [0, 6], [1, 0], [0], [1], [7], [1, 0], [7, 1], [0, 7]]}"
3q_100gates_42.qasm,"{'map': {'0': 10, '1': 14, '2': 28, '3': 32, '4': 34, '5': 12, '6': 16}, 'arch': {'width': 9, 'height': 5, 'alg_qubits': [10, 28, 12, 30, 14, 32, 16, 34], 'magic_states': [1, 3, 5, 7, 17, 35, 43, 41, 39, 37, 9, 27]}, 'gates': [[1, 2], [0, 1], [2], [0, 2], [0], [2], [1], [1, 2], [0, 1], [2, 0], [0], [1], [2], [1, 0], [2, 1], [0, 2], [1], [0, 1], [0], [1], [2], [2, 1], [0, 2], [1, 0], [0], [1], [3], [1, 0], [3, 1], [0, 3], [1], [0, 1], [0], [1], [3], [3, 1], [0, 3], [1, 0], [0], [1], [4], [1, 0], [4, 1], [0, 4], [1], [0, 1], [0], [1], [4], [4, 1], [0, 4], [1, 0], [0], [1], [5], [1, 0], [5, 1], [0, 5], [1], [0, 1], [0], [1], [5], [5, 1], [0, 5], [1, 0], [0], [1], [6], [1, 0], [6, 1], [0, 6], [1], [0, 1], [0], [1], [6], [6, 1], [0, 6], [1, 0], [0]]}","{'map': {'0': 18, '1': 16, '2': 8, '3': 6}, 'arch': {'width': 5, 'height': 5, 'alg_qubits': [6, 16, 8, 18], 'magic_states': [1, 3, 9, 19, 23, 21, 5, 15]}, 'gates': [[0, 1], [0, 1], [0, 3], [0, 3], [0, 2], [0, 2], [1, 2], [1, 2], [1, 3], [1, 3], [0, 1], [0, 1], [2, 3], [2, 3], [0, 3], [0, 3], [0, 2], [0, 2], [1, 2], [1, 2], [1, 3], [1, 3], [0, 1], [0, 1], [2, 3], [2, 3], [0, 3], [0, 3], [0, 2], [0, 2], [1, 2], [1, 2], [1, 3], [1, 3], [0, 1], [0, 1], [2, 3], [2, 3], [0, 3], [0, 3], [0, 2], [0, 2], [1, 2], [1, 2], [1, 3], [1, 3], [2, 3], [2, 3]]}","{'map': {'0': 14, '1': 16, '2': 28, '3': 10, '4': 34, '5': 30, '6': 12, '7': 32}, 'arch': {'width': 9, 'height': 5, 'alg_qubits': [10, 28, 12, 30, 14, 32, 16, 34], 'magic_states': [1, 3, 5, 7, 17, 35, 43, 41, 39, 37, 9, 27]}, 'gates': [[3], [2], [2, 3], [5, 2], [3, 5], [0], [2], [1], [2, 0], [1, 2], [0, 1], [2], [0, 2], [0], [2], [1], [1, 2], [0, 1], [2, 0], [0], [1], [4], [1, 0], [4, 1], [0, 4], [1], [0, 1], [0], [1], [4], [4, 1], [0, 4], [1, 0], [0], [4], [5], [4, 0], [5, 4], [0, 5], [4], [0, 4], [0], [4], [5], [5, 4], [0, 5], [4, 0], [0], [5], [1], [5, 0], [1, 5], [0, 1], [5], [0, 5], [0], [5], [1], [1, 5], [0, 1], [5, 0], [0], [1], [6], [1, 0], [6, 1], [0, 6], [1], [0, 1], [0], [1], [6], [6, 1], [0, 6], [1, 0], [0], [1], [7], [1, 0], [7, 1], [0, 7]]}","{'map': {'0': 10, '1': 22, '2': 12, '3': 8, '4': 24}, 'arch': {'width': 7, 'height': 5, 'alg_qubits': [8, 22, 10, 24, 12, 26], 'magic_states': [1, 3, 5, 13, 27, 33, 31, 29, 7, 21]}, 'gates': [[2, 1], [2, 0], [3], [0], [2], [0, 3], [2, 0], [3, 2], [0], [3, 0], [3], [0], [2], [2, 0], [3, 2], [0, 3], [1], [4], [0], [4, 1], [0, 4], [1, 0], [4], [1, 4], [1], [4], [0], [0, 4], [1, 0], [4, 1], [3], [0], [2], [0, 3], [2, 0], [3, 2], [0], [3, 0], [3], [0], [2], [2, 0], [3, 2], [0, 3], [1], [4], [0], [4, 1], [0, 4], [1, 0], [4], [1, 4], [1], [4], [0], [0, 4], [1, 0], [4, 1], [4, 3], [0], [3], [2], [3, 0], [2, 3], [0, 2], [3], [0, 3], [0], [3], [2], [2, 3], [0, 2], [3, 0]]}","{'map': {'0': 12, '1': 16, '2': 30, '3': 14, '4': 34, '5': 32, '6': 10, '7': 28}, 'arch': {'width': 9, 'height': 5, 'alg_qubits': [10, 28, 12, 30, 14, 32, 16, 34], 'magic_states': [1, 3, 5, 7, 17, 35, 43, 41, 39, 37, 9, 27]}, 'gates': [[5, 4], [0, 5], [4, 0], [0], [1], [4], [1, 0], [4, 1], [0, 4], [1], [0, 1], [0], [1], [4], [4, 1], [0, 4], [1, 0], [0], [2], [1], [2, 0], [1, 2], [0, 1], [2], [0, 2], [0], [2], [1], [1, 2], [0, 1], [2, 0], [5], [3], [2], [3, 5], [2, 3], [5, 2], [3], [5, 3], [5], [3], [2], [2, 3], [5, 2], [3, 5], [7], [6], [3], [6, 7], [3, 6], [7, 3], [6], [7, 6], [7], [6], [3], [3, 6], [7, 3], [6, 7], [5], [3], [2], [3, 5], [2, 3], [5, 2], [3], [5, 3], [5], [3], [2], [2, 3], [5, 2], [3, 5], [0], [2], [1], [2, 0], [1, 2], [0, 1], [2], [0, 2]]}"
5q_100gates_22.qasm,"{'map': {'0': 22, '1': 10, '2': 24, '3': 12, '4': 26}, 'arch': {'width': 7, 'height': 5, 'alg_qubits': [8, 22, 10, 24, 12, 26], 'magic_states': [1, 3, 5, 13, 27, 33, 31, 29, 7, 21]}, 'gates': [[4], [4, 1], [3, 4], [1, 3], [0], [2], [1], [2, 0], [1, 2], [0, 1], [2], [0, 2], [0], [2], [1], [1, 2], [0, 1], [2, 0], [3], [1], [4], [1, 3], [4, 1], [3, 4], [1], [3, 1], [3], [1], [4], [4, 1], [3, 4], [1, 3], [0], [2], [1], [2, 0], [1, 2], [0, 1], [2], [0, 2], [0], [2], [1], [1, 2], [0, 1], [2, 0], [0], [3], [2], [3, 0], [2, 3], [0, 2], [3], [0, 3], [0], [3], [2], [2, 3], [0, 2], [3, 0], [0, 3], [2, 1], [3], [2, 3], [2], [3], [1], [1, 3], [2, 1], [3, 2], [3], [1], [4], [1, 3], [4, 1], [3, 4], [1], [3, 1], [3], [1]]}","{'map': {'0': 12, '1': 26, '2': 8, '3': 24, '4': 22}, 'arch': {'width': 7, 'height': 5, 'alg_qubits': [8, 22, 10, 24, 12, 26], 'magic_states': [1, 3, 5, 13, 27, 33, 31, 29, 7, 21]}, 'gates': [[4], [4, 1], [0, 4], [1, 0], [3], [2], [1], [2, 3], [1, 2], [3, 1], [2], [3, 2], [3], [2], [1], [1, 2], [3, 1], [2, 3], [0], [1], [4], [1, 0], [4, 1], [0, 4], [1], [0, 1], [0], [1], [4], [4, 1], [0, 4], [1, 0], [3], [2], [1], [2, 3], [1, 2], [3, 1], [2], [3, 2], [3], [2], [1], [1, 2], [3, 1], [2, 3], [0], [3], [2], [3, 0], [2, 3], [0, 2], [3], [0, 3], [0], [3], [2], [2, 3], [0, 2], [3, 0], [0, 3], [4, 1], [3], [4, 3], [4], [3], [1], [1, 3], [4, 1], [3, 4], [0], [1], [4], [1, 0], [4, 1], [0, 4], [1], [0, 1], [0], [1]]}","{'map': {'0': 22, '1': 12, '2': 8, '3': 10, '4': 26}, 'arch': {'width': 7, 'height': 5, 'alg_qubits': [8, 22, 10, 24, 12, 26], 'magic_states': [1, 3, 5, 13, 27, 33, 31, 29, 7, 21]}, 'gates': [[3], [2], [1], [2, 3], [1, 2], [3, 1], [2], [3, 2], [3], [2], [1], [1, 2], [3, 1], [2, 3], [0], [4], [2], [4, 0], [2, 4], [0, 2], [4], [0, 4], [0], [4], [2], [2, 4], [0, 2], [4, 0], [3], [1], [4], [1, 3], [4, 1], [3, 4], [1], [3, 1], [3], [1], [4], [4, 1], [3, 4], [1, 3], [0], [4], [2], [4, 0], [2, 4], [0, 2], [4], [0, 4], [0], [4], [2], [2, 4], [0, 2], [4, 0], [3], [1], [4], [1, 3], [4, 1], [3, 4], [1], [3, 1], [3], [1], [4], [4, 1], [3, 4], [1, 3], [3], [0], [2], [0, 3], [2, 0], [3, 2], [0], [3, 0], [3], [0], [2]]}","{'map': {'0': 8, '1': 12, '2': 10, '3': 26, '4': 24}, 'arch': {'width': 7, 'height': 5, 'alg_qubits': [8, 22, 10, 24, 12, 26], 'magic_states': [1, 3, 5, 13, 27, 33, 31, 29, 7, 21]}, 'gates': [[0], [4], [1], [4, 0], [1, 4], [0, 1], [4], [0, 4], [0], [4], [1], [1, 4], [0, 1], [4, 0], [1], [2], [0], [2, 1], [0, 2], [1, 0], [2], [1, 2], [1], [2], [0], [0, 2], [1, 0], [2, 1], [4], [3], [2], [3, 4], [2, 3], [4, 2], [3], [4, 3], [4], [3], [2], [2, 3], [4, 2], [3, 4], [1], [2], [0], [2, 1], [0, 2], [1, 0], [2], [1, 2], [1], [2], [0], [0, 2], [1, 0], [2, 1], [4], [3], [2], [3, 4], [2, 3], [4, 2], [3], [4, 3], [4], [3], [2], [2, 3], [4, 2], [3, 4], [0, 2], [2, 3], [2], [1], [0], [1, 2], [0, 1], [2, 0], [1], [2, 1], [2]]}","{'map': {'0': 12, '1': 22, '2': 24, '3': 8, '4': 26}, 'arch': {'width': 7, 'height': 5, 'alg_qubits': [8, 22, 10, 24, 12, 26], 'magic_states': [1, 3, 5, 13, 27, 33, 31, 29, 7, 21]}, 'gates': [[4], [4, 2], [3, 4], [2, 3], [0], [4], [1], [4, 0], [1, 4], [0, 1], [4], [0, 4], [0], [4], [1], [1, 4], [0, 1], [4, 0], [3], [2], [4], [2, 3], [4, 2], [3, 4], [2], [3, 2], [3], [2], [4], [4, 2], [3, 4], [2, 3], [1], [4], [0], [4, 1], [0, 4], [1, 0], [4], [1, 4], [1], [4], [0], [0, 4], [1, 0], [4, 1], [3], [2], [4], [2, 3], [4, 2], [3, 4], [2], [3, 2], [3], [2], [4], [4, 2], [3, 4], [2, 3], [1], [4], [0], [4, 1], [0, 4], [1, 0], [4], [1, 4], [1], [4], [0], [0, 4], [1, 0], [4, 1], [3], [2], [4], [2, 3], [4, 2], [3, 4], [2]]}"
3q_100gates_49.qasm,"{'map': {'0': 14, '1': 16, '2': 28, '3': 10, '4': 34, '5': 30, '6': 12, '7': 32}, 'arch': {'width': 9, 'height': 5, 'alg_qubits': [10, 28, 12, 30, 14, 32, 16, 34], 'magic_states': [1, 3, 5, 7, 17, 35, 43, 41, 39, 37, 9, 27]}, 'gates': [[3], [2], [2, 3], [5, 2], [3, 5], [0], [2], [1], [2, 0], [1, 2], [0, 1], [2], [0, 2], [0], [2], [1], [1, 2], [0, 1], [2, 0], [0], [1], [4], [1, 0], [4, 1], [0, 4], [1], [0, 1], [0], [1], [4], [4, 1], [0, 4], [1, 0], [0], [4], [5], [4, 0], [5, 4], [0, 5], [4], [0, 4], [0], [4], [5], [5, 4], [0, 5], [4, 0], [0], [5], [1], [5, 0], [1, 5], [0, 1], [5], [0, 5], [0], [5], [1], [1, 5], [0, 1], [5, 0], [0], [1], [6], [1, 0], [6, 1], [0, 6], [1], [0, 1], [0], [1], [6], [6, 1], [0, 6], [1, 0], [0], [1], [7], [1, 0], [7, 1], [0, 7]]}","{'map': {'0': 10, '1': 14, '2': 28, '3': 32, '4': 34, '5': 12, '6': 16}, 'arch': {'width': 9, 'height': 5, 'alg_qubits': [10, 28, 12, 30, 14, 32, 16, 34], 'magic_states': [1, 3, 5, 7, 17, 35, 43, 41, 39, 37, 9, 27]}, 'gates': [[1, 2], [0, 1], [2], [0, 2], [0], [2], [1], [1, 2], [0, 1], [2, 0], [0], [1], [2], [1, 0], [2, 1], [0, 2], [1], [0, 1], [0], [1], [2], [2, 1], [0, 2], [1, 0], [0], [1], [3], [1, 0], [3, 1], [0, 3], [1], [0, 1], [0], [1], [3], [3, 1], [0, 3], [1, 0], [0], [1], [4], [1, 0], [4, 1], [0, 4], [1], [0, 1], [0], [1], [4], [4, 1], [0, 4], [1, 0], [0], [1], [5], [1, 0], [5, 1], [0, 5], [1], [0, 1], [0], [1], [5], [5, 1], [0, 5], [1, 0], [0], [1], [6], [1, 0], [6, 1], [0, 6], [1], [0, 1], [0], [1], [6], [6, 1], [0, 6], [1, 0], [0]]}","{'map': {'0': 28, '1': 30, '2': 32, '3': 34, '4': 14, '5': 12, '6': 16}, 'arch': {'width': 9, 'height': 5, 'alg_qubits': [10, 28, 12, 30, 14, 32, 16, 34], 'magic_states': [1, 3, 5, 7, 17, 35, 43, 41, 39, 37, 9, 27]}, 'gates': [[1], [2], [0], [2, 1], [0, 2], [1, 0], [2], [1, 2], [1], [2], [0], [0, 2], [1, 0], [2, 1], [0], [2], [6], [2, 0], [6, 2], [0, 6], [2], [0, 2], [0], [2], [6], [6, 2], [0, 6], [2, 0], [5], [1], [2], [1, 5], [2, 1], [5, 2], [1], [5, 1], [5], [1], [2], [2, 1], [5, 2], [1, 5], [3], [4], [1], [4, 3], [1, 4], [3, 1], [4], [3, 4], [3], [4], [1], [1, 4], [3, 1], [4, 3], [5], [1], [2], [1, 5], [2, 1], [5, 2], [1], [5, 1], [5], [1], [2], [2, 1], [5, 2], [1, 5], [0], [2], [6], [2, 0], [6, 2], [0, 6], [2], [0, 2], [0], [2], [6]]}","{'map': {'0': 12, '1': 16, '2': 30, '3': 14, '4': 34, '5': 32, '6': 10, '7': 28}, 'arch': {'width': 9, 'height': 5, 'alg_qubits': [10, 28, 12, 30, 14, 32, 16, 34], 'magic_states': [1, 3, 5, 7, 17, 35, 43, 41, 39, 37, 9, 27]}, 'gates': [[5, 4], [0, 5], [4, 0], [0], [1], [4], [1, 0], [4, 1], [0, 4], [1], [0, 1], [0], [1], [4], [4, 1], [0, 4], [1, 0], [0], [2], [1], [2, 0], [1, 2], [0, 1], [2], [0, 2], [0], [2], [1], [1, 2], [0, 1], [2, 0], [5], [3], [2], [3, 5], [2, 3], [5, 2], [3], [5, 3], [5], [3], [2], [2, 3], [5, 2], [3, 5], [7], [6], [3], [6, 7], [3, 6], [7, 3], [6], [7, 6], [7], [6], [3], [3, 6], [7, 3], [6, 7], [5], [3], [2], [3, 5], [2, 3], [5, 2], [3], [5, 3], [5], [3], [2], [2, 3], [5, 2], [3, 5], [0], [2], [1], [2, 0], [1, 2], [0, 1], [2], [0, 2]]}","{'map': {'0': 18, '1': 8, '2': 16, '3': 6}, 'arch': {'width': 5, 'height': 5, 'alg_qubits': [6, 16, 8, 18], 'magic_states': [1, 3, 9, 19, 23, 21, 5, 15]}, 'gates': [[0, 1], [0, 1], [1, 2], [2, 3], [2, 3], [1, 2], [0, 1], [0, 1], [1, 2], [2, 3], [2, 3], [1, 2], [0, 1], [1, 2], [2, 3], [2, 3], [1, 2], [0, 1], [0, 1], [1, 2], [2, 3], [2, 3], [1, 2], [0, 1], [1, 2], [2, 3], [2, 3], [1, 2], [0, 1], [0, 1], [1, 2], [2, 3], [2, 3], [1, 2], [0, 1], [1, 2], [2, 3], [2, 3], [1, 2], [0, 1], [0, 1], [1, 2], [2, 3], [2, 3], [1, 2], [0, 1], [2, 3], [2, 3], [1, 2], [2, 3], [2, 3], [1, 2], [2, 3], [2, 3], [1, 2], [1, 2], [0, 1], [1, 2], [2, 3], [2, 3], [1, 2], [0, 1], [1, 2], [2, 3], [2, 3], [1, 2], [0, 1], [1, 2], [1, 2], [0, 1], [1, 2], [1, 2], [0, 1], [0, 1]]}"
9q_100gates_6.qasm,"{'map': {'0': 40, '1': 12, '2': 20, '3': 34, '4': 14, '5': 42, '6': 38, '7': 18, '8': 16}, 'arch': {'width': 11, 'height': 5, 'alg_qubits': [12, 34, 14, 36, 16, 38, 18, 40, 20, 42], 'magic_states': [1, 3, 5, 7, 9, 21, 43, 53, 51, 49, 47, 45, 11, 33]}, 'gates': [[8, 3], [7], [8, 7], [8], [7], [3], [3, 7], [8, 3], [7, 8], [6], [3], [2], [3, 6], [2, 3], [6, 2], [3], [6, 3], [6], [3], [2], [2, 3], [6, 2], [3, 6], [5], [2], [0], [2, 5], [0, 2], [5, 0], [2], [5, 2], [5], [2], [0], [0, 2], [5, 0], [2, 5], [4], [0], [1], [0, 4], [1, 0], [4, 1], [0], [4, 0], [4], [0], [1], [1, 0], [4, 1], [0, 4], [5], [2], [0], [2, 5], [0, 2], [5, 0], [2], [5, 2], [5], [2], [0], [0, 2], [5, 0], [2, 5], [6], [3], [2], [3, 6], [2, 3], [6, 2], [3], [6, 3], [6], [3], [2], [2, 3], [6, 2], [3, 6], [8], [7]]}","{'map': {'0': 12, '1': 14, '2': 38, '3': 42, '4': 20, '5': 18, '6': 16, '7': 36, '8': 34}, 'arch': {'width': 11, 'height': 5, 'alg_qubits': [12, 34, 14, 36, 16, 38, 18, 40, 20, 42], 'magic_states': [1, 3, 5, 7, 9, 21, 43, 53, 51, 49, 47, 45, 11, 33]}, 'gates': [[5, 2], [5], [2], [0], [0, 2], [5, 0], [2, 5], [6], [3], [2], [3, 6], [2, 3], [6, 2], [3], [6, 3], [6], [3], [2], [2, 3], [6, 2], [3, 6], [8], [7], [3], [7, 8], [3, 7], [8, 3], [7], [8, 7], [8], [7], [3], [3, 7], [8, 3], [7, 8], [6], [3], [2], [3, 6], [2, 3], [6, 2], [3], [6, 3], [6], [3], [2], [2, 3], [6, 2], [3, 6], [5], [2], [0], [2, 5], [0, 2], [5, 0], [2], [5, 2], [5], [2], [0], [0, 2], [5, 0], [2, 5], [4], [0], [1], [0, 4], [1, 0], [4, 1], [0], [4, 0], [4], [0], [1], [1, 0], [4, 1], [0, 4], [5], [2], [0], [2, 5]]}","{'map': {'0': 20, '1': 36, '2': 16, '3': 18, '4': 14, '5': 12, '6': 34, '7': 40, '8': 42}, 'arch': {'width': 11, 'height': 5, 'alg_qubits': [12, 34, 14, 36, 16, 38, 18, 40, 20, 42], 'magic_states': [1, 3, 5, 7, 9, 21, 43, 53, 51, 49, 47, 45, 11, 33]}, 'gates': [[5, 2], [5], [2], [0], [0, 2], [5, 0], [2, 5], [6], [3], [2], [3, 6], [2, 3], [6, 2], [3], [6, 3], [6], [3], [2], [2, 3], [6, 2], [3, 6], [8], [7], [3], [7, 8], [3, 7], [8, 3], [7], [8, 7], [8], [7], [3], [3, 7], [8, 3], [7, 8], [6], [3], [2], [3, 6], [2, 3], [6, 2], [3], [6, 3], [6], [3], [2], [2, 3], [6, 2], [3, 6], [5], [2], [0], [2, 5], [0, 2], [5, 0], [2], [5, 2], [5], [2], [0], [0, 2], [5, 0], [2, 5], [1], [4], [0], [4, 1], [0, 4], [1, 0], [4], [1, 4], [1], [4], [0], [0, 4], [1, 0], [4, 1], [3], [2], [4], [2, 3]]}","{'map': {'0': 20, '1': 34, '2': 40, '3': 18, '4': 42, '5': 12, '6': 14, '7': 36, '8': 16}, 'arch': {'width': 11, 'height': 5, 'alg_qubits': [12, 34, 14, 36, 16, 38, 18, 40, 20, 42], 'magic_states': [1, 3, 5, 7, 9, 21, 43, 53, 51, 49, 47, 45, 11, 33]}, 'gates': [[3, 6], [8], [7], [3], [7, 8], [3, 7], [8, 3], [7], [8, 7], [8], [7], [3], [3, 7], [8, 3], [7, 8], [6], [3], [2], [3, 6], [2, 3], [6, 2], [3], [6, 3], [6], [3], [2], [2, 3], [6, 2], [3, 6], [5], [2], [0], [2, 5], [0, 2], [5, 0], [2], [5, 2], [5], [2], [0], [0, 2], [5, 0], [2, 5], [1], [4], [0], [4, 1], [0, 4], [1, 0], [4], [1, 4], [1], [4], [0], [0, 4], [1, 0], [4, 1], [3], [2], [4], [2, 3], [4, 2], [3, 4], [2], [3, 2], [3], [2], [4], [4, 2], [3, 4], [2, 3], [1], [4], [0], [4, 1], [0, 4], [1, 0], [4], [1, 4], [1], [4]]}","{'map': {'0': 20, '1': 34, '2': 40, '3': 18, '4': 42, '5': 12, '6': 14, '7': 36, '8': 16}, 'arch': {'width': 11, 'height': 5, 'alg_qubits': [12, 34, 14, 36, 16, 38, 18, 40, 20, 42], 'magic_states': [1, 3, 5, 7, 9, 21, 43, 53, 51, 49, 47, 45, 11, 33]}, 'gates': [[3, 6], [8], [7], [3], [7, 8], [3, 7], [8, 3], [7], [8, 7], [8], [7], [3], [3, 7], [8, 3], [7, 8], [6], [3], [2], [3, 6], [2, 3], [6, 2], [3], [6, 3], [6], [3], [2], [2, 3], [6, 2], [3, 6], [5], [2], [0], [2, 5], [0, 2], [5, 0], [2], [5, 2], [5], [2], [0], [0, 2], [5, 0], [2, 5], [1], [4], [0], [4, 1], [0, 4], [1, 0], [4], [1, 4], [1], [4], [0], [0, 4], [1, 0], [4, 1], [3], [2], [4], [2, 3], [4, 2], [3, 4], [2], [3, 2], [3], [2], [4], [4, 2], [3, 4], [2, 3], [1], [4], [0], [4, 1], [0, 4], [1, 0], [4], [1, 4], [1], [4]]}"
8q_100gates_45.qasm,"{'map': {'0': 12, '1': 14, '2': 10, '3': 30, '4': 16, '5': 32, '6': 28, '7': 34}, 'arch': {'width': 9, 'height': 5, 'alg_qubits': [10, 28, 12, 30, 14, 32, 16, 34], 'magic_states': [1, 3, 5, 7, 17, 35, 43, 41, 39, 37, 9, 27]}, 'gates': [[0, 1], [3, 0], [1], [3, 1], [3], [1], [0], [0, 1], [3, 0], [1, 3], [4], [2], [1], [2, 4], [1, 2], [4, 1], [2], [4, 2], [4], [2], [1], [1, 2], [4, 1], [2, 4], [6], [5], [2], [5, 6], [2, 5], [6, 2], [5], [6, 5], [6], [5], [2], [2, 5], [6, 2], [5, 6], [4], [2], [1], [2, 4], [1, 2], [4, 1], [2], [4, 2], [4], [2], [1], [1, 2], [4, 1], [2, 4], [0], [3], [7], [3, 0], [7, 3], [0, 7], [3], [0, 3], [0], [3], [7], [7, 3], [0, 7], [3, 0], [2], [1], [3], [1, 2], [3, 1], [2, 3], [1], [2, 1], [2], [1], [3], [3, 1], [2, 3], [1, 2], [0]]}","{'map': {'0': 10, '1': 28, '2': 16, '3': 34, '4': 12, '5': 32, '6': 30}, 'arch': {'width': 9, 'height': 5, 'alg_qubits': [10, 28, 12, 30, 14, 32, 16, 34], 'magic_states': [1, 3, 5, 7, 17, 35, 43, 41, 39, 37, 9, 27]}, 'gates': [[1, 3], [0, 1], [3, 0], [1], [3, 1], [3], [1], [0], [0, 1], [3, 0], [1, 3], [4], [2], [1], [2, 4], [1, 2], [4, 1], [2], [4, 2], [4], [2], [1], [1, 2], [4, 1], [2, 4], [6], [5], [2], [5, 6], [2, 5], [6, 2], [5], [6, 5], [6], [5], [2], [2, 5], [6, 2], [5, 6], [4], [2], [1], [2, 4], [1, 2], [4, 1], [2], [4, 2], [4], [2], [1], [1, 2], [4, 1], [2, 4], [3], [1], [0], [1, 3], [0, 1], [3, 0], [1], [3, 1], [3], [1], [0], [0, 1], [3, 0], [1, 3], [4], [2], [1], [2, 4], [1, 2], [4, 1], [2], [4, 2], [4], [2], [1], [1, 2], [4, 1], [2, 4]]}","{'map': {'0': 10, '1': 28, '2': 16, '3': 34, '4': 12, '5': 32, '6': 30}, 'arch': {'width': 9, 'height': 5, 'alg_qubits': [10, 28, 12, 30, 14, 32, 16, 34], 'magic_states': [1, 3, 5, 7, 17, 35, 43, 41, 39, 37, 9, 27]}, 'gates': [[1, 3], [0, 1], [3, 0], [1], [3, 1], [3], [1], [0], [0, 1], [3, 0], [1, 3], [4], [2], [1], [2, 4], [1, 2], [4, 1], [2], [4, 2], [4], [2], [1], [1, 2], [4, 1], [2, 4], [6], [5], [2], [5, 6], [2, 5], [6, 2], [5], [6, 5], [6], [5], [2], [2, 5], [6, 2], [5, 6], [4], [2], [1], [2, 4], [1, 2], [4, 1], [2], [4, 2], [4], [2], [1], [1, 2], [4, 1], [2, 4], [3], [1], [0], [1, 3], [0, 1], [3, 0], [1], [3, 1], [3], [1], [0], [0, 1], [3, 0], [1, 3], [4], [2], [1], [2, 4], [1, 2], [4, 1], [2], [4, 2], [4], [2], [1], [1, 2], [4, 1], [2, 4]]}","{'map': {'0': 34, '1': 30, '2': 32, '3': 10, '4': 12, '5': 28, '6': 16}, 'arch': {'width': 9, 'height': 5, 'alg_qubits': [10, 28, 12, 30, 14, 32, 16, 34], 'magic_states': [1, 3, 5, 7, 17, 35, 43, 41, 39, 37, 9, 27]}, 'gates': [[1, 2], [6, 1], [2, 6], [0], [5], [1], [5, 0], [1, 5], [0, 1], [5], [0, 5], [0], [5], [1], [1, 5], [0, 1], [5, 0], [2], [6], [5], [6, 2], [5, 6], [2, 5], [6], [2, 6], [2], [6], [5], [5, 6], [2, 5], [6, 2], [4], [3], [6], [3, 4], [6, 3], [4, 6], [3], [4, 3], [4], [3], [6], [6, 3], [4, 6], [3, 4], [2], [6], [5], [6, 2], [5, 6], [2, 5], [6], [2, 6], [2], [6], [5], [5, 6], [2, 5], [6, 2], [0], [5], [1], [5, 0], [1, 5], [0, 1], [5], [0, 5], [0], [5], [1], [1, 5], [0, 1], [5, 0], [2], [6], [5], [6, 2], [5, 6], [2, 5], [6], [2, 6]]}","{'map': {'0': 16, '1': 10, '2': 14, '3': 34, '4': 12, '5': 30, '6': 28, '7': 32}, 'arch': {'width': 9, 'height': 5, 'alg_qubits': [10, 28, 12, 30, 14, 32, 16, 34], 'magic_states': [1, 3, 5, 7, 17, 35, 43, 41, 39, 37, 9, 27]}, 'gates': [[6], [5], [2], [2, 5], [6, 2], [5, 6], [4], [2], [1], [2, 4], [1, 2], [4, 1], [2], [4, 2], [4], [2], [1], [1, 2], [4, 1], [2, 4], [0], [3], [7], [3, 0], [7, 3], [0, 7], [3], [0, 3], [0], [3], [7], [7, 3], [0, 7], [3, 0], [2], [1], [3], [1, 2], [3, 1], [2, 3], [1], [2, 1], [2], [1], [3], [3, 1], [2, 3], [1, 2], [0], [3], [7], [3, 0], [7, 3], [0, 7], [3], [0, 3], [0], [3], [7], [7, 3], [0, 7], [3, 0], [2], [1], [3], [1, 2], [3, 1], [2, 3], [1], [2, 1], [2], [1], [3], [3, 1], [2, 3], [1, 2], [1], [5], [4], [5, 1], [4, 5]]}"
9q_100gates_8.qasm,"{'map': {'0': 34, '1': 42, '2': 16, '3': 12, '4': 38, '5': 40, '6': 18, '7': 14, '8': 36}, 'arch': {'width': 11, 'height': 5, 'alg_qubits': [12, 34, 14, 36, 16, 38, 18, 40, 20, 42], 'magic_states': [1, 3, 5, 7, 9, 21, 43, 53, 51, 49, 47, 45, 11, 33]}, 'gates': [[2, 6], [8, 2], [6], [8, 6], [8], [6], [2], [2, 6], [8, 2], [6, 8], [5], [2], [1], [2, 5], [1, 2], [5, 1], [2], [5, 2], [5], [2], [1], [1, 2], [5, 1], [2, 5], [0], [4], [7], [4, 0], [7, 4], [0, 7], [4], [0, 4], [0], [4], [7], [7, 4], [0, 7], [4, 0], [1], [5], [4], [5, 1], [4, 5], [1, 4], [5], [1, 5], [1], [5], [4], [4, 5], [1, 4], [5, 1], [3], [2], [5], [2, 3], [5, 2], [3, 5], [2], [3, 2], [3], [2], [5], [5, 2], [3, 5], [2, 3], [1], [5], [4], [5, 1], [4, 5], [1, 4], [5], [1, 5], [1], [5], [4], [4, 5], [1, 4], [5, 1], [0]]}","{'map': {'0': 40, '1': 38, '2': 18, '3': 36, '4': 20, '5': 16, '6': 12, '7': 42, '8': 14}, 'arch': {'width': 11, 'height': 5, 'alg_qubits': [12, 34, 14, 36, 16, 38, 18, 40, 20, 42], 'magic_states': [1, 3, 5, 7, 9, 21, 43, 53, 51, 49, 47, 45, 11, 33]}, 'gates': [[8], [6], [2], [2, 6], [8, 2], [6, 8], [5], [2], [1], [2, 5], [1, 2], [5, 1], [2], [5, 2], [5], [2], [1], [1, 2], [5, 1], [2, 5], [0], [4], [7], [4, 0], [7, 4], [0, 7], [4], [0, 4], [0], [4], [7], [7, 4], [0, 7], [4, 0], [1], [5], [4], [5, 1], [4, 5], [1, 4], [5], [1, 5], [1], [5], [4], [4, 5], [1, 4], [5, 1], [3], [2], [5], [2, 3], [5, 2], [3, 5], [2], [3, 2], [3], [2], [5], [5, 2], [3, 5], [2, 3], [1], [5], [4], [5, 1], [4, 5], [1, 4], [5], [1, 5], [1], [5], [4], [4, 5], [1, 4], [5, 1], [0], [4], [7], [4, 0], [7, 4]]}","{'map': {'0': 42, '1': 12, '2': 36, '3': 14, '4': 20, '5': 18, '6': 34, '7': 40, '8': 38}, 'arch': {'width': 11, 'height': 5, 'alg_qubits': [12, 34, 14, 36, 16, 38, 18, 40, 20, 42], 'magic_states': [1, 3, 5, 7, 9, 21, 43, 53, 51, 49, 47, 45, 11, 33]}, 'gates': [[6], [2], [2, 6], [7, 2], [6, 7], [5], [2], [1], [2, 5], [1, 2], [5, 1], [2], [5, 2], [5], [2], [1], [1, 2], [5, 1], [2, 5], [0], [4], [8], [4, 0], [8, 4], [0, 8], [4], [0, 4], [0], [4], [8], [8, 4], [0, 8], [4, 0], [1], [5], [4], [5, 1], [4, 5], [1, 4], [5], [1, 5], [1], [5], [4], [4, 5], [1, 4], [5, 1], [3], [2], [5], [2, 3], [5, 2], [3, 5], [2], [3, 2], [3], [2], [5], [5, 2], [3, 5], [2, 3], [1], [5], [4], [5, 1], [4, 5], [1, 4], [5], [1, 5], [1], [5], [4], [4, 5], [1, 4], [5, 1], [0], [4], [8], [4, 0], [8, 4], [0, 8]]}","{'map': {'0': 36, '1': 12, '2': 14, '3': 16, '4': 42, '5': 20, '6': 34, '7': 38, '8': 40}, 'arch': {'width': 11, 'height': 5, 'alg_qubits': [12, 34, 14, 36, 16, 38, 18, 40, 20, 42], 'magic_states': [1, 3, 5, 7, 9, 21, 43, 53, 51, 49, 47, 45, 11, 33]}, 'gates': [[8, 2], [6, 8], [2], [6, 2], [6], [2], [8], [8, 2], [6, 8], [2, 6], [5], [1], [2], [1, 5], [2, 1], [5, 2], [1], [5, 1], [5], [1], [2], [2, 1], [5, 2], [1, 5], [0], [4], [1], [4, 0], [1, 4], [0, 1], [4], [0, 4], [0], [4], [1], [1, 4], [0, 1], [4, 0], [5], [1], [2], [1, 5], [2, 1], [5, 2], [1], [5, 1], [5], [1], [2], [2, 1], [5, 2], [1, 5], [6], [2], [8], [2, 6], [8, 2], [6, 8], [2], [6, 2], [6], [2], [8], [8, 2], [6, 8], [2, 6], [7], [8], [3], [8, 7], [3, 8], [7, 3], [8], [7, 8], [7], [8], [3], [3, 8], [7, 3], [8, 7], [6]]}","{'map': {'0': 18, '1': 36, '2': 40, '3': 12, '4': 16, '5': 42, '6': 14, '7': 20, '8': 34}, 'arch': {'width': 11, 'height': 5, 'alg_qubits': [12, 34, 14, 36, 16, 38, 18, 40, 20, 42], 'magic_states': [1, 3, 5, 7, 9, 21, 43, 53, 51, 49, 47, 45, 11, 33]}, 'gates': [[6], [2], [6, 8], [2, 6], [8, 2], [6], [8, 6], [8], [6], [2], [2, 6], [8, 2], [6, 8], [5], [2], [1], [2, 5], [1, 2], [5, 1], [2], [5, 2], [5], [2], [1], [1, 2], [5, 1], [2, 5], [0], [4], [7], [4, 0], [7, 4], [0, 7], [4], [0, 4], [0], [4], [7], [7, 4], [0, 7], [4, 0], [1], [5], [4], [5, 1], [4, 5], [1, 4], [5], [1, 5], [1], [5], [4], [4, 5], [1, 4], [5, 1], [3], [2], [5], [2, 3], [5, 2], [3, 5], [2], [3, 2], [3], [2], [5], [5, 2], [3, 5], [2, 3], [1], [5], [4], [5, 1], [4, 5], [1, 4], [5], [1, 5], [1], [5], [4], [4, 5]]}"
7q_100gates_32.qasm,"{'map': {'0': 34, '1': 32, '2': 28, '3': 16, '4': 14, '5': 30, '6': 12}, 'arch': {'width': 9, 'height': 5, 'alg_qubits': [10, 28, 12, 30, 14, 32, 16, 34], 'magic_states': [1, 3, 5, 7, 17, 35, 43, 41, 39, 37, 9, 27]}, 'gates': [[6, 2], [0], [5], [1], [5, 0], [1, 5], [0, 1], [5], [0, 5], [0], [5], [1], [1, 5], [0, 1], [5, 0], [2], [6], [5], [6, 2], [5, 6], [2, 5], [6], [2, 6], [2], [6], [5], [5, 6], [2, 5], [6, 2], [4], [3], [6], [3, 4], [6, 3], [4, 6], [3], [4, 3], [4], [3], [6], [6, 3], [4, 6], [3, 4], [2], [6], [5], [6, 2], [5, 6], [2, 5], [6], [2, 6], [2], [6], [5], [5, 6], [2, 5], [6, 2], [5], [1], [0], [1, 5], [0, 1], [5, 0], [1], [5, 1], [5], [1], [0], [0, 1], [5, 0], [1, 5], [6], [2], [1], [2, 6], [1, 2], [6, 1], [2], [6, 2], [6], [2]]}","{'map': {'0': 28, '1': 10, '2': 34, '3': 14, '4': 30, '5': 12, '6': 16}, 'arch': {'width': 9, 'height': 5, 'alg_qubits': [10, 28, 12, 30, 14, 32, 16, 34], 'magic_states': [1, 3, 5, 7, 17, 35, 43, 41, 39, 37, 9, 27]}, 'gates': [[6, 2], [0], [5], [1], [5, 0], [1, 5], [0, 1], [5], [0, 5], [0], [5], [1], [1, 5], [0, 1], [5, 0], [2], [6], [5], [6, 2], [5, 6], [2, 5], [6], [2, 6], [2], [6], [5], [5, 6], [2, 5], [6, 2], [4], [3], [6], [3, 4], [6, 3], [4, 6], [3], [4, 3], [4], [3], [6], [6, 3], [4, 6], [3, 4], [2], [6], [5], [6, 2], [5, 6], [2, 5], [6], [2, 6], [2], [6], [5], [5, 6], [2, 5], [6, 2], [4], [1], [0], [1, 4], [0, 1], [4, 0], [1], [4, 1], [4], [1], [0], [0, 1], [4, 0], [1, 4], [5], [2], [1], [2, 5], [1, 2], [5, 1], [2], [5, 2], [5], [2]]}","{'map': {'0': 16, '1': 10, '2': 28, '3': 12, '4': 14, '5': 34, '6': 32}, 'arch': {'width': 9, 'height': 5, 'alg_qubits': [10, 28, 12, 30, 14, 32, 16, 34], 'magic_states': [1, 3, 5, 7, 17, 35, 43, 41, 39, 37, 9, 27]}, 'gates': [[6, 2], [0], [5], [1], [5, 0], [1, 5], [0, 1], [5], [0, 5], [0], [5], [1], [1, 5], [0, 1], [5, 0], [2], [6], [5], [6, 2], [5, 6], [2, 5], [6], [2, 6], [2], [6], [5], [5, 6], [2, 5], [6, 2], [4], [3], [6], [3, 4], [6, 3], [4, 6], [3], [4, 3], [4], [3], [6], [6, 3], [4, 6], [3, 4], [2], [6], [5], [6, 2], [5, 6], [2, 5], [6], [2, 6], [2], [6], [5], [5, 6], [2, 5], [6, 2], [5], [1], [0], [1, 5], [0, 1], [5, 0], [1], [5, 1], [5], [1], [0], [0, 1], [5, 0], [1, 5], [6], [2], [1], [2, 6], [1, 2], [6, 1], [2], [6, 2], [6], [2]]}","{'map': {'0': 32, '1': 34, '2': 16, '3': 28, '4': 10, '5': 12, '6': 14}, 'arch': {'width': 9, 'height': 5, 'alg_qubits': [10, 28, 12, 30, 14, 32, 16, 34], 'magic_states': [1, 3, 5, 7, 17, 35, 43, 41, 39, 37, 9, 27]}, 'gates': [[1], [5, 0], [1, 5], [0, 1], [5], [0, 5], [0], [5], [1], [1, 5], [0, 1], [5, 0], [2], [6], [5], [6, 2], [5, 6], [2, 5], [6], [2, 6], [2], [6], [5], [5, 6], [2, 5], [6, 2], [4], [3], [6], [3, 4], [6, 3], [4, 6], [3], [4, 3], [4], [3], [6], [6, 3], [4, 6], [3, 4], [2], [6], [5], [6, 2], [5, 6], [2, 5], [6], [2, 6], [2], [6], [5], [5, 6], [2, 5], [6, 2], [0], [5], [1], [5, 0], [1, 5], [0, 1], [5], [0, 5], [0], [5], [1], [1, 5], [0, 1], [5, 0], [2], [6], [5], [6, 2], [5, 6], [2, 5], [6], [2, 6], [2], [6], [5], [5, 6], [2, 5]]}","{'map': {'0': 34, '1': 12, '2': 28, '3': 10, '4': 16, '5': 14, '6': 32}, 'arch': {'width': 9, 'height': 5, 'alg_qubits': [10, 28, 12, 30, 14, 32, 16, 34], 'magic_states': [1, 3, 5, 7, 17, 35, 43, 41, 39, 37, 9, 27]}, 'gates': [[0, 1], [2, 0], [1], [2, 1], [2], [1], [0], [0, 1], [2, 0], [1, 2], [3], [6], [1], [6, 3], [1, 6], [3, 1], [6], [3, 6], [3], [6], [1], [1, 6], [3, 1], [6, 3], [5], [4], [6], [4, 5], [6, 4], [5, 6], [4], [5, 4], [5], [4], [6], [6, 4], [5, 6], [4, 5], [3], [6], [1], [6, 3], [1, 6], [3, 1], [6], [3, 6], [3], [6], [1], [1, 6], [3, 1], [6, 3], [2], [1], [0], [1, 2], [0, 1], [2, 0], [1], [2, 1], [2], [1], [0], [0, 1], [2, 0], [1, 2], [3], [6], [1], [6, 3], [1, 6], [3, 1], [6], [3, 6], [3], [6], [1], [1, 6], [3, 1], [6, 3], [5]]}"
7q_100gates_27.qasm,"{'map': {'0': 30, '1': 14, '2': 10, '3': 34, '4': 16, '5': 28, '6': 12}, 'arch': {'width': 9, 'height': 5, 'alg_qubits': [10, 28, 12, 30, 14, 32, 16, 34], 'magic_states': [1, 3, 5, 7, 17, 35, 43, 41, 39, 37, 9, 27]}, 'gates': [[6, 2], [6], [2], [1], [1, 2], [6, 1], [2, 6], [0], [5], [1], [5, 0], [1, 5], [0, 1], [5], [0, 5], [0], [5], [1], [1, 5], [0, 1], [5, 0], [2], [6], [5], [6, 2], [5, 6], [2, 5], [6], [2, 6], [2], [6], [5], [5, 6], [2, 5], [6, 2], [4], [3], [6], [3, 4], [6, 3], [4, 6], [3], [4, 3], [4], [3], [6], [6, 3], [4, 6], [3, 4], [2], [6], [5], [6, 2], [5, 6], [2, 5], [6], [2, 6], [2], [6], [5], [5, 6], [2, 5], [6, 2], [0], [5], [1], [5, 0], [1, 5], [0, 1], [5], [0, 5], [0], [5], [1], [1, 5], [0, 1], [5, 0], [2], [6], [5], [6, 2]]}","{'map': {'0': 12, '1': 16, '2': 28, '3': 10, '4': 32, '5': 30, '6': 34}, 'arch': {'width': 9, 'height': 5, 'alg_qubits': [10, 28, 12, 30, 14, 32, 16, 34], 'magic_states': [1, 3, 5, 7, 17, 35, 43, 41, 39, 37, 9, 27]}, 'gates': [[6, 2], [6], [2], [1], [1, 2], [6, 1], [2, 6], [0], [5], [1], [5, 0], [1, 5], [0, 1], [5], [0, 5], [0], [5], [1], [1, 5], [0, 1], [5, 0], [2], [6], [5], [6, 2], [5, 6], [2, 5], [6], [2, 6], [2], [6], [5], [5, 6], [2, 5], [6, 2], [4], [3], [6], [3, 4], [6, 3], [4, 6], [3], [4, 3], [4], [3], [6], [6, 3], [4, 6], [3, 4], [2], [6], [5], [6, 2], [5, 6], [2, 5], [6], [2, 6], [2], [6], [5], [5, 6], [2, 5], [6, 2], [0], [5], [1], [5, 0], [1, 5], [0, 1], [5], [0, 5], [0], [5], [1], [1, 5], [0, 1], [5, 0], [2], [6], [5], [6, 2]]}","{'map': {'0': 30, '1': 14, '2': 10, '3': 34, '4': 16, '5': 28, '6': 12}, 'arch': {'width': 9, 'height': 5, 'alg_qubits': [10, 28, 12, 30, 14, 32, 16, 34], 'magic_states': [1, 3, 5, 7, 17, 35, 43, 41, 39, 37, 9, 27]}, 'gates': [[6, 2], [6], [2], [1], [1, 2], [6, 1], [2, 6], [0], [5], [1], [5, 0], [1, 5], [0, 1], [5], [0, 5], [0], [5], [1], [1, 5], [0, 1], [5, 0], [2], [6], [5], [6, 2], [5, 6], [2, 5], [6], [2, 6], [2], [6], [5], [5, 6], [2, 5], [6, 2], [4], [3], [6], [3, 4], [6, 3], [4, 6], [3], [4, 3], [4], [3], [6], [6, 3], [4, 6], [3, 4], [2], [6], [5], [6, 2], [5, 6], [2, 5], [6], [2, 6], [2], [6], [5], [5, 6], [2, 5], [6, 2], [0], [5], [1], [5, 0], [1, 5], [0, 1], [5], [0, 5], [0], [5], [1], [1, 5], [0, 1], [5, 0], [2], [6], [5], [6, 2]]}","{'map': {'0': 34, '1': 12, '2': 30, '3': 16, '4': 28, '5': 14, '6': 10}, 'arch': {'width': 9, 'height': 5, 'alg_qubits': [10, 28, 12, 30, 14, 32, 16, 34], 'magic_states': [1, 3, 5, 7, 17, 35, 43, 41, 39, 37, 9, 27]}, 'gates': [[1, 0], [2], [1], [0], [1, 2], [0, 1], [2, 0], [1], [2, 1], [2], [1], [0], [0, 1], [2, 0], [1, 2], [3], [6], [1], [6, 3], [1, 6], [3, 1], [6], [3, 6], [3], [6], [1], [1, 6], [3, 1], [6, 3], [5], [4], [6], [4, 5], [6, 4], [5, 6], [4], [5, 4], [5], [4], [6], [6, 4], [5, 6], [4, 5], [3], [6], [1], [6, 3], [1, 6], [3, 1], [6], [3, 6], [3], [6], [1], [1, 6], [3, 1], [6, 3], [2], [1], [0], [1, 2], [0, 1], [2, 0], [1], [2, 1], [2], [1], [0], [0, 1], [2, 0], [1, 2], [3], [6], [1], [6, 3], [1, 6], [3, 1], [6], [3, 6], [3], [6]]}","{'map': {'0': 32, '1': 12, '2': 30, '3': 28, '4': 34, '5': 14, '6': 16}, 'arch': {'width': 9, 'height': 5, 'alg_qubits': [10, 28, 12, 30, 14, 32, 16, 34], 'magic_states': [1, 3, 5, 7, 17, 35, 43, 41, 39, 37, 9, 27]}, 'gates': [[2], [1], [0], [1, 2], [0, 1], [2, 0], [1], [2, 1], [2], [1], [0], [0, 1], [2, 0], [1, 2], [3], [6], [1], [6, 3], [1, 6], [3, 1], [6], [3, 6], [3], [6], [1], [1, 6], [3, 1], [6, 3], [5], [4], [6], [4, 5], [6, 4], [5, 6], [4], [5, 4], [5], [4], [6], [6, 4], [5, 6], [4, 5], [3], [6], [1], [6, 3], [1, 6], [3, 1], [6], [3, 6], [3], [6], [1], [1, 6], [3, 1], [6, 3], [0], [1], [6], [1, 0], [6, 1], [0, 6], [1], [0, 1], [0], [1], [6], [6, 1], [0, 6], [1, 0], [2], [1], [0], [1, 2], [0, 1], [2, 0], [1], [2, 1], [2], [1], [0]]}"
3q_100gates_28.qasm,"{'map': {'0': 28, '1': 30, '2': 32, '3': 34, '4': 14, '5': 12, '6': 16}, 'arch': {'width': 9, 'height': 5, 'alg_qubits': [10, 28, 12, 30, 14, 32, 16, 34], 'magic_states': [1, 3, 5, 7, 17, 35, 43, 41, 39, 37, 9, 27]}, 'gates': [[1], [2], [0], [2, 1], [0, 2], [1, 0], [2], [1, 2], [1], [2], [0], [0, 2], [1, 0], [2, 1], [0], [2], [6], [2, 0], [6, 2], [0, 6], [2], [0, 2], [0], [2], [6], [6, 2], [0, 6], [2, 0], [5], [1], [2], [1, 5], [2, 1], [5, 2], [1], [5, 1], [5], [1], [2], [2, 1], [5, 2], [1, 5], [3], [4], [1], [4, 3], [1, 4], [3, 1], [4], [3, 4], [3], [4], [1], [1, 4], [3, 1], [4, 3], [5], [1], [2], [1, 5], [2, 1], [5, 2], [1], [5, 1], [5], [1], [2], [2, 1], [5, 2], [1, 5], [0], [2], [6], [2, 0], [6, 2], [0, 6], [2], [0, 2], [0], [2], [6]]}","{'map': {'0': 18, '1': 8, '2': 16, '3': 6}, 'arch': {'width': 5, 'height': 5, 'alg_qubits': [6, 16, 8, 18], 'magic_states': [1, 3, 9, 19, 23, 21, 5, 15]}, 'gates': [[0, 1], [0, 1], [1, 2], [2, 3], [2, 3], [1, 2], [0, 1], [0, 1], [1, 2], [2, 3], [2, 3], [1, 2], [0, 1], [1, 2], [2, 3], [2, 3], [1, 2], [0, 1], [0, 1], [1, 2], [2, 3], [2, 3], [1, 2], [0, 1], [1, 2], [2, 3], [2, 3], [1, 2], [0, 1], [0, 1], [1, 2], [2, 3], [2, 3], [1, 2], [0, 1], [1, 2], [2, 3], [2, 3], [1, 2], [0, 1], [0, 1], [1, 2], [2, 3], [2, 3], [1, 2], [0, 1], [2, 3], [2, 3], [1, 2], [2, 3], [2, 3], [1, 2], [2, 3], [2, 3], [1, 2], [1, 2], [0, 1], [1, 2], [2, 3], [2, 3], [1, 2], [0, 1], [1, 2], [2, 3], [2, 3], [1, 2], [0, 1], [1, 2], [1, 2], [0, 1], [1, 2], [1, 2], [0, 1], [0, 1]]}","{'map': {'0': 18, '1': 16, '2': 8, '3': 6}, 'arch': {'width': 5, 'height': 5, 'alg_qubits': [6, 16, 8, 18], 'magic_states': [1, 3, 9, 19, 23, 21, 5, 15]}, 'gates': [[0, 1], [0, 1], [0, 3], [0, 3], [0, 2], [0, 2], [1, 2], [1, 2], [1, 3], [1, 3], [0, 1], [0, 1], [2, 3], [2, 3], [0, 3], [0, 3], [0, 2], [0, 2], [1, 2], [1, 2], [1, 3], [1, 3], [0, 1], [0, 1], [2, 3], [2, 3], [0, 3], [0, 3], [0, 2], [0, 2], [1, 2], [1, 2], [1, 3], [1, 3], [0, 1], [0, 1], [2, 3], [2, 3], [0, 3], [0, 3], [0, 2], [0, 2], [1, 2], [1, 2], [1, 3], [1, 3], [2, 3], [2, 3]]}","{'map': {'0': 10, '1': 14, '2': 28, '3': 32, '4': 34, '5': 12, '6': 16}, 'arch': {'width': 9, 'height': 5, 'alg_qubits': [10, 28, 12, 30, 14, 32, 16, 34], 'magic_states': [1, 3, 5, 7, 17, 35, 43, 41, 39, 37, 9, 27]}, 'gates': [[1, 2], [0, 1], [2], [0, 2], [0], [2], [1], [1, 2], [0, 1], [2, 0], [0], [1], [2], [1, 0], [2, 1], [0, 2], [1], [0, 1], [0], [1], [2], [2, 1], [0, 2], [1, 0], [0], [1], [3], [1, 0], [3, 1], [0, 3], [1], [0, 1], [0], [1], [3], [3, 1], [0, 3], [1, 0], [0], [1], [4], [1, 0], [4, 1], [0, 4], [1], [0, 1], [0], [1], [4], [4, 1], [0, 4], [1, 0], [0], [1], [5], [1, 0], [5, 1], [0, 5], [1], [0, 1], [0], [1], [5], [5, 1], [0, 5], [1, 0], [0], [1], [6], [1, 0], [6, 1], [0, 6], [1], [0, 1], [0], [1], [6], [6, 1], [0, 6], [1, 0], [0]]}","{'map': {'0': 14, '1': 16, '2': 28, '3': 10, '4': 34, '5': 30, '6': 12, '7': 32}, 'arch': {'width': 9, 'height': 5, 'alg_qubits': [10, 28, 12, 30, 14, 32, 16, 34], 'magic_states': [1, 3, 5, 7, 17, 35, 43, 41, 39, 37, 9, 27]}, 'gates': [[3], [2], [2, 3], [5, 2], [3, 5], [0], [2], [1], [2, 0], [1, 2], [0, 1], [2], [0, 2], [0], [2], [1], [1, 2], [0, 1], [2, 0], [0], [1], [4], [1, 0], [4, 1], [0, 4], [1], [0, 1], [0], [1], [4], [4, 1], [0, 4], [1, 0], [0], [4], [5], [4, 0], [5, 4], [0, 5], [4], [0, 4], [0], [4], [5], [5, 4], [0, 5], [4, 0], [0], [5], [1], [5, 0], [1, 5], [0, 1], [5], [0, 5], [0], [5], [1], [1, 5], [0, 1], [5, 0], [0], [1], [6], [1, 0], [6, 1], [0, 6], [1], [0, 1], [0], [1], [6], [6, 1], [0, 6], [1, 0], [0], [1], [7], [1, 0], [7, 1], [0, 7]]}"
10q_100gates_11.qasm,"{'map': {'0': 12, '1': 38, '2': 20, '3': 14, '4': 40, '5': 36, '6': 18, '7': 16, '8': 34, '9': 42}, 'arch': {'width': 11, 'height': 5, 'alg_qubits': [12, 34, 14, 36, 16, 38, 18, 40, 20, 42], 'magic_states': [1, 3, 5, 7, 9, 21, 43, 53, 51, 49, 47, 45, 11, 33]}, 'gates': [[4, 0], [9, 4], [1], [8], [9], [8, 1], [9, 8], [1, 9], [8], [1, 8], [1], [8], [9], [9, 8], [1, 9], [8, 1], [2], [7], [8], [7, 2], [8, 7], [2, 8], [7], [2, 7], [2], [7], [8], [8, 7], [2, 8], [7, 2], [5], [3], [7], [3, 5], [7, 3], [5, 7], [3], [5, 3], [5], [3], [7], [7, 3], [5, 7], [3, 5], [2], [7], [8], [7, 2], [8, 7], [2, 8], [7], [2, 7], [2], [7], [8], [8, 7], [2, 8], [7, 2], [1], [8], [9], [8, 1], [9, 8], [1, 9], [8], [1, 8], [1], [8], [9], [9, 8], [1, 9], [8, 1], [6], [5], [4], [5, 6], [4, 5], [6, 4], [5], [6, 5], [6]]}","{'map': {'0': 12, '1': 18, '2': 40, '3': 14, '4': 36, '5': 42, '6': 16, '7': 34, '8': 20, '9': 38}, 'arch': {'width': 11, 'height': 5, 'alg_qubits': [12, 34, 14, 36, 16, 38, 18, 40, 20, 42], 'magic_states': [1, 3, 5, 7, 9, 21, 43, 53, 51, 49, 47, 45, 11, 33]}, 'gates': [[8], [9, 8], [9], [8], [4], [4, 8], [9, 4], [8, 9], [4, 2], [4, 8], [9], [1], [5], [1, 9], [5, 1], [9, 5], [1], [9, 1], [9], [1], [5], [5, 1], [9, 5], [1, 9], [5, 6], [5, 2], [0, 5], [5, 1], [0, 4], [9], [2], [0], [2, 9], [0, 2], [9, 0], [2], [9, 2], [9], [2], [0], [0, 2], [9, 0], [2, 9], [0, 4], [0, 3], [0, 2], [3, 0], [8, 9], [8, 4], [8, 3], [9, 8], [8, 1], [8, 2], [3, 8], [7, 9], [7, 6], [7, 4], [7, 3], [7, 2], [6, 5], [6, 2], [6, 0], [0, 6], [2, 7], [2, 8], [2, 1], [2, 6], [6, 2], [0, 9], [3, 2], [2, 3], [2, 5], [2, 8], [5, 6], [6, 1], [6, 2], [6, 7], [8, 5], [6, 8], [7, 6], [6, 9]]}","{'map': {'0': 36, '1': 40, '2': 14, '3': 34, '4': 12, '5': 20, '6': 18, '7': 16, '8': 38, '9': 42}, 'arch': {'width': 11, 'height': 5, 'alg_qubits': [12, 34, 14, 36, 16, 38, 18, 40, 20, 42], 'magic_states': [1, 3, 5, 7, 9, 21, 43, 53, 51, 49, 47, 45, 11, 33]}, 'gates': [[1, 5], [6], [1, 6], [1], [6], [5], [5, 6], [1, 5], [6, 1], [9], [8], [7], [8, 9], [7, 8], [9, 7], [8], [9, 8], [9], [8], [7], [7, 8], [9, 7], [8, 9], [3], [1], [0], [1, 3], [0, 1], [3, 0], [1], [3, 1], [3], [1], [0], [0, 1], [3, 0], [1, 3], [4], [2], [1], [2, 4], [1, 2], [4, 1], [2], [4, 2], [4], [2], [1], [1, 2], [4, 1], [2, 4], [5], [8], [2], [8, 5], [2, 8], [5, 2], [8], [5, 8], [5], [8], [2], [2, 8], [5, 2], [8, 5], [7], [6], [8], [6, 7], [8, 6], [7, 8], [6], [7, 6], [7], [6], [8], [8, 6], [7, 8], [6, 7], [5], [8]]}","{'map': {'0': 36, '1': 40, '2': 14, '3': 34, '4': 12, '5': 20, '6': 18, '7': 16, '8': 38, '9': 42}, 'arch': {'width': 11, 'height': 5, 'alg_qubits': [12, 34, 14, 36, 16, 38, 18, 40, 20, 42], 'magic_states': [1, 3, 5, 7, 9, 21, 43, 53, 51, 49, 47, 45, 11, 33]}, 'gates': [[1, 5], [6], [1, 6], [1], [6], [5], [5, 6], [1, 5], [6, 1], [9], [8], [7], [8, 9], [7, 8], [9, 7], [8], [9, 8], [9], [8], [7], [7, 8], [9, 7], [8, 9], [3], [1], [0], [1, 3], [0, 1], [3, 0], [1], [3, 1], [3], [1], [0], [0, 1], [3, 0], [1, 3], [4], [2], [1], [2, 4], [1, 2], [4, 1], [2], [4, 2], [4], [2], [1], [1, 2], [4, 1], [2, 4], [5], [8], [2], [8, 5], [2, 8], [5, 2], [8], [5, 8], [5], [8], [2], [2, 8], [5, 2], [8, 5], [7], [6], [8], [6, 7], [8, 6], [7, 8], [6], [7, 6], [7], [6], [8], [8, 6], [7, 8], [6, 7], [5], [8]]}","{'map': {'0': 34, '1': 18, '2': 12, '3': 16, '4': 14, '5': 36, '6': 38, '7': 42, '8': 20, '9': 40}, 'arch': {'width': 11, 'height': 5, 'alg_qubits': [12, 34, 14, 36, 16, 38, 18, 40, 20, 42], 'magic_states': [1, 3, 5, 7, 9, 21, 43, 53, 51, 49, 47, 45, 11, 33]}, 'gates': [[9, 0], [8], [9, 8], [9], [8], [0], [0, 8], [9, 0], [8, 9], [1], [7], [8], [7, 1], [8, 7], [1, 8], [7], [1, 7], [1], [7], [8], [8, 7], [1, 8], [7, 1], [2], [6], [7], [6, 2], [7, 6], [2, 7], [6], [2, 6], [2], [6], [7], [7, 6], [2, 7], [6, 2], [4], [3], [6], [3, 4], [6, 3], [4, 6], [3], [4, 3], [4], [3], [6], [6, 3], [4, 6], [3, 4], [2], [6], [7], [6, 2], [7, 6], [2, 7], [6], [2, 6], [2], [6], [7], [7, 6], [2, 7], [6, 2], [1], [7], [8], [7, 1], [8, 7], [1, 8], [7], [1, 7], [1], [7], [8], [8, 7], [1, 8], [7, 1], [5], [4]]}"
4q_100gates_12.qasm,"{'map': {'0': 18, '1': 16, '2': 8, '3': 6}, 'arch': {'width': 5, 'height': 5, 'alg_qubits': [6, 16, 8, 18], 'magic_states': [1, 3, 9, 19, 23, 21, 5, 15]}, 'gates': [[0, 1], [0, 1], [0, 3], [0, 3], [0, 2], [0, 2], [1, 2], [1, 2], [1, 3], [1, 3], [0, 1], [0, 1], [2, 3], [2, 3], [0, 3], [0, 3], [0, 2], [0, 2], [1, 2], [1, 2], [1, 3], [1, 3], [0, 1], [0, 1], [2, 3], [2, 3], [0, 3], [0, 3], [0, 2], [0, 2], [1, 2], [1, 2], [1, 3], [1, 3], [0, 1], [0, 1], [2, 3], [2, 3], [0, 3], [0, 3], [0, 2], [0, 2], [1, 2], [1, 2], [1, 3], [1, 3], [2, 3], [2, 3]]}","{'map': {'0': 18, '1': 8, '2': 16, '3': 6}, 'arch': {'width': 5, 'height': 5, 'alg_qubits': [6, 16, 8, 18], 'magic_states': [1, 3, 9, 19, 23, 21, 5, 15]}, 'gates': [[0, 1], [0, 1], [1, 2], [2, 3], [2, 3], [1, 2], [0, 1], [0, 1], [1, 2], [2, 3], [2, 3], [1, 2], [0, 1], [1, 2], [2, 3], [2, 3], [1, 2], [0, 1], [0, 1], [1, 2], [2, 3], [2, 3], [1, 2], [0, 1], [1, 2], [2, 3], [2, 3], [1, 2], [0, 1], [0, 1], [1, 2], [2, 3], [2, 3], [1, 2], [0, 1], [1, 2], [2, 3], [2, 3], [1, 2], [0, 1], [0, 1], [1, 2], [2, 3], [2, 3], [1, 2], [0, 1], [2, 3], [2, 3], [1, 2], [2, 3], [2, 3], [1, 2], [2, 3], [2, 3], [1, 2], [1, 2], [0, 1], [1, 2], [2, 3], [2, 3], [1, 2], [0, 1], [1, 2], [2, 3], [2, 3], [1, 2], [0, 1], [1, 2], [1, 2], [0, 1], [1, 2], [1, 2], [0, 1], [0, 1]]}","{'map': {'0': 22, '1': 10, '2': 24, '3': 12, '4': 26}, 'arch': {'width': 7, 'height': 5, 'alg_qubits': [8, 22, 10, 24, 12, 26], 'magic_states': [1, 3, 5, 13, 27, 33, 31, 29, 7, 21]}, 'gates': [[4], [4, 1], [3, 4], [1, 3], [0], [2], [1], [2, 0], [1, 2], [0, 1], [2], [0, 2], [0], [2], [1], [1, 2], [0, 1], [2, 0], [3], [1], [4], [1, 3], [4, 1], [3, 4], [1], [3, 1], [3], [1], [4], [4, 1], [3, 4], [1, 3], [0], [2], [1], [2, 0], [1, 2], [0, 1], [2], [0, 2], [0], [2], [1], [1, 2], [0, 1], [2, 0], [0], [3], [2], [3, 0], [2, 3], [0, 2], [3], [0, 3], [0], [3], [2], [2, 3], [0, 2], [3, 0], [0, 3], [2, 1], [3], [2, 3], [2], [3], [1], [1, 3], [2, 1], [3, 2], [3], [1], [4], [1, 3], [4, 1], [3, 4], [1], [3, 1], [3], [1]]}","{'map': {'0': 12, '1': 26, '2': 8, '3': 24, '4': 22}, 'arch': {'width': 7, 'height': 5, 'alg_qubits': [8, 22, 10, 24, 12, 26], 'magic_states': [1, 3, 5, 13, 27, 33, 31, 29, 7, 21]}, 'gates': [[4], [4, 1], [0, 4], [1, 0], [3], [2], [1], [2, 3], [1, 2], [3, 1], [2], [3, 2], [3], [2], [1], [1, 2], [3, 1], [2, 3], [0], [1], [4], [1, 0], [4, 1], [0, 4], [1], [0, 1], [0], [1], [4], [4, 1], [0, 4], [1, 0], [3], [2], [1], [2, 3], [1, 2], [3, 1], [2], [3, 2], [3], [2], [1], [1, 2], [3, 1], [2, 3], [0], [3], [2], [3, 0], [2, 3], [0, 2], [3], [0, 3], [0], [3], [2], [2, 3], [0, 2], [3, 0], [0, 3], [4, 1], [3], [4, 3], [4], [3], [1], [1, 3], [4, 1], [3, 4], [0], [1], [4], [1, 0], [4, 1], [0, 4], [1], [0, 1], [0], [1]]}","{'map': {'0': 22, '1': 12, '2': 24, '3': 26, '4': 8}, 'arch': {'width': 7, 'height': 5, 'alg_qubits': [8, 22, 10, 24, 12, 26], 'magic_states': [1, 3, 5, 13, 27, 33, 31, 29, 7, 21]}, 'gates': [[1], [0], [0, 1], [2, 0], [1, 2], [4], [3], [1], [3, 4], [1, 3], [4, 1], [3], [4, 3], [4], [3], [1], [1, 3], [4, 1], [3, 4], [2], [1], [0], [1, 2], [0, 1], [2, 0], [1], [2, 1], [2], [1], [0], [0, 1], [2, 0], [1, 2], [4], [3], [1], [3, 4], [1, 3], [4, 1], [3], [4, 3], [4], [3], [1], [1, 3], [4, 1], [3, 4], [3], [2], [0], [2, 3], [0, 2], [3, 0], [2], [3, 2], [3], [2], [0], [0, 2], [3, 0], [2, 3], [3], [4, 3], [4], [3], [2], [2, 3], [4, 2], [3, 4], [0, 2], [2, 3], [2], [1], [0], [1, 2], [0, 1], [2, 0], [1], [2, 1], [2]]}"
8q_100gates_44.qasm,"{'map': {'0': 16, '1': 32, '2': 34, '3': 28, '4': 10, '5': 30, '6': 12, '7': 14}, 'arch': {'width': 9, 'height': 5, 'alg_qubits': [10, 28, 12, 30, 14, 32, 16, 34], 'magic_states': [1, 3, 5, 7, 17, 35, 43, 41, 39, 37, 9, 27]}, 'gates': [[6], [5], [6, 7], [5, 6], [7, 5], [6], [7, 6], [7], [6], [5], [5, 6], [7, 5], [6, 7], [2], [1], [0], [1, 2], [0, 1], [2, 0], [1], [2, 1], [2], [1], [0], [0, 1], [2, 0], [1, 2], [3], [6], [1], [6, 3], [1, 6], [3, 1], [6], [3, 6], [3], [6], [1], [1, 6], [3, 1], [6, 3], [5], [4], [6], [4, 5], [6, 4], [5, 6], [4], [5, 4], [5], [4], [6], [6, 4], [5, 6], [4, 5], [3], [6], [1], [6, 3], [1, 6], [3, 1], [6], [3, 6], [3], [6], [1], [1, 6], [3, 1], [6, 3], [2], [1], [0], [1, 2], [0, 1], [2, 0], [1], [2, 1], [2], [1], [0], [0, 1]]}","{'map': {'0': 14, '1': 30, '2': 16, '3': 34, '4': 28, '5': 10, '6': 32, '7': 12}, 'arch': {'width': 9, 'height': 5, 'alg_qubits': [10, 28, 12, 30, 14, 32, 16, 34], 'magic_states': [1, 3, 5, 7, 17, 35, 43, 41, 39, 37, 9, 27]}, 'gates': [[5, 6], [5, 3], [5, 1], [4, 5], [0, 4], [4, 0], [0, 7], [2, 4], [2, 5], [2, 3], [2, 1], [0, 2], [2, 0], [7, 1], [1, 3], [1, 7], [2, 1], [0, 2], [0, 5], [7, 6], [6, 0], [0, 7], [6, 3], [1], [6], [7], [6, 1], [7, 6], [1, 7], [6], [1, 6], [1], [6], [7], [7, 6], [1, 7], [6, 1], [7, 1], [7, 6], [1], [0], [5], [0, 1], [5, 0], [1, 5], [0], [1, 0], [1], [0], [5], [5, 0], [1, 5], [0, 1], [5, 0], [5, 1], [1, 3], [2, 3], [6, 1], [5, 6], [6, 2], [7, 1], [7, 6], [0, 7], [0, 5], [6, 0], [5], [7], [6], [7, 5], [6, 7], [5, 6], [7], [5, 7], [5], [7], [6], [6, 7], [5, 6], [7, 5], [1], [6]]}","{'map': {'0': 28, '1': 12, '2': 32, '3': 14, '4': 10, '5': 16, '6': 34}, 'arch': {'width': 9, 'height': 5, 'alg_qubits': [10, 28, 12, 30, 14, 32, 16, 34], 'magic_states': [1, 3, 5, 7, 17, 35, 43, 41, 39, 37, 9, 27]}, 'gates': [[3], [2], [3, 6], [2, 3], [6, 2], [3], [6, 3], [6], [3], [2], [2, 3], [6, 2], [3, 6], [5], [2], [0], [2, 5], [0, 2], [5, 0], [2], [5, 2], [5], [2], [0], [0, 2], [5, 0], [2, 5], [1], [4], [0], [4, 1], [0, 4], [1, 0], [4], [1, 4], [1], [4], [0], [0, 4], [1, 0], [4, 1], [3], [2], [4], [2, 3], [4, 2], [3, 4], [2], [3, 2], [3], [2], [4], [4, 2], [3, 4], [2, 3], [1], [4], [0], [4, 1], [0, 4], [1, 0], [4], [1, 4], [1], [4], [0], [0, 4], [1, 0], [4, 1], [3], [2], [4], [2, 3], [4, 2], [3, 4], [2], [3, 2], [3], [2], [4], [4, 2]]}","{'map': {'0': 32, '1': 12, '2': 28, '3': 30, '4': 10, '5': 34, '6': 16, '7': 14}, 'arch': {'width': 9, 'height': 5, 'alg_qubits': [10, 28, 12, 30, 14, 32, 16, 34], 'magic_states': [1, 3, 5, 7, 17, 35, 43, 41, 39, 37, 9, 27]}, 'gates': [[7], [6], [5], [6, 7], [5, 6], [7, 5], [6], [7, 6], [7], [6], [5], [5, 6], [7, 5], [6, 7], [2], [1], [0], [1, 2], [0, 1], [2, 0], [1], [2, 1], [2], [1], [0], [0, 1], [2, 0], [1, 2], [3], [6], [1], [6, 3], [1, 6], [3, 1], [6], [3, 6], [3], [6], [1], [1, 6], [3, 1], [6, 3], [5], [4], [6], [4, 5], [6, 4], [5, 6], [4], [5, 4], [5], [4], [6], [6, 4], [5, 6], [4, 5], [3], [6], [1], [6, 3], [1, 6], [3, 1], [6], [3, 6], [3], [6], [1], [1, 6], [3, 1], [6, 3], [2], [1], [0], [1, 2], [0, 1], [2, 0], [1], [2, 1], [2], [1], [0]]}","{'map': {'0': 32, '1': 12, '2': 28, '3': 30, '4': 10, '5': 34, '6': 16, '7': 14}, 'arch': {'width': 9, 'height': 5, 'alg_qubits': [10, 28, 12, 30, 14, 32, 16, 34], 'magic_states': [1, 3, 5, 7, 17, 35, 43, 41, 39, 37, 9, 27]}, 'gates': [[7], [6], [5], [6, 7], [5, 6], [7, 5], [6], [7, 6], [7], [6], [5], [5, 6], [7, 5], [6, 7], [2], [1], [0], [1, 2], [0, 1], [2, 0], [1], [2, 1], [2], [1], [0], [0, 1], [2, 0], [1, 2], [3], [6], [1], [6, 3], [1, 6], [3, 1], [6], [3, 6], [3], [6], [1], [1, 6], [3, 1], [6, 3], [5], [4], [6], [4, 5], [6, 4], [5, 6], [4], [5, 4], [5], [4], [6], [6, 4], [5, 6], [4, 5], [3], [6], [1], [6, 3], [1, 6], [3, 1], [6], [3, 6], [3], [6], [1], [1, 6], [3, 1], [6, 3], [2], [1], [0], [1, 2], [0, 1], [2, 0], [1], [2, 1], [2], [1], [0]]}"
7q_100gates_7.qasm,"{'map': {'0': 34, '1': 32, '2': 10, '3': 14, '4': 16, '5': 28, '6': 12}, 'arch': {'width': 9, 'height': 5, 'alg_qubits': [10, 28, 12, 30, 14, 32, 16, 34], 'magic_states': [1, 3, 5, 7, 17, 35, 43, 41, 39, 37, 9, 27]}, 'gates': [[2], [4], [0], [4, 2], [0, 4], [2, 0], [4], [2, 4], [2], [4], [0], [0, 4], [2, 0], [4, 2], [5], [0], [1], [0, 5], [1, 0], [5, 1], [0], [5, 0], [5], [0], [1], [1, 0], [5, 1], [0, 5], [3], [1], [6], [1, 3], [6, 1], [3, 6], [1], [3, 1], [3], [1], [6], [6, 1], [3, 6], [1, 3], [5], [0], [1], [0, 5], [1, 0], [5, 1], [0], [5, 0], [5], [0], [1], [1, 0], [5, 1], [0, 5], [2], [4], [0], [4, 2], [0, 4], [2, 0], [4], [2, 4], [2], [4], [0], [0, 4], [2, 0], [4, 2], [5], [0], [1], [0, 5], [1, 0], [5, 1], [0], [5, 0], [5], [0], [1]]}","{'map': {'0': 10, '1': 32, '2': 34, '3': 12, '4': 30, '5': 16, '6': 28}, 'arch': {'width': 9, 'height': 5, 'alg_qubits': [10, 28, 12, 30, 14, 32, 16, 34], 'magic_states': [1, 3, 5, 7, 17, 35, 43, 41, 39, 37, 9, 27]}, 'gates': [[3], [1], [6], [6, 1], [3, 6], [1, 3], [5], [0], [1], [0, 5], [1, 0], [5, 1], [0], [5, 0], [5], [0], [1], [1, 0], [5, 1], [0, 5], [2], [4], [0], [4, 2], [0, 4], [2, 0], [4], [2, 4], [2], [4], [0], [0, 4], [2, 0], [4, 2], [5], [0], [1], [0, 5], [1, 0], [5, 1], [0], [5, 0], [5], [0], [1], [1, 0], [5, 1], [0, 5], [5], [3], [6], [3, 5], [6, 3], [5, 6], [3], [5, 3], [5], [3], [6], [6, 3], [5, 6], [3, 5], [4], [0], [3], [0, 4], [3, 0], [4, 3], [0], [4, 0], [4], [0], [3], [3, 0], [4, 3], [0, 4], [1], [2], [0], [2, 1], [0, 2]]}","{'map': {'0': 10, '1': 14, '2': 32, '3': 34, '4': 30, '5': 12, '6': 28, '7': 16}, 'arch': {'width': 9, 'height': 5, 'alg_qubits': [10, 28, 12, 30, 14, 32, 16, 34], 'magic_states': [1, 3, 5, 7, 17, 35, 43, 41, 39, 37, 9, 27]}, 'gates': [[1], [0], [1, 3], [0, 1], [3, 0], [1], [3, 1], [3], [1], [0], [0, 1], [3, 0], [1, 3], [4], [2], [1], [2, 4], [1, 2], [4, 1], [2], [4, 2], [4], [2], [1], [1, 2], [4, 1], [2, 4], [6], [5], [2], [5, 6], [2, 5], [6, 2], [5], [6, 5], [6], [5], [2], [2, 5], [6, 2], [5, 6], [4], [2], [1], [2, 4], [1, 2], [4, 1], [2], [4, 2], [4], [2], [1], [1, 2], [4, 1], [2, 4], [0], [3], [7], [3, 0], [7, 3], [0, 7], [3], [0, 3], [0], [3], [7], [7, 3], [0, 7], [3, 0], [2], [1], [3], [1, 2], [3, 1], [2, 3], [1], [2, 1], [2], [1], [3], [3, 1]]}","{'map': {'0': 12, '1': 32, '2': 10, '3': 28, '4': 30, '5': 16, '6': 34}, 'arch': {'width': 9, 'height': 5, 'alg_qubits': [10, 28, 12, 30, 14, 32, 16, 34], 'magic_states': [1, 3, 5, 7, 17, 35, 43, 41, 39, 37, 9, 27]}, 'gates': [[1], [0], [1, 3], [0, 1], [3, 0], [1], [3, 1], [3], [1], [0], [0, 1], [3, 0], [1, 3], [4], [2], [1], [2, 4], [1, 2], [4, 1], [2], [4, 2], [4], [2], [1], [1, 2], [4, 1], [2, 4], [6], [5], [2], [5, 6], [2, 5], [6, 2], [5], [6, 5], [6], [5], [2], [2, 5], [6, 2], [5, 6], [4], [2], [1], [2, 4], [1, 2], [4, 1], [2], [4, 2], [4], [2], [1], [1, 2], [4, 1], [2, 4], [3], [1], [0], [1, 3], [0, 1], [3, 0], [1], [3, 1], [3], [1], [0], [0, 1], [3, 0], [1, 3], [4], [2], [1], [2, 4], [1, 2], [4, 1], [2], [4, 2], [4], [2], [1], [1, 2]]}","{'map': {'0': 32, '1': 12, '2': 30, '3': 28, '4': 34, '5': 14, '6': 16}, 'arch': {'width': 9, 'height': 5, 'alg_qubits': [10, 28, 12, 30, 14, 32, 16, 34], 'magic_states': [1, 3, 5, 7, 17, 35, 43, 41, 39, 37, 9, 27]}, 'gates': [[2], [1], [0], [1, 2], [0, 1], [2, 0], [1], [2, 1], [2], [1], [0], [0, 1], [2, 0], [1, 2], [3], [6], [1], [6, 3], [1, 6], [3, 1], [6], [3, 6], [3], [6], [1], [1, 6], [3, 1], [6, 3], [5], [4], [6], [4, 5], [6, 4], [5, 6], [4], [5, 4], [5], [4], [6], [6, 4], [5, 6], [4, 5], [3], [6], [1], [6, 3], [1, 6], [3, 1], [6], [3, 6], [3], [6], [1], [1, 6], [3, 1], [6, 3], [0], [1], [6], [1, 0], [6, 1], [0, 6], [1], [0, 1], [0], [1], [6], [6, 1], [0, 6], [1, 0], [2], [1], [0], [1, 2], [0, 1], [2, 0], [1], [2, 1], [2], [1], [0]]}"
5q_100gates_37.qasm,"{'map': {'0': 12, '1': 26, '2': 8, '3': 24, '4': 22}, 'arch': {'width': 7, 'height': 5, 'alg_qubits': [8, 22, 10, 24, 12, 26], 'magic_states': [1, 3, 5, 13, 27, 33, 31, 29, 7, 21]}, 'gates': [[4], [4, 1], [0, 4], [1, 0], [3], [2], [1], [2, 3], [1, 2], [3, 1], [2], [3, 2], [3], [2], [1], [1, 2], [3, 1], [2, 3], [0], [1], [4], [1, 0], [4, 1], [0, 4], [1], [0, 1], [0], [1], [4], [4, 1], [0, 4], [1, 0], [3], [2], [1], [2, 3], [1, 2], [3, 1], [2], [3, 2], [3], [2], [1], [1, 2], [3, 1], [2, 3], [0], [3], [2], [3, 0], [2, 3], [0, 2], [3], [0, 3], [0], [3], [2], [2, 3], [0, 2], [3, 0], [0, 3], [4, 1], [3], [4, 3], [4], [3], [1], [1, 3], [4, 1], [3, 4], [0], [1], [4], [1, 0], [4, 1], [0, 4], [1], [0, 1], [0], [1]]}","{'map': {'0': 22, '1': 12, '2': 24, '3': 26, '4': 8}, 'arch': {'width': 7, 'height': 5, 'alg_qubits': [8, 22, 10, 24, 12, 26], 'magic_states': [1, 3, 5, 13, 27, 33, 31, 29, 7, 21]}, 'gates': [[1], [0], [0, 1], [2, 0], [1, 2], [4], [3], [1], [3, 4], [1, 3], [4, 1], [3], [4, 3], [4], [3], [1], [1, 3], [4, 1], [3, 4], [2], [1], [0], [1, 2], [0, 1], [2, 0], [1], [2, 1], [2], [1], [0], [0, 1], [2, 0], [1, 2], [4], [3], [1], [3, 4], [1, 3], [4, 1], [3], [4, 3], [4], [3], [1], [1, 3], [4, 1], [3, 4], [3], [2], [0], [2, 3], [0, 2], [3, 0], [2], [3, 2], [3], [2], [0], [0, 2], [3, 0], [2, 3], [3], [4, 3], [4], [3], [2], [2, 3], [4, 2], [3, 4], [0, 2], [2, 3], [2], [1], [0], [1, 2], [0, 1], [2, 0], [1], [2, 1], [2]]}","{'map': {'0': 8, '1': 22, '2': 26, '3': 10, '4': 12}, 'arch': {'width': 7, 'height': 5, 'alg_qubits': [8, 22, 10, 24, 12, 26], 'magic_states': [1, 3, 5, 13, 27, 33, 31, 29, 7, 21]}, 'gates': [[1, 0], [4], [1, 4], [1], [4], [0], [0, 4], [1, 0], [4, 1], [4, 3], [4, 2], [4, 1], [0, 4], [4, 0], [3], [0], [0, 3], [4, 0], [3, 4], [1], [2], [3], [2, 1], [3, 2], [1, 3], [2], [1, 2], [1], [2], [3], [3, 2], [1, 3], [2, 1], [4], [3], [0], [3, 4], [0, 3], [4, 0], [3], [4, 3], [4], [3], [0], [0, 3], [4, 0], [3, 4], [1], [2], [3], [2, 1], [3, 2], [1, 3], [2], [1, 2], [1], [2], [3], [3, 2], [1, 3], [2, 1], [2], [4], [0], [4, 2], [0, 4], [2, 0], [4], [2, 4], [2], [4], [0], [0, 4], [2, 0], [4, 2], [1], [4], [0], [4, 1], [0, 4]]}","{'map': {'0': 22, '1': 8, '2': 26, '3': 12, '4': 24}, 'arch': {'width': 7, 'height': 5, 'alg_qubits': [8, 22, 10, 24, 12, 26], 'magic_states': [1, 3, 5, 13, 27, 33, 31, 29, 7, 21]}, 'gates': [[4, 1], [1, 4], [2], [1], [0], [1, 2], [0, 1], [2, 0], [1], [2, 1], [2], [1], [0], [0, 1], [2, 0], [1, 2], [4], [3], [1], [3, 4], [1, 3], [4, 1], [3], [4, 3], [4], [3], [1], [1, 3], [4, 1], [3, 4], [2], [1], [0], [1, 2], [0, 1], [2, 0], [1], [2, 1], [2], [1], [0], [0, 1], [2, 0], [1, 2], [4], [3], [1], [3, 4], [1, 3], [4, 1], [3], [4, 3], [4], [3], [1], [1, 3], [4, 1], [3, 4], [0], [1], [4], [1, 0], [4, 1], [0, 4], [1], [0, 1], [0], [1], [4], [4, 1], [0, 4], [1, 0], [3], [2], [1], [2, 3], [1, 2], [3, 1], [2], [3, 2], [3]]}","{'map': {'0': 10, '1': 8, '2': 22, '3': 26, '4': 24, '5': 12}, 'arch': {'width': 7, 'height': 5, 'alg_qubits': [8, 22, 10, 24, 12, 26], 'magic_states': [1, 3, 5, 13, 27, 33, 31, 29, 7, 21]}, 'gates': [[0], [4, 1], [0, 4], [1, 0], [4], [1, 4], [1], [4], [0], [0, 4], [1, 0], [4, 1], [3], [2], [4], [2, 3], [4, 2], [3, 4], [2], [3, 2], [3], [2], [4], [4, 2], [3, 4], [2, 3], [1], [4], [0], [4, 1], [0, 4], [1, 0], [4], [1, 4], [1], [4], [0], [0, 4], [1, 0], [4, 1], [3], [2], [4], [2, 3], [4, 2], [3, 4], [2], [3, 2], [3], [2], [4], [4, 2], [3, 4], [2, 3], [4], [0], [1], [0, 4], [1, 0], [4, 1], [0], [4, 0], [4], [0], [1], [1, 0], [4, 1], [0, 4], [5], [2], [0], [2, 5], [0, 2], [5, 0], [2], [5, 2], [5], [2], [0], [0, 2], [5, 0]]}"
9q_100gates_18.qasm,"{'map': {'0': 42, '1': 12, '2': 20, '3': 40, '4': 36, '5': 34, '6': 16, '7': 38, '8': 18}, 'arch': {'width': 11, 'height': 5, 'alg_qubits': [12, 34, 14, 36, 16, 38, 18, 40, 20, 42], 'magic_states': [1, 3, 5, 7, 9, 21, 43, 53, 51, 49, 47, 45, 11, 33]}, 'gates': [[8], [7], [6], [7, 8], [6, 7], [8, 6], [7], [8, 7], [8], [7], [6], [6, 7], [8, 6], [7, 8], [3], [1], [0], [1, 3], [0, 1], [3, 0], [1], [3, 1], [3], [1], [0], [0, 1], [3, 0], [1, 3], [4], [2], [1], [2, 4], [1, 2], [4, 1], [2], [4, 2], [4], [2], [1], [1, 2], [4, 1], [2, 4], [6], [5], [2], [5, 6], [2, 5], [6, 2], [5], [6, 5], [6], [5], [2], [2, 5], [6, 2], [5, 6], [4], [2], [1], [2, 4], [1, 2], [4, 1], [2], [4, 2], [4], [2], [1], [1, 2], [4, 1], [2, 4], [3], [1], [0], [1, 3], [0, 1], [3, 0], [1], [3, 1], [3], [1], [0]]}","{'map': {'0': 42, '1': 12, '2': 20, '3': 40, '4': 36, '5': 34, '6': 16, '7': 38, '8': 18}, 'arch': {'width': 11, 'height': 5, 'alg_qubits': [12, 34, 14, 36, 16, 38, 18, 40, 20, 42], 'magic_states': [1, 3, 5, 7, 9, 21, 43, 53, 51, 49, 47, 45, 11, 33]}, 'gates': [[8], [7], [6], [7, 8], [6, 7], [8, 6], [7], [8, 7], [8], [7], [6], [6, 7], [8, 6], [7, 8], [3], [1], [0], [1, 3], [0, 1], [3, 0], [1], [3, 1], [3], [1], [0], [0, 1], [3, 0], [1, 3], [4], [2], [1], [2, 4], [1, 2], [4, 1], [2], [4, 2], [4], [2], [1], [1, 2], [4, 1], [2, 4], [6], [5], [2], [5, 6], [2, 5], [6, 2], [5], [6, 5], [6], [5], [2], [2, 5], [6, 2], [5, 6], [4], [2], [1], [2, 4], [1, 2], [4, 1], [2], [4, 2], [4], [2], [1], [1, 2], [4, 1], [2, 4], [3], [1], [0], [1, 3], [0, 1], [3, 0], [1], [3, 1], [3], [1], [0]]}","{'map': {'0': 14, '1': 18, '2': 20, '3': 40, '4': 16, '5': 34, '6': 12, '7': 38, '8': 36}, 'arch': {'width': 11, 'height': 5, 'alg_qubits': [12, 34, 14, 36, 16, 38, 18, 40, 20, 42], 'magic_states': [1, 3, 5, 7, 9, 21, 43, 53, 51, 49, 47, 45, 11, 33]}, 'gates': [[7, 1], [2], [7, 2], [7], [2], [1], [1, 2], [7, 1], [2, 7], [5], [6], [0], [6, 5], [0, 6], [5, 0], [6], [5, 6], [5], [6], [0], [0, 6], [5, 0], [6, 5], [4], [7], [6], [7, 4], [6, 7], [4, 6], [7], [4, 7], [4], [7], [6], [6, 7], [4, 6], [7, 4], [3], [8], [7], [8, 3], [7, 8], [3, 7], [8], [3, 8], [3], [8], [7], [7, 8], [3, 7], [8, 3], [1], [2], [8], [2, 1], [8, 2], [1, 8], [2], [1, 2], [1], [2], [8], [8, 2], [1, 8], [2, 1], [3], [8], [7], [8, 3], [7, 8], [3, 7], [8], [3, 8], [3], [8], [7], [7, 8], [3, 7], [8, 3], [4], [7]]}","{'map': {'0': 14, '1': 18, '2': 20, '3': 40, '4': 16, '5': 34, '6': 12, '7': 38, '8': 36}, 'arch': {'width': 11, 'height': 5, 'alg_qubits': [12, 34, 14, 36, 16, 38, 18, 40, 20, 42], 'magic_states': [1, 3, 5, 7, 9, 21, 43, 53, 51, 49, 47, 45, 11, 33]}, 'gates': [[7, 1], [2], [7, 2], [7], [2], [1], [1, 2], [7, 1], [2, 7], [5], [6], [0], [6, 5], [0, 6], [5, 0], [6], [5, 6], [5], [6], [0], [0, 6], [5, 0], [6, 5], [4], [7], [6], [7, 4], [6, 7], [4, 6], [7], [4, 7], [4], [7], [6], [6, 7], [4, 6], [7, 4], [3], [8], [7], [8, 3], [7, 8], [3, 7], [8], [3, 8], [3], [8], [7], [7, 8], [3, 7], [8, 3], [1], [2], [8], [2, 1], [8, 2], [1, 8], [2], [1, 2], [1], [2], [8], [8, 2], [1, 8], [2, 1], [3], [8], [7], [8, 3], [7, 8], [3, 7], [8], [3, 8], [3], [8], [7], [7, 8], [3, 7], [8, 3], [4], [7]]}","{'map': {'0': 34, '1': 18, '2': 20, '3': 38, '4': 40, '5': 36, '6': 14, '7': 16, '8': 42}, 'arch': {'width': 11, 'height': 5, 'alg_qubits': [12, 34, 14, 36, 16, 38, 18, 40, 20, 42], 'magic_states': [1, 3, 5, 7, 9, 21, 43, 53, 51, 49, 47, 45, 11, 33]}, 'gates': [[7, 1], [2], [7, 2], [7], [2], [1], [1, 2], [7, 1], [2, 7], [5], [6], [0], [6, 5], [0, 6], [5, 0], [6], [5, 6], [5], [6], [0], [0, 6], [5, 0], [6, 5], [4], [7], [6], [7, 4], [6, 7], [4, 6], [7], [4, 7], [4], [7], [6], [6, 7], [4, 6], [7, 4], [3], [8], [7], [8, 3], [7, 8], [3, 7], [8], [3, 8], [3], [8], [7], [7, 8], [3, 7], [8, 3], [1], [2], [8], [2, 1], [8, 2], [1, 8], [2], [1, 2], [1], [2], [8], [8, 2], [1, 8], [2, 1], [3], [8], [7], [8, 3], [7, 8], [3, 7], [8], [3, 8], [3], [8], [7], [7, 8], [3, 7], [8, 3], [4], [7]]}"
3q_100gates_3.qasm,"{'map': {'0': 18, '1': 8, '2': 16, '3': 6}, 'arch': {'width': 5, 'height': 5, 'alg_qubits': [6, 16, 8, 18], 'magic_states': [1, 3, 9, 19, 23, 21, 5, 15]}, 'gates': [[0, 1], [0, 1], [1, 2], [2, 3], [2, 3], [1, 2], [0, 1], [0, 1], [1, 2], [2, 3], [2, 3], [1, 2], [0, 1], [1, 2], [2, 3], [2, 3], [1, 2], [0, 1], [0, 1], [1, 2], [2, 3], [2, 3], [1, 2], [0, 1], [1, 2], [2, 3], [2, 3], [1, 2], [0, 1], [0, 1], [1, 2], [2, 3], [2, 3], [1, 2], [0, 1], [1, 2], [2, 3], [2, 3], [1, 2], [0, 1], [0, 1], [1, 2], [2, 3], [2, 3], [1, 2], [0, 1], [2, 3], [2, 3], [1, 2], [2, 3], [2, 3], [1, 2], [2, 3], [2, 3], [1, 2], [1, 2], [0, 1], [1, 2], [2, 3], [2, 3], [1, 2], [0, 1], [1, 2], [2, 3], [2, 3], [1, 2], [0, 1], [1, 2], [1, 2], [0, 1], [1, 2], [1, 2], [0, 1], [0, 1]]}","{'map': {'0': 10, '1': 14, '2': 28, '3': 32, '4': 34, '5': 12, '6': 16}, 'arch': {'width': 9, 'height': 5, 'alg_qubits': [10, 28, 12, 30, 14, 32, 16, 34], 'magic_states': [1, 3, 5, 7, 17, 35, 43, 41, 39, 37, 9, 27]}, 'gates': [[1, 2], [0, 1], [2], [0, 2], [0], [2], [1], [1, 2], [0, 1], [2, 0], [0], [1], [2], [1, 0], [2, 1], [0, 2], [1], [0, 1], [0], [1], [2], [2, 1], [0, 2], [1, 0], [0], [1], [3], [1, 0], [3, 1], [0, 3], [1], [0, 1], [0], [1], [3], [3, 1], [0, 3], [1, 0], [0], [1], [4], [1, 0], [4, 1], [0, 4], [1], [0, 1], [0], [1], [4], [4, 1], [0, 4], [1, 0], [0], [1], [5], [1, 0], [5, 1], [0, 5], [1], [0, 1], [0], [1], [5], [5, 1], [0, 5], [1, 0], [0], [1], [6], [1, 0], [6, 1], [0, 6], [1], [0, 1], [0], [1], [6], [6, 1], [0, 6], [1, 0], [0]]}","{'map': {'0': 18, '1': 16, '2': 8, '3': 6}, 'arch': {'width': 5, 'height': 5, 'alg_qubits': [6, 16, 8, 18], 'magic_states': [1, 3, 9, 19, 23, 21, 5, 15]}, 'gates': [[0, 1], [0, 1], [0, 3], [0, 3], [0, 2], [0, 2], [1, 2], [1, 2], [1, 3], [1, 3], [0, 1], [0, 1], [2, 3], [2, 3], [0, 3], [0, 3], [0, 2], [0, 2], [1, 2], [1, 2], [1, 3], [1, 3], [0, 1], [0, 1], [2, 3], [2, 3], [0, 3], [0, 3], [0, 2], [0, 2], [1, 2], [1, 2], [1, 3], [1, 3], [0, 1], [0, 1], [2, 3], [2, 3], [0, 3], [0, 3], [0, 2], [0, 2], [1, 2], [1, 2], [1, 3], [1, 3], [2, 3], [2, 3]]}","{'map': {'0': 30, '1': 16, '2': 34, '3': 28, '4': 10, '5': 14, '6': 12, '8': 26}, 'arch': {'width': 9, 'height': 5, 'alg_qubits': [10, 28, 12, 30, 14, 32, 16, 34], 'magic_states': [1, 3, 5, 7, 17, 35, 43, 41, 39, 37, 9, 27]}, 'gates': [[1, 8], [1], [8], [5], [5, 8], [1, 5], [8, 1], [0], [2], [1], [2, 0], [1, 2], [0, 1], [2], [0, 2], [0], [2], [1], [1, 2], [0, 1], [2, 0], [1], [4], [0], [4, 1], [0, 4], [1, 0], [4], [1, 4], [1], [4], [0], [0, 4], [1, 0], [4, 1], [1], [4], [2], [4, 1], [2, 4], [1, 2], [4], [1, 4], [1], [4], [2], [2, 4], [1, 2], [4, 1], [1], [4], [3], [4, 1], [3, 4], [1, 3], [4], [1, 4], [1], [4], [3], [3, 4], [1, 3], [4, 1], [0], [2], [8], [2, 0], [8, 2], [0, 8], [2], [0, 2], [0], [2], [8], [8, 2], [0, 8], [2, 0], [0], [8], [2], [8, 0]]}","{'map': {'0': 12, '1': 16, '2': 30, '3': 14, '4': 34, '5': 32, '6': 10, '7': 28}, 'arch': {'width': 9, 'height': 5, 'alg_qubits': [10, 28, 12, 30, 14, 32, 16, 34], 'magic_states': [1, 3, 5, 7, 17, 35, 43, 41, 39, 37, 9, 27]}, 'gates': [[5, 4], [0, 5], [4, 0], [0], [1], [4], [1, 0], [4, 1], [0, 4], [1], [0, 1], [0], [1], [4], [4, 1], [0, 4], [1, 0], [0], [2], [1], [2, 0], [1, 2], [0, 1], [2], [0, 2], [0], [2], [1], [1, 2], [0, 1], [2, 0], [5], [3], [2], [3, 5], [2, 3], [5, 2], [3], [5, 3], [5], [3], [2], [2, 3], [5, 2], [3, 5], [7], [6], [3], [6, 7], [3, 6], [7, 3], [6], [7, 6], [7], [6], [3], [3, 6], [7, 3], [6, 7], [5], [3], [2], [3, 5], [2, 3], [5, 2], [3], [5, 3], [5], [3], [2], [2, 3], [5, 2], [3, 5], [0], [2], [1], [2, 0], [1, 2], [0, 1], [2], [0, 2]]}"
4q_100gates_41.qasm,"{'map': {'0': 18, '1': 8, '2': 16, '3': 6}, 'arch': {'width': 5, 'height': 5, 'alg_qubits': [6, 16, 8, 18], 'magic_states': [1, 3, 9, 19, 23, 21, 5, 15]}, 'gates': [[0, 1], [0, 1], [1, 2], [2, 3], [2, 3], [1, 2], [0, 1], [0, 1], [1, 2], [2, 3], [2, 3], [1, 2], [0, 1], [1, 2], [2, 3], [2, 3], [1, 2], [0, 1], [0, 1], [1, 2], [2, 3], [2, 3], [1, 2], [0, 1], [1, 2], [2, 3], [2, 3], [1, 2], [0, 1], [0, 1], [1, 2], [2, 3], [2, 3], [1, 2], [0, 1], [1, 2], [2, 3], [2, 3], [1, 2], [0, 1], [0, 1], [1, 2], [2, 3], [2, 3], [1, 2], [0, 1], [2, 3], [2, 3], [1, 2], [2, 3], [2, 3], [1, 2], [2, 3], [2, 3], [1, 2], [1, 2], [0, 1], [1, 2], [2, 3], [2, 3], [1, 2], [0, 1], [1, 2], [2, 3], [2, 3], [1, 2], [0, 1], [1, 2], [1, 2], [0, 1], [1, 2], [1, 2], [0, 1], [0, 1]]}","{'map': {'0': 18, '1': 16, '2': 8, '3': 6}, 'arch': {'width': 5, 'height': 5, 'alg_qubits': [6, 16, 8, 18], 'magic_states': [1, 3, 9, 19, 23, 21, 5, 15]}, 'gates': [[0, 1], [0, 1], [0, 3], [0, 3], [0, 2], [0, 2], [1, 2], [1, 2], [1, 3], [1, 3], [0, 1], [0, 1], [2, 3], [2, 3], [0, 3], [0, 3], [0, 2], [0, 2], [1, 2], [1, 2], [1, 3], [1, 3], [0, 1], [0, 1], [2, 3], [2, 3], [0, 3], [0, 3], [0, 2], [0, 2], [1, 2], [1, 2], [1, 3], [1, 3], [0, 1], [0, 1], [2, 3], [2, 3], [0, 3], [0, 3], [0, 2], [0, 2], [1, 2], [1, 2], [1, 3], [1, 3], [2, 3], [2, 3]]}","{'map': {'0': 22, '1': 8, '2': 26, '3': 12, '4': 24}, 'arch': {'width': 7, 'height': 5, 'alg_qubits': [8, 22, 10, 24, 12, 26], 'magic_states': [1, 3, 5, 13, 27, 33, 31, 29, 7, 21]}, 'gates': [[4, 1], [1, 4], [2], [1], [0], [1, 2], [0, 1], [2, 0], [1], [2, 1], [2], [1], [0], [0, 1], [2, 0], [1, 2], [4], [3], [1], [3, 4], [1, 3], [4, 1], [3], [4, 3], [4], [3], [1], [1, 3], [4, 1], [3, 4], [2], [1], [0], [1, 2], [0, 1], [2, 0], [1], [2, 1], [2], [1], [0], [0, 1], [2, 0], [1, 2], [4], [3], [1], [3, 4], [1, 3], [4, 1], [3], [4, 3], [4], [3], [1], [1, 3], [4, 1], [3, 4], [0], [1], [4], [1, 0], [4, 1], [0, 4], [1], [0, 1], [0], [1], [4], [4, 1], [0, 4], [1, 0], [3], [2], [1], [2, 3], [1, 2], [3, 1], [2], [3, 2], [3]]}","{'map': {'0': 22, '1': 10, '2': 24, '3': 12, '4': 26}, 'arch': {'width': 7, 'height': 5, 'alg_qubits': [8, 22, 10, 24, 12, 26], 'magic_states': [1, 3, 5, 13, 27, 33, 31, 29, 7, 21]}, 'gates': [[4], [4, 1], [3, 4], [1, 3], [0], [2], [1], [2, 0], [1, 2], [0, 1], [2], [0, 2], [0], [2], [1], [1, 2], [0, 1], [2, 0], [3], [1], [4], [1, 3], [4, 1], [3, 4], [1], [3, 1], [3], [1], [4], [4, 1], [3, 4], [1, 3], [0], [2], [1], [2, 0], [1, 2], [0, 1], [2], [0, 2], [0], [2], [1], [1, 2], [0, 1], [2, 0], [0], [3], [2], [3, 0], [2, 3], [0, 2], [3], [0, 3], [0], [3], [2], [2, 3], [0, 2], [3, 0], [0, 3], [2, 1], [3], [2, 3], [2], [3], [1], [1, 3], [2, 1], [3, 2], [3], [1], [4], [1, 3], [4, 1], [3, 4], [1], [3, 1], [3], [1]]}","{'map': {'0': 8, '1': 22, '2': 10, '3': 12, '4': 26}, 'arch': {'width': 7, 'height': 5, 'alg_qubits': [8, 22, 10, 24, 12, 26], 'magic_states': [1, 3, 5, 13, 27, 33, 31, 29, 7, 21]}, 'gates': [[2], [1], [1, 2], [3, 1], [2, 3], [0], [1], [4], [1, 0], [4, 1], [0, 4], [1], [0, 1], [0], [1], [4], [4, 1], [0, 4], [1, 0], [3], [2], [1], [2, 3], [1, 2], [3, 1], [2], [3, 2], [3], [2], [1], [1, 2], [3, 1], [2, 3], [0, 1], [2, 0], [1], [2, 1], [2], [1], [0], [0, 1], [2, 0], [1, 2], [4], [3], [1], [3, 4], [1, 3], [4, 1], [3], [4, 3], [4], [3], [1], [1, 3], [4, 1], [3, 4], [0], [1], [4], [1, 0], [4, 1], [0, 4], [1], [0, 1], [0], [1], [4], [4, 1], [0, 4], [1, 0], [3], [2], [1], [2, 3], [1, 2], [3, 1], [2], [3, 2], [3]]}"
