file_names,dascot_routing_avg,dascot_map_time_avg,dascot_best_mapping,dascot_best_mapping_route_avg,similarity_routing_avg,similarity_best_mapping,similarity_best_mapping_route_avg,bootstrapped_routing_avg,bootstrapped_map_time_avg,bootstrapped_best_mapping,bootstrapped_best_mapping_route_avg,random_routing_avg,random_best_mapping,random_best_mapping_route_avg,qubit_numbers
jku_suite_8.qasm,91.96,8.091920341551305,"{""0"": 26, ""1"": 22, ""2"": 10, ""3"": 12, ""4"": 24}",88.0,91.84,"{""0"": 8, ""1"": 22, ""4"": 12, ""2"": 26, ""3"": 10}",89.6,89.50666666666666,119.3935355246067,"{""1"": 8, ""0"": 12, ""4"": 24, ""3"": 26, ""2"": 10}",88.0,90.2,"{""0"": 26, ""1"": 12, ""2"": 24, ""3"": 22, ""4"": 10}",88.0,6
jku_suite_69.qasm,66.8,2.8769217044115067,"{""0"": 46, ""1"": 14, ""2"": 44, ""3"": 48, ""4"": 16, ""5"": 50, ""6"": 20, ""7"": 24, ""8"": 18, ""9"": 40, ""10"": 22}",60.4,70.72,"{""0"": 42, ""9"": 18, ""1"": 50, ""8"": 44, ""4"": 22, ""6"": 14, ""2"": 20, ""3"": 16, ""7"": 24, ""10"": 46, ""5"": 40}",67.6,63.10666666666667,43.51569330692291,"{""8"": 20, ""0"": 14, ""6"": 46, ""10"": 18, ""5"": 42, ""4"": 24, ""7"": 44, ""9"": 22, ""2"": 48, ""3"": 40, ""1"": 50}",53.8,69.16,"{""0"": 50, ""1"": 40, ""2"": 24, ""3"": 22, ""4"": 14, ""5"": 16, ""6"": 18, ""7"": 44, ""8"": 46, ""9"": 42, ""10"": 20}",67.0,12
jku_suite_54.qasm,66.56,6.119054362177849,"{""0"": 34, ""1"": 42, ""2"": 16, ""3"": 14, ""4"": 18, ""5"": 38, ""6"": 20, ""7"": 36, ""8"": 40}",62.0,71.32,"{""0"": 42, ""1"": 40, ""8"": 14, ""4"": 34, ""6"": 12, ""2"": 38, ""3"": 20, ""7"": 36, ""5"": 18}",66.4,66.50666666666666,92.18042872846128,"{""8"": 36, ""1"": 34, ""0"": 20, ""7"": 18, ""5"": 38, ""4"": 40, ""6"": 14, ""3"": 42, ""2"": 12}",60.2,73.0,"{""0"": 34, ""1"": 14, ""2"": 42, ""3"": 36, ""4"": 18, ""5"": 12, ""6"": 38, ""7"": 20, ""8"": 16}",70.4,10
quest_suite_19.qasm,75.48,5.015904477238655,"{""0"": 12, ""1"": 22, ""2"": 8, ""3"": 24, ""4"": 26}",65.4,70.64,"{""0"": 26, ""1"": 10, ""4"": 12, ""2"": 22, ""3"": 24}",67.8,73.90666666666667,74.92641542851925,"{""0"": 26, ""4"": 12, ""2"": 10, ""3"": 8, ""1"": 24}",64.0,72.44,"{""0"": 22, ""1"": 10, ""2"": 24, ""3"": 26, ""4"": 8}",67.8,6
jku_suite_16.qasm,73.92,6.485225340723991,"{""0"": 14, ""1"": 32, ""2"": 34, ""3"": 28, ""4"": 10, ""5"": 30, ""6"": 16}",72.0,78.4,"{""0"": 34, ""1"": 10, ""4"": 16, ""6"": 28, ""2"": 30, ""3"": 32, ""5"": 14}",72.4,74.50666666666666,97.21361149847507,"{""1"": 28, ""0"": 32, ""6"": 12, ""4"": 16, ""5"": 34, ""3"": 14, ""2"": 30}",69.2,75.64,"{""0"": 10, ""1"": 14, ""2"": 32, ""3"": 12, ""4"": 16, ""5"": 34, ""6"": 30}",70.2,8
jku_suite_23.qasm,66.24,4.162892271578312,"{""0"": 16, ""1"": 14, ""2"": 30, ""3"": 34, ""4"": 12, ""5"": 32, ""6"": 28}",62.6,68.52,"{""0"": 12, ""1"": 32, ""4"": 34, ""6"": 30, ""2"": 28, ""3"": 14, ""5"": 10}",64.6,64.94666666666667,62.40073183178902,"{""1"": 30, ""0"": 12, ""6"": 10, ""4"": 28, ""5"": 14, ""3"": 16, ""2"": 32}",60.2,64.68,"{""0"": 10, ""1"": 12, ""2"": 32, ""3"": 28, ""4"": 14, ""5"": 16, ""6"": 30}",62.6,8
quest_suite_11.qasm,80.96,5.629370665550232,"{""0"": 10, ""1"": 22, ""2"": 8, ""3"": 24, ""4"": 12}",78.0,77.12,"{""0"": 8, ""1"": 26, ""4"": 10, ""2"": 12, ""3"": 24}",73.0,77.90666666666667,83.97598903626204,"{""1"": 8, ""0"": 10, ""4"": 12, ""3"": 26, ""2"": 22}",73.0,80.28,"{""0"": 22, ""1"": 24, ""2"": 12, ""3"": 8, ""4"": 10}",77.2,6
autobraid_14.qasm,27.68,0.7277939856052399,"{""0"": 598, ""1"": 244, ""2"": 304, ""3"": 708, ""4"": 190, ""5"": 330, ""6"": 586, ""7"": 592, ""8"": 196, ""9"": 712, ""10"": 288, ""11"": 570, ""12"": 566, ""13"": 274, ""14"": 618, ""15"": 588, ""16"": 572, ""17"": 670, ""18"": 318, ""19"": 710, ""20"": 212, ""21"": 202, ""22"": 350, ""23"": 568, ""24"": 554, ""25"": 208, ""26"": 596, ""27"": 298, ""28"": 726, ""29"": 574, ""30"": 310, ""31"": 270, ""32"": 612, ""33"": 636, ""34"": 666, ""35"": 600, ""36"": 678, ""37"": 658, ""38"": 252, ""39"": 672, ""40"": 682, ""41"": 280, ""42"": 264, ""43"": 210, ""44"": 650, ""45"": 728, ""46"": 306, ""47"": 282, ""48"": 320, ""49"": 246, ""50"": 216, ""51"": 614, ""52"": 204, ""53"": 578, ""54"": 688, ""55"": 634, ""56"": 686, ""57"": 284, ""58"": 206, ""59"": 674, ""60"": 564, ""61"": 680, ""62"": 250, ""63"": 186, ""64"": 302, ""65"": 332, ""66"": 696, ""67"": 272, ""68"": 354, ""69"": 254, ""70"": 702, ""71"": 194, ""72"": 608, ""73"": 646, ""74"": 724, ""75"": 610, ""76"": 226, ""77"": 602, ""78"": 654, ""79"": 550, ""80"": 242, ""81"": 594, ""82"": 260, ""83"": 632, ""84"": 562, ""85"": 340, ""86"": 256, ""87"": 628, ""88"": 676, ""89"": 276, ""90"": 356, ""91"": 222, ""92"": 576, ""93"": 584, ""94"": 606, ""95"": 652, ""96"": 322, ""97"": 580, ""98"": 720, ""99"": 344, ""100"": 248, ""101"": 268, ""102"": 714, ""103"": 300, ""104"": 642, ""105"": 220, ""106"": 184, ""107"": 626, ""108"": 692, ""109"": 668, ""110"": 638, ""111"": 590, ""112"": 198, ""113"": 192, ""114"": 662, ""115"": 704, ""116"": 722, ""117"": 342, ""118"": 616, ""119"": 640, ""120"": 700, ""121"": 664, ""122"": 604, ""123"": 234, ""124"": 362, ""125"": 364, ""126"": 336, ""127"": 218, ""128"": 308, ""129"": 326, ""130"": 352, ""131"": 694, ""132"": 200, ""133"": 360, ""134"": 238, ""135"": 630, ""136"": 296, ""137"": 224, ""138"": 258, ""139"": 582, ""140"": 656, ""141"": 228, ""142"": 240, ""143"": 286, ""144"": 624, ""145"": 706, ""146"": 338, ""147"": 358, ""148"": 324, ""149"": 552, ""150"": 622, ""151"": 560, ""152"": 718, ""153"": 684, ""154"": 698, ""155"": 266, ""156"": 346, ""157"": 290, ""158"": 690, ""159"": 314, ""160"": 312, ""161"": 730, ""162"": 292, ""163"": 188, ""164"": 348, ""165"": 232, ""166"": 334, ""167"": 294, ""168"": 644, ""169"": 648, ""170"": 620, ""171"": 556, ""172"": 716, ""173"": 214, ""174"": 230, ""175"": 278, ""176"": 558, ""177"": 328, ""178"": 316, ""179"": 262, ""180"": 236, ""181"": 660}",25.8,55.6,"{""0"": 184, ""9"": 188, ""1"": 186, ""8"": 190, ""4"": 194, ""6"": 192, ""12"": 196, ""2"": 198, ""13"": 200, ""3"": 202, ""7"": 204, ""11"": 206, ""14"": 208, ""10"": 210, ""5"": 212, ""143"": 562, ""24"": 668, ""178"": 336, ""131"": 338, ""54"": 552, ""109"": 300, ""80"": 232, ""64"": 590, ""160"": 700, ""144"": 696, ""181"": 626, ""65"": 348, ""176"": 694, ""133"": 252, ""91"": 298, ""136"": 670, ""44"": 214, ""111"": 560, ""70"": 564, ""167"": 600, ""51"": 642, ""19"": 278, ""177"": 676, ""158"": 684, ""99"": 572, ""31"": 656, ""35"": 592, ""155"": 558, ""126"": 362, ""119"": 308, ""49"": 288, ""73"": 230, ""25"": 256, ""61"": 612, ""97"": 640, ""58"": 314, ""45"": 280, ""173"": 672, ""40"": 274, ""165"": 570, ""175"": 706, ""88"": 596, ""48"": 556, ""82"": 218, ""69"": 646, ""98"": 708, ""154"": 712, ""32"": 652, ""145"": 296, ""142"": 244, ""172"": 574, ""163"": 588, ""166"": 266, ""28"": 648, ""15"": 292, ""125"": 618, ""134"": 660, ""128"": 724, ""118"": 238, ""100"": 270, ""16"": 352, ""62"": 246, ""140"": 276, ""34"": 328, ""94"": 242, ""36"": 340, ""27"": 654, ""21"": 634, ""149"": 268, ""95"": 674, ""168"": 250, ""102"": 258, ""63"": 722, ""92"": 608, ""43"": 610, ""179"": 260, ""29"": 682, ""57"": 284, ""86"": 240, ""147"": 644, ""68"": 224, ""41"": 620, ""20"": 628, ""96"": 688, ""170"": 568, ""164"": 326, ""60"": 220, ""39"": 226, ""85"": 346, ""137"": 332, ""117"": 358, ""153"": 344, ""23"": 632, ""52"": 554, ""121"": 638, ""169"": 234, ""141"": 624, ""174"": 658, ""59"": 282, ""84"": 584, ""146"": 236, ""112"": 716, ""67"": 606, ""180"": 350, ""56"": 692, ""71"": 636, ""113"": 222, ""22"": 334, ""42"": 728, ""101"": 594, ""53"": 286, ""81"": 320, ""47"": 364, ""33"": 678, ""50"": 264, ""171"": 342, ""18"": 330, ""103"": 614, ""116"": 216, ""139"": 360, ""30"": 310, ""75"": 324, ""115"": 356, ""104"": 598, ""114"": 604, ""66"": 316, ""87"": 664, ""37"": 680, ""161"": 586, ""77"": 666, ""26"": 690, ""106"": 566, ""74"": 718, ""55"": 714, ""150"": 248, ""90"": 302, ""132"": 698, ""135"": 272, ""79"": 294, ""89"": 578, ""148"": 576, ""108"": 254, ""127"": 710, ""17"": 726, ""157"": 662, ""156"": 322, ""105"": 306, ""159"": 702, ""120"": 720, ""83"": 602, ""78"": 318, ""124"": 622, ""123"": 550, ""122"": 580, ""138"": 704, ""151"": 730, ""129"": 630, ""72"": 262, ""162"": 582, ""107"": 228, ""130"": 312, ""93"": 354, ""110"": 650, ""76"": 686, ""46"": 290, ""152"": 304, ""38"": 616}",53.0,26.973333333333333,11.032240375876428,"{""11"": 314, ""14"": 358, ""12"": 230, ""8"": 290, ""1"": 336, ""0"": 334, ""6"": 210, ""4"": 662, ""5"": 286, ""7"": 228, ""10"": 196, ""9"": 236, ""13"": 208, ""3"": 554, ""2"": 254, ""115"": 730, ""16"": 248, ""155"": 304, ""20"": 726, ""179"": 622, ""131"": 204, ""27"": 184, ""106"": 186, ""89"": 232, ""44"": 720, ""36"": 258, ""170"": 648, ""125"": 218, ""24"": 188, ""104"": 288, ""174"": 360, ""135"": 598, ""22"": 556, ""78"": 250, ""76"": 670, ""62"": 352, ""111"": 600, ""109"": 678, ""28"": 216, ""96"": 244, ""172"": 694, ""31"": 716, ""21"": 344, ""73"": 278, ""177"": 570, ""69"": 308, ""120"": 584, ""54"": 582, ""158"": 656, ""149"": 596, ""68"": 618, ""143"": 718, ""152"": 638, ""81"": 342, ""83"": 566, ""71"": 702, ""84"": 652, ""72"": 320, ""178"": 214, ""148"": 262, ""169"": 650, ""43"": 264, ""167"": 664, ""173"": 630, ""19"": 646, ""145"": 698, ""157"": 328, ""29"": 658, ""100"": 642, ""95"": 300, ""151"": 282, ""56"": 688, ""60"": 634, ""53"": 310, ""15"": 234, ""134"": 606, ""144"": 640, ""99"": 226, ""161"": 676, ""87"": 574, ""139"": 636, ""171"": 298, ""181"": 588, ""127"": 594, ""119"": 318, ""112"": 362, ""39"": 322, ""58"": 550, ""97"": 306, ""93"": 612, ""49"": 674, ""126"": 354, ""67"": 212, ""35"": 682, ""114"": 340, ""79"": 272, ""133"": 270, ""123"": 620, ""38"": 268, ""57"": 348, ""90"": 332, ""163"": 680, ""98"": 602, ""45"": 190, ""103"": 560, ""146"": 572, ""63"": 202, ""166"": 644, ""154"": 700, ""132"": 246, ""48"": 590, ""113"": 312, ""160"": 330, ""137"": 256, ""66"": 576, ""122"": 610, ""156"": 324, ""23"": 592, ""94"": 728, ""129"": 200, ""55"": 708, ""82"": 696, ""116"": 692, ""70"": 276, ""101"": 194, ""108"": 712, ""140"": 206, ""59"": 364, ""41"": 242, ""40"": 672, ""130"": 616, ""26"": 274, ""164"": 710, ""142"": 706, ""91"": 224, ""51"": 626, ""25"": 604, ""33"": 346, ""17"": 684, ""141"": 302, ""168"": 292, ""65"": 586, ""102"": 280, ""136"": 714, ""118"": 240, ""180"": 666, ""34"": 668, ""117"": 552, ""74"": 686, ""88"": 260, ""176"": 578, ""64"": 294, ""124"": 624, ""165"": 654, ""50"": 356, ""147"": 568, ""175"": 704, ""52"": 316, ""80"": 614, ""110"": 252, ""30"": 580, ""86"": 192, ""37"": 284, ""107"": 350, ""85"": 296, ""75"": 238, ""61"": 220, ""150"": 632, ""32"": 198, ""105"": 222, ""77"": 558, ""18"": 724, ""153"": 326, ""162"": 338, ""159"": 562, ""138"": 608, ""92"": 628, ""46"": 564, ""128"": 722, ""42"": 690, ""47"": 266, ""121"": 660}",21.8,57.64,"{""0"": 550, ""1"": 186, ""2"": 650, ""3"": 700, ""4"": 714, ""5"": 694, ""6"": 196, ""7"": 568, ""8"": 318, ""9"": 570, ""10"": 706, ""11"": 334, ""12"": 696, ""13"": 316, ""14"": 658, ""15"": 624, ""16"": 344, ""17"": 274, ""18"": 592, ""19"": 350, ""20"": 210, ""21"": 314, ""22"": 358, ""23"": 584, ""24"": 294, ""25"": 336, ""26"": 702, ""27"": 276, ""28"": 250, ""29"": 718, ""30"": 698, ""31"": 324, ""32"": 612, ""33"": 352, ""34"": 554, ""35"": 360, ""36"": 638, ""37"": 626, ""38"": 340, ""39"": 668, ""40"": 652, ""41"": 662, ""42"": 604, ""43"": 278, ""44"": 566, ""45"": 688, ""46"": 556, ""47"": 654, ""48"": 598, ""49"": 666, ""50"": 302, ""51"": 258, ""52"": 242, ""53"": 614, ""54"": 558, ""55"": 608, ""56"": 328, ""57"": 282, ""58"": 268, ""59"": 290, ""60"": 572, ""61"": 228, ""62"": 564, ""63"": 664, ""64"": 200, ""65"": 582, ""66"": 306, ""67"": 346, ""68"": 640, ""69"": 728, ""70"": 632, ""71"": 348, ""72"": 330, ""73"": 578, ""74"": 354, ""75"": 304, ""76"": 320, ""77"": 586, ""78"": 206, ""79"": 692, ""80"": 716, ""81"": 202, ""82"": 552, ""83"": 184, ""84"": 296, ""85"": 284, ""86"": 596, ""87"": 230, ""88"": 642, ""89"": 356, ""90"": 308, ""91"": 620, ""92"": 262, ""93"": 234, ""94"": 630, ""95"": 240, ""96"": 590, ""97"": 256, ""98"": 194, ""99"": 610, ""100"": 338, ""101"": 364, ""102"": 636, ""103"": 684, ""104"": 272, ""105"": 264, ""106"": 726, ""107"": 216, ""108"": 218, ""109"": 628, ""110"": 682, ""111"": 616, ""112"": 226, ""113"": 670, ""114"": 600, ""115"": 326, ""116"": 602, ""117"": 588, ""118"": 288, ""119"": 236, ""120"": 672, ""121"": 644, ""122"": 574, ""123"": 270, ""124"": 310, ""125"": 286, ""126"": 594, ""127"": 222, ""128"": 618, ""129"": 252, ""130"": 208, ""131"": 220, ""132"": 710, ""133"": 212, ""134"": 634, ""135"": 576, ""136"": 300, ""137"": 332, ""138"": 192, ""139"": 362, ""140"": 724, ""141"": 298, ""142"": 248, ""143"": 646, ""144"": 660, ""145"": 190, ""146"": 560, ""147"": 246, ""148"": 562, ""149"": 254, ""150"": 224, ""151"": 678, ""152"": 198, ""153"": 232, ""154"": 244, ""155"": 214, ""156"": 674, ""157"": 606, ""158"": 280, ""159"": 704, ""160"": 656, ""161"": 342, ""162"": 720, ""163"": 292, ""164"": 622, ""165"": 322, ""166"": 648, ""167"": 708, ""168"": 686, ""169"": 722, ""170"": 712, ""171"": 238, ""172"": 676, ""173"": 580, ""174"": 260, ""175"": 266, ""176"": 680, ""177"": 312, ""178"": 730, ""179"": 690, ""180"": 204, ""181"": 188}",55.2,182
jku_suite_40.qasm,71.32,4.2411618933081625,"{""0"": 26, ""1"": 12, ""2"": 10, ""3"": 22, ""4"": 24, ""5"": 8}",68.2,73.8,"{""0"": 26, ""1"": 10, ""4"": 24, ""2"": 12, ""3"": 22, ""5"": 8}",68.4,71.61333333333333,62.98016269505024,"{""1"": 12, ""0"": 26, ""4"": 22, ""3"": 8, ""2"": 24, ""5"": 10}",65.2,69.28,"{""0"": 24, ""1"": 22, ""2"": 10, ""3"": 26, ""4"": 12, ""5"": 8}",67.0,6
jku_suite_56.qasm,62.04,3.7728314831852914,"{""0"": 24, ""1"": 48, ""2"": 46, ""3"": 22, ""4"": 16, ""5"": 40, ""6"": 14, ""7"": 42, ""8"": 44, ""9"": 20, ""10"": 50}",60.0,68.16,"{""0"": 46, ""9"": 18, ""1"": 40, ""8"": 16, ""4"": 42, ""6"": 22, ""2"": 20, ""3"": 44, ""7"": 50, ""10"": 24, ""5"": 48}",66.6,63.28,56.78499430418015,"{""8"": 24, ""1"": 48, ""0"": 14, ""6"": 18, ""4"": 22, ""5"": 44, ""7"": 50, ""10"": 40, ""9"": 46, ""3"": 20, ""2"": 16}",56.2,68.08,"{""0"": 16, ""1"": 14, ""2"": 48, ""3"": 40, ""4"": 18, ""5"": 22, ""6"": 50, ""7"": 46, ""8"": 42, ""9"": 44, ""10"": 20}",66.2,12
vqe_3.qasm,78.8,5.355972686409951,"{""0"": 12, ""1"": 34, ""2"": 28, ""3"": 14, ""4"": 30, ""5"": 16, ""6"": 32}",72.8,83.24,"{""0"": 34, ""1"": 10, ""4"": 16, ""6"": 28, ""2"": 30, ""3"": 32, ""5"": 14}",74.2,77.34666666666666,80.16880278289318,"{""1"": 16, ""0"": 12, ""6"": 14, ""4"": 32, ""5"": 34, ""3"": 10, ""2"": 28}",71.0,82.2,"{""0"": 32, ""1"": 34, ""2"": 30, ""3"": 12, ""4"": 10, ""5"": 16, ""6"": 28}",78.2,8
autobraid_17.qasm,41.12,0.1618928417563438,"{""0"": 648, ""1"": 788, ""2"": 258, ""3"": 614, ""4"": 714, ""5"": 600, ""6"": 686, ""7"": 684, ""8"": 658, ""9"": 758, ""10"": 694, ""11"": 712, ""12"": 724, ""13"": 774, ""14"": 280, ""15"": 372, ""16"": 210, ""17"": 250, ""18"": 318, ""19"": 668, ""20"": 740, ""21"": 634, ""22"": 356, ""23"": 224, ""24"": 746, ""25"": 282, ""26"": 374, ""27"": 626, ""28"": 348, ""29"": 726, ""30"": 688, ""31"": 276, ""32"": 346, ""33"": 674, ""34"": 246, ""35"": 238, ""36"": 784, ""37"": 264, ""38"": 300, ""39"": 628, ""40"": 690, ""41"": 768, ""42"": 296, ""43"": 738, ""44"": 378, ""45"": 260, ""46"": 716, ""47"": 354, ""48"": 236, ""49"": 640, ""50"": 216, ""51"": 766, ""52"": 678, ""53"": 396, ""54"": 338, ""55"": 352, ""56"": 284, ""57"": 702, ""58"": 244, ""59"": 222, ""60"": 764, ""61"": 366, ""62"": 332, ""63"": 636, ""64"": 310, ""65"": 394, ""66"": 736, ""67"": 230, ""68"": 616, ""69"": 748, ""70"": 706, ""71"": 270, ""72"": 754, ""73"": 380, ""74"": 286, ""75"": 776, ""76"": 646, ""77"": 606, ""78"": 654, ""79"": 208, ""80"": 214, ""81"": 610, ""82"": 760, ""83"": 254, ""84"": 368, ""85"": 790, ""86"": 226, ""87"": 212, ""88"": 778, ""89"": 704, ""90"": 666, ""91"": 604, ""92"": 608, ""93"": 288, ""94"": 334, ""95"": 342, ""96"": 718, ""97"": 794, ""98"": 292, ""99"": 302, ""100"": 692, ""101"": 350, ""102"": 272, ""103"": 390, ""104"": 630, ""105"": 314, ""106"": 732, ""107"": 384, ""108"": 622, ""109"": 262, ""110"": 698, ""111"": 682, ""112"": 232, ""113"": 652, ""114"": 752, ""115"": 274, ""116"": 308, ""117"": 316, ""118"": 618, ""119"": 762, ""120"": 234, ""121"": 320, ""122"": 376, ""123"": 696, ""124"": 720, ""125"": 708, ""126"": 388, ""127"": 202, ""128"": 248, ""129"": 220, ""130"": 298, ""131"": 770, ""132"": 756, ""133"": 624, ""134"": 602, ""135"": 324, ""136"": 710, ""137"": 722, ""138"": 362, ""139"": 290, ""140"": 206, ""141"": 612, ""142"": 382, ""143"": 268, ""144"": 392, ""145"": 744, ""146"": 676, ""147"": 644, ""148"": 364, ""149"": 294, ""150"": 632, ""151"": 728, ""152"": 772, ""153"": 650, ""154"": 730, ""155"": 734, ""156"": 642, ""157"": 304, ""158"": 256, ""159"": 370, ""160"": 680, ""161"": 742, ""162"": 700, ""163"": 252, ""164"": 200, ""165"": 660, ""166"": 360, ""167"": 780, ""168"": 386, ""169"": 340, ""170"": 328, ""171"": 656, ""172"": 638, ""173"": 204, ""174"": 620, ""175"": 228, ""176"": 330, ""177"": 664, ""178"": 242, ""179"": 782, ""180"": 672, ""181"": 266, ""182"": 336, ""183"": 322, ""184"": 278, ""185"": 326, ""186"": 670, ""187"": 312, ""188"": 662, ""189"": 240, ""190"": 792, ""191"": 750, ""192"": 358, ""193"": 218, ""194"": 306, ""195"": 598, ""196"": 344}",37.4,54.52,"{""0"": 200, ""1"": 204, ""4"": 202, ""6"": 206, ""2"": 208, ""3"": 210, ""5"": 212, ""143"": 288, ""13"": 332, ""24"": 282, ""178"": 662, ""131"": 698, ""54"": 234, ""109"": 370, ""80"": 734, ""183"": 218, ""64"": 704, ""160"": 372, ""181"": 682, ""144"": 338, ""65"": 256, ""176"": 368, ""133"": 754, ""91"": 316, ""136"": 350, ""44"": 230, ""70"": 310, ""185"": 696, ""111"": 314, ""167"": 676, ""51"": 750, ""189"": 334, ""177"": 214, ""99"": 602, ""19"": 666, ""158"": 652, ""31"": 716, ""35"": 688, ""155"": 732, ""126"": 376, ""119"": 630, ""49"": 692, ""8"": 794, ""73"": 756, ""25"": 238, ""61"": 294, ""97"": 656, ""187"": 672, ""58"": 776, ""45"": 724, ""11"": 258, ""196"": 788, ""173"": 344, ""40"": 216, ""165"": 252, ""175"": 684, ""88"": 654, ""48"": 694, ""82"": 312, ""69"": 608, ""98"": 736, ""154"": 714, ""32"": 700, ""145"": 384, ""10"": 272, ""142"": 240, ""172"": 634, ""191"": 628, ""163"": 236, ""166"": 614, ""12"": 328, ""28"": 792, ""15"": 390, ""7"": 228, ""125"": 242, ""134"": 346, ""128"": 668, ""118"": 356, ""100"": 278, ""16"": 374, ""62"": 718, ""9"": 660, ""140"": 380, ""34"": 664, ""94"": 710, ""36"": 744, ""27"": 746, ""21"": 274, ""149"": 784, ""95"": 646, ""168"": 336, ""102"": 640, ""63"": 778, ""92"": 270, ""179"": 292, ""86"": 706, ""29"": 378, ""57"": 352, ""43"": 678, ""41"": 366, ""68"": 758, ""147"": 358, ""20"": 618, ""193"": 708, ""96"": 648, ""170"": 308, ""188"": 622, ""164"": 320, ""60"": 626, ""39"": 738, ""85"": 382, ""137"": 324, ""117"": 268, ""153"": 322, ""23"": 276, ""192"": 612, ""52"": 770, ""121"": 388, ""194"": 768, ""169"": 260, ""184"": 726, ""141"": 606, ""186"": 280, ""195"": 632, ""59"": 232, ""84"": 224, ""146"": 624, ""112"": 340, ""67"": 364, ""174"": 244, ""180"": 250, ""56"": 644, ""71"": 302, ""113"": 348, ""22"": 752, ""42"": 760, ""101"": 300, ""53"": 720, ""190"": 780, ""81"": 360, ""47"": 266, ""33"": 304, ""50"": 342, ""171"": 740, ""18"": 264, ""103"": 620, ""139"": 600, ""116"": 598, ""30"": 394, ""75"": 786, ""115"": 730, ""182"": 246, ""104"": 638, ""114"": 286, ""66"": 642, ""87"": 306, ""37"": 226, ""161"": 220, ""77"": 712, ""26"": 764, ""106"": 290, ""55"": 386, ""74"": 774, ""14"": 674, ""150"": 396, ""90"": 670, ""135"": 616, ""132"": 362, ""79"": 748, ""89"": 604, ""148"": 296, ""108"": 728, ""127"": 782, ""17"": 222, ""157"": 772, ""156"": 702, ""105"": 722, ""159"": 326, ""120"": 690, ""83"": 298, ""124"": 330, ""78"": 790, ""123"": 254, ""122"": 318, ""138"": 762, ""129"": 680, ""151"": 766, ""162"": 658, ""72"": 262, ""107"": 650, ""110"": 354, ""130"": 686, ""93"": 636, ""76"": 248, ""46"": 610, ""152"": 284, ""38"": 392}",51.6,39.946666666666665,2.3856244906783104,"{""1"": 662, ""0"": 722, ""6"": 778, ""4"": 206, ""5"": 208, ""7"": 210, ""3"": 646, ""2"": 214, ""115"": 670, ""16"": 624, ""155"": 748, ""131"": 788, ""179"": 630, ""20"": 388, ""182"": 676, ""191"": 760, ""27"": 734, ""106"": 776, ""196"": 284, ""89"": 222, ""44"": 758, ""36"": 742, ""170"": 652, ""125"": 744, ""24"": 728, ""104"": 704, ""174"": 636, ""187"": 702, ""135"": 380, ""22"": 364, ""62"": 282, ""76"": 228, ""78"": 240, ""111"": 252, ""109"": 674, ""28"": 712, ""172"": 310, ""96"": 382, ""31"": 384, ""21"": 372, ""73"": 740, ""177"": 690, ""69"": 340, ""120"": 274, ""54"": 716, ""158"": 232, ""68"": 644, ""149"": 362, ""143"": 756, ""152"": 244, ""81"": 684, ""83"": 338, ""71"": 686, ""84"": 692, ""72"": 202, ""178"": 762, ""148"": 710, ""193"": 298, ""169"": 296, ""43"": 212, ""167"": 738, ""173"": 606, ""188"": 248, ""19"": 230, ""10"": 608, ""145"": 264, ""157"": 300, ""29"": 780, ""100"": 368, ""95"": 366, ""151"": 254, ""56"": 642, ""60"": 772, ""53"": 720, ""15"": 262, ""134"": 648, ""99"": 726, ""144"": 312, ""161"": 708, ""139"": 658, ""189"": 604, ""87"": 634, ""171"": 370, ""181"": 660, ""14"": 266, ""127"": 706, ""119"": 638, ""8"": 774, ""112"": 290, ""39"": 714, ""58"": 302, ""97"": 258, ""49"": 390, ""93"": 278, ""126"": 784, ""35"": 342, ""67"": 782, ""114"": 618, ""186"": 326, ""79"": 350, ""133"": 790, ""123"": 786, ""38"": 616, ""57"": 348, ""90"": 272, ""185"": 694, ""163"": 374, ""98"": 750, ""45"": 792, ""103"": 268, ""146"": 250, ""11"": 768, ""63"": 640, ""190"": 246, ""166"": 306, ""154"": 358, ""194"": 696, ""48"": 394, ""132"": 332, ""160"": 682, ""113"": 746, ""66"": 626, ""137"": 680, ""12"": 334, ""122"": 270, ""156"": 376, ""23"": 346, ""94"": 610, ""129"": 336, ""55"": 216, ""116"": 766, ""82"": 236, ""70"": 628, ""101"": 328, ""108"": 276, ""140"": 598, ""59"": 718, ""41"": 294, ""130"": 318, ""40"": 770, ""26"": 324, ""164"": 344, ""142"": 612, ""195"": 316, ""91"": 330, ""51"": 280, ""25"": 322, ""33"": 260, ""17"": 242, ""141"": 308, ""168"": 678, ""65"": 730, ""102"": 668, ""136"": 286, ""180"": 620, ""118"": 632, ""34"": 656, ""117"": 688, ""74"": 320, ""88"": 392, ""176"": 614, ""64"": 314, ""124"": 672, ""9"": 292, ""165"": 654, ""50"": 224, ""147"": 700, ""175"": 602, ""52"": 352, ""110"": 698, ""80"": 600, ""13"": 386, ""30"": 200, ""37"": 764, ""86"": 622, ""107"": 650, ""85"": 354, ""75"": 256, ""61"": 664, ""150"": 226, ""32"": 724, ""105"": 794, ""18"": 666, ""77"": 288, ""183"": 218, ""153"": 238, ""162"": 204, ""159"": 304, ""138"": 752, ""92"": 396, ""46"": 356, ""128"": 378, ""42"": 736, ""47"": 220, ""192"": 754, ""184"": 732, ""121"": 234}",33.2,56.96,"{""0"": 626, ""1"": 640, ""2"": 330, ""3"": 364, ""4"": 328, ""5"": 624, ""6"": 666, ""7"": 338, ""8"": 396, ""9"": 610, ""10"": 744, ""11"": 736, ""12"": 604, ""13"": 668, ""14"": 788, ""15"": 708, ""16"": 682, ""17"": 696, ""18"": 706, ""19"": 702, ""20"": 298, ""21"": 206, ""22"": 218, ""23"": 358, ""24"": 618, ""25"": 252, ""26"": 360, ""27"": 336, ""28"": 698, ""29"": 232, ""30"": 616, ""31"": 344, ""32"": 320, ""33"": 300, ""34"": 606, ""35"": 686, ""36"": 770, ""37"": 656, ""38"": 318, ""39"": 380, ""40"": 340, ""41"": 226, ""42"": 378, ""43"": 652, ""44"": 716, ""45"": 280, ""46"": 710, ""47"": 602, ""48"": 384, ""49"": 636, ""50"": 284, ""51"": 760, ""52"": 370, ""53"": 622, ""54"": 334, ""55"": 690, ""56"": 274, ""57"": 350, ""58"": 740, ""59"": 306, ""60"": 264, ""61"": 614, ""62"": 634, ""63"": 712, ""64"": 704, ""65"": 720, ""66"": 628, ""67"": 332, ""68"": 662, ""69"": 322, ""70"": 314, ""71"": 724, ""72"": 356, ""73"": 348, ""74"": 674, ""75"": 756, ""76"": 684, ""77"": 748, ""78"": 352, ""79"": 304, ""80"": 208, ""81"": 598, ""82"": 638, ""83"": 244, ""84"": 250, ""85"": 276, ""86"": 266, ""87"": 354, ""88"": 732, ""89"": 216, ""90"": 646, ""91"": 672, ""92"": 294, ""93"": 612, ""94"": 326, ""95"": 734, ""96"": 200, ""97"": 764, ""98"": 290, ""99"": 234, ""100"": 726, ""101"": 292, ""102"": 786, ""103"": 390, ""104"": 754, ""105"": 620, ""106"": 694, ""107"": 670, ""108"": 278, ""109"": 240, ""110"": 388, ""111"": 664, ""112"": 260, ""113"": 382, ""114"": 722, ""115"": 212, ""116"": 392, ""117"": 794, ""118"": 204, ""119"": 660, ""120"": 728, ""121"": 296, ""122"": 316, ""123"": 742, ""124"": 680, ""125"": 784, ""126"": 258, ""127"": 312, ""128"": 288, ""129"": 248, ""130"": 758, ""131"": 700, ""132"": 386, ""133"": 242, ""134"": 630, ""135"": 268, ""136"": 730, ""137"": 246, ""138"": 214, ""139"": 236, ""140"": 632, ""141"": 600, ""142"": 644, ""143"": 202, ""144"": 752, ""145"": 738, ""146"": 342, ""147"": 270, ""148"": 768, ""149"": 750, ""150"": 394, ""151"": 772, ""152"": 210, ""153"": 286, ""154"": 302, ""155"": 782, ""156"": 678, ""157"": 224, ""158"": 790, ""159"": 658, ""160"": 650, ""161"": 780, ""162"": 262, ""163"": 746, ""164"": 230, ""165"": 762, ""166"": 776, ""167"": 778, ""168"": 222, ""169"": 308, ""170"": 376, ""171"": 220, ""172"": 718, ""173"": 272, ""174"": 362, ""175"": 372, ""176"": 608, ""177"": 366, ""178"": 374, ""179"": 692, ""180"": 654, ""181"": 688, ""182"": 282, ""183"": 310, ""184"": 256, ""185"": 368, ""186"": 228, ""187"": 238, ""188"": 642, ""189"": 676, ""190"": 346, ""191"": 714, ""192"": 324, ""193"": 774, ""194"": 766, ""195"": 792, ""196"": 254}",44.2,198
jku_suite_58.qasm,68.64,3.757933373749256,"{""0"": 16, ""1"": 10, ""2"": 28, ""3"": 30, ""4"": 32, ""5"": 12, ""6"": 34, ""7"": 14}",59.6,69.6,"{""0"": 28, ""1"": 12, ""4"": 14, ""6"": 16, ""2"": 10, ""3"": 34, ""7"": 32, ""5"": 30}",66.8,66.26666666666667,56.21274621784687,"{""1"": 32, ""6"": 12, ""7"": 30, ""0"": 28, ""4"": 16, ""5"": 14, ""3"": 34, ""2"": 10}",60.4,71.32,"{""0"": 28, ""1"": 10, ""2"": 30, ""3"": 32, ""4"": 34, ""5"": 12, ""6"": 14, ""7"": 16}",67.4,8
autobraid_0.qasm,39.28,0.2151619791984558,"{""0"": 254, ""1"": 248, ""2"": 90, ""3"": 104, ""4"": 126, ""5"": 246, ""6"": 276, ""7"": 236, ""8"": 224, ""9"": 234, ""10"": 268, ""11"": 118, ""12"": 226, ""13"": 256, ""14"": 92, ""15"": 262, ""16"": 100, ""17"": 106, ""18"": 72, ""19"": 264, ""20"": 282, ""21"": 88, ""22"": 86, ""23"": 214, ""24"": 110, ""25"": 136, ""26"": 98, ""27"": 250, ""28"": 82, ""29"": 218, ""30"": 272, ""31"": 138, ""32"": 120, ""33"": 222, ""34"": 84, ""35"": 216, ""36"": 112, ""37"": 122, ""38"": 230, ""39"": 280, ""40"": 94, ""41"": 238, ""42"": 228, ""43"": 108, ""44"": 220, ""45"": 114, ""46"": 74, ""47"": 102, ""48"": 78, ""49"": 130, ""50"": 96, ""51"": 140, ""52"": 260, ""53"": 132, ""54"": 240, ""55"": 244, ""56"": 80, ""57"": 258, ""58"": 124, ""59"": 134, ""60"": 252, ""61"": 76, ""62"": 278, ""63"": 270, ""64"": 128, ""65"": 274, ""66"": 242, ""67"": 266, ""68"": 116, ""69"": 232}",35.8,56.88,"{""0"": 74, ""1"": 72, ""8"": 78, ""4"": 76, ""6"": 80, ""2"": 82, ""3"": 84, ""7"": 86, ""5"": 88, ""60"": 248, ""66"": 280, ""39"": 98, ""37"": 108, ""24"": 138, ""12"": 274, ""13"": 222, ""28"": 260, ""15"": 254, ""26"": 230, ""54"": 122, ""55"": 130, ""14"": 214, ""23"": 100, ""64"": 132, ""52"": 220, ""65"": 236, ""44"": 270, ""59"": 128, ""67"": 244, ""51"": 262, ""19"": 282, ""56"": 134, ""62"": 266, ""31"": 136, ""35"": 268, ""16"": 264, ""9"": 218, ""17"": 256, ""49"": 276, ""22"": 114, ""34"": 232, ""61"": 92, ""25"": 242, ""42"": 226, ""36"": 224, ""53"": 94, ""27"": 96, ""58"": 110, ""21"": 252, ""47"": 116, ""45"": 278, ""11"": 250, ""33"": 216, ""50"": 246, ""32"": 238, ""40"": 102, ""29"": 112, ""48"": 240, ""69"": 120, ""43"": 258, ""63"": 106, ""57"": 90, ""30"": 126, ""41"": 118, ""68"": 104, ""18"": 234, ""46"": 124, ""20"": 140, ""10"": 272, ""38"": 228}",52.6,38.66666666666666,3.260152101516724,"{""8"": 268, ""1"": 74, ""0"": 250, ""6"": 84, ""4"": 78, ""5"": 254, ""7"": 112, ""3"": 256, ""2"": 134, ""11"": 98, ""16"": 104, ""45"": 136, ""20"": 88, ""34"": 122, ""63"": 244, ""27"": 232, ""19"": 222, ""36"": 92, ""10"": 224, ""64"": 246, ""44"": 90, ""29"": 276, ""24"": 106, ""9"": 262, ""48"": 272, ""50"": 80, ""52"": 82, ""12"": 278, ""22"": 140, ""62"": 234, ""56"": 124, ""60"": 228, ""15"": 76, ""53"": 274, ""66"": 72, ""28"": 130, ""13"": 96, ""23"": 118, ""31"": 280, ""30"": 218, ""21"": 266, ""37"": 230, ""55"": 86, ""69"": 238, ""61"": 220, ""14"": 132, ""54"": 236, ""32"": 116, ""68"": 216, ""59"": 242, ""41"": 94, ""39"": 114, ""40"": 128, ""18"": 102, ""58"": 120, ""26"": 110, ""49"": 240, ""51"": 270, ""25"": 126, ""33"": 226, ""67"": 108, ""35"": 100, ""46"": 248, ""17"": 214, ""57"": 264, ""38"": 258, ""42"": 260, ""47"": 252, ""65"": 138, ""43"": 282}",33.4,57.88,"{""0"": 262, ""1"": 238, ""2"": 222, ""3"": 214, ""4"": 80, ""5"": 236, ""6"": 84, ""7"": 122, ""8"": 102, ""9"": 218, ""10"": 266, ""11"": 90, ""12"": 124, ""13"": 228, ""14"": 232, ""15"": 252, ""16"": 112, ""17"": 280, ""18"": 108, ""19"": 270, ""20"": 276, ""21"": 268, ""22"": 136, ""23"": 278, ""24"": 258, ""25"": 94, ""26"": 282, ""27"": 110, ""28"": 116, ""29"": 78, ""30"": 234, ""31"": 216, ""32"": 118, ""33"": 246, ""34"": 140, ""35"": 272, ""36"": 114, ""37"": 264, ""38"": 250, ""39"": 226, ""40"": 104, ""41"": 88, ""42"": 254, ""43"": 224, ""44"": 92, ""45"": 260, ""46"": 242, ""47"": 106, ""48"": 130, ""49"": 86, ""50"": 274, ""51"": 74, ""52"": 120, ""53"": 230, ""54"": 240, ""55"": 96, ""56"": 248, ""57"": 128, ""58"": 220, ""59"": 82, ""60"": 76, ""61"": 98, ""62"": 138, ""63"": 134, ""64"": 256, ""65"": 126, ""66"": 100, ""67"": 132, ""68"": 72, ""69"": 244}",51.0,70
autobraid_44.qasm,61.72,3.643020789325237,"{""0"": 62, ""1"": 124, ""2"": 112, ""3"": 108, ""4"": 126, ""5"": 54, ""6"": 52, ""7"": 34, ""8"": 100, ""9"": 122, ""10"": 46, ""11"": 38, ""12"": 42, ""13"": 102, ""14"": 60, ""15"": 64, ""16"": 118, ""17"": 128, ""18"": 104, ""19"": 36, ""20"": 58, ""21"": 50, ""22"": 130, ""23"": 116, ""24"": 120, ""25"": 56, ""26"": 48, ""27"": 40, ""28"": 114, ""29"": 110, ""30"": 44, ""31"": 106}",58.8,76.56,"{""0"": 38, ""1"": 34, ""4"": 36, ""6"": 40, ""2"": 42, ""3"": 44, ""7"": 46, ""5"": 48, ""12"": 110, ""24"": 128, ""13"": 104, ""28"": 106, ""15"": 60, ""26"": 102, ""14"": 56, ""23"": 114, ""19"": 50, ""16"": 108, ""31"": 120, ""9"": 130, ""17"": 100, ""8"": 126, ""22"": 64, ""25"": 116, ""27"": 124, ""21"": 54, ""11"": 62, ""29"": 118, ""18"": 58, ""30"": 52, ""20"": 122, ""10"": 112}",73.6,60.25333333333333,55.244113482534885,"{""1"": 106, ""0"": 102, ""6"": 56, ""4"": 104, ""5"": 44, ""3"": 120, ""2"": 114, ""16"": 54, ""11"": 60, ""20"": 46, ""27"": 126, ""19"": 130, ""10"": 58, ""29"": 112, ""24"": 108, ""9"": 110, ""12"": 52, ""22"": 40, ""15"": 36, ""28"": 50, ""23"": 116, ""13"": 64, ""31"": 122, ""21"": 118, ""30"": 48, ""14"": 100, ""8"": 124, ""7"": 128, ""18"": 62, ""26"": 42, ""25"": 34, ""17"": 38}",54.6,76.24,"{""0"": 46, ""1"": 54, ""2"": 42, ""3"": 52, ""4"": 44, ""5"": 110, ""6"": 112, ""7"": 58, ""8"": 124, ""9"": 56, ""10"": 106, ""11"": 48, ""12"": 128, ""13"": 100, ""14"": 64, ""15"": 38, ""16"": 108, ""17"": 116, ""18"": 122, ""19"": 40, ""20"": 118, ""21"": 104, ""22"": 34, ""23"": 62, ""24"": 50, ""25"": 114, ""26"": 120, ""27"": 60, ""28"": 102, ""29"": 36, ""30"": 130, ""31"": 126}",73.4,32
qft_1.qasm,14.6,0.7639287546277046,"{""0"": 56, ""1"": 136, ""2"": 68, ""3"": 44, ""4"": 48, ""5"": 146, ""6"": 140, ""7"": 114, ""8"": 130, ""9"": 52, ""10"": 132, ""11"": 120, ""12"": 138, ""13"": 116, ""14"": 72, ""15"": 144, ""16"": 142, ""17"": 126, ""18"": 62, ""19"": 66, ""20"": 58, ""21"": 70, ""22"": 124, ""23"": 64, ""24"": 40, ""25"": 38, ""26"": 122, ""27"": 128, ""28"": 112, ""29"": 118, ""30"": 60, ""31"": 54, ""32"": 134, ""33"": 50, ""34"": 46}",14.0,14.72,"{""0"": 40, ""9"": 44, ""1"": 46, ""8"": 38, ""4"": 42, ""6"": 48, ""2"": 50, ""3"": 52, ""7"": 54, ""5"": 56, ""12"": 72, ""24"": 118, ""13"": 66, ""28"": 58, ""15"": 68, ""26"": 134, ""14"": 124, ""23"": 114, ""19"": 62, ""16"": 138, ""31"": 60, ""17"": 136, ""22"": 128, ""25"": 132, ""34"": 112, ""27"": 142, ""21"": 126, ""11"": 120, ""33"": 64, ""29"": 70, ""18"": 130, ""30"": 116, ""32"": 140, ""20"": 144, ""10"": 146}",14.0,14.626666666666669,7.907154321670532,"{""8"": 112, ""1"": 128, ""0"": 40, ""6"": 144, ""4"": 50, ""5"": 48, ""7"": 70, ""3"": 52, ""2"": 58, ""11"": 118, ""16"": 138, ""20"": 66, ""34"": 46, ""27"": 140, ""19"": 56, ""10"": 72, ""29"": 54, ""24"": 38, ""9"": 126, ""12"": 68, ""22"": 120, ""15"": 142, ""28"": 116, ""13"": 64, ""23"": 42, ""31"": 134, ""30"": 44, ""21"": 122, ""14"": 146, ""32"": 136, ""18"": 132, ""26"": 60, ""25"": 114, ""33"": 130, ""17"": 124}",12.0,14.88,"{""0"": 140, ""1"": 116, ""2"": 114, ""3"": 142, ""4"": 50, ""5"": 68, ""6"": 64, ""7"": 54, ""8"": 70, ""9"": 136, ""10"": 122, ""11"": 42, ""12"": 146, ""13"": 58, ""14"": 144, ""15"": 38, ""16"": 126, ""17"": 118, ""18"": 128, ""19"": 124, ""20"": 62, ""21"": 72, ""22"": 66, ""23"": 52, ""24"": 130, ""25"": 112, ""26"": 48, ""27"": 120, ""28"": 138, ""29"": 132, ""30"": 56, ""31"": 40, ""32"": 60, ""33"": 46, ""34"": 44}",12.0,36
jku_suite_88.qasm,64.12,4.815579499304294,"{""0"": 10, ""1"": 16, ""2"": 14, ""3"": 28, ""4"": 32, ""5"": 12, ""6"": 30, ""7"": 34}",61.8,66.84,"{""0"": 16, ""1"": 28, ""4"": 32, ""6"": 30, ""2"": 14, ""3"": 34, ""7"": 12, ""5"": 10}",63.0,65.48,72.04968865960836,"{""1"": 32, ""0"": 14, ""7"": 12, ""4"": 30, ""6"": 16, ""5"": 10, ""3"": 34, ""2"": 28}",59.4,67.8,"{""0"": 34, ""1"": 14, ""2"": 30, ""3"": 12, ""4"": 32, ""5"": 10, ""6"": 28, ""7"": 16}",63.4,8
jku_suite_83.qasm,66.64,5.604390767216683,"{""0"": 28, ""1"": 10, ""2"": 30, ""3"": 14, ""4"": 12, ""5"": 16, ""6"": 34}",60.8,65.08,"{""0"": 28, ""1"": 32, ""4"": 16, ""6"": 30, ""2"": 10, ""3"": 34, ""5"": 14}",62.0,67.13333333333334,83.78107340633869,"{""1"": 30, ""0"": 14, ""6"": 32, ""4"": 10, ""5"": 16, ""3"": 34, ""2"": 28}",62.4,66.24,"{""0"": 34, ""1"": 10, ""2"": 28, ""3"": 14, ""4"": 32, ""5"": 16, ""6"": 30}",60.0,8
jku_suite_34.qasm,80.6,6.937917460501194,"{""0"": 10, ""1"": 22, ""2"": 24, ""3"": 8, ""4"": 12, ""5"": 26}",75.8,81.44,"{""0"": 8, ""1"": 22, ""4"": 12, ""2"": 10, ""3"": 24, ""5"": 26}",71.0,81.04,103.54560826718809,"{""0"": 22, ""5"": 10, ""4"": 26, ""2"": 24, ""3"": 12, ""1"": 8}",71.6,81.04,"{""0"": 24, ""1"": 26, ""2"": 8, ""3"": 12, ""4"": 10, ""5"": 22}",72.8,6
autobraid_5.qasm,70.96,4.322601123154163,"{""0"": 40, ""1"": 12, ""2"": 16, ""3"": 36, ""4"": 20, ""5"": 42, ""6"": 34, ""7"": 18, ""8"": 14}",68.0,74.04,"{""0"": 16, ""1"": 12, ""8"": 20, ""4"": 40, ""6"": 14, ""2"": 34, ""7"": 36, ""3"": 18, ""5"": 42}",70.0,68.93333333333334,64.81729623675346,"{""8"": 34, ""1"": 42, ""6"": 40, ""7"": 36, ""5"": 18, ""4"": 16, ""0"": 12, ""3"": 14, ""2"": 38}",60.2,78.4,"{""0"": 16, ""1"": 36, ""2"": 34, ""3"": 20, ""4"": 38, ""5"": 12, ""6"": 40, ""7"": 42, ""8"": 14}",75.4,10
quarl_suite_23.qasm,102.0,0.0037160143256187,"{""0"": 8, ""1"": 16, ""2"": 18, ""3"": 6}",102.0,102.0,"{""0"": 18, ""1"": 8, ""2"": 16, ""3"": 6}",102.0,102.0,0.0502426475286483,"{""1"": 6, ""0"": 18, ""3"": 16, ""2"": 8}",102.0,102.0,"{""0"": 8, ""1"": 16, ""2"": 18, ""3"": 6}",102.0,4
qaoa_7.qasm,40.16,0.7420242324471473,"{""0"": 140, ""1"": 160, ""2"": 134, ""3"": 60, ""4"": 48, ""5"": 72, ""6"": 66, ""7"": 132, ""8"": 124, ""9"": 58, ""10"": 74, ""11"": 142, ""12"": 158, ""13"": 150, ""14"": 78, ""15"": 42, ""16"": 68, ""17"": 56, ""18"": 154, ""19"": 70, ""20"": 128, ""21"": 156, ""22"": 62, ""23"": 130, ""24"": 50, ""25"": 52, ""26"": 162, ""27"": 144, ""28"": 46, ""29"": 64, ""30"": 146, ""31"": 152, ""32"": 148, ""33"": 136, ""34"": 80, ""35"": 126, ""36"": 138, ""37"": 44, ""38"": 54}",36.2,60.16,"{""0"": 44, ""9"": 42, ""1"": 48, ""8"": 46, ""4"": 50, ""6"": 52, ""2"": 54, ""3"": 56, ""7"": 58, ""10"": 60, ""5"": 62, ""12"": 70, ""13"": 78, ""24"": 64, ""37"": 140, ""28"": 160, ""15"": 158, ""26"": 76, ""14"": 144, ""23"": 132, ""19"": 74, ""16"": 162, ""31"": 134, ""35"": 142, ""17"": 72, ""22"": 146, ""25"": 148, ""34"": 154, ""36"": 68, ""27"": 126, ""21"": 138, ""11"": 156, ""33"": 66, ""29"": 80, ""18"": 128, ""30"": 136, ""32"": 130, ""20"": 150, ""38"": 124}",56.2,41.73333333333333,11.30360708385706,"{""8"": 162, ""1"": 148, ""0"": 150, ""6"": 130, ""4"": 156, ""5"": 136, ""7"": 72, ""10"": 64, ""9"": 62, ""3"": 58, ""2"": 128, ""16"": 74, ""11"": 140, ""20"": 68, ""34"": 50, ""27"": 48, ""19"": 56, ""36"": 152, ""29"": 44, ""24"": 154, ""12"": 146, ""22"": 60, ""15"": 80, ""28"": 160, ""23"": 46, ""13"": 54, ""31"": 124, ""30"": 142, ""21"": 144, ""37"": 138, ""14"": 42, ""32"": 134, ""18"": 126, ""26"": 52, ""25"": 78, ""33"": 66, ""35"": 76, ""17"": 70, ""38"": 132}",36.6,60.04,"{""0"": 136, ""1"": 48, ""2"": 162, ""3"": 46, ""4"": 66, ""5"": 72, ""6"": 68, ""7"": 154, ""8"": 44, ""9"": 42, ""10"": 60, ""11"": 130, ""12"": 54, ""13"": 134, ""14"": 156, ""15"": 152, ""16"": 160, ""17"": 148, ""18"": 140, ""19"": 58, ""20"": 158, ""21"": 80, ""22"": 62, ""23"": 52, ""24"": 70, ""25"": 78, ""26"": 74, ""27"": 138, ""28"": 128, ""29"": 56, ""30"": 64, ""31"": 146, ""32"": 144, ""33"": 142, ""34"": 126, ""35"": 124, ""36"": 150, ""37"": 132, ""38"": 76}",55.2,40
quarl_suite_11.qasm,85.64,6.453335875272751,"{""0"": 16, ""1"": 50, ""2"": 44, ""3"": 20, ""4"": 14, ""5"": 48, ""6"": 46, ""7"": 22, ""8"": 24, ""9"": 40, ""10"": 42}",81.0,87.08,"{""0"": 44, ""9"": 14, ""1"": 40, ""8"": 16, ""4"": 24, ""6"": 18, ""2"": 50, ""7"": 42, ""3"": 48, ""10"": 46, ""5"": 22}",84.0,85.88,96.56552850455046,"{""8"": 42, ""0"": 46, ""7"": 44, ""10"": 50, ""4"": 22, ""6"": 16, ""5"": 18, ""9"": 48, ""2"": 24, ""3"": 20, ""1"": 40}",81.0,87.8,"{""0"": 44, ""1"": 42, ""2"": 16, ""3"": 50, ""4"": 14, ""5"": 40, ""6"": 20, ""7"": 48, ""8"": 24, ""9"": 22, ""10"": 46}",87.0,12
jku_suite_98.qasm,79.96,5.136741423606873,"{""0"": 10, ""1"": 26, ""2"": 22, ""3"": 8, ""4"": 12, ""5"": 24}",75.6,81.64,"{""0"": 26, ""1"": 10, ""4"": 24, ""2"": 12, ""3"": 22, ""5"": 8}",79.8,80.09333333333333,76.32255109399557,"{""0"": 10, ""4"": 22, ""5"": 24, ""2"": 26, ""3"": 12, ""1"": 8}",76.0,79.08,"{""0"": 10, ""1"": 22, ""2"": 12, ""3"": 24, ""4"": 8, ""5"": 26}",77.6,6
jku_suite_10.qasm,69.2,4.288349863886833,"{""0"": 12, ""1"": 16, ""2"": 30, ""3"": 28, ""4"": 34, ""5"": 10, ""6"": 32, ""7"": 14}",66.0,72.88,"{""0"": 28, ""1"": 12, ""4"": 14, ""6"": 16, ""2"": 10, ""3"": 34, ""7"": 32, ""5"": 30}",65.0,68.8,64.62533278763294,"{""1"": 28, ""0"": 34, ""7"": 12, ""5"": 32, ""4"": 10, ""6"": 30, ""3"": 14, ""2"": 16}",65.0,74.16,"{""0"": 12, ""1"": 28, ""2"": 32, ""3"": 34, ""4"": 30, ""5"": 16, ""6"": 10, ""7"": 14}",67.4,8
quest_suite_1.qasm,71.6,2.271190099418164,"{""0"": 16, ""1"": 10, ""2"": 28, ""3"": 32, ""4"": 14, ""5"": 34, ""6"": 12, ""7"": 30}",66.4,83.56,"{""0"": 28, ""1"": 12, ""4"": 14, ""6"": 16, ""2"": 10, ""7"": 32, ""3"": 34, ""5"": 30}",74.0,74.81333333333333,34.00998805463314,"{""0"": 16, ""7"": 32, ""4"": 12, ""5"": 34, ""6"": 30, ""2"": 10, ""3"": 14, ""1"": 28}",66.0,80.96,"{""0"": 12, ""1"": 34, ""2"": 32, ""3"": 14, ""4"": 30, ""5"": 10, ""6"": 28, ""7"": 16}",69.2,8
jku_suite_52.qasm,54.44,2.420199929177761,"{""0"": 12, ""1"": 18, ""2"": 38, ""3"": 42, ""4"": 14, ""5"": 20, ""6"": 40, ""7"": 36, ""8"": 16}",50.4,61.96,"{""0"": 16, ""1"": 12, ""8"": 20, ""4"": 40, ""6"": 14, ""2"": 34, ""3"": 18, ""7"": 36, ""5"": 42}",58.8,53.88,36.41139452159405,"{""8"": 40, ""0"": 12, ""7"": 34, ""5"": 14, ""4"": 36, ""6"": 42, ""2"": 20, ""3"": 18, ""1"": 16}",48.6,61.96,"{""0"": 42, ""1"": 18, ""2"": 20, ""3"": 16, ""4"": 36, ""5"": 34, ""6"": 14, ""7"": 40, ""8"": 38}",56.8,10
grover_7.qasm,82.44,12.780357261002065,"{""0"": 12, ""1"": 10, ""2"": 24, ""3"": 22, ""4"": 26, ""5"": 8}",82.4,81.8,"{""0"": 10, ""1"": 12, ""4"": 8, ""2"": 22, ""3"": 24, ""5"": 26}",81.2,81.85333333333334,189.7526186704636,"{""0"": 8, ""5"": 10, ""4"": 12, ""2"": 26, ""3"": 22, ""1"": 24}",80.0,82.56,"{""0"": 8, ""1"": 26, ""2"": 12, ""3"": 22, ""4"": 24, ""5"": 10}",81.8,6
jku_suite_90.qasm,66.52,5.3343181505799295,"{""0"": 14, ""1"": 34, ""2"": 20, ""3"": 16, ""4"": 40, ""5"": 38, ""6"": 42, ""7"": 18, ""8"": 36}",62.4,65.44,"{""0"": 42, ""1"": 40, ""8"": 14, ""4"": 34, ""6"": 12, ""2"": 38, ""3"": 20, ""7"": 36, ""5"": 18}",63.2,66.10666666666667,79.16001930832863,"{""8"": 42, ""1"": 36, ""6"": 14, ""7"": 18, ""5"": 12, ""4"": 40, ""0"": 16, ""3"": 20, ""2"": 34}",61.0,67.84,"{""0"": 12, ""1"": 38, ""2"": 42, ""3"": 34, ""4"": 16, ""5"": 20, ""6"": 36, ""7"": 14, ""8"": 18}",64.0,10
quarl_suite_13.qasm,63.36,1.3034009501338004,"{""0"": 46, ""1"": 14, ""2"": 20, ""3"": 18, ""4"": 42, ""5"": 24, ""6"": 22, ""7"": 50, ""8"": 40, ""9"": 48, ""10"": 44, ""11"": 16}",58.4,72.52,"{""0"": 46, ""9"": 18, ""1"": 40, ""8"": 16, ""4"": 42, ""6"": 22, ""2"": 20, ""3"": 44, ""7"": 50, ""11"": 14, ""10"": 24, ""5"": 48}",65.6,65.28,19.539296001195908,"{""11"": 42, ""8"": 40, ""6"": 48, ""0"": 22, ""4"": 18, ""7"": 24, ""5"": 44, ""10"": 20, ""9"": 50, ""2"": 46, ""3"": 16, ""1"": 14}",60.4,74.08,"{""0"": 50, ""1"": 24, ""2"": 20, ""3"": 44, ""4"": 40, ""5"": 16, ""6"": 18, ""7"": 14, ""8"": 46, ""9"": 22, ""10"": 48, ""11"": 42}",70.6,12
shor_9.qasm,82.68,12.05049920529127,"{""0"": 40, ""1"": 14, ""2"": 42, ""3"": 50, ""4"": 24, ""5"": 46, ""6"": 18, ""7"": 20, ""8"": 16, ""9"": 48, ""10"": 22, ""11"": 44}",81.6,86.6,"{""0"": 16, ""9"": 22, ""1"": 14, ""8"": 44, ""4"": 50, ""6"": 24, ""2"": 42, ""3"": 20, ""7"": 18, ""10"": 48, ""5"": 46, ""11"": 40}",83.2,83.4,180.3027734309435,"{""8"": 44, ""1"": 46, ""0"": 20, ""6"": 22, ""4"": 50, ""5"": 16, ""7"": 24, ""10"": 48, ""9"": 18, ""3"": 14, ""2"": 40, ""11"": 42}",80.4,85.32,"{""0"": 16, ""1"": 42, ""2"": 50, ""3"": 46, ""4"": 14, ""5"": 20, ""6"": 48, ""7"": 18, ""8"": 24, ""9"": 40, ""10"": 44, ""11"": 22}",82.2,12
jku_suite_46.qasm,79.28,7.0439163282513615,"{""0"": 12, ""1"": 22, ""2"": 26, ""3"": 10, ""4"": 24, ""5"": 8}",76.6,79.8,"{""0"": 22, ""1"": 8, ""4"": 12, ""2"": 26, ""3"": 10, ""5"": 24}",76.0,79.21333333333334,105.26090663671494,"{""0"": 26, ""4"": 8, ""5"": 22, ""2"": 12, ""3"": 10, ""1"": 24}",76.4,83.68,"{""0"": 22, ""1"": 26, ""2"": 12, ""3"": 10, ""4"": 24, ""5"": 8}",80.0,6
autobraid_25.qasm,33.4,0.6362010255455971,"{""0"": 190, ""1"": 484, ""2"": 240, ""3"": 394, ""4"": 158, ""5"": 434, ""6"": 226, ""7"": 388, ""8"": 206, ""9"": 408, ""10"": 168, ""11"": 426, ""12"": 458, ""13"": 148, ""14"": 480, ""15"": 454, ""16"": 460, ""17"": 188, ""18"": 428, ""19"": 234, ""20"": 486, ""21"": 230, ""22"": 472, ""23"": 176, ""24"": 152, ""25"": 378, ""26"": 390, ""27"": 208, ""28"": 392, ""29"": 482, ""30"": 416, ""31"": 228, ""32"": 446, ""33"": 242, ""34"": 414, ""35"": 180, ""36"": 134, ""37"": 212, ""38"": 400, ""39"": 236, ""40"": 224, ""41"": 196, ""42"": 160, ""43"": 172, ""44"": 442, ""45"": 140, ""46"": 146, ""47"": 156, ""48"": 402, ""49"": 238, ""50"": 144, ""51"": 204, ""52"": 424, ""53"": 410, ""54"": 478, ""55"": 162, ""56"": 376, ""57"": 214, ""58"": 128, ""59"": 456, ""60"": 444, ""61"": 138, ""62"": 380, ""63"": 476, ""64"": 192, ""65"": 154, ""66"": 210, ""67"": 132, ""68"": 186, ""69"": 174, ""70"": 182, ""71"": 184, ""72"": 490, ""73"": 374, ""74"": 398, ""75"": 166, ""76"": 218, ""77"": 136, ""78"": 386, ""79"": 372, ""80"": 406, ""81"": 452, ""82"": 448, ""83"": 202, ""84"": 170, ""85"": 422, ""86"": 464, ""87"": 468, ""88"": 216, ""89"": 418, ""90"": 466, ""91"": 430, ""92"": 404, ""93"": 420, ""94"": 222, ""95"": 432, ""96"": 440, ""97"": 488, ""98"": 470, ""99"": 130, ""100"": 462, ""101"": 370, ""102"": 438, ""103"": 396, ""104"": 232, ""105"": 436, ""106"": 220, ""107"": 124, ""108"": 150, ""109"": 450, ""110"": 164, ""111"": 194, ""112"": 382, ""113"": 412, ""114"": 198, ""115"": 200, ""116"": 244, ""117"": 126, ""118"": 178, ""119"": 384, ""120"": 474}",31.2,54.36,"{""0"": 124, ""9"": 126, ""1"": 128, ""8"": 130, ""4"": 132, ""6"": 134, ""2"": 136, ""3"": 138, ""7"": 140, ""5"": 142, ""13"": 434, ""24"": 230, ""54"": 428, ""109"": 212, ""80"": 206, ""64"": 232, ""65"": 218, ""91"": 446, ""111"": 410, ""44"": 460, ""70"": 402, ""51"": 234, ""19"": 408, ""99"": 424, ""31"": 430, ""35"": 384, ""49"": 202, ""119"": 224, ""73"": 472, ""25"": 376, ""61"": 144, ""97"": 208, ""58"": 220, ""45"": 176, ""11"": 388, ""40"": 158, ""88"": 414, ""48"": 482, ""69"": 182, ""82"": 476, ""98"": 480, ""32"": 210, ""10"": 226, ""12"": 464, ""28"": 204, ""15"": 394, ""118"": 184, ""100"": 468, ""62"": 180, ""16"": 484, ""34"": 396, ""36"": 172, ""94"": 440, ""27"": 406, ""21"": 156, ""95"": 378, ""102"": 462, ""63"": 216, ""92"": 238, ""43"": 242, ""29"": 372, ""86"": 478, ""57"": 454, ""41"": 174, ""68"": 456, ""20"": 192, ""96"": 436, ""60"": 240, ""39"": 404, ""85"": 474, ""117"": 444, ""23"": 150, ""52"": 486, ""84"": 450, ""59"": 390, ""67"": 374, ""112"": 188, ""56"": 190, ""71"": 418, ""113"": 432, ""22"": 146, ""42"": 164, ""101"": 186, ""53"": 162, ""81"": 244, ""47"": 488, ""33"": 416, ""50"": 382, ""18"": 470, ""103"": 380, ""116"": 178, ""30"": 370, ""75"": 398, ""115"": 170, ""104"": 148, ""114"": 452, ""66"": 422, ""87"": 194, ""37"": 214, ""77"": 392, ""26"": 198, ""106"": 386, ""55"": 438, ""74"": 426, ""14"": 168, ""90"": 166, ""79"": 152, ""89"": 222, ""108"": 400, ""17"": 196, ""105"": 412, ""120"": 466, ""83"": 200, ""78"": 160, ""72"": 154, ""107"": 458, ""110"": 236, ""93"": 420, ""76"": 448, ""46"": 228, ""38"": 442}",50.8,31.52,9.632003478705885,"{""8"": 422, ""1"": 394, ""0"": 414, ""6"": 206, ""4"": 240, ""5"": 226, ""7"": 386, ""3"": 186, ""2"": 234, ""115"": 472, ""16"": 378, ""20"": 484, ""27"": 408, ""106"": 218, ""89"": 444, ""44"": 482, ""36"": 212, ""24"": 242, ""104"": 196, ""22"": 198, ""78"": 442, ""76"": 464, ""62"": 164, ""111"": 490, ""109"": 236, ""28"": 370, ""96"": 150, ""31"": 172, ""21"": 216, ""73"": 418, ""69"": 380, ""120"": 372, ""54"": 446, ""68"": 470, ""81"": 202, ""83"": 192, ""71"": 486, ""84"": 488, ""72"": 428, ""43"": 244, ""19"": 424, ""10"": 182, ""29"": 384, ""100"": 382, ""95"": 194, ""56"": 412, ""60"": 238, ""15"": 152, ""53"": 232, ""99"": 160, ""87"": 228, ""14"": 478, ""119"": 426, ""112"": 138, ""39"": 146, ""58"": 462, ""97"": 178, ""49"": 434, ""93"": 176, ""35"": 430, ""67"": 156, ""114"": 376, ""79"": 416, ""57"": 200, ""90"": 388, ""38"": 480, ""98"": 450, ""11"": 154, ""103"": 466, ""45"": 128, ""63"": 170, ""48"": 474, ""113"": 448, ""66"": 406, ""12"": 460, ""23"": 224, ""94"": 432, ""82"": 132, ""55"": 144, ""116"": 214, ""70"": 392, ""101"": 158, ""108"": 168, ""59"": 420, ""41"": 468, ""40"": 210, ""26"": 124, ""91"": 140, ""51"": 220, ""25"": 162, ""33"": 398, ""17"": 208, ""65"": 190, ""102"": 142, ""118"": 476, ""117"": 454, ""34"": 130, ""74"": 400, ""88"": 458, ""64"": 204, ""9"": 222, ""50"": 230, ""52"": 180, ""80"": 134, ""110"": 148, ""13"": 452, ""30"": 136, ""37"": 456, ""86"": 126, ""107"": 404, ""85"": 410, ""61"": 166, ""75"": 174, ""32"": 438, ""105"": 374, ""77"": 390, ""18"": 184, ""92"": 440, ""46"": 436, ""42"": 188, ""47"": 396}",26.6,54.48,"{""0"": 398, ""1"": 182, ""2"": 230, ""3"": 406, ""4"": 420, ""5"": 204, ""6"": 240, ""7"": 206, ""8"": 452, ""9"": 170, ""10"": 180, ""11"": 428, ""12"": 454, ""13"": 376, ""14"": 178, ""15"": 126, ""16"": 424, ""17"": 480, ""18"": 450, ""19"": 386, ""20"": 482, ""21"": 234, ""22"": 136, ""23"": 440, ""24"": 214, ""25"": 462, ""26"": 448, ""27"": 166, ""28"": 472, ""29"": 474, ""30"": 470, ""31"": 390, ""32"": 150, ""33"": 188, ""34"": 394, ""35"": 132, ""36"": 226, ""37"": 200, ""38"": 212, ""39"": 464, ""40"": 198, ""41"": 158, ""42"": 416, ""43"": 190, ""44"": 172, ""45"": 202, ""46"": 414, ""47"": 468, ""48"": 410, ""49"": 490, ""50"": 192, ""51"": 486, ""52"": 186, ""53"": 388, ""54"": 380, ""55"": 430, ""56"": 210, ""57"": 236, ""58"": 478, ""59"": 438, ""60"": 456, ""61"": 460, ""62"": 408, ""63"": 124, ""64"": 146, ""65"": 370, ""66"": 154, ""67"": 130, ""68"": 218, ""69"": 458, ""70"": 140, ""71"": 232, ""72"": 392, ""73"": 228, ""74"": 164, ""75"": 476, ""76"": 434, ""77"": 378, ""78"": 138, ""79"": 144, ""80"": 484, ""81"": 194, ""82"": 418, ""83"": 374, ""84"": 224, ""85"": 222, ""86"": 142, ""87"": 242, ""88"": 168, ""89"": 432, ""90"": 466, ""91"": 152, ""92"": 208, ""93"": 412, ""94"": 382, ""95"": 402, ""96"": 446, ""97"": 216, ""98"": 184, ""99"": 156, ""100"": 426, ""101"": 128, ""102"": 442, ""103"": 148, ""104"": 238, ""105"": 396, ""106"": 160, ""107"": 244, ""108"": 196, ""109"": 400, ""110"": 384, ""111"": 422, ""112"": 162, ""113"": 174, ""114"": 220, ""115"": 176, ""116"": 404, ""117"": 488, ""118"": 372, ""119"": 134, ""120"": 436}",51.0,122
autobraid_43.qasm,36.64,0.3380676120519638,"{""0"": 182, ""1"": 200, ""2"": 238, ""3"": 660, ""4"": 334, ""5"": 600, ""6"": 214, ""7"": 546, ""8"": 240, ""9"": 256, ""10"": 522, ""11"": 260, ""12"": 544, ""13"": 558, ""14"": 662, ""15"": 184, ""16"": 648, ""17"": 312, ""18"": 298, ""19"": 690, ""20"": 632, ""21"": 296, ""22"": 598, ""23"": 220, ""24"": 282, ""25"": 230, ""26"": 268, ""27"": 650, ""28"": 636, ""29"": 198, ""30"": 278, ""31"": 618, ""32"": 536, ""33"": 666, ""34"": 628, ""35"": 280, ""36"": 584, ""37"": 204, ""38"": 174, ""39"": 574, ""40"": 290, ""41"": 180, ""42"": 242, ""43"": 570, ""44"": 602, ""45"": 670, ""46"": 652, ""47"": 196, ""48"": 644, ""49"": 342, ""50"": 262, ""51"": 250, ""52"": 310, ""53"": 588, ""54"": 210, ""55"": 188, ""56"": 586, ""57"": 556, ""58"": 276, ""59"": 270, ""60"": 604, ""61"": 300, ""62"": 568, ""63"": 326, ""64"": 254, ""65"": 680, ""66"": 328, ""67"": 526, ""68"": 286, ""69"": 272, ""70"": 234, ""71"": 582, ""72"": 614, ""73"": 606, ""74"": 684, ""75"": 294, ""76"": 338, ""77"": 552, ""78"": 624, ""79"": 232, ""80"": 344, ""81"": 320, ""82"": 192, ""83"": 520, ""84"": 674, ""85"": 548, ""86"": 540, ""87"": 532, ""88"": 226, ""89"": 560, ""90"": 580, ""91"": 322, ""92"": 336, ""93"": 672, ""94"": 314, ""95"": 306, ""96"": 578, ""97"": 612, ""98"": 292, ""99"": 258, ""100"": 212, ""101"": 658, ""102"": 608, ""103"": 562, ""104"": 190, ""105"": 530, ""106"": 594, ""107"": 688, ""108"": 676, ""109"": 194, ""110"": 228, ""111"": 528, ""112"": 274, ""113"": 218, ""114"": 332, ""115"": 176, ""116"": 576, ""117"": 686, ""118"": 216, ""119"": 264, ""120"": 630, ""121"": 324, ""122"": 178, ""123"": 248, ""124"": 302, ""125"": 616, ""126"": 564, ""127"": 610, ""128"": 206, ""129"": 554, ""130"": 638, ""131"": 642, ""132"": 288, ""133"": 622, ""134"": 186, ""135"": 304, ""136"": 538, ""137"": 284, ""138"": 236, ""139"": 566, ""140"": 224, ""141"": 678, ""142"": 596, ""143"": 340, ""144"": 590, ""145"": 592, ""146"": 524, ""147"": 318, ""148"": 222, ""149"": 244, ""150"": 208, ""151"": 202, ""152"": 308, ""153"": 572, ""154"": 246, ""155"": 534, ""156"": 640, ""157"": 654, ""158"": 330, ""159"": 668, ""160"": 542, ""161"": 646, ""162"": 620, ""163"": 682, ""164"": 252, ""165"": 316, ""166"": 664, ""167"": 550, ""168"": 626, ""169"": 266, ""170"": 634}",33.0,56.8,"{""0"": 174, ""9"": 178, ""1"": 176, ""8"": 180, ""4"": 184, ""6"": 182, ""12"": 188, ""2"": 186, ""13"": 190, ""3"": 192, ""7"": 194, ""11"": 196, ""14"": 198, ""10"": 200, ""5"": 202, ""143"": 610, ""24"": 606, ""131"": 680, ""54"": 256, ""109"": 642, ""80"": 322, ""64"": 216, ""160"": 244, ""144"": 566, ""65"": 564, ""91"": 296, ""133"": 238, ""136"": 242, ""111"": 632, ""70"": 316, ""44"": 556, ""167"": 670, ""51"": 266, ""19"": 310, ""158"": 248, ""99"": 534, ""31"": 274, ""35"": 604, ""155"": 526, ""126"": 308, ""49"": 552, ""119"": 620, ""73"": 562, ""25"": 580, ""61"": 212, ""97"": 324, ""58"": 258, ""45"": 616, ""40"": 318, ""165"": 290, ""88"": 544, ""82"": 302, ""69"": 334, ""48"": 218, ""98"": 654, ""154"": 640, ""32"": 210, ""145"": 272, ""142"": 204, ""163"": 644, ""166"": 240, ""28"": 336, ""15"": 312, ""125"": 686, ""134"": 660, ""128"": 222, ""118"": 598, ""100"": 554, ""62"": 662, ""16"": 676, ""140"": 294, ""34"": 332, ""94"": 226, ""36"": 298, ""27"": 550, ""21"": 260, ""149"": 528, ""95"": 636, ""168"": 548, ""102"": 666, ""29"": 230, ""86"": 268, ""43"": 614, ""92"": 220, ""63"": 678, ""57"": 674, ""41"": 592, ""68"": 682, ""147"": 664, ""20"": 608, ""96"": 618, ""170"": 326, ""164"": 206, ""60"": 208, ""39"": 300, ""85"": 276, ""137"": 328, ""117"": 292, ""153"": 250, ""23"": 282, ""52"": 214, ""121"": 650, ""169"": 338, ""141"": 264, ""84"": 224, ""59"": 540, ""146"": 520, ""112"": 530, ""67"": 254, ""56"": 232, ""71"": 546, ""113"": 648, ""22"": 596, ""42"": 524, ""101"": 228, ""53"": 542, ""81"": 652, ""47"": 284, ""33"": 668, ""50"": 538, ""18"": 288, ""103"": 280, ""139"": 628, ""116"": 688, ""30"": 634, ""75"": 582, ""115"": 624, ""104"": 306, ""114"": 572, ""66"": 304, ""87"": 672, ""37"": 252, ""161"": 622, ""77"": 558, ""26"": 612, ""106"": 574, ""74"": 560, ""55"": 586, ""150"": 278, ""90"": 342, ""135"": 330, ""132"": 246, ""79"": 578, ""89"": 600, ""148"": 590, ""108"": 602, ""127"": 536, ""157"": 630, ""17"": 690, ""156"": 658, ""105"": 522, ""159"": 626, ""120"": 646, ""83"": 236, ""124"": 262, ""78"": 656, ""123"": 340, ""122"": 588, ""138"": 270, ""129"": 584, ""151"": 576, ""72"": 286, ""162"": 570, ""107"": 594, ""130"": 320, ""110"": 532, ""93"": 568, ""76"": 638, ""46"": 234, ""152"": 344, ""38"": 684}",52.4,35.54666666666667,5.113824613392353,"{""11"": 208, ""14"": 182, ""12"": 572, ""8"": 622, ""1"": 544, ""0"": 638, ""6"": 276, ""4"": 186, ""5"": 546, ""7"": 558, ""10"": 180, ""9"": 196, ""13"": 198, ""3"": 568, ""2"": 550, ""115"": 294, ""16"": 624, ""131"": 254, ""20"": 340, ""155"": 584, ""27"": 256, ""106"": 602, ""89"": 228, ""36"": 204, ""44"": 272, ""170"": 244, ""125"": 266, ""24"": 176, ""104"": 654, ""135"": 286, ""22"": 650, ""62"": 216, ""76"": 684, ""78"": 644, ""111"": 178, ""109"": 260, ""28"": 570, ""96"": 290, ""31"": 578, ""21"": 540, ""73"": 672, ""69"": 238, ""120"": 560, ""54"": 274, ""158"": 522, ""68"": 646, ""149"": 322, ""143"": 316, ""152"": 600, ""81"": 526, ""83"": 630, ""71"": 270, ""84"": 342, ""72"": 632, ""148"": 268, ""169"": 232, ""43"": 532, ""167"": 326, ""19"": 686, ""145"": 660, ""157"": 552, ""29"": 226, ""100"": 576, ""95"": 280, ""151"": 548, ""56"": 680, ""60"": 562, ""134"": 580, ""15"": 656, ""53"": 566, ""99"": 240, ""144"": 192, ""161"": 534, ""87"": 662, ""139"": 528, ""127"": 230, ""119"": 596, ""112"": 524, ""39"": 674, ""58"": 248, ""97"": 194, ""49"": 314, ""93"": 330, ""126"": 536, ""67"": 296, ""35"": 592, ""114"": 332, ""79"": 234, ""133"": 604, ""123"": 320, ""57"": 530, ""90"": 250, ""38"": 542, ""163"": 582, ""98"": 262, ""103"": 258, ""45"": 664, ""146"": 616, ""63"": 588, ""154"": 214, ""166"": 202, ""132"": 608, ""48"": 190, ""113"": 678, ""66"": 174, ""137"": 222, ""160"": 200, ""122"": 300, ""156"": 334, ""23"": 282, ""94"": 318, ""129"": 636, ""82"": 666, ""116"": 278, ""55"": 690, ""70"": 210, ""101"": 676, ""108"": 618, ""140"": 628, ""59"": 610, ""130"": 538, ""40"": 634, ""41"": 264, ""26"": 324, ""164"": 252, ""142"": 308, ""91"": 554, ""51"": 206, ""25"": 658, ""33"": 626, ""17"": 184, ""141"": 520, ""168"": 612, ""65"": 682, ""102"": 212, ""136"": 344, ""118"": 284, ""34"": 218, ""117"": 220, ""74"": 336, ""88"": 306, ""64"": 642, ""124"": 564, ""165"": 338, ""50"": 224, ""147"": 668, ""52"": 242, ""110"": 310, ""80"": 188, ""30"": 586, ""37"": 246, ""86"": 302, ""107"": 236, ""85"": 640, ""75"": 574, ""61"": 614, ""150"": 288, ""32"": 648, ""105"": 298, ""18"": 652, ""77"": 598, ""153"": 556, ""159"": 594, ""162"": 670, ""138"": 590, ""46"": 292, ""92"": 688, ""128"": 620, ""42"": 304, ""47"": 606, ""121"": 312}",27.0,55.8,"{""0"": 618, ""1"": 634, ""2"": 522, ""3"": 216, ""4"": 326, ""5"": 688, ""6"": 648, ""7"": 258, ""8"": 240, ""9"": 192, ""10"": 228, ""11"": 640, ""12"": 646, ""13"": 556, ""14"": 524, ""15"": 542, ""16"": 210, ""17"": 566, ""18"": 624, ""19"": 536, ""20"": 616, ""21"": 184, ""22"": 198, ""23"": 296, ""24"": 572, ""25"": 686, ""26"": 684, ""27"": 200, ""28"": 530, ""29"": 244, ""30"": 304, ""31"": 590, ""32"": 266, ""33"": 610, ""34"": 564, ""35"": 574, ""36"": 238, ""37"": 194, ""38"": 608, ""39"": 622, ""40"": 328, ""41"": 626, ""42"": 190, ""43"": 338, ""44"": 674, ""45"": 186, ""46"": 554, ""47"": 562, ""48"": 588, ""49"": 568, ""50"": 638, ""51"": 220, ""52"": 318, ""53"": 576, ""54"": 598, ""55"": 222, ""56"": 302, ""57"": 188, ""58"": 620, ""59"": 230, ""60"": 204, ""61"": 606, ""62"": 660, ""63"": 596, ""64"": 632, ""65"": 272, ""66"": 652, ""67"": 202, ""68"": 636, ""69"": 666, ""70"": 676, ""71"": 344, ""72"": 330, ""73"": 300, ""74"": 298, ""75"": 178, ""76"": 254, ""77"": 322, ""78"": 650, ""79"": 526, ""80"": 214, ""81"": 552, ""82"": 260, ""83"": 282, ""84"": 236, ""85"": 306, ""86"": 682, ""87"": 174, ""88"": 264, ""89"": 208, ""90"": 594, ""91"": 290, ""92"": 182, ""93"": 248, ""94"": 662, ""95"": 602, ""96"": 246, ""97"": 324, ""98"": 668, ""99"": 316, ""100"": 600, ""101"": 284, ""102"": 278, ""103"": 196, ""104"": 336, ""105"": 252, ""106"": 212, ""107"": 612, ""108"": 544, ""109"": 288, ""110"": 520, ""111"": 604, ""112"": 672, ""113"": 670, ""114"": 176, ""115"": 270, ""116"": 256, ""117"": 532, ""118"": 538, ""119"": 586, ""120"": 206, ""121"": 540, ""122"": 268, ""123"": 292, ""124"": 234, ""125"": 294, ""126"": 614, ""127"": 224, ""128"": 664, ""129"": 550, ""130"": 644, ""131"": 274, ""132"": 678, ""133"": 630, ""134"": 310, ""135"": 680, ""136"": 250, ""137"": 226, ""138"": 582, ""139"": 332, ""140"": 218, ""141"": 628, ""142"": 286, ""143"": 528, ""144"": 334, ""145"": 262, ""146"": 232, ""147"": 642, ""148"": 578, ""149"": 558, ""150"": 548, ""151"": 242, ""152"": 656, ""153"": 580, ""154"": 320, ""155"": 308, ""156"": 312, ""157"": 340, ""158"": 592, ""159"": 342, ""160"": 570, ""161"": 534, ""162"": 690, ""163"": 276, ""164"": 546, ""165"": 654, ""166"": 180, ""167"": 560, ""168"": 314, ""169"": 584, ""170"": 280}",52.4,172
autobraid_39.qasm,35.2,0.4861070975661278,"{""0"": 256, ""1"": 318, ""2"": 268, ""3"": 302, ""4"": 106, ""5"": 248, ""6"": 288, ""7"": 142, ""8"": 102, ""9"": 280, ""10"": 130, ""11"": 278, ""12"": 92, ""13"": 312, ""14"": 84, ""15"": 270, ""16"": 152, ""17"": 260, ""18"": 146, ""19"": 306, ""20"": 90, ""21"": 298, ""22"": 150, ""23"": 292, ""24"": 246, ""25"": 104, ""26"": 118, ""27"": 100, ""28"": 322, ""29"": 96, ""30"": 114, ""31"": 274, ""32"": 154, ""33"": 98, ""34"": 120, ""35"": 124, ""36"": 250, ""37"": 138, ""38"": 116, ""39"": 128, ""40"": 296, ""41"": 304, ""42"": 110, ""43"": 112, ""44"": 258, ""45"": 160, ""46"": 290, ""47"": 286, ""48"": 88, ""49"": 158, ""50"": 300, ""51"": 108, ""52"": 144, ""53"": 244, ""54"": 136, ""55"": 140, ""56"": 126, ""57"": 266, ""58"": 262, ""59"": 320, ""60"": 282, ""61"": 254, ""62"": 252, ""63"": 284, ""64"": 316, ""65"": 122, ""66"": 294, ""67"": 272, ""68"": 132, ""69"": 82, ""70"": 310, ""71"": 134, ""72"": 156, ""73"": 94, ""74"": 314, ""75"": 308, ""76"": 276, ""77"": 148, ""78"": 86, ""79"": 264}",29.2,55.12,"{""0"": 88, ""1"": 82, ""8"": 84, ""4"": 86, ""6"": 90, ""2"": 92, ""3"": 94, ""7"": 96, ""5"": 98, ""60"": 118, ""66"": 322, ""39"": 160, ""24"": 318, ""13"": 278, ""12"": 252, ""37"": 282, ""28"": 106, ""15"": 102, ""77"": 114, ""26"": 128, ""54"": 156, ""55"": 136, ""74"": 314, ""14"": 302, ""23"": 112, ""64"": 126, ""52"": 144, ""65"": 108, ""79"": 148, ""44"": 100, ""70"": 270, ""59"": 290, ""67"": 248, ""51"": 254, ""19"": 256, ""56"": 274, ""16"": 284, ""31"": 276, ""35"": 300, ""62"": 312, ""9"": 152, ""71"": 298, ""17"": 310, ""49"": 258, ""73"": 104, ""25"": 286, ""61"": 142, ""34"": 138, ""22"": 154, ""42"": 134, ""36"": 292, ""53"": 320, ""27"": 260, ""78"": 130, ""46"": 266, ""58"": 304, ""45"": 280, ""21"": 110, ""47"": 306, ""11"": 296, ""33"": 316, ""50"": 140, ""40"": 264, ""72"": 120, ""29"": 268, ""48"": 116, ""69"": 146, ""63"": 132, ""43"": 288, ""57"": 272, ""18"": 250, ""41"": 262, ""68"": 150, ""30"": 158, ""75"": 294, ""76"": 124, ""32"": 122, ""20"": 244, ""10"": 308, ""38"": 246}",52.2,34.96,7.359683610498905,"{""8"": 114, ""1"": 256, ""0"": 160, ""6"": 134, ""4"": 270, ""5"": 312, ""7"": 260, ""3"": 252, ""2"": 94, ""16"": 108, ""45"": 88, ""11"": 96, ""20"": 308, ""63"": 268, ""34"": 136, ""74"": 126, ""27"": 112, ""19"": 116, ""44"": 106, ""36"": 142, ""10"": 140, ""64"": 92, ""29"": 280, ""24"": 146, ""9"": 118, ""48"": 124, ""50"": 284, ""52"": 100, ""66"": 158, ""12"": 306, ""22"": 102, ""62"": 110, ""76"": 98, ""78"": 276, ""56"": 266, ""60"": 82, ""15"": 302, ""53"": 314, ""28"": 122, ""23"": 144, ""13"": 128, ""31"": 272, ""21"": 84, ""30"": 310, ""37"": 298, ""73"": 104, ""55"": 250, ""69"": 294, ""75"": 138, ""14"": 316, ""70"": 278, ""61"": 296, ""54"": 90, ""32"": 322, ""68"": 132, ""59"": 86, ""41"": 292, ""39"": 152, ""40"": 246, ""26"": 274, ""58"": 300, ""77"": 248, ""18"": 290, ""71"": 318, ""49"": 130, ""51"": 286, ""25"": 262, ""33"": 304, ""35"": 282, ""67"": 288, ""46"": 244, ""79"": 120, ""17"": 320, ""72"": 264, ""57"": 156, ""38"": 254, ""42"": 154, ""47"": 258, ""65"": 148, ""43"": 150}",30.8,58.48,"{""0"": 280, ""1"": 90, ""2"": 288, ""3"": 284, ""4"": 252, ""5"": 290, ""6"": 102, ""7"": 156, ""8"": 94, ""9"": 286, ""10"": 120, ""11"": 114, ""12"": 126, ""13"": 150, ""14"": 282, ""15"": 142, ""16"": 248, ""17"": 300, ""18"": 298, ""19"": 110, ""20"": 106, ""21"": 270, ""22"": 160, ""23"": 136, ""24"": 86, ""25"": 256, ""26"": 262, ""27"": 304, ""28"": 140, ""29"": 84, ""30"": 250, ""31"": 322, ""32"": 312, ""33"": 132, ""34"": 314, ""35"": 88, ""36"": 302, ""37"": 96, ""38"": 138, ""39"": 278, ""40"": 100, ""41"": 98, ""42"": 306, ""43"": 118, ""44"": 116, ""45"": 130, ""46"": 266, ""47"": 310, ""48"": 244, ""49"": 158, ""50"": 124, ""51"": 152, ""52"": 246, ""53"": 108, ""54"": 264, ""55"": 154, ""56"": 134, ""57"": 122, ""58"": 274, ""59"": 316, ""60"": 112, ""61"": 254, ""62"": 144, ""63"": 276, ""64"": 308, ""65"": 260, ""66"": 82, ""67"": 292, ""68"": 146, ""69"": 296, ""70"": 92, ""71"": 294, ""72"": 268, ""73"": 318, ""74"": 320, ""75"": 272, ""76"": 148, ""77"": 128, ""78"": 258, ""79"": 104}",53.2,80
autobraid_22.qasm,60.16,3.711833894252777,"{""0"": 96, ""1"": 40, ""2"": 112, ""3"": 106, ""4"": 36, ""5"": 100, ""6"": 30, ""7"": 32, ""8"": 92, ""9"": 108, ""10"": 52, ""11"": 114, ""12"": 102, ""13"": 94, ""14"": 56, ""15"": 54, ""16"": 46, ""17"": 38, ""18"": 48, ""19"": 88, ""20"": 90, ""21"": 110, ""22"": 98, ""23"": 44, ""24"": 42, ""25"": 50, ""26"": 34}",55.0,72.16,"{""0"": 30, ""1"": 36, ""4"": 34, ""6"": 32, ""2"": 38, ""3"": 40, ""5"": 42, ""12"": 104, ""24"": 108, ""13"": 96, ""15"": 106, ""7"": 112, ""26"": 92, ""14"": 100, ""23"": 54, ""19"": 88, ""16"": 102, ""17"": 46, ""9"": 110, ""8"": 114, ""22"": 90, ""25"": 50, ""21"": 52, ""11"": 48, ""18"": 94, ""20"": 56, ""10"": 98}",68.8,60.48,56.12351015210152,"{""1"": 48, ""0"": 110, ""6"": 56, ""4"": 54, ""5"": 102, ""7"": 108, ""3"": 90, ""2"": 88, ""16"": 30, ""11"": 94, ""20"": 42, ""19"": 114, ""10"": 34, ""24"": 50, ""9"": 92, ""12"": 96, ""22"": 106, ""15"": 32, ""13"": 52, ""23"": 46, ""21"": 40, ""14"": 36, ""8"": 100, ""18"": 104, ""26"": 112, ""25"": 38, ""17"": 44}",54.2,73.2,"{""0"": 56, ""1"": 32, ""2"": 52, ""3"": 34, ""4"": 48, ""5"": 88, ""6"": 54, ""7"": 98, ""8"": 38, ""9"": 112, ""10"": 96, ""11"": 110, ""12"": 42, ""13"": 92, ""14"": 50, ""15"": 46, ""16"": 108, ""17"": 114, ""18"": 100, ""19"": 104, ""20"": 36, ""21"": 30, ""22"": 94, ""23"": 106, ""24"": 40, ""25"": 44, ""26"": 90}",69.6,28
jku_suite_47.qasm,60.72,3.02171318680048,"{""0"": 48, ""1"": 16, ""2"": 20, ""3"": 24, ""4"": 50, ""5"": 44, ""6"": 18, ""7"": 40, ""8"": 14, ""9"": 42, ""10"": 22, ""11"": 46}",60.0,68.6,"{""9"": 40, ""0"": 14, ""1"": 20, ""8"": 18, ""4"": 42, ""6"": 16, ""2"": 46, ""7"": 24, ""3"": 44, ""11"": 50, ""10"": 48, ""5"": 22}",67.6,61.04,45.63433537632227,"{""11"": 42, ""8"": 14, ""6"": 20, ""7"": 16, ""5"": 40, ""0"": 48, ""4"": 24, ""10"": 22, ""9"": 44, ""2"": 46, ""3"": 50, ""1"": 18}",55.8,71.32,"{""0"": 18, ""1"": 50, ""2"": 24, ""3"": 20, ""4"": 16, ""5"": 40, ""6"": 44, ""7"": 42, ""8"": 48, ""9"": 46, ""10"": 14, ""11"": 22}",65.4,12
vqe_2.qasm,83.68,5.814197202026844,"{""0"": 14, ""1"": 16, ""2"": 32, ""3"": 12, ""4"": 10, ""5"": 34, ""6"": 28}",82.0,83.76,"{""0"": 12, ""1"": 32, ""4"": 34, ""6"": 30, ""2"": 28, ""3"": 14, ""5"": 10}",80.0,83.62666666666667,88.03118772059679,"{""1"": 12, ""0"": 16, ""6"": 34, ""4"": 30, ""5"": 28, ""3"": 14, ""2"": 32}",79.0,80.88,"{""0"": 32, ""1"": 16, ""2"": 30, ""3"": 28, ""4"": 10, ""5"": 34, ""6"": 14}",79.4,8
jku_suite_85.qasm,59.0,3.378324580192566,"{""0"": 18, ""1"": 42, ""2"": 16, ""3"": 38, ""4"": 12, ""5"": 20, ""6"": 34, ""7"": 14, ""8"": 40}",56.6,62.72,"{""0"": 40, ""1"": 38, ""8"": 36, ""4"": 34, ""6"": 18, ""2"": 12, ""3"": 20, ""7"": 14, ""5"": 42}",58.6,63.24,50.85231543332338,"{""8"": 40, ""6"": 18, ""0"": 14, ""5"": 12, ""7"": 20, ""4"": 42, ""2"": 38, ""3"": 16, ""1"": 34}",56.2,66.64,"{""0"": 18, ""1"": 34, ""2"": 36, ""3"": 38, ""4"": 16, ""5"": 42, ""6"": 40, ""7"": 20, ""8"": 14}",64.4,10
jku_suite_81.qasm,50.28,2.1023904010653496,"{""0"": 56, ""1"": 52, ""2"": 26, ""3"": 48, ""4"": 54, ""5"": 24, ""6"": 16, ""7"": 46, ""8"": 22, ""9"": 28, ""10"": 50, ""11"": 18, ""12"": 20}",45.6,60.92,"{""9"": 48, ""0"": 46, ""1"": 26, ""8"": 16, ""4"": 28, ""6"": 58, ""12"": 24, ""2"": 22, ""7"": 56, ""3"": 50, ""11"": 18, ""10"": 54, ""5"": 20}",54.4,49.586666666666666,32.0406444594264,"{""11"": 18, ""12"": 16, ""8"": 52, ""1"": 54, ""6"": 26, ""7"": 28, ""10"": 58, ""5"": 24, ""0"": 48, ""4"": 50, ""9"": 20, ""3"": 56, ""2"": 46}",43.6,58.16,"{""0"": 24, ""1"": 28, ""2"": 20, ""3"": 16, ""4"": 52, ""5"": 56, ""6"": 18, ""7"": 46, ""8"": 58, ""9"": 48, ""10"": 26, ""11"": 54, ""12"": 22}",54.0,14
jku_suite_11.qasm,72.56,5.5709755510091785,"{""0"": 16, ""1"": 10, ""2"": 14, ""3"": 34, ""4"": 30, ""5"": 32, ""6"": 12}",67.0,74.44,"{""0"": 28, ""1"": 12, ""4"": 14, ""6"": 16, ""2"": 10, ""3"": 34, ""5"": 30}",71.0,72.0,84.48382372409105,"{""1"": 14, ""0"": 30, ""6"": 34, ""4"": 12, ""5"": 10, ""3"": 28, ""2"": 16}",66.6,74.88,"{""0"": 32, ""1"": 10, ""2"": 16, ""3"": 12, ""4"": 34, ""5"": 14, ""6"": 30}",74.0,8
qft_3.qasm,25.04,2.9354355171322823,"{""0"": 134, ""1"": 118, ""2"": 58, ""3"": 144, ""4"": 56, ""5"": 136, ""6"": 76, ""7"": 72, ""8"": 70, ""9"": 60, ""10"": 132, ""11"": 150, ""12"": 64, ""13"": 124, ""14"": 50, ""15"": 120, ""16"": 62, ""17"": 52, ""18"": 130, ""19"": 74, ""20"": 140, ""21"": 146, ""22"": 122, ""23"": 138, ""24"": 152, ""25"": 66, ""26"": 54, ""27"": 148, ""28"": 40, ""29"": 48, ""30"": 44, ""31"": 126, ""32"": 154, ""33"": 42, ""34"": 46, ""35"": 142, ""36"": 128, ""37"": 68}",25.0,26.28,"{""0"": 44, ""9"": 42, ""1"": 50, ""8"": 40, ""4"": 46, ""6"": 48, ""12"": 52, ""2"": 54, ""3"": 56, ""7"": 58, ""10"": 60, ""5"": 62, ""37"": 76, ""24"": 68, ""13"": 74, ""28"": 144, ""15"": 130, ""26"": 148, ""14"": 140, ""23"": 128, ""19"": 154, ""16"": 138, ""31"": 124, ""35"": 120, ""17"": 134, ""22"": 64, ""25"": 70, ""34"": 126, ""36"": 132, ""27"": 152, ""21"": 66, ""33"": 136, ""11"": 150, ""29"": 118, ""18"": 146, ""30"": 142, ""32"": 122, ""20"": 72}",25.8,25.28,35.49070305377245,"{""8"": 48, ""1"": 50, ""0"": 42, ""6"": 44, ""4"": 70, ""5"": 40, ""7"": 52, ""10"": 54, ""9"": 56, ""3"": 66, ""2"": 122, ""16"": 142, ""11"": 130, ""20"": 126, ""34"": 124, ""27"": 136, ""19"": 146, ""36"": 62, ""29"": 68, ""24"": 148, ""12"": 120, ""22"": 72, ""15"": 152, ""28"": 128, ""23"": 60, ""13"": 46, ""31"": 144, ""21"": 132, ""30"": 118, ""37"": 138, ""14"": 58, ""32"": 76, ""18"": 140, ""26"": 74, ""25"": 64, ""33"": 134, ""35"": 154, ""17"": 150}",25.0,26.64,"{""0"": 128, ""1"": 152, ""2"": 50, ""3"": 68, ""4"": 118, ""5"": 72, ""6"": 42, ""7"": 44, ""8"": 122, ""9"": 130, ""10"": 64, ""11"": 154, ""12"": 60, ""13"": 54, ""14"": 132, ""15"": 48, ""16"": 148, ""17"": 142, ""18"": 124, ""19"": 126, ""20"": 140, ""21"": 74, ""22"": 146, ""23"": 138, ""24"": 70, ""25"": 76, ""26"": 134, ""27"": 40, ""28"": 52, ""29"": 66, ""30"": 46, ""31"": 58, ""32"": 150, ""33"": 136, ""34"": 144, ""35"": 120, ""36"": 62, ""37"": 56}",26.0,38
autobraid_38.qasm,32.72,0.6071831375360489,"{""0"": 216, ""1"": 666, ""2"": 618, ""3"": 260, ""4"": 744, ""5"": 354, ""6"": 644, ""7"": 602, ""8"": 288, ""9"": 656, ""10"": 664, ""11"": 256, ""12"": 682, ""13"": 262, ""14"": 360, ""15"": 746, ""16"": 568, ""17"": 372, ""18"": 264, ""19"": 266, ""20"": 580, ""21"": 736, ""22"": 598, ""23"": 616, ""24"": 284, ""25"": 240, ""26"": 696, ""27"": 328, ""28"": 658, ""29"": 620, ""30"": 356, ""31"": 304, ""32"": 192, ""33"": 680, ""34"": 592, ""35"": 576, ""36"": 702, ""37"": 194, ""38"": 624, ""39"": 648, ""40"": 308, ""41"": 364, ""42"": 642, ""43"": 604, ""44"": 748, ""45"": 570, ""46"": 366, ""47"": 582, ""48"": 672, ""49"": 202, ""50"": 712, ""51"": 274, ""52"": 706, ""53"": 190, ""54"": 676, ""55"": 612, ""56"": 754, ""57"": 338, ""58"": 636, ""59"": 218, ""60"": 606, ""61"": 332, ""62"": 310, ""63"": 342, ""64"": 634, ""65"": 704, ""66"": 668, ""67"": 220, ""68"": 690, ""69"": 270, ""70"": 370, ""71"": 650, ""72"": 750, ""73"": 628, ""74"": 292, ""75"": 660, ""76"": 590, ""77"": 340, ""78"": 358, ""79"": 692, ""80"": 234, ""81"": 268, ""82"": 654, ""83"": 278, ""84"": 316, ""85"": 752, ""86"": 214, ""87"": 258, ""88"": 230, ""89"": 720, ""90"": 710, ""91"": 224, ""92"": 232, ""93"": 238, ""94"": 320, ""95"": 326, ""96"": 718, ""97"": 722, ""98"": 206, ""99"": 740, ""100"": 196, ""101"": 198, ""102"": 204, ""103"": 296, ""104"": 626, ""105"": 362, ""106"": 584, ""107"": 730, ""108"": 244, ""109"": 594, ""110"": 348, ""111"": 742, ""112"": 726, ""113"": 588, ""114"": 322, ""115"": 228, ""116"": 250, ""117"": 242, ""118"": 330, ""119"": 352, ""120"": 572, ""121"": 686, ""122"": 252, ""123"": 272, ""124"": 630, ""125"": 294, ""126"": 614, ""127"": 290, ""128"": 698, ""129"": 600, ""130"": 300, ""131"": 700, ""132"": 714, ""133"": 632, ""134"": 646, ""135"": 610, ""136"": 622, ""137"": 200, ""138"": 608, ""139"": 280, ""140"": 248, ""141"": 350, ""142"": 586, ""143"": 336, ""144"": 222, ""145"": 208, ""146"": 732, ""147"": 276, ""148"": 652, ""149"": 254, ""150"": 324, ""151"": 674, ""152"": 306, ""153"": 344, ""154"": 670, ""155"": 662, ""156"": 574, ""157"": 318, ""158"": 374, ""159"": 724, ""160"": 596, ""161"": 708, ""162"": 210, ""163"": 734, ""164"": 694, ""165"": 286, ""166"": 226, ""167"": 684, ""168"": 236, ""169"": 298, ""170"": 678, ""171"": 302, ""172"": 578, ""173"": 246, ""174"": 738, ""175"": 728, ""176"": 688, ""177"": 368, ""178"": 314, ""179"": 640, ""180"": 638, ""181"": 376, ""182"": 312, ""183"": 716, ""184"": 282, ""185"": 346, ""186"": 334}",30.2,56.12,"{""0"": 194, ""9"": 192, ""1"": 198, ""8"": 196, ""4"": 190, ""6"": 200, ""12"": 202, ""2"": 204, ""13"": 206, ""3"": 208, ""7"": 210, ""11"": 212, ""14"": 214, ""10"": 216, ""5"": 218, ""143"": 268, ""24"": 326, ""178"": 640, ""131"": 240, ""54"": 578, ""109"": 340, ""80"": 592, ""183"": 696, ""64"": 690, ""160"": 226, ""181"": 666, ""144"": 610, ""65"": 276, ""176"": 262, ""133"": 248, ""91"": 692, ""136"": 598, ""111"": 602, ""70"": 662, ""185"": 376, ""44"": 656, ""167"": 680, ""51"": 298, ""177"": 220, ""19"": 748, ""158"": 736, ""99"": 296, ""31"": 620, ""35"": 752, ""155"": 318, ""126"": 336, ""119"": 278, ""49"": 668, ""73"": 724, ""25"": 366, ""61"": 734, ""97"": 308, ""58"": 708, ""45"": 712, ""173"": 342, ""40"": 292, ""165"": 232, ""175"": 722, ""88"": 256, ""48"": 622, ""69"": 716, ""82"": 618, ""98"": 714, ""154"": 728, ""32"": 652, ""145"": 590, ""142"": 608, ""163"": 574, ""172"": 350, ""166"": 686, ""28"": 570, ""15"": 630, ""125"": 266, ""134"": 726, ""128"": 638, ""118"": 648, ""100"": 348, ""62"": 344, ""16"": 730, ""140"": 596, ""34"": 306, ""94"": 300, ""36"": 304, ""27"": 678, ""21"": 370, ""149"": 332, ""95"": 612, ""168"": 316, ""102"": 576, ""63"": 738, ""92"": 720, ""179"": 702, ""43"": 616, ""86"": 374, ""29"": 594, ""57"": 694, ""147"": 654, ""68"": 632, ""41"": 284, ""20"": 280, ""96"": 676, ""170"": 358, ""60"": 310, ""164"": 272, ""39"": 706, ""85"": 328, ""137"": 314, ""117"": 740, ""153"": 242, ""23"": 286, ""52"": 746, ""121"": 650, ""169"": 580, ""184"": 624, ""141"": 320, ""186"": 224, ""59"": 230, ""84"": 260, ""174"": 604, ""67"": 568, ""112"": 264, ""146"": 636, ""180"": 750, ""56"": 704, ""71"": 236, ""113"": 254, ""22"": 572, ""42"": 674, ""101"": 710, ""53"": 356, ""81"": 252, ""47"": 288, ""33"": 634, ""50"": 672, ""171"": 282, ""18"": 352, ""103"": 586, ""116"": 338, ""30"": 368, ""139"": 754, ""75"": 228, ""115"": 682, ""182"": 234, ""104"": 698, ""114"": 700, ""66"": 606, ""87"": 354, ""37"": 684, ""161"": 330, ""77"": 644, ""26"": 582, ""106"": 346, ""74"": 744, ""55"": 238, ""150"": 614, ""90"": 294, ""135"": 334, ""132"": 372, ""79"": 600, ""89"": 302, ""148"": 258, ""108"": 312, ""127"": 718, ""17"": 274, ""157"": 322, ""156"": 270, ""105"": 250, ""159"": 626, ""120"": 584, ""83"": 658, ""78"": 664, ""124"": 688, ""123"": 670, ""122"": 244, ""138"": 628, ""129"": 222, ""151"": 362, ""162"": 732, ""72"": 588, ""107"": 364, ""110"": 246, ""93"": 642, ""130"": 660, ""76"": 742, ""46"": 360, ""152"": 324, ""38"": 646}",48.6,30.88,9.078290536999702,"{""1"": 194, ""0"": 216, ""6"": 190, ""4"": 296, ""5"": 750, ""7"": 226, ""3"": 570, ""2"": 338, ""115"": 590, ""16"": 330, ""155"": 652, ""20"": 198, ""179"": 682, ""131"": 684, ""182"": 622, ""27"": 746, ""106"": 638, ""89"": 574, ""36"": 616, ""44"": 356, ""170"": 664, ""125"": 364, ""24"": 264, ""104"": 262, ""174"": 316, ""135"": 294, ""22"": 650, ""78"": 230, ""76"": 706, ""62"": 608, ""111"": 276, ""109"": 352, ""28"": 588, ""96"": 642, ""172"": 738, ""31"": 582, ""21"": 208, ""73"": 744, ""177"": 256, ""69"": 232, ""120"": 592, ""54"": 332, ""158"": 270, ""68"": 252, ""149"": 676, ""143"": 620, ""152"": 742, ""81"": 370, ""83"": 272, ""71"": 576, ""84"": 754, ""72"": 284, ""178"": 584, ""148"": 376, ""169"": 572, ""43"": 606, ""167"": 692, ""173"": 282, ""19"": 238, ""145"": 704, ""10"": 308, ""157"": 326, ""29"": 218, ""100"": 662, ""95"": 700, ""151"": 672, ""56"": 224, ""60"": 730, ""15"": 694, ""134"": 722, ""53"": 250, ""144"": 288, ""99"": 360, ""161"": 720, ""139"": 348, ""87"": 210, ""171"": 312, ""181"": 698, ""127"": 668, ""14"": 718, ""8"": 354, ""119"": 234, ""112"": 300, ""39"": 280, ""58"": 600, ""97"": 196, ""93"": 268, ""49"": 302, ""126"": 708, ""67"": 204, ""35"": 362, ""114"": 358, ""186"": 366, ""79"": 734, ""133"": 202, ""123"": 660, ""57"": 324, ""90"": 260, ""38"": 624, ""185"": 598, ""163"": 310, ""98"": 578, ""103"": 586, ""11"": 340, ""45"": 286, ""146"": 602, ""63"": 714, ""166"": 670, ""154"": 644, ""132"": 612, ""48"": 702, ""113"": 236, ""160"": 580, ""66"": 678, ""12"": 212, ""137"": 298, ""122"": 240, ""156"": 656, ""23"": 712, ""94"": 696, ""129"": 290, ""116"": 214, ""82"": 320, ""55"": 654, ""70"": 636, ""101"": 314, ""108"": 732, ""140"": 568, ""59"": 614, ""130"": 726, ""40"": 274, ""41"": 752, ""26"": 266, ""164"": 350, ""142"": 658, ""91"": 244, ""51"": 292, ""25"": 728, ""33"": 680, ""17"": 322, ""141"": 246, ""168"": 242, ""65"": 646, ""102"": 748, ""136"": 334, ""118"": 328, ""180"": 596, ""34"": 628, ""117"": 618, ""74"": 736, ""88"": 630, ""176"": 690, ""64"": 666, ""124"": 228, ""165"": 206, ""9"": 248, ""50"": 318, ""147"": 626, ""175"": 632, ""52"": 258, ""110"": 220, ""80"": 604, ""13"": 610, ""30"": 306, ""37"": 674, ""86"": 688, ""107"": 192, ""85"": 640, ""61"": 372, ""75"": 304, ""150"": 724, ""32"": 344, ""105"": 374, ""18"": 648, ""77"": 254, ""183"": 594, ""153"": 686, ""159"": 336, ""162"": 222, ""138"": 200, ""92"": 740, ""46"": 368, ""128"": 710, ""42"": 342, ""47"": 716, ""184"": 278, ""121"": 346}",27.0,54.08,"{""0"": 228, ""1"": 572, ""2"": 696, ""3"": 372, ""4"": 670, ""5"": 214, ""6"": 210, ""7"": 602, ""8"": 614, ""9"": 732, ""10"": 600, ""11"": 316, ""12"": 630, ""13"": 338, ""14"": 238, ""15"": 252, ""16"": 610, ""17"": 706, ""18"": 222, ""19"": 722, ""20"": 644, ""21"": 668, ""22"": 332, ""23"": 268, ""24"": 708, ""25"": 598, ""26"": 256, ""27"": 592, ""28"": 672, ""29"": 304, ""30"": 368, ""31"": 206, ""32"": 376, ""33"": 622, ""34"": 638, ""35"": 574, ""36"": 736, ""37"": 352, ""38"": 662, ""39"": 702, ""40"": 208, ""41"": 688, ""42"": 364, ""43"": 320, ""44"": 322, ""45"": 354, ""46"": 242, ""47"": 754, ""48"": 358, ""49"": 370, ""50"": 230, ""51"": 272, ""52"": 362, ""53"": 200, ""54"": 752, ""55"": 290, ""56"": 730, ""57"": 236, ""58"": 374, ""59"": 250, ""60"": 280, ""61"": 714, ""62"": 606, ""63"": 232, ""64"": 624, ""65"": 590, ""66"": 656, ""67"": 618, ""68"": 680, ""69"": 284, ""70"": 634, ""71"": 356, ""72"": 348, ""73"": 664, ""74"": 326, ""75"": 720, ""76"": 724, ""77"": 568, ""78"": 676, ""79"": 594, ""80"": 648, ""81"": 196, ""82"": 270, ""83"": 234, ""84"": 582, ""85"": 294, ""86"": 698, ""87"": 278, ""88"": 360, ""89"": 342, ""90"": 218, ""91"": 324, ""92"": 194, ""93"": 350, ""94"": 346, ""95"": 318, ""96"": 274, ""97"": 282, ""98"": 604, ""99"": 330, ""100"": 240, ""101"": 682, ""102"": 612, ""103"": 726, ""104"": 746, ""105"": 286, ""106"": 642, ""107"": 728, ""108"": 220, ""109"": 718, ""110"": 310, ""111"": 652, ""112"": 296, ""113"": 734, ""114"": 750, ""115"": 666, ""116"": 288, ""117"": 640, ""118"": 704, ""119"": 674, ""120"": 226, ""121"": 260, ""122"": 616, ""123"": 716, ""124"": 742, ""125"": 578, ""126"": 276, ""127"": 340, ""128"": 686, ""129"": 344, ""130"": 710, ""131"": 596, ""132"": 224, ""133"": 308, ""134"": 190, ""135"": 646, ""136"": 262, ""137"": 312, ""138"": 292, ""139"": 740, ""140"": 650, ""141"": 712, ""142"": 608, ""143"": 570, ""144"": 586, ""145"": 328, ""146"": 576, ""147"": 584, ""148"": 738, ""149"": 216, ""150"": 248, ""151"": 694, ""152"": 298, ""153"": 636, ""154"": 202, ""155"": 588, ""156"": 744, ""157"": 692, ""158"": 300, ""159"": 684, ""160"": 192, ""161"": 254, ""162"": 258, ""163"": 204, ""164"": 314, ""165"": 632, ""166"": 628, ""167"": 678, ""168"": 626, ""169"": 658, ""170"": 334, ""171"": 580, ""172"": 654, ""173"": 212, ""174"": 620, ""175"": 264, ""176"": 690, ""177"": 660, ""178"": 306, ""179"": 244, ""180"": 302, ""181"": 336, ""182"": 246, ""183"": 700, ""184"": 266, ""185"": 366, ""186"": 748}",51.6,188
jku_suite_78.qasm,58.88,2.601534239947796,"{""0"": 46, ""1"": 26, ""2"": 24, ""3"": 58, ""4"": 16, ""5"": 48, ""6"": 18, ""7"": 28, ""8"": 20, ""9"": 50, ""10"": 54, ""11"": 22, ""12"": 56, ""13"": 52}",53.0,63.8,"{""9"": 28, ""0"": 26, ""1"": 50, ""8"": 18, ""4"": 20, ""6"": 58, ""13"": 54, ""2"": 22, ""12"": 24, ""3"": 56, ""7"": 48, ""11"": 52, ""10"": 46, ""5"": 16}",61.8,57.38666666666666,39.38306158781052,"{""11"": 24, ""12"": 18, ""8"": 16, ""1"": 26, ""0"": 58, ""7"": 50, ""10"": 54, ""5"": 52, ""4"": 28, ""13"": 48, ""9"": 46, ""6"": 56, ""3"": 20, ""2"": 22}",53.6,58.84,"{""0"": 28, ""1"": 52, ""2"": 56, ""3"": 46, ""4"": 24, ""5"": 26, ""6"": 58, ""7"": 54, ""8"": 48, ""9"": 16, ""10"": 22, ""11"": 50, ""12"": 18, ""13"": 20}",55.0,14
quest_suite_16.qasm,74.92,2.277105376124382,"{""0"": 10, ""1"": 26, ""2"": 12, ""3"": 22, ""4"": 24, ""5"": 8}",66.4,72.6,"{""0"": 26, ""1"": 10, ""4"": 24, ""2"": 12, ""3"": 22, ""5"": 8}",66.4,72.48,34.604056768119335,"{""0"": 10, ""5"": 8, ""4"": 24, ""2"": 12, ""3"": 22, ""1"": 26}",66.0,82.12,"{""0"": 26, ""1"": 8, ""2"": 22, ""3"": 12, ""4"": 10, ""5"": 24}",76.2,6
autobraid_3.qasm,37.16,0.2797651439905166,"{""0"": 654, ""1"": 576, ""2"": 252, ""3"": 664, ""4"": 274, ""5"": 192, ""6"": 622, ""7"": 514, ""8"": 318, ""9"": 600, ""10"": 554, ""11"": 174, ""12"": 288, ""13"": 666, ""14"": 300, ""15"": 534, ""16"": 278, ""17"": 520, ""18"": 316, ""19"": 510, ""20"": 578, ""21"": 616, ""22"": 596, ""23"": 208, ""24"": 568, ""25"": 322, ""26"": 170, ""27"": 276, ""28"": 626, ""29"": 532, ""30"": 226, ""31"": 528, ""32"": 256, ""33"": 328, ""34"": 660, ""35"": 564, ""36"": 222, ""37"": 650, ""38"": 172, ""39"": 508, ""40"": 294, ""41"": 608, ""42"": 260, ""43"": 310, ""44"": 550, ""45"": 516, ""46"": 270, ""47"": 304, ""48"": 588, ""49"": 214, ""50"": 538, ""51"": 582, ""52"": 282, ""53"": 560, ""54"": 286, ""55"": 262, ""56"": 638, ""57"": 184, ""58"": 324, ""59"": 558, ""60"": 506, ""61"": 632, ""62"": 330, ""63"": 642, ""64"": 230, ""65"": 188, ""66"": 168, ""67"": 644, ""68"": 658, ""69"": 536, ""70"": 618, ""71"": 624, ""72"": 196, ""73"": 182, ""74"": 652, ""75"": 614, ""76"": 502, ""77"": 264, ""78"": 268, ""79"": 218, ""80"": 556, ""81"": 562, ""82"": 570, ""83"": 298, ""84"": 566, ""85"": 306, ""86"": 656, ""87"": 586, ""88"": 302, ""89"": 530, ""90"": 640, ""91"": 314, ""92"": 628, ""93"": 332, ""94"": 248, ""95"": 636, ""96"": 194, ""97"": 524, ""98"": 648, ""99"": 584, ""100"": 254, ""101"": 242, ""102"": 610, ""103"": 540, ""104"": 292, ""105"": 266, ""106"": 546, ""107"": 280, ""108"": 552, ""109"": 662, ""110"": 200, ""111"": 320, ""112"": 178, ""113"": 258, ""114"": 206, ""115"": 518, ""116"": 272, ""117"": 598, ""118"": 250, ""119"": 634, ""120"": 290, ""121"": 232, ""122"": 544, ""123"": 606, ""124"": 312, ""125"": 602, ""126"": 326, ""127"": 204, ""128"": 176, ""129"": 612, ""130"": 240, ""131"": 512, ""132"": 572, ""133"": 212, ""134"": 190, ""135"": 216, ""136"": 594, ""137"": 236, ""138"": 604, ""139"": 296, ""140"": 630, ""141"": 592, ""142"": 246, ""143"": 186, ""144"": 590, ""145"": 646, ""146"": 542, ""147"": 620, ""148"": 308, ""149"": 198, ""150"": 504, ""151"": 234, ""152"": 224, ""153"": 202, ""154"": 220, ""155"": 210, ""156"": 580, ""157"": 526, ""158"": 284, ""159"": 244, ""160"": 574, ""161"": 522, ""162"": 548, ""163"": 238, ""164"": 228, ""165"": 180}",32.4,56.2,"{""0"": 168, ""9"": 174, ""1"": 172, ""8"": 170, ""4"": 176, ""6"": 178, ""12"": 180, ""2"": 182, ""13"": 184, ""3"": 186, ""7"": 188, ""11"": 190, ""10"": 192, ""5"": 194, ""143"": 226, ""24"": 544, ""131"": 530, ""54"": 640, ""109"": 296, ""80"": 218, ""64"": 534, ""160"": 508, ""144"": 220, ""65"": 646, ""133"": 316, ""91"": 610, ""136"": 222, ""44"": 624, ""111"": 260, ""70"": 264, ""51"": 620, ""19"": 318, ""158"": 536, ""99"": 504, ""31"": 572, ""35"": 236, ""155"": 248, ""126"": 266, ""49"": 656, ""119"": 262, ""73"": 556, ""25"": 196, ""61"": 240, ""97"": 522, ""58"": 328, ""45"": 588, ""40"": 574, ""165"": 604, ""88"": 290, ""48"": 216, ""69"": 666, ""82"": 246, ""98"": 200, ""154"": 224, ""32"": 540, ""145"": 276, ""142"": 198, ""163"": 616, ""28"": 596, ""15"": 212, ""125"": 662, ""134"": 612, ""128"": 520, ""118"": 330, ""100"": 228, ""16"": 642, ""62"": 626, ""140"": 650, ""34"": 578, ""94"": 542, ""36"": 546, ""27"": 524, ""21"": 282, ""149"": 320, ""95"": 576, ""102"": 560, ""29"": 214, ""92"": 608, ""43"": 516, ""63"": 562, ""86"": 326, ""57"": 294, ""41"": 550, ""147"": 510, ""68"": 258, ""20"": 298, ""96"": 594, ""60"": 528, ""164"": 210, ""39"": 632, ""85"": 312, ""137"": 288, ""117"": 506, ""153"": 660, ""23"": 554, ""52"": 232, ""121"": 614, ""141"": 302, ""84"": 552, ""59"": 242, ""67"": 558, ""146"": 548, ""112"": 204, ""56"": 532, ""71"": 586, ""113"": 638, ""22"": 254, ""42"": 310, ""101"": 314, ""53"": 502, ""81"": 278, ""47"": 306, ""33"": 658, ""50"": 652, ""18"": 244, ""103"": 526, ""116"": 332, ""30"": 234, ""139"": 208, ""75"": 202, ""115"": 622, ""104"": 322, ""114"": 518, ""66"": 250, ""87"": 590, ""37"": 284, ""161"": 644, ""77"": 580, ""26"": 268, ""106"": 286, ""55"": 570, ""74"": 664, ""14"": 538, ""150"": 270, ""90"": 564, ""132"": 514, ""135"": 230, ""79"": 566, ""89"": 280, ""148"": 598, ""108"": 256, ""127"": 308, ""157"": 568, ""17"": 630, ""156"": 602, ""105"": 300, ""159"": 304, ""120"": 648, ""83"": 636, ""124"": 238, ""78"": 324, ""123"": 606, ""122"": 582, ""138"": 206, ""151"": 272, ""129"": 512, ""162"": 600, ""72"": 252, ""107"": 634, ""130"": 618, ""93"": 584, ""110"": 628, ""76"": 274, ""46"": 654, ""152"": 292, ""38"": 592}",48.8,35.93333333333333,4.2909220084548,"{""11"": 168, ""12"": 644, ""8"": 214, ""1"": 276, ""0"": 590, ""6"": 178, ""4"": 328, ""5"": 558, ""7"": 506, ""10"": 198, ""9"": 326, ""3"": 224, ""2"": 530, ""115"": 520, ""16"": 532, ""131"": 514, ""20"": 306, ""155"": 620, ""27"": 222, ""106"": 566, ""89"": 192, ""44"": 610, ""36"": 290, ""125"": 226, ""24"": 238, ""104"": 270, ""135"": 324, ""22"": 320, ""78"": 560, ""76"": 286, ""62"": 622, ""111"": 546, ""109"": 310, ""28"": 662, ""96"": 592, ""31"": 252, ""21"": 332, ""73"": 314, ""69"": 312, ""120"": 648, ""54"": 294, ""158"": 504, ""149"": 580, ""68"": 578, ""143"": 254, ""152"": 284, ""81"": 308, ""83"": 202, ""71"": 516, ""84"": 278, ""72"": 318, ""148"": 322, ""43"": 608, ""19"": 182, ""145"": 554, ""157"": 666, ""29"": 216, ""100"": 618, ""95"": 236, ""151"": 190, ""56"": 642, ""60"": 542, ""15"": 646, ""134"": 650, ""53"": 298, ""99"": 574, ""144"": 258, ""161"": 658, ""87"": 538, ""139"": 604, ""14"": 288, ""127"": 596, ""119"": 616, ""112"": 292, ""39"": 184, ""58"": 540, ""97"": 512, ""93"": 188, ""49"": 304, ""126"": 508, ""67"": 172, ""35"": 256, ""114"": 548, ""79"": 218, ""133"": 536, ""123"": 268, ""57"": 510, ""90"": 588, ""38"": 194, ""163"": 186, ""98"": 586, ""45"": 638, ""103"": 562, ""146"": 300, ""63"": 568, ""154"": 260, ""132"": 606, ""48"": 330, ""113"": 624, ""66"": 262, ""137"": 220, ""160"": 630, ""122"": 594, ""156"": 206, ""23"": 600, ""94"": 612, ""129"": 614, ""55"": 196, ""116"": 652, ""82"": 544, ""70"": 316, ""101"": 602, ""108"": 266, ""140"": 230, ""59"": 660, ""130"": 228, ""40"": 640, ""41"": 534, ""26"": 550, ""164"": 636, ""142"": 572, ""91"": 250, ""51"": 626, ""25"": 518, ""33"": 274, ""17"": 282, ""141"": 664, ""65"": 170, ""102"": 564, ""136"": 628, ""118"": 280, ""34"": 522, ""117"": 524, ""74"": 584, ""88"": 296, ""64"": 180, ""124"": 632, ""165"": 246, ""50"": 526, ""147"": 654, ""52"": 570, ""80"": 240, ""110"": 656, ""13"": 552, ""30"": 204, ""37"": 528, ""86"": 242, ""107"": 264, ""85"": 174, ""75"": 208, ""61"": 200, ""150"": 272, ""32"": 232, ""105"": 210, ""77"": 582, ""18"": 248, ""153"": 576, ""162"": 176, ""159"": 634, ""138"": 212, ""92"": 598, ""46"": 234, ""128"": 502, ""42"": 556, ""47"": 244, ""121"": 302}",30.6,58.8,"{""0"": 216, ""1"": 572, ""2"": 320, ""3"": 568, ""4"": 176, ""5"": 210, ""6"": 258, ""7"": 218, ""8"": 592, ""9"": 606, ""10"": 610, ""11"": 590, ""12"": 632, ""13"": 314, ""14"": 206, ""15"": 256, ""16"": 306, ""17"": 262, ""18"": 322, ""19"": 502, ""20"": 254, ""21"": 270, ""22"": 214, ""23"": 174, ""24"": 194, ""25"": 580, ""26"": 332, ""27"": 598, ""28"": 200, ""29"": 190, ""30"": 576, ""31"": 212, ""32"": 246, ""33"": 546, ""34"": 168, ""35"": 564, ""36"": 506, ""37"": 234, ""38"": 550, ""39"": 586, ""40"": 252, ""41"": 284, ""42"": 226, ""43"": 594, ""44"": 664, ""45"": 230, ""46"": 560, ""47"": 188, ""48"": 640, ""49"": 224, ""50"": 574, ""51"": 652, ""52"": 578, ""53"": 236, ""54"": 310, ""55"": 666, ""56"": 282, ""57"": 276, ""58"": 504, ""59"": 180, ""60"": 588, ""61"": 172, ""62"": 612, ""63"": 648, ""64"": 272, ""65"": 524, ""66"": 242, ""67"": 566, ""68"": 266, ""69"": 182, ""70"": 630, ""71"": 658, ""72"": 222, ""73"": 296, ""74"": 260, ""75"": 528, ""76"": 548, ""77"": 552, ""78"": 264, ""79"": 248, ""80"": 540, ""81"": 308, ""82"": 600, ""83"": 300, ""84"": 650, ""85"": 582, ""86"": 656, ""87"": 316, ""88"": 196, ""89"": 542, ""90"": 514, ""91"": 202, ""92"": 302, ""93"": 512, ""94"": 250, ""95"": 570, ""96"": 562, ""97"": 518, ""98"": 208, ""99"": 274, ""100"": 286, ""101"": 268, ""102"": 534, ""103"": 556, ""104"": 508, ""105"": 288, ""106"": 636, ""107"": 328, ""108"": 516, ""109"": 232, ""110"": 244, ""111"": 614, ""112"": 616, ""113"": 240, ""114"": 642, ""115"": 292, ""116"": 510, ""117"": 626, ""118"": 536, ""119"": 520, ""120"": 238, ""121"": 620, ""122"": 326, ""123"": 278, ""124"": 228, ""125"": 660, ""126"": 538, ""127"": 170, ""128"": 178, ""129"": 530, ""130"": 280, ""131"": 554, ""132"": 558, ""133"": 624, ""134"": 532, ""135"": 330, ""136"": 654, ""137"": 646, ""138"": 220, ""139"": 526, ""140"": 644, ""141"": 192, ""142"": 318, ""143"": 618, ""144"": 634, ""145"": 628, ""146"": 662, ""147"": 186, ""148"": 522, ""149"": 294, ""150"": 304, ""151"": 298, ""152"": 602, ""153"": 324, ""154"": 584, ""155"": 198, ""156"": 638, ""157"": 544, ""158"": 204, ""159"": 312, ""160"": 184, ""161"": 290, ""162"": 608, ""163"": 622, ""164"": 596, ""165"": 604}",54.0,166
quarl_suite_3.qasm,83.6,7.100784572958946,"{""0"": 30, ""1"": 64, ""2"": 24, ""3"": 22, ""4"": 70, ""5"": 74, ""6"": 20, ""7"": 68, ""8"": 26, ""9"": 60, ""10"": 72, ""11"": 66, ""12"": 28, ""13"": 36, ""14"": 62, ""15"": 34, ""16"": 58}",82.2,90.92,"{""0"": 68, ""9"": 32, ""1"": 70, ""8"": 26, ""4"": 64, ""6"": 66, ""12"": 30, ""2"": 62, ""3"": 20, ""7"": 28, ""11"": 58, ""10"": 22, ""5"": 24, ""15"": 36, ""13"": 34, ""16"": 72, ""14"": 74}",90.0,83.36,107.8874190300703,"{""11"": 64, ""12"": 66, ""8"": 28, ""1"": 32, ""0"": 20, ""6"": 36, ""4"": 22, ""5"": 24, ""7"": 58, ""10"": 26, ""9"": 70, ""3"": 74, ""2"": 30, ""15"": 60, ""16"": 68, ""14"": 34, ""13"": 62}",81.6,89.32,"{""0"": 58, ""1"": 34, ""2"": 60, ""3"": 68, ""4"": 26, ""5"": 36, ""6"": 66, ""7"": 62, ""8"": 64, ""9"": 28, ""10"": 72, ""11"": 30, ""12"": 24, ""13"": 32, ""14"": 70, ""15"": 74, ""16"": 22}",86.4,18
autobraid_41.qasm,41.44,0.1536628022789955,"{""0"": 588, ""1"": 752, ""2"": 198, ""3"": 704, ""4"": 684, ""5"": 272, ""6"": 298, ""7"": 338, ""8"": 692, ""9"": 698, ""10"": 696, ""11"": 190, ""12"": 376, ""13"": 652, ""14"": 252, ""15"": 214, ""16"": 266, ""17"": 602, ""18"": 326, ""19"": 578, ""20"": 358, ""21"": 718, ""22"": 608, ""23"": 622, ""24"": 724, ""25"": 322, ""26"": 246, ""27"": 738, ""28"": 362, ""29"": 304, ""30"": 226, ""31"": 644, ""32"": 742, ""33"": 220, ""34"": 256, ""35"": 288, ""36"": 330, ""37"": 668, ""38"": 750, ""39"": 230, ""40"": 224, ""41"": 218, ""42"": 582, ""43"": 318, ""44"": 278, ""45"": 200, ""46"": 648, ""47"": 598, ""48"": 210, ""49"": 280, ""50"": 630, ""51"": 212, ""52"": 618, ""53"": 642, ""54"": 292, ""55"": 270, ""56"": 348, ""57"": 248, ""58"": 302, ""59"": 664, ""60"": 268, ""61"": 232, ""62"": 300, ""63"": 334, ""64"": 594, ""65"": 716, ""66"": 748, ""67"": 308, ""68"": 204, ""69"": 694, ""70"": 740, ""71"": 240, ""72"": 736, ""73"": 666, ""74"": 714, ""75"": 682, ""76"": 710, ""77"": 216, ""78"": 700, ""79"": 568, ""80"": 264, ""81"": 660, ""82"": 374, ""83"": 702, ""84"": 310, ""85"": 726, ""86"": 706, ""87"": 360, ""88"": 584, ""89"": 366, ""90"": 194, ""91"": 680, ""92"": 754, ""93"": 244, ""94"": 368, ""95"": 650, ""96"": 734, ""97"": 586, ""98"": 316, ""99"": 342, ""100"": 662, ""101"": 284, ""102"": 640, ""103"": 260, ""104"": 590, ""105"": 228, ""106"": 346, ""107"": 352, ""108"": 314, ""109"": 604, ""110"": 732, ""111"": 570, ""112"": 626, ""113"": 712, ""114"": 372, ""115"": 686, ""116"": 638, ""117"": 192, ""118"": 646, ""119"": 312, ""120"": 624, ""121"": 730, ""122"": 744, ""123"": 354, ""124"": 282, ""125"": 708, ""126"": 670, ""127"": 258, ""128"": 350, ""129"": 286, ""130"": 364, ""131"": 616, ""132"": 674, ""133"": 206, ""134"": 574, ""135"": 606, ""136"": 274, ""137"": 676, ""138"": 572, ""139"": 242, ""140"": 678, ""141"": 658, ""142"": 254, ""143"": 294, ""144"": 202, ""145"": 688, ""146"": 634, ""147"": 320, ""148"": 614, ""149"": 234, ""150"": 296, ""151"": 196, ""152"": 636, ""153"": 672, ""154"": 236, ""155"": 600, ""156"": 340, ""157"": 576, ""158"": 250, ""159"": 324, ""160"": 262, ""161"": 690, ""162"": 344, ""163"": 222, ""164"": 328, ""165"": 722, ""166"": 592, ""167"": 332, ""168"": 612, ""169"": 290, ""170"": 356, ""171"": 620, ""172"": 720, ""173"": 728, ""174"": 596, ""175"": 370, ""176"": 238, ""177"": 654, ""178"": 580, ""179"": 336, ""180"": 746, ""181"": 628, ""182"": 208, ""183"": 306, ""184"": 276, ""185"": 610, ""186"": 656}",39.6,56.08,"{""0"": 192, ""9"": 194, ""1"": 190, ""8"": 196, ""4"": 198, ""6"": 200, ""12"": 202, ""2"": 204, ""13"": 206, ""3"": 208, ""7"": 210, ""11"": 212, ""14"": 214, ""10"": 216, ""5"": 218, ""143"": 362, ""24"": 652, ""178"": 674, ""131"": 658, ""54"": 322, ""109"": 726, ""80"": 746, ""183"": 672, ""64"": 280, ""160"": 328, ""144"": 614, ""181"": 368, ""65"": 256, ""176"": 260, ""133"": 696, ""91"": 710, ""136"": 596, ""44"": 702, ""111"": 364, ""70"": 370, ""185"": 754, ""167"": 258, ""51"": 272, ""177"": 568, ""19"": 634, ""99"": 296, ""158"": 242, ""31"": 708, ""35"": 244, ""155"": 608, ""126"": 684, ""119"": 752, ""49"": 644, ""73"": 580, ""25"": 628, ""61"": 348, ""97"": 224, ""58"": 366, ""45"": 728, ""173"": 594, ""40"": 220, ""165"": 600, ""175"": 714, ""88"": 682, ""48"": 346, ""69"": 358, ""82"": 262, ""98"": 732, ""154"": 592, ""32"": 228, ""145"": 668, ""142"": 582, ""172"": 606, ""163"": 704, ""166"": 326, ""28"": 698, ""15"": 706, ""125"": 330, ""134"": 660, ""128"": 744, ""118"": 336, ""100"": 686, ""16"": 324, ""62"": 302, ""140"": 722, ""34"": 720, ""94"": 252, ""36"": 690, ""27"": 372, ""21"": 620, ""149"": 662, ""95"": 300, ""168"": 630, ""102"": 626, ""29"": 676, ""92"": 648, ""63"": 678, ""86"": 354, ""179"": 734, ""43"": 312, ""57"": 576, ""41"": 250, ""68"": 360, ""147"": 632, ""20"": 716, ""96"": 232, ""170"": 730, ""164"": 298, ""60"": 590, ""39"": 670, ""85"": 332, ""137"": 318, ""117"": 352, ""153"": 240, ""23"": 740, ""52"": 718, ""121"": 638, ""169"": 646, ""184"": 226, ""141"": 340, ""186"": 640, ""59"": 306, ""84"": 234, ""174"": 656, ""67"": 338, ""112"": 264, ""146"": 310, ""180"": 700, ""56"": 376, ""71"": 616, ""113"": 288, ""22"": 618, ""42"": 588, ""101"": 274, ""53"": 266, ""81"": 356, ""47"": 290, ""33"": 598, ""50"": 636, ""171"": 664, ""18"": 292, ""103"": 238, ""116"": 314, ""30"": 574, ""139"": 246, ""75"": 254, ""115"": 748, ""182"": 738, ""104"": 688, ""114"": 694, ""66"": 268, ""87"": 282, ""37"": 294, ""161"": 650, ""77"": 304, ""26"": 604, ""106"": 286, ""74"": 724, ""55"": 350, ""150"": 570, ""90"": 666, ""135"": 374, ""132"": 736, ""79"": 320, ""89"": 278, ""148"": 612, ""108"": 270, ""127"": 742, ""157"": 692, ""17"": 334, ""156"": 578, ""105"": 344, ""159"": 248, ""120"": 316, ""83"": 624, ""124"": 586, ""78"": 680, ""123"": 610, ""122"": 654, ""138"": 230, ""129"": 622, ""151"": 236, ""72"": 276, ""162"": 572, ""107"": 284, ""130"": 750, ""93"": 712, ""110"": 308, ""76"": 342, ""46"": 602, ""152"": 642, ""38"": 584}",55.2,43.333333333333336,2.328141070902348,"{""11"": 328, ""14"": 330, ""12"": 192, ""8"": 196, ""1"": 204, ""0"": 190, ""6"": 706, ""4"": 260, ""5"": 206, ""7"": 570, ""10"": 718, ""9"": 212, ""13"": 214, ""3"": 216, ""2"": 218, ""115"": 716, ""16"": 336, ""131"": 724, ""155"": 726, ""179"": 612, ""20"": 316, ""182"": 642, ""27"": 704, ""106"": 634, ""89"": 648, ""44"": 582, ""36"": 308, ""170"": 730, ""125"": 664, ""24"": 234, ""104"": 236, ""174"": 608, ""135"": 254, ""22"": 354, ""62"": 264, ""76"": 584, ""78"": 284, ""111"": 630, ""109"": 722, ""28"": 280, ""172"": 578, ""96"": 248, ""31"": 652, ""21"": 258, ""73"": 286, ""177"": 616, ""69"": 334, ""120"": 606, ""54"": 682, ""158"": 588, ""68"": 340, ""149"": 310, ""143"": 210, ""152"": 686, ""81"": 620, ""83"": 568, ""71"": 738, ""84"": 752, ""72"": 656, ""178"": 712, ""148"": 250, ""169"": 208, ""43"": 304, ""167"": 376, ""173"": 298, ""19"": 252, ""145"": 678, ""157"": 674, ""29"": 702, ""100"": 586, ""95"": 676, ""151"": 222, ""56"": 750, ""60"": 610, ""53"": 372, ""15"": 650, ""134"": 366, ""144"": 628, ""99"": 374, ""161"": 694, ""87"": 710, ""139"": 668, ""171"": 312, ""181"": 318, ""127"": 662, ""119"": 344, ""112"": 744, ""39"": 754, ""58"": 302, ""97"": 226, ""93"": 314, ""49"": 666, ""126"": 692, ""35"": 748, ""67"": 300, ""114"": 294, ""186"": 288, ""79"": 690, ""133"": 670, ""123"": 572, ""38"": 362, ""90"": 688, ""57"": 640, ""185"": 346, ""163"": 320, ""98"": 622, ""103"": 228, ""45"": 272, ""146"": 266, ""63"": 246, ""154"": 700, ""166"": 240, ""132"": 242, ""48"": 580, ""160"": 636, ""66"": 660, ""137"": 262, ""113"": 370, ""122"": 618, ""156"": 596, ""23"": 638, ""94"": 282, ""129"": 232, ""116"": 698, ""82"": 238, ""55"": 658, ""70"": 590, ""101"": 306, ""108"": 626, ""140"": 364, ""59"": 672, ""41"": 684, ""130"": 574, ""40"": 368, ""26"": 224, ""164"": 358, ""142"": 696, ""91"": 220, ""51"": 202, ""25"": 614, ""33"": 244, ""17"": 278, ""141"": 256, ""168"": 594, ""65"": 350, ""102"": 740, ""136"": 296, ""118"": 644, ""180"": 598, ""117"": 274, ""34"": 338, ""74"": 646, ""88"": 680, ""176"": 356, ""64"": 604, ""124"": 324, ""165"": 332, ""50"": 576, ""147"": 342, ""175"": 268, ""52"": 600, ""80"": 742, ""110"": 360, ""30"": 290, ""86"": 326, ""37"": 200, ""107"": 624, ""85"": 708, ""61"": 292, ""75"": 322, ""150"": 714, ""32"": 194, ""105"": 632, ""77"": 746, ""18"": 734, ""183"": 198, ""153"": 720, ""159"": 348, ""162"": 276, ""138"": 230, ""92"": 270, ""46"": 602, ""128"": 732, ""42"": 728, ""47"": 592, ""184"": 352, ""121"": 736}",37.2,59.36,"{""0"": 194, ""1"": 612, ""2"": 226, ""3"": 704, ""4"": 282, ""5"": 592, ""6"": 680, ""7"": 658, ""8"": 290, ""9"": 660, ""10"": 248, ""11"": 588, ""12"": 738, ""13"": 216, ""14"": 570, ""15"": 714, ""16"": 234, ""17"": 644, ""18"": 284, ""19"": 208, ""20"": 212, ""21"": 240, ""22"": 342, ""23"": 652, ""24"": 574, ""25"": 204, ""26"": 294, ""27"": 202, ""28"": 324, ""29"": 648, ""30"": 190, ""31"": 650, ""32"": 262, ""33"": 374, ""34"": 242, ""35"": 610, ""36"": 700, ""37"": 686, ""38"": 236, ""39"": 608, ""40"": 360, ""41"": 606, ""42"": 372, ""43"": 676, ""44"": 200, ""45"": 726, ""46"": 740, ""47"": 630, ""48"": 752, ""49"": 320, ""50"": 642, ""51"": 678, ""52"": 222, ""53"": 656, ""54"": 246, ""55"": 338, ""56"": 270, ""57"": 350, ""58"": 742, ""59"": 668, ""60"": 692, ""61"": 268, ""62"": 620, ""63"": 316, ""64"": 318, ""65"": 296, ""66"": 220, ""67"": 572, ""68"": 314, ""69"": 684, ""70"": 748, ""71"": 196, ""72"": 346, ""73"": 286, ""74"": 600, ""75"": 646, ""76"": 300, ""77"": 594, ""78"": 302, ""79"": 618, ""80"": 718, ""81"": 230, ""82"": 218, ""83"": 674, ""84"": 322, ""85"": 304, ""86"": 206, ""87"": 614, ""88"": 582, ""89"": 210, ""90"": 356, ""91"": 250, ""92"": 710, ""93"": 706, ""94"": 712, ""95"": 628, ""96"": 664, ""97"": 672, ""98"": 252, ""99"": 750, ""100"": 604, ""101"": 348, ""102"": 258, ""103"": 256, ""104"": 328, ""105"": 276, ""106"": 306, ""107"": 292, ""108"": 264, ""109"": 330, ""110"": 640, ""111"": 682, ""112"": 364, ""113"": 260, ""114"": 224, ""115"": 370, ""116"": 602, ""117"": 720, ""118"": 722, ""119"": 616, ""120"": 670, ""121"": 576, ""122"": 590, ""123"": 654, ""124"": 280, ""125"": 744, ""126"": 708, ""127"": 724, ""128"": 666, ""129"": 690, ""130"": 244, ""131"": 288, ""132"": 354, ""133"": 746, ""134"": 368, ""135"": 366, ""136"": 214, ""137"": 638, ""138"": 310, ""139"": 358, ""140"": 694, ""141"": 362, ""142"": 308, ""143"": 192, ""144"": 238, ""145"": 696, ""146"": 326, ""147"": 754, ""148"": 344, ""149"": 586, ""150"": 254, ""151"": 716, ""152"": 580, ""153"": 278, ""154"": 332, ""155"": 626, ""156"": 636, ""157"": 736, ""158"": 340, ""159"": 578, ""160"": 624, ""161"": 298, ""162"": 312, ""163"": 272, ""164"": 228, ""165"": 266, ""166"": 622, ""167"": 232, ""168"": 336, ""169"": 732, ""170"": 352, ""171"": 568, ""172"": 632, ""173"": 274, ""174"": 198, ""175"": 376, ""176"": 584, ""177"": 662, ""178"": 734, ""179"": 598, ""180"": 596, ""181"": 698, ""182"": 334, ""183"": 634, ""184"": 730, ""185"": 728, ""186"": 688}",54.8,188
vqe_0.qasm,93.88,6.768582966923714,"{""0"": 32, ""1"": 12, ""2"": 10, ""3"": 34, ""4"": 16, ""5"": 30, ""6"": 28}",91.0,94.08,"{""0"": 34, ""1"": 10, ""4"": 16, ""6"": 28, ""2"": 30, ""3"": 32, ""5"": 14}",92.0,92.61333333333332,100.33000479638577,"{""6"": 30, ""0"": 14, ""5"": 32, ""4"": 28, ""2"": 10, ""3"": 16, ""1"": 34}",90.4,94.32,"{""0"": 12, ""1"": 16, ""2"": 14, ""3"": 10, ""4"": 28, ""5"": 32, ""6"": 34}",93.0,8
autobraid_15.qasm,42.44,0.145330011844635,"{""0"": 276, ""1"": 684, ""2"": 254, ""3"": 666, ""4"": 252, ""5"": 534, ""6"": 212, ""7"": 610, ""8"": 334, ""9"": 584, ""10"": 274, ""11"": 294, ""12"": 240, ""13"": 182, ""14"": 300, ""15"": 220, ""16"": 286, ""17"": 552, ""18"": 236, ""19"": 612, ""20"": 326, ""21"": 184, ""22"": 258, ""23"": 674, ""24"": 542, ""25"": 702, ""26"": 228, ""27"": 328, ""28"": 340, ""29"": 186, ""30"": 590, ""31"": 652, ""32"": 636, ""33"": 580, ""34"": 288, ""35"": 338, ""36"": 592, ""37"": 266, ""38"": 618, ""39"": 654, ""40"": 200, ""41"": 304, ""42"": 330, ""43"": 694, ""44"": 680, ""45"": 344, ""46"": 348, ""47"": 250, ""48"": 672, ""49"": 290, ""50"": 260, ""51"": 320, ""52"": 234, ""53"": 206, ""54"": 214, ""55"": 706, ""56"": 600, ""57"": 336, ""58"": 576, ""59"": 190, ""60"": 686, ""61"": 574, ""62"": 582, ""63"": 536, ""64"": 314, ""65"": 594, ""66"": 646, ""67"": 614, ""68"": 324, ""69"": 690, ""70"": 292, ""71"": 548, ""72"": 546, ""73"": 700, ""74"": 544, ""75"": 698, ""76"": 688, ""77"": 230, ""78"": 216, ""79"": 626, ""80"": 278, ""81"": 606, ""82"": 566, ""83"": 306, ""84"": 332, ""85"": 628, ""86"": 280, ""87"": 192, ""88"": 620, ""89"": 246, ""90"": 642, ""91"": 188, ""92"": 310, ""93"": 262, ""94"": 664, ""95"": 282, ""96"": 232, ""97"": 352, ""98"": 602, ""99"": 662, ""100"": 346, ""101"": 322, ""102"": 248, ""103"": 696, ""104"": 604, ""105"": 682, ""106"": 268, ""107"": 308, ""108"": 640, ""109"": 296, ""110"": 180, ""111"": 226, ""112"": 554, ""113"": 676, ""114"": 650, ""115"": 624, ""116"": 540, ""117"": 318, ""118"": 264, ""119"": 550, ""120"": 622, ""121"": 616, ""122"": 532, ""123"": 560, ""124"": 608, ""125"": 572, ""126"": 644, ""127"": 202, ""128"": 578, ""129"": 704, ""130"": 568, ""131"": 196, ""132"": 194, ""133"": 586, ""134"": 350, ""135"": 218, ""136"": 648, ""137"": 298, ""138"": 658, ""139"": 668, ""140"": 238, ""141"": 670, ""142"": 342, ""143"": 678, ""144"": 272, ""145"": 178, ""146"": 312, ""147"": 564, ""148"": 208, ""149"": 204, ""150"": 256, ""151"": 638, ""152"": 632, ""153"": 198, ""154"": 538, ""155"": 224, ""156"": 588, ""157"": 302, ""158"": 692, ""159"": 656, ""160"": 630, ""161"": 598, ""162"": 284, ""163"": 558, ""164"": 596, ""165"": 316, ""166"": 270, ""167"": 210, ""168"": 562, ""169"": 556, ""170"": 570, ""171"": 222, ""172"": 244, ""173"": 634, ""174"": 242}",38.0,53.52,"{""0"": 178, ""9"": 184, ""1"": 180, ""8"": 182, ""4"": 188, ""6"": 186, ""12"": 192, ""2"": 190, ""13"": 194, ""3"": 196, ""7"": 198, ""11"": 200, ""14"": 202, ""10"": 204, ""5"": 206, ""143"": 548, ""24"": 662, ""131"": 598, ""54"": 704, ""109"": 276, ""80"": 290, ""64"": 568, ""160"": 602, ""144"": 214, ""65"": 556, ""91"": 234, ""133"": 344, ""136"": 696, ""44"": 590, ""111"": 594, ""70"": 588, ""167"": 582, ""51"": 572, ""19"": 624, ""158"": 692, ""99"": 312, ""31"": 616, ""35"": 212, ""155"": 630, ""126"": 586, ""119"": 700, ""49"": 236, ""73"": 318, ""25"": 698, ""61"": 348, ""97"": 644, ""58"": 670, ""45"": 606, ""173"": 690, ""40"": 292, ""165"": 580, ""88"": 298, ""82"": 308, ""69"": 562, ""48"": 632, ""98"": 688, ""154"": 342, ""32"": 574, ""145"": 676, ""142"": 534, ""163"": 248, ""172"": 286, ""166"": 558, ""28"": 532, ""15"": 622, ""125"": 536, ""134"": 310, ""128"": 270, ""118"": 280, ""100"": 614, ""62"": 288, ""16"": 694, ""140"": 642, ""34"": 672, ""36"": 268, ""94"": 650, ""27"": 570, ""21"": 302, ""149"": 208, ""95"": 640, ""168"": 654, ""102"": 282, ""63"": 620, ""92"": 238, ""43"": 226, ""86"": 592, ""29"": 682, ""57"": 544, ""147"": 244, ""68"": 612, ""41"": 266, ""20"": 334, ""96"": 306, ""170"": 210, ""164"": 230, ""60"": 554, ""39"": 314, ""85"": 540, ""137"": 646, ""117"": 340, ""153"": 252, ""23"": 242, ""52"": 668, ""121"": 350, ""169"": 596, ""141"": 254, ""174"": 628, ""84"": 222, ""59"": 232, ""146"": 660, ""112"": 262, ""67"": 666, ""56"": 324, ""71"": 304, ""113"": 216, ""22"": 674, ""42"": 584, ""101"": 608, ""53"": 636, ""81"": 656, ""47"": 652, ""33"": 328, ""50"": 538, ""171"": 258, ""18"": 546, ""103"": 346, ""116"": 228, ""139"": 706, ""30"": 552, ""75"": 600, ""115"": 648, ""104"": 664, ""114"": 330, ""66"": 322, ""87"": 246, ""37"": 338, ""161"": 326, ""77"": 240, ""26"": 564, ""106"": 256, ""74"": 542, ""55"": 296, ""150"": 316, ""90"": 320, ""132"": 578, ""135"": 638, ""79"": 626, ""89"": 250, ""148"": 604, ""108"": 550, ""127"": 278, ""17"": 260, ""157"": 336, ""156"": 294, ""105"": 352, ""159"": 560, ""120"": 702, ""83"": 224, ""124"": 610, ""78"": 618, ""123"": 658, ""122"": 678, ""138"": 272, ""151"": 220, ""129"": 284, ""162"": 680, ""72"": 264, ""107"": 576, ""130"": 274, ""110"": 566, ""93"": 686, ""76"": 332, ""46"": 684, ""152"": 300, ""38"": 634}",49.8,43.04,2.2167766988277435,"{""11"": 178, ""14"": 580, ""12"": 694, ""8"": 182, ""1"": 280, ""0"": 338, ""6"": 646, ""4"": 200, ""5"": 194, ""7"": 196, ""10"": 198, ""9"": 348, ""13"": 320, ""3"": 588, ""2"": 206, ""115"": 340, ""16"": 644, ""131"": 284, ""20"": 334, ""155"": 684, ""27"": 212, ""106"": 298, ""89"": 598, ""36"": 602, ""44"": 318, ""170"": 328, ""125"": 346, ""24"": 268, ""104"": 610, ""174"": 180, ""135"": 258, ""22"": 604, ""62"": 286, ""76"": 534, ""78"": 352, ""111"": 594, ""109"": 188, ""28"": 238, ""96"": 308, ""172"": 242, ""31"": 332, ""21"": 288, ""73"": 316, ""69"": 312, ""120"": 222, ""54"": 648, ""158"": 336, ""68"": 274, ""149"": 234, ""143"": 702, ""152"": 236, ""81"": 230, ""83"": 226, ""71"": 622, ""84"": 266, ""72"": 556, ""148"": 224, ""169"": 558, ""43"": 656, ""173"": 578, ""167"": 566, ""19"": 574, ""145"": 590, ""157"": 674, ""29"": 252, ""100"": 620, ""95"": 190, ""151"": 262, ""56"": 692, ""60"": 254, ""134"": 586, ""53"": 304, ""15"": 688, ""144"": 324, ""99"": 220, ""161"": 596, ""87"": 668, ""139"": 592, ""171"": 326, ""127"": 210, ""119"": 290, ""112"": 672, ""39"": 638, ""58"": 640, ""97"": 676, ""93"": 704, ""49"": 184, ""126"": 660, ""67"": 216, ""35"": 186, ""114"": 664, ""79"": 214, ""133"": 244, ""123"": 654, ""57"": 554, ""38"": 232, ""90"": 314, ""163"": 240, ""98"": 630, ""45"": 342, ""103"": 282, ""146"": 540, ""63"": 272, ""154"": 564, ""166"": 670, ""132"": 538, ""48"": 552, ""160"": 680, ""137"": 548, ""113"": 658, ""66"": 278, ""122"": 570, ""156"": 600, ""23"": 636, ""94"": 666, ""129"": 568, ""82"": 218, ""116"": 246, ""55"": 626, ""70"": 616, ""101"": 532, ""108"": 576, ""140"": 256, ""59"": 302, ""130"": 614, ""40"": 276, ""41"": 192, ""26"": 248, ""164"": 584, ""142"": 536, ""91"": 652, ""51"": 650, ""25"": 544, ""33"": 306, ""17"": 344, ""141"": 642, ""168"": 550, ""65"": 292, ""102"": 202, ""136"": 546, ""118"": 300, ""34"": 330, ""117"": 250, ""74"": 698, ""88"": 628, ""64"": 618, ""124"": 228, ""165"": 582, ""50"": 696, ""147"": 662, ""52"": 706, ""110"": 700, ""80"": 562, ""30"": 682, ""86"": 608, ""37"": 310, ""107"": 542, ""85"": 560, ""61"": 606, ""75"": 686, ""150"": 350, ""32"": 294, ""105"": 690, ""18"": 204, ""77"": 260, ""153"": 322, ""159"": 632, ""162"": 678, ""138"": 624, ""46"": 270, ""92"": 572, ""128"": 296, ""42"": 264, ""47"": 634, ""121"": 208}",35.8,54.52,"{""0"": 290, ""1"": 706, ""2"": 234, ""3"": 274, ""4"": 182, ""5"": 236, ""6"": 250, ""7"": 584, ""8"": 568, ""9"": 216, ""10"": 346, ""11"": 548, ""12"": 598, ""13"": 318, ""14"": 178, ""15"": 228, ""16"": 334, ""17"": 336, ""18"": 538, ""19"": 656, ""20"": 542, ""21"": 214, ""22"": 646, ""23"": 540, ""24"": 322, ""25"": 244, ""26"": 642, ""27"": 692, ""28"": 232, ""29"": 328, ""30"": 312, ""31"": 580, ""32"": 684, ""33"": 602, ""34"": 700, ""35"": 544, ""36"": 672, ""37"": 350, ""38"": 246, ""39"": 280, ""40"": 258, ""41"": 614, ""42"": 332, ""43"": 564, ""44"": 534, ""45"": 560, ""46"": 188, ""47"": 282, ""48"": 702, ""49"": 610, ""50"": 284, ""51"": 286, ""52"": 694, ""53"": 554, ""54"": 578, ""55"": 184, ""56"": 338, ""57"": 238, ""58"": 546, ""59"": 592, ""60"": 224, ""61"": 622, ""62"": 212, ""63"": 704, ""64"": 664, ""65"": 272, ""66"": 344, ""67"": 180, ""68"": 330, ""69"": 240, ""70"": 658, ""71"": 558, ""72"": 218, ""73"": 306, ""74"": 222, ""75"": 576, ""76"": 254, ""77"": 676, ""78"": 624, ""79"": 226, ""80"": 294, ""81"": 588, ""82"": 230, ""83"": 202, ""84"": 620, ""85"": 640, ""86"": 324, ""87"": 192, ""88"": 688, ""89"": 674, ""90"": 210, ""91"": 296, ""92"": 266, ""93"": 220, ""94"": 186, ""95"": 638, ""96"": 654, ""97"": 348, ""98"": 204, ""99"": 308, ""100"": 292, ""101"": 562, ""102"": 630, ""103"": 270, ""104"": 690, ""105"": 556, ""106"": 574, ""107"": 696, ""108"": 200, ""109"": 590, ""110"": 582, ""111"": 268, ""112"": 198, ""113"": 320, ""114"": 314, ""115"": 586, ""116"": 248, ""117"": 606, ""118"": 242, ""119"": 670, ""120"": 302, ""121"": 636, ""122"": 310, ""123"": 572, ""124"": 298, ""125"": 628, ""126"": 626, ""127"": 288, ""128"": 206, ""129"": 680, ""130"": 652, ""131"": 662, ""132"": 276, ""133"": 208, ""134"": 194, ""135"": 552, ""136"": 634, ""137"": 252, ""138"": 612, ""139"": 632, ""140"": 616, ""141"": 316, ""142"": 608, ""143"": 260, ""144"": 550, ""145"": 570, ""146"": 256, ""147"": 566, ""148"": 536, ""149"": 666, ""150"": 342, ""151"": 278, ""152"": 644, ""153"": 532, ""154"": 668, ""155"": 594, ""156"": 196, ""157"": 678, ""158"": 340, ""159"": 604, ""160"": 190, ""161"": 698, ""162"": 660, ""163"": 618, ""164"": 600, ""165"": 686, ""166"": 352, ""167"": 262, ""168"": 650, ""169"": 682, ""170"": 326, ""171"": 596, ""172"": 264, ""173"": 648, ""174"": 304}",51.6,176
jku_suite_55.qasm,62.36,2.033629348874092,"{""0"": 32, ""1"": 28, ""2"": 52, ""3"": 60, ""4"": 26, ""5"": 56, ""6"": 20, ""7"": 54, ""8"": 30, ""9"": 58, ""10"": 18, ""11"": 66, ""12"": 22, ""13"": 64, ""14"": 62, ""15"": 24}",57.2,69.8,"{""0"": 26, ""9"": 60, ""1"": 32, ""8"": 28, ""4"": 58, ""6"": 22, ""12"": 20, ""2"": 62, ""13"": 30, ""3"": 18, ""7"": 54, ""11"": 64, ""14"": 66, ""10"": 24, ""5"": 56, ""15"": 52}",64.0,60.73333333333333,30.82894619554281,"{""11"": 56, ""14"": 60, ""12"": 32, ""8"": 66, ""1"": 62, ""0"": 22, ""6"": 64, ""4"": 24, ""5"": 26, ""7"": 20, ""10"": 52, ""9"": 58, ""13"": 54, ""3"": 28, ""2"": 18, ""15"": 30}",55.4,72.08,"{""0"": 32, ""1"": 66, ""2"": 30, ""3"": 18, ""4"": 62, ""5"": 58, ""6"": 22, ""7"": 20, ""8"": 26, ""9"": 56, ""10"": 64, ""11"": 52, ""12"": 54, ""13"": 28, ""14"": 24, ""15"": 60}",65.4,16
autobraid_33.qasm,71.88,4.5667331799864765,"{""0"": 22, ""1"": 36, ""2"": 58, ""3"": 70, ""4"": 32, ""5"": 30, ""6"": 60, ""7"": 72, ""8"": 66, ""9"": 62, ""10"": 20, ""11"": 26, ""12"": 28, ""13"": 34, ""14"": 68, ""15"": 74, ""16"": 24}",68.8,81.12,"{""0"": 62, ""9"": 26, ""1"": 60, ""8"": 24, ""4"": 68, ""6"": 30, ""12"": 34, ""2"": 22, ""13"": 28, ""3"": 32, ""7"": 20, ""11"": 72, ""14"": 66, ""10"": 70, ""5"": 58, ""15"": 36, ""16"": 64}",79.0,72.86666666666666,69.99729573726654,"{""11"": 32, ""14"": 58, ""12"": 30, ""8"": 20, ""1"": 36, ""0"": 72, ""6"": 64, ""4"": 34, ""5"": 26, ""7"": 24, ""10"": 70, ""9"": 62, ""13"": 66, ""3"": 60, ""2"": 22, ""15"": 28, ""16"": 68}",67.0,78.84,"{""0"": 72, ""1"": 62, ""2"": 36, ""3"": 24, ""4"": 66, ""5"": 58, ""6"": 60, ""7"": 22, ""8"": 20, ""9"": 68, ""10"": 32, ""11"": 30, ""12"": 26, ""13"": 28, ""14"": 64, ""15"": 74, ""16"": 34}",76.0,18
quest_suite_2.qasm,60.92,3.187065587937832,"{""0"": 30, ""1"": 32, ""2"": 28, ""3"": 10, ""4"": 34, ""5"": 16, ""6"": 12}",59.8,65.64,"{""0"": 14, ""1"": 30, ""4"": 28, ""6"": 12, ""2"": 16, ""3"": 34, ""5"": 10}",60.0,62.306666666666665,48.03980299830437,"{""0"": 30, ""6"": 34, ""5"": 12, ""4"": 28, ""2"": 14, ""3"": 16, ""1"": 10}",51.2,68.92,"{""0"": 34, ""1"": 12, ""2"": 28, ""3"": 30, ""4"": 16, ""5"": 10, ""6"": 14}",55.8,8
jku_suite_51.qasm,83.2,10.264413286745548,"{""0"": 16, ""1"": 18, ""2"": 24, ""3"": 50, ""4"": 20, ""5"": 14, ""6"": 42, ""7"": 44, ""8"": 46, ""9"": 22, ""10"": 40, ""11"": 48}",80.4,88.04,"{""0"": 20, ""9"": 40, ""1"": 16, ""8"": 46, ""4"": 24, ""6"": 48, ""2"": 50, ""3"": 18, ""7"": 14, ""11"": 44, ""10"": 42, ""5"": 22}",86.0,82.65333333333334,131.32785692811012,"{""8"": 20, ""1"": 44, ""0"": 42, ""6"": 16, ""4"": 46, ""5"": 14, ""7"": 18, ""10"": 40, ""9"": 48, ""3"": 24, ""2"": 50, ""11"": 22}",80.0,86.92,"{""0"": 42, ""1"": 24, ""2"": 50, ""3"": 20, ""4"": 14, ""5"": 40, ""6"": 18, ""7"": 48, ""8"": 46, ""9"": 22, ""10"": 44, ""11"": 16}",85.6,12
jku_suite_13.qasm,66.44,4.136689783632756,"{""0"": 40, ""1"": 16, ""2"": 48, ""3"": 22, ""4"": 14, ""5"": 46, ""6"": 44, ""7"": 24, ""8"": 42, ""9"": 18, ""10"": 50}",64.2,69.36,"{""0"": 42, ""9"": 20, ""1"": 24, ""8"": 40, ""4"": 50, ""6"": 44, ""2"": 16, ""3"": 14, ""7"": 48, ""10"": 22, ""5"": 46}",65.8,60.09333333333333,62.05352162569761,"{""8"": 48, ""1"": 50, ""0"": 22, ""6"": 46, ""4"": 24, ""5"": 20, ""7"": 40, ""10"": 44, ""9"": 42, ""3"": 16, ""2"": 14}",52.8,68.44,"{""0"": 24, ""1"": 48, ""2"": 16, ""3"": 18, ""4"": 20, ""5"": 42, ""6"": 46, ""7"": 22, ""8"": 40, ""9"": 50, ""10"": 14}",63.8,12
vqe_6.qasm,86.0,6.41271436214447,"{""0"": 12, ""1"": 34, ""2"": 16, ""3"": 14, ""4"": 10, ""5"": 28, ""6"": 32}",83.6,88.84,"{""0"": 34, ""1"": 10, ""4"": 16, ""6"": 28, ""2"": 30, ""3"": 32, ""5"": 14}",87.8,86.81333333333333,95.37058975547552,"{""6"": 10, ""0"": 14, ""5"": 16, ""4"": 34, ""2"": 28, ""3"": 32, ""1"": 30}",84.0,89.56,"{""0"": 12, ""1"": 32, ""2"": 16, ""3"": 14, ""4"": 10, ""5"": 34, ""6"": 28}",86.8,8
jku_suite_68.qasm,62.24,3.205587077140808,"{""0"": 16, ""1"": 34, ""2"": 32, ""3"": 12, ""4"": 14, ""5"": 30, ""6"": 28, ""7"": 10}",58.8,69.12,"{""0"": 16, ""1"": 12, ""4"": 10, ""6"": 14, ""2"": 30, ""3"": 28, ""7"": 34, ""5"": 32}",66.0,64.33333333333333,48.08249541372061,"{""1"": 34, ""0"": 30, ""6"": 16, ""5"": 14, ""4"": 28, ""7"": 32, ""3"": 12, ""2"": 10}",58.0,67.52,"{""0"": 34, ""1"": 28, ""2"": 32, ""3"": 30, ""4"": 16, ""5"": 14, ""6"": 12, ""7"": 10}",64.4,8
vqe_9.qasm,96.2,7.529575330018997,"{""0"": 10, ""1"": 24, ""2"": 26, ""3"": 22, ""4"": 12}",95.0,97.12,"{""0"": 8, ""1"": 26, ""4"": 12, ""2"": 10, ""3"": 22}",95.6,96.57333333333334,111.43307077884674,"{""0"": 24, ""4"": 12, ""2"": 26, ""3"": 22, ""1"": 10}",95.0,96.92,"{""0"": 22, ""1"": 8, ""2"": 12, ""3"": 10, ""4"": 26}",95.6,6
jku_suite_5.qasm,68.96,5.1384700268507,"{""0"": 12, ""1"": 14, ""2"": 30, ""3"": 34, ""4"": 16, ""5"": 10, ""6"": 28, ""7"": 32}",64.0,71.08,"{""0"": 34, ""1"": 10, ""4"": 30, ""6"": 32, ""2"": 28, ""7"": 14, ""3"": 12, ""5"": 16}",65.0,67.17333333333333,77.3624527901411,"{""1"": 30, ""6"": 16, ""0"": 10, ""4"": 32, ""5"": 28, ""7"": 12, ""3"": 14, ""2"": 34}",63.0,72.68,"{""0"": 32, ""1"": 30, ""2"": 34, ""3"": 28, ""4"": 16, ""5"": 10, ""6"": 12, ""7"": 14}",68.4,8
quarl_suite_6.qasm,68.56,1.963359297811985,"{""0"": 38, ""1"": 42, ""2"": 36, ""3"": 40, ""4"": 18, ""5"": 14, ""6"": 20, ""7"": 34, ""8"": 12, ""9"": 16}",62.0,77.8,"{""0"": 16, ""9"": 18, ""1"": 12, ""8"": 34, ""4"": 14, ""6"": 36, ""2"": 42, ""3"": 20, ""7"": 40, ""5"": 38}",66.2,67.02666666666667,29.890118427574635,"{""8"": 36, ""1"": 18, ""0"": 16, ""6"": 20, ""4"": 42, ""5"": 38, ""7"": 34, ""3"": 14, ""2"": 12, ""9"": 40}",59.2,75.2,"{""0"": 36, ""1"": 12, ""2"": 16, ""3"": 18, ""4"": 14, ""5"": 40, ""6"": 38, ""7"": 42, ""8"": 20, ""9"": 34}",70.2,10
jku_suite_27.qasm,69.6,3.344755135476589,"{""0"": 22, ""1"": 12, ""2"": 8, ""3"": 10, ""4"": 26, ""5"": 24}",62.4,74.92,"{""0"": 8, ""1"": 22, ""4"": 12, ""2"": 24, ""3"": 10, ""5"": 26}",71.2,69.01333333333334,50.48026784509421,"{""0"": 22, ""5"": 24, ""4"": 12, ""2"": 8, ""3"": 10, ""1"": 26}",62.0,74.68,"{""0"": 10, ""1"": 26, ""2"": 8, ""3"": 22, ""4"": 12, ""5"": 24}",70.0,6
jku_suite_82.qasm,102.0,0.0043467864394187,"{""0"": 6, ""1"": 8, ""2"": 18, ""3"": 16}",102.0,102.0,"{""0"": 8, ""1"": 16, ""2"": 18, ""3"": 6}",102.0,102.0,0.0409406274557113,"{""1"": 16, ""0"": 18, ""3"": 8, ""2"": 6}",102.0,102.0,"{""0"": 18, ""1"": 6, ""2"": 16, ""3"": 8}",102.0,4
quest_suite_23.qasm,57.8,2.1021263286471368,"{""0"": 34, ""1"": 36, ""2"": 20, ""3"": 40, ""4"": 12, ""5"": 38, ""6"": 14, ""7"": 18, ""8"": 16}",48.0,64.36,"{""0"": 16, ""1"": 38, ""8"": 34, ""4"": 42, ""6"": 40, ""2"": 12, ""3"": 18, ""7"": 14, ""5"": 36}",56.0,56.38666666666666,31.836715444922447,"{""8"": 18, ""1"": 36, ""0"": 34, ""6"": 14, ""4"": 12, ""5"": 38, ""7"": 42, ""3"": 16, ""2"": 40}",45.6,60.88,"{""0"": 34, ""1"": 18, ""2"": 14, ""3"": 16, ""4"": 12, ""5"": 38, ""6"": 42, ""7"": 36, ""8"": 40}",54.2,10
jku_suite_57.qasm,64.48,2.87970869243145,"{""0"": 36, ""1"": 42, ""2"": 34, ""3"": 20, ""4"": 40, ""5"": 38, ""6"": 18, ""7"": 14, ""8"": 12, ""9"": 16}",58.2,72.92,"{""9"": 18, ""0"": 16, ""1"": 12, ""8"": 34, ""4"": 14, ""6"": 36, ""2"": 42, ""7"": 40, ""3"": 20, ""5"": 38}",66.2,64.36,43.15753384679556,"{""8"": 16, ""1"": 20, ""6"": 40, ""7"": 34, ""4"": 18, ""0"": 14, ""5"": 36, ""9"": 38, ""3"": 42, ""2"": 12}",59.0,74.76,"{""0"": 16, ""1"": 12, ""2"": 42, ""3"": 34, ""4"": 36, ""5"": 18, ""6"": 40, ""7"": 14, ""8"": 38, ""9"": 20}",71.0,10
jku_suite_97.qasm,57.64,4.454584717750549,"{""0"": 36, ""1"": 12, ""2"": 38, ""3"": 20, ""4"": 16, ""5"": 42, ""6"": 18, ""7"": 34, ""8"": 40}",54.0,63.36,"{""0"": 12, ""1"": 34, ""8"": 42, ""4"": 38, ""6"": 14, ""2"": 20, ""7"": 16, ""3"": 40, ""5"": 36}",58.8,58.32,67.26537992060184,"{""8"": 14, ""1"": 18, ""0"": 34, ""7"": 12, ""4"": 40, ""5"": 42, ""6"": 20, ""3"": 16, ""2"": 38}",51.8,59.56,"{""0"": 40, ""1"": 20, ""2"": 34, ""3"": 36, ""4"": 42, ""5"": 38, ""6"": 18, ""7"": 16, ""8"": 14}",52.4,10
quest_suite_9.qasm,68.56,3.873224663734436,"{""0"": 10, ""1"": 16, ""2"": 12, ""3"": 14, ""4"": 32, ""5"": 28, ""6"": 30}",63.0,70.16,"{""0"": 12, ""1"": 32, ""4"": 34, ""6"": 30, ""2"": 28, ""3"": 14, ""5"": 10}",65.8,68.12,58.240562833845615,"{""6"": 14, ""0"": 28, ""5"": 30, ""4"": 16, ""2"": 10, ""3"": 32, ""1"": 34}",61.0,72.12,"{""0"": 14, ""1"": 10, ""2"": 12, ""3"": 28, ""4"": 32, ""5"": 16, ""6"": 34}",63.8,8
jku_suite_89.qasm,95.08,8.172475051879882,"{""0"": 24, ""1"": 12, ""2"": 10, ""3"": 26, ""4"": 8}",93.0,96.48,"{""0"": 8, ""1"": 26, ""4"": 12, ""2"": 10, ""3"": 22}",94.0,95.54666666666668,121.93721128255127,"{""0"": 26, ""4"": 24, ""2"": 22, ""3"": 12, ""1"": 10}",94.0,96.52,"{""0"": 22, ""1"": 26, ""2"": 8, ""3"": 10, ""4"": 24}",94.8,6
jku_suite_66.qasm,61.96,6.687318629026413,"{""0"": 40, ""1"": 46, ""2"": 48, ""3"": 18, ""4"": 22, ""5"": 14, ""6"": 16, ""7"": 50, ""8"": 42, ""9"": 24, ""10"": 20, ""11"": 44}",54.2,64.2,"{""0"": 14, ""9"": 40, ""1"": 20, ""8"": 18, ""4"": 42, ""6"": 16, ""2"": 46, ""3"": 44, ""7"": 24, ""11"": 50, ""10"": 48, ""5"": 22}",61.2,59.626666666666665,100.0215070694685,"{""11"": 46, ""8"": 44, ""1"": 48, ""0"": 40, ""6"": 14, ""5"": 42, ""4"": 20, ""7"": 24, ""10"": 18, ""9"": 22, ""3"": 16, ""2"": 50}",55.0,64.04,"{""0"": 40, ""1"": 42, ""2"": 18, ""3"": 20, ""4"": 22, ""5"": 46, ""6"": 16, ""7"": 14, ""8"": 24, ""9"": 44, ""10"": 48, ""11"": 50}",60.8,12
jku_suite_26.qasm,79.0,1.8000352829694748,"{""0"": 30, ""1"": 16, ""2"": 28, ""3"": 10, ""4"": 32, ""5"": 14, ""6"": 12, ""7"": 34}",79.0,83.28,"{""0"": 34, ""1"": 10, ""4"": 16, ""6"": 30, ""2"": 12, ""3"": 32, ""7"": 28, ""5"": 14}",81.0,79.0,42.86608797311783,"{""0"": 12, ""7"": 16, ""5"": 32, ""4"": 14, ""6"": 30, ""2"": 10, ""3"": 28, ""1"": 34}",79.0,85.4,"{""0"": 10, ""1"": 34, ""2"": 30, ""3"": 16, ""4"": 28, ""5"": 14, ""6"": 32, ""7"": 12}",81.4,8
shor_0.qasm,84.4,11.93084746003151,"{""0"": 40, ""1"": 16, ""2"": 20, ""3"": 42, ""4"": 24, ""5"": 44, ""6"": 22, ""7"": 14, ""8"": 46, ""9"": 18, ""10"": 48, ""11"": 50}",82.4,85.08,"{""0"": 42, ""9"": 20, ""1"": 24, ""8"": 40, ""4"": 50, ""6"": 44, ""2"": 16, ""3"": 14, ""7"": 48, ""11"": 18, ""10"": 22, ""5"": 46}",84.0,84.42666666666666,180.30985994637007,"{""11"": 14, ""8"": 20, ""1"": 24, ""0"": 42, ""6"": 16, ""5"": 50, ""7"": 46, ""4"": 44, ""10"": 18, ""9"": 48, ""3"": 40, ""2"": 22}",81.8,85.32,"{""0"": 46, ""1"": 40, ""2"": 24, ""3"": 42, ""4"": 48, ""5"": 44, ""6"": 22, ""7"": 18, ""8"": 16, ""9"": 20, ""10"": 50, ""11"": 14}",84.0,12
grover_1.qasm,92.6,16.070366948843002,"{""0"": 24, ""1"": 10, ""2"": 8, ""3"": 22, ""4"": 12, ""5"": 26}",91.8,91.76,"{""0"": 24, ""1"": 26, ""4"": 10, ""2"": 8, ""3"": 22, ""5"": 12}",91.0,91.84,240.48426092416048,"{""0"": 26, ""5"": 22, ""4"": 8, ""2"": 10, ""3"": 24, ""1"": 12}",89.0,91.48,"{""0"": 22, ""1"": 8, ""2"": 26, ""3"": 12, ""4"": 24, ""5"": 10}",89.8,6
quarl_suite_2.qasm,82.24,3.354164180159569,"{""0"": 24, ""1"": 26, ""2"": 10, ""3"": 8, ""4"": 22, ""5"": 12}",80.0,82.36,"{""0"": 8, ""1"": 22, ""4"": 12, ""2"": 10, ""3"": 24, ""5"": 26}",80.2,80.94666666666667,50.72388026118279,"{""0"": 8, ""5"": 10, ""4"": 26, ""2"": 24, ""3"": 12, ""1"": 22}",78.0,83.68,"{""0"": 8, ""1"": 12, ""2"": 24, ""3"": 22, ""4"": 10, ""5"": 26}",81.6,6
jku_suite_53.qasm,63.2,4.696596187353134,"{""0"": 44, ""1"": 24, ""2"": 20, ""3"": 40, ""4"": 22, ""5"": 42, ""6"": 14, ""7"": 18, ""8"": 50, ""9"": 16, ""10"": 48}",52.8,65.6,"{""0"": 42, ""9"": 14, ""1"": 44, ""8"": 16, ""4"": 48, ""6"": 50, ""2"": 20, ""7"": 22, ""3"": 24, ""10"": 40, ""5"": 18}",64.2,61.906666666666666,70.99413469433784,"{""8"": 48, ""1"": 18, ""0"": 22, ""6"": 20, ""4"": 14, ""5"": 40, ""7"": 46, ""10"": 24, ""9"": 44, ""3"": 50, ""2"": 16}",56.0,64.04,"{""0"": 48, ""1"": 44, ""2"": 18, ""3"": 16, ""4"": 46, ""5"": 14, ""6"": 42, ""7"": 22, ""8"": 50, ""9"": 40, ""10"": 20}",58.0,12
autobraid_6.qasm,34.0,0.6674881726503372,"{""0"": 244, ""1"": 92, ""2"": 286, ""3"": 294, ""4"": 240, ""5"": 250, ""6"": 110, ""7"": 132, ""8"": 126, ""9"": 276, ""10"": 94, ""11"": 236, ""12"": 120, ""13"": 234, ""14"": 88, ""15"": 124, ""16"": 226, ""17"": 122, ""18"": 84, ""19"": 290, ""20"": 296, ""21"": 292, ""22"": 260, ""23"": 116, ""24"": 96, ""25"": 228, ""26"": 80, ""27"": 144, ""28"": 266, ""29"": 142, ""30"": 108, ""31"": 256, ""32"": 254, ""33"": 130, ""34"": 78, ""35"": 146, ""36"": 274, ""37"": 232, ""38"": 114, ""39"": 140, ""40"": 258, ""41"": 118, ""42"": 90, ""43"": 246, ""44"": 134, ""45"": 138, ""46"": 270, ""47"": 128, ""48"": 112, ""49"": 282, ""50"": 248, ""51"": 102, ""52"": 238, ""53"": 136, ""54"": 288, ""55"": 278, ""56"": 284, ""57"": 272, ""58"": 76, ""59"": 252, ""60"": 82, ""61"": 104, ""62"": 264, ""63"": 280, ""64"": 148, ""65"": 106, ""66"": 98, ""67"": 262, ""68"": 86, ""69"": 298, ""70"": 100, ""71"": 230, ""72"": 242, ""73"": 268}",28.8,57.96,"{""0"": 78, ""1"": 76, ""4"": 80, ""6"": 82, ""2"": 84, ""3"": 86, ""7"": 88, ""5"": 90, ""60"": 250, ""66"": 230, ""39"": 98, ""12"": 234, ""13"": 108, ""24"": 288, ""37"": 118, ""28"": 254, ""15"": 268, ""26"": 228, ""54"": 126, ""55"": 298, ""14"": 106, ""23"": 282, ""64"": 136, ""52"": 142, ""65"": 132, ""44"": 256, ""70"": 280, ""59"": 100, ""67"": 272, ""51"": 144, ""19"": 138, ""56"": 92, ""62"": 274, ""31"": 134, ""16"": 270, ""9"": 244, ""71"": 232, ""17"": 130, ""35"": 266, ""49"": 114, ""8"": 94, ""22"": 96, ""34"": 112, ""73"": 110, ""42"": 104, ""61"": 146, ""25"": 102, ""36"": 148, ""53"": 242, ""27"": 276, ""58"": 122, ""21"": 226, ""47"": 124, ""45"": 116, ""11"": 260, ""33"": 120, ""50"": 284, ""32"": 294, ""40"": 252, ""72"": 290, ""63"": 140, ""48"": 264, ""43"": 278, ""29"": 262, ""69"": 248, ""57"": 128, ""30"": 286, ""41"": 236, ""68"": 246, ""18"": 296, ""46"": 258, ""20"": 238, ""10"": 292, ""38"": 240}",55.0,36.266666666666666,10.140042155981064,"{""1"": 78, ""0"": 128, ""4"": 294, ""3"": 252, ""2"": 98, ""11"": 118, ""45"": 246, ""16"": 298, ""20"": 292, ""34"": 264, ""63"": 270, ""27"": 242, ""19"": 92, ""44"": 114, ""5"": 122, ""36"": 278, ""64"": 102, ""29"": 86, ""9"": 142, ""24"": 124, ""48"": 112, ""50"": 76, ""10"": 106, ""52"": 138, ""12"": 260, ""22"": 140, ""62"": 284, ""56"": 100, ""60"": 108, ""15"": 104, ""53"": 240, ""66"": 262, ""28"": 258, ""13"": 268, ""23"": 274, ""31"": 296, ""30"": 280, ""21"": 88, ""37"": 276, ""73"": 234, ""55"": 230, ""69"": 238, ""61"": 136, ""70"": 256, ""14"": 290, ""8"": 96, ""54"": 134, ""32"": 80, ""68"": 120, ""59"": 130, ""41"": 244, ""40"": 146, ""7"": 236, ""39"": 84, ""26"": 226, ""58"": 254, ""18"": 272, ""71"": 144, ""49"": 282, ""51"": 250, ""25"": 148, ""33"": 288, ""67"": 232, ""46"": 94, ""35"": 110, ""17"": 286, ""6"": 116, ""72"": 82, ""38"": 248, ""57"": 90, ""42"": 132, ""47"": 266, ""65"": 228, ""43"": 126}",31.4,61.16,"{""0"": 76, ""1"": 84, ""2"": 134, ""3"": 136, ""4"": 288, ""5"": 290, ""6"": 266, ""7"": 142, ""8"": 296, ""9"": 230, ""10"": 98, ""11"": 284, ""12"": 90, ""13"": 144, ""14"": 274, ""15"": 116, ""16"": 226, ""17"": 280, ""18"": 88, ""19"": 106, ""20"": 292, ""21"": 256, ""22"": 128, ""23"": 112, ""24"": 242, ""25"": 146, ""26"": 108, ""27"": 262, ""28"": 86, ""29"": 248, ""30"": 228, ""31"": 286, ""32"": 114, ""33"": 276, ""34"": 122, ""35"": 100, ""36"": 250, ""37"": 120, ""38"": 130, ""39"": 80, ""40"": 260, ""41"": 148, ""42"": 104, ""43"": 298, ""44"": 126, ""45"": 270, ""46"": 138, ""47"": 234, ""48"": 264, ""49"": 272, ""50"": 278, ""51"": 92, ""52"": 268, ""53"": 94, ""54"": 110, ""55"": 82, ""56"": 252, ""57"": 124, ""58"": 254, ""59"": 246, ""60"": 232, ""61"": 238, ""62"": 294, ""63"": 240, ""64"": 140, ""65"": 282, ""66"": 102, ""67"": 78, ""68"": 244, ""69"": 118, ""70"": 236, ""71"": 258, ""72"": 96, ""73"": 132}",55.2,74
quarl_suite_18.qasm,77.76,3.474051390588284,"{""0"": 22, ""1"": 24, ""2"": 14, ""3"": 44, ""4"": 16, ""5"": 40, ""6"": 48, ""7"": 46, ""8"": 20, ""9"": 18, ""10"": 50, ""11"": 42}",73.0,83.04,"{""0"": 46, ""9"": 18, ""1"": 40, ""8"": 16, ""4"": 42, ""6"": 22, ""2"": 20, ""3"": 44, ""7"": 50, ""11"": 14, ""10"": 24, ""5"": 48}",78.0,77.66666666666667,52.42050867527723,"{""11"": 48, ""8"": 50, ""1"": 14, ""0"": 22, ""7"": 44, ""4"": 24, ""10"": 18, ""5"": 42, ""6"": 40, ""9"": 20, ""3"": 46, ""2"": 16}",71.2,80.2,"{""0"": 20, ""1"": 50, ""2"": 24, ""3"": 18, ""4"": 48, ""5"": 16, ""6"": 44, ""7"": 14, ""8"": 22, ""9"": 42, ""10"": 46, ""11"": 40}",77.8,12
jku_suite_91.qasm,84.84,7.4957774668931965,"{""0"": 22, ""1"": 26, ""2"": 8, ""3"": 10, ""4"": 24, ""5"": 12}",82.0,86.16,"{""0"": 24, ""1"": 26, ""4"": 10, ""2"": 12, ""3"": 8, ""5"": 22}",82.4,84.13333333333334,112.63189712911844,"{""1"": 22, ""0"": 10, ""5"": 24, ""4"": 8, ""3"": 26, ""2"": 12}",81.4,84.04,"{""0"": 10, ""1"": 24, ""2"": 26, ""3"": 8, ""4"": 22, ""5"": 12}",80.0,6
jku_suite_45.qasm,69.8,6.496819187700749,"{""0"": 28, ""1"": 32, ""2"": 34, ""3"": 30, ""4"": 12, ""5"": 10, ""6"": 14, ""7"": 16}",66.4,76.12,"{""0"": 32, ""1"": 10, ""4"": 28, ""6"": 30, ""2"": 16, ""3"": 14, ""7"": 34, ""5"": 12}",73.4,71.05333333333333,98.00104192644358,"{""1"": 14, ""6"": 32, ""0"": 10, ""4"": 30, ""5"": 28, ""7"": 12, ""3"": 16, ""2"": 34}",67.0,71.48,"{""0"": 34, ""1"": 32, ""2"": 28, ""3"": 10, ""4"": 14, ""5"": 16, ""6"": 30, ""7"": 12}",66.0,8
autobraid_45.qasm,36.44,0.3442341104149818,"{""0"": 690, ""1"": 230, ""2"": 610, ""3"": 666, ""4"": 226, ""5"": 298, ""6"": 258, ""7"": 312, ""8"": 278, ""9"": 642, ""10"": 638, ""11"": 334, ""12"": 566, ""13"": 340, ""14"": 300, ""15"": 210, ""16"": 658, ""17"": 672, ""18"": 250, ""19"": 702, ""20"": 190, ""21"": 260, ""22"": 202, ""23"": 654, ""24"": 698, ""25"": 590, ""26"": 678, ""27"": 284, ""28"": 634, ""29"": 350, ""30"": 194, ""31"": 636, ""32"": 328, ""33"": 240, ""34"": 580, ""35"": 208, ""36"": 598, ""37"": 316, ""38"": 568, ""39"": 296, ""40"": 606, ""41"": 206, ""42"": 548, ""43"": 628, ""44"": 574, ""45"": 254, ""46"": 198, ""47"": 662, ""48"": 232, ""49"": 668, ""50"": 336, ""51"": 234, ""52"": 352, ""53"": 550, ""54"": 330, ""55"": 686, ""56"": 326, ""57"": 608, ""58"": 224, ""59"": 612, ""60"": 576, ""61"": 318, ""62"": 288, ""63"": 646, ""64"": 324, ""65"": 212, ""66"": 624, ""67"": 302, ""68"": 266, ""69"": 600, ""70"": 276, ""71"": 342, ""72"": 204, ""73"": 332, ""74"": 594, ""75"": 632, ""76"": 562, ""77"": 570, ""78"": 564, ""79"": 586, ""80"": 700, ""81"": 546, ""82"": 692, ""83"": 216, ""84"": 306, ""85"": 248, ""86"": 180, ""87"": 320, ""88"": 552, ""89"": 558, ""90"": 274, ""91"": 578, ""92"": 236, ""93"": 220, ""94"": 344, ""95"": 650, ""96"": 560, ""97"": 656, ""98"": 684, ""99"": 304, ""100"": 694, ""101"": 252, ""102"": 184, ""103"": 696, ""104"": 282, ""105"": 670, ""106"": 192, ""107"": 338, ""108"": 322, ""109"": 618, ""110"": 572, ""111"": 680, ""112"": 286, ""113"": 554, ""114"": 676, ""115"": 218, ""116"": 238, ""117"": 348, ""118"": 544, ""119"": 592, ""120"": 542, ""121"": 532, ""122"": 614, ""123"": 196, ""124"": 246, ""125"": 310, ""126"": 584, ""127"": 222, ""128"": 280, ""129"": 186, ""130"": 294, ""131"": 616, ""132"": 264, ""133"": 262, ""134"": 602, ""135"": 244, ""136"": 536, ""137"": 640, ""138"": 292, ""139"": 268, ""140"": 540, ""141"": 644, ""142"": 256, ""143"": 604, ""144"": 290, ""145"": 314, ""146"": 596, ""147"": 622, ""148"": 538, ""149"": 346, ""150"": 228, ""151"": 648, ""152"": 178, ""153"": 706, ""154"": 674, ""155"": 272, ""156"": 200, ""157"": 620, ""158"": 182, ""159"": 188, ""160"": 652, ""161"": 630, ""162"": 626, ""163"": 704, ""164"": 682, ""165"": 270, ""166"": 588, ""167"": 242, ""168"": 214, ""169"": 556, ""170"": 660, ""171"": 534, ""172"": 664, ""173"": 582, ""174"": 308}",35.6,54.72,"{""0"": 178, ""9"": 184, ""1"": 188, ""8"": 182, ""4"": 180, ""6"": 186, ""12"": 190, ""2"": 192, ""13"": 194, ""3"": 196, ""7"": 198, ""11"": 200, ""14"": 202, ""10"": 204, ""5"": 206, ""143"": 644, ""24"": 552, ""131"": 596, ""54"": 536, ""109"": 332, ""80"": 674, ""64"": 314, ""160"": 582, ""144"": 702, ""65"": 350, ""91"": 248, ""133"": 252, ""136"": 242, ""111"": 680, ""70"": 670, ""44"": 590, ""167"": 224, ""51"": 264, ""19"": 544, ""99"": 632, ""158"": 704, ""31"": 560, ""35"": 266, ""155"": 652, ""126"": 260, ""49"": 650, ""119"": 308, ""73"": 326, ""25"": 240, ""61"": 574, ""97"": 604, ""58"": 628, ""45"": 338, ""173"": 554, ""40"": 706, ""165"": 328, ""88"": 566, ""48"": 214, ""69"": 570, ""82"": 232, ""98"": 330, ""154"": 304, ""32"": 276, ""145"": 280, ""142"": 312, ""172"": 656, ""163"": 684, ""166"": 322, ""28"": 546, ""15"": 334, ""125"": 620, ""134"": 694, ""128"": 220, ""118"": 306, ""100"": 618, ""16"": 564, ""62"": 636, ""140"": 344, ""34"": 672, ""94"": 542, ""36"": 302, ""27"": 668, ""21"": 292, ""149"": 556, ""95"": 664, ""168"": 584, ""102"": 296, ""29"": 638, ""92"": 352, ""43"": 278, ""86"": 268, ""63"": 340, ""57"": 648, ""147"": 532, ""68"": 610, ""41"": 250, ""20"": 286, ""96"": 598, ""170"": 698, ""60"": 602, ""164"": 318, ""39"": 586, ""85"": 606, ""137"": 676, ""117"": 288, ""153"": 282, ""23"": 226, ""52"": 294, ""121"": 654, ""169"": 572, ""141"": 612, ""174"": 222, ""84"": 614, ""59"": 592, ""67"": 660, ""146"": 550, ""112"": 298, ""56"": 580, ""71"": 284, ""113"": 290, ""22"": 568, ""42"": 210, ""101"": 236, ""53"": 700, ""81"": 594, ""47"": 642, ""33"": 540, ""50"": 576, ""171"": 256, ""18"": 696, ""103"": 634, ""116"": 588, ""30"": 562, ""139"": 272, ""75"": 666, ""115"": 686, ""104"": 216, ""114"": 320, ""66"": 646, ""87"": 678, ""37"": 688, ""161"": 228, ""77"": 534, ""26"": 616, ""106"": 640, ""74"": 348, ""55"": 254, ""150"": 212, ""90"": 342, ""132"": 662, ""135"": 230, ""79"": 274, ""89"": 208, ""148"": 316, ""108"": 630, ""127"": 538, ""17"": 558, ""157"": 682, ""156"": 258, ""105"": 548, ""159"": 310, ""120"": 346, ""83"": 336, ""78"": 270, ""124"": 324, ""123"": 626, ""122"": 658, ""138"": 218, ""151"": 246, ""129"": 234, ""162"": 624, ""72"": 690, ""107"": 622, ""130"": 600, ""93"": 692, ""110"": 262, ""76"": 578, ""46"": 238, ""152"": 300, ""38"": 608}",54.2,34.88,5.210058368742466,"{""11"": 230, ""14"": 254, ""12"": 582, ""8"": 182, ""1"": 578, ""0"": 682, ""6"": 214, ""4"": 242, ""5"": 194, ""7"": 196, ""10"": 344, ""9"": 668, ""13"": 256, ""3"": 290, ""2"": 206, ""115"": 188, ""16"": 264, ""155"": 184, ""20"": 280, ""131"": 540, ""27"": 534, ""106"": 610, ""89"": 626, ""36"": 340, ""44"": 178, ""170"": 210, ""125"": 246, ""24"": 612, ""104"": 350, ""174"": 306, ""135"": 262, ""22"": 278, ""78"": 238, ""76"": 674, ""62"": 558, ""111"": 684, ""109"": 266, ""28"": 180, ""172"": 600, ""96"": 538, ""31"": 552, ""21"": 218, ""73"": 596, ""69"": 346, ""120"": 322, ""54"": 664, ""158"": 700, ""149"": 706, ""68"": 568, ""143"": 624, ""152"": 300, ""81"": 692, ""83"": 588, ""71"": 676, ""84"": 220, ""72"": 658, ""148"": 334, ""169"": 228, ""43"": 620, ""167"": 324, ""173"": 352, ""19"": 310, ""145"": 628, ""157"": 298, ""29"": 554, ""100"": 268, ""95"": 644, ""151"": 660, ""56"": 272, ""60"": 688, ""15"": 248, ""53"": 586, ""134"": 672, ""99"": 282, ""144"": 678, ""161"": 550, ""87"": 260, ""139"": 330, ""171"": 562, ""127"": 250, ""119"": 560, ""112"": 648, ""39"": 696, ""58"": 204, ""97"": 294, ""93"": 244, ""49"": 638, ""126"": 240, ""35"": 640, ""67"": 566, ""114"": 224, ""79"": 326, ""133"": 320, ""123"": 536, ""57"": 580, ""38"": 208, ""90"": 594, ""163"": 542, ""98"": 292, ""45"": 670, ""103"": 656, ""146"": 702, ""63"": 614, ""154"": 690, ""166"": 666, ""132"": 570, ""48"": 328, ""160"": 598, ""137"": 606, ""113"": 548, ""66"": 646, ""122"": 630, ""156"": 274, ""23"": 602, ""94"": 694, ""129"": 604, ""116"": 564, ""82"": 686, ""55"": 296, ""70"": 532, ""101"": 190, ""108"": 312, ""140"": 308, ""59"": 304, ""130"": 318, ""41"": 546, ""40"": 276, ""26"": 226, ""164"": 316, ""142"": 636, ""91"": 348, ""51"": 642, ""25"": 288, ""33"": 608, ""17"": 622, ""141"": 574, ""168"": 252, ""65"": 584, ""102"": 592, ""136"": 336, ""118"": 618, ""117"": 652, ""34"": 258, ""74"": 212, ""88"": 634, ""64"": 680, ""124"": 198, ""165"": 650, ""50"": 338, ""147"": 284, ""52"": 302, ""110"": 698, ""80"": 332, ""30"": 200, ""86"": 544, ""37"": 616, ""107"": 236, ""85"": 572, ""61"": 222, ""75"": 632, ""150"": 590, ""32"": 186, ""105"": 556, ""77"": 654, ""18"": 704, ""153"": 202, ""162"": 234, ""159"": 576, ""138"": 232, ""46"": 342, ""92"": 192, ""128"": 662, ""42"": 286, ""47"": 314, ""121"": 270}",29.0,56.16,"{""0"": 576, ""1"": 324, ""2"": 256, ""3"": 216, ""4"": 222, ""5"": 224, ""6"": 556, ""7"": 562, ""8"": 632, ""9"": 570, ""10"": 226, ""11"": 302, ""12"": 250, ""13"": 582, ""14"": 272, ""15"": 274, ""16"": 628, ""17"": 190, ""18"": 692, ""19"": 600, ""20"": 700, ""21"": 178, ""22"": 232, ""23"": 536, ""24"": 642, ""25"": 262, ""26"": 544, ""27"": 680, ""28"": 656, ""29"": 192, ""30"": 566, ""31"": 218, ""32"": 284, ""33"": 288, ""34"": 592, ""35"": 294, ""36"": 704, ""37"": 330, ""38"": 198, ""39"": 228, ""40"": 626, ""41"": 604, ""42"": 252, ""43"": 646, ""44"": 586, ""45"": 602, ""46"": 244, ""47"": 658, ""48"": 674, ""49"": 306, ""50"": 676, ""51"": 678, ""52"": 634, ""53"": 670, ""54"": 186, ""55"": 564, ""56"": 652, ""57"": 300, ""58"": 278, ""59"": 202, ""60"": 318, ""61"": 182, ""62"": 650, ""63"": 266, ""64"": 616, ""65"": 612, ""66"": 310, ""67"": 588, ""68"": 314, ""69"": 552, ""70"": 298, ""71"": 246, ""72"": 260, ""73"": 248, ""74"": 236, ""75"": 648, ""76"": 322, ""77"": 204, ""78"": 630, ""79"": 610, ""80"": 596, ""81"": 210, ""82"": 344, ""83"": 342, ""84"": 238, ""85"": 220, ""86"": 332, ""87"": 644, ""88"": 638, ""89"": 654, ""90"": 622, ""91"": 334, ""92"": 608, ""93"": 538, ""94"": 574, ""95"": 282, ""96"": 268, ""97"": 624, ""98"": 668, ""99"": 696, ""100"": 350, ""101"": 234, ""102"": 336, ""103"": 540, ""104"": 542, ""105"": 684, ""106"": 196, ""107"": 194, ""108"": 280, ""109"": 188, ""110"": 614, ""111"": 640, ""112"": 338, ""113"": 326, ""114"": 316, ""115"": 548, ""116"": 348, ""117"": 270, ""118"": 286, ""119"": 242, ""120"": 184, ""121"": 328, ""122"": 208, ""123"": 688, ""124"": 346, ""125"": 308, ""126"": 200, ""127"": 590, ""128"": 560, ""129"": 292, ""130"": 568, ""131"": 598, ""132"": 686, ""133"": 312, ""134"": 304, ""135"": 532, ""136"": 276, ""137"": 584, ""138"": 620, ""139"": 230, ""140"": 264, ""141"": 212, ""142"": 296, ""143"": 320, ""144"": 706, ""145"": 572, ""146"": 660, ""147"": 534, ""148"": 206, ""149"": 290, ""150"": 698, ""151"": 702, ""152"": 558, ""153"": 546, ""154"": 664, ""155"": 606, ""156"": 636, ""157"": 666, ""158"": 258, ""159"": 550, ""160"": 594, ""161"": 690, ""162"": 682, ""163"": 694, ""164"": 578, ""165"": 214, ""166"": 340, ""167"": 662, ""168"": 618, ""169"": 580, ""170"": 180, ""171"": 672, ""172"": 352, ""173"": 254, ""174"": 554}",48.2,176
grover_0.qasm,84.92,14.244466210901738,"{""0"": 8, ""1"": 10, ""2"": 22, ""3"": 24, ""4"": 26, ""5"": 12}",83.0,86.32,"{""0"": 26, ""1"": 10, ""4"": 24, ""2"": 12, ""3"": 8, ""5"": 22}",85.2,85.82666666666667,213.21479426324368,"{""1"": 12, ""0"": 8, ""5"": 22, ""4"": 24, ""3"": 26, ""2"": 10}",83.8,85.84,"{""0"": 8, ""1"": 10, ""2"": 22, ""3"": 24, ""4"": 12, ""5"": 26}",83.2,6
jku_suite_7.qasm,63.88,2.966214720904828,"{""0"": 34, ""1"": 14, ""2"": 38, ""3"": 18, ""4"": 20, ""5"": 40, ""6"": 36, ""7"": 16, ""8"": 42, ""9"": 12}",60.0,68.72,"{""9"": 12, ""0"": 14, ""1"": 20, ""8"": 38, ""4"": 16, ""6"": 34, ""2"": 36, ""3"": 40, ""7"": 18, ""5"": 42}",64.8,66.57333333333334,44.95158699154854,"{""8"": 36, ""1"": 42, ""0"": 18, ""6"": 40, ""4"": 34, ""5"": 16, ""7"": 14, ""3"": 12, ""2"": 38, ""9"": 20}",62.8,68.48,"{""0"": 34, ""1"": 18, ""2"": 20, ""3"": 42, ""4"": 14, ""5"": 38, ""6"": 16, ""7"": 40, ""8"": 36, ""9"": 12}",66.2,10
quarl_suite_10.qasm,58.88,2.153514944016933,"{""0"": 44, ""1"": 14, ""2"": 20, ""3"": 24, ""4"": 42, ""5"": 50, ""6"": 16, ""7"": 18, ""8"": 48, ""9"": 46, ""10"": 22}",50.8,69.92,"{""0"": 42, ""9"": 46, ""1"": 16, ""8"": 20, ""4"": 44, ""6"": 40, ""2"": 50, ""3"": 18, ""7"": 24, ""10"": 48, ""5"": 22}",65.4,57.973333333333336,32.44358443468809,"{""8"": 48, ""1"": 16, ""0"": 44, ""6"": 18, ""4"": 42, ""5"": 22, ""7"": 40, ""10"": 50, ""9"": 46, ""3"": 24, ""2"": 20}",50.6,65.04,"{""0"": 14, ""1"": 40, ""2"": 42, ""3"": 48, ""4"": 16, ""5"": 50, ""6"": 24, ""7"": 20, ""8"": 18, ""9"": 44, ""10"": 46}",59.4,12
autobraid_36.qasm,24.32,1.509049914777279,"{""0"": 312, ""1"": 200, ""2"": 566, ""3"": 324, ""4"": 322, ""5"": 624, ""6"": 564, ""7"": 256, ""8"": 284, ""9"": 592, ""10"": 574, ""11"": 508, ""12"": 196, ""13"": 664, ""14"": 208, ""15"": 604, ""16"": 598, ""17"": 224, ""18"": 222, ""19"": 248, ""20"": 614, ""21"": 610, ""22"": 540, ""23"": 328, ""24"": 506, ""25"": 588, ""26"": 314, ""27"": 176, ""28"": 236, ""29"": 186, ""30"": 192, ""31"": 292, ""32"": 516, ""33"": 230, ""34"": 608, ""35"": 528, ""36"": 578, ""37"": 596, ""38"": 266, ""39"": 194, ""40"": 190, ""41"": 524, ""42"": 260, ""43"": 226, ""44"": 532, ""45"": 626, ""46"": 548, ""47"": 586, ""48"": 300, ""49"": 232, ""50"": 546, ""51"": 512, ""52"": 188, ""53"": 238, ""54"": 590, ""55"": 270, ""56"": 246, ""57"": 202, ""58"": 268, ""59"": 518, ""60"": 582, ""61"": 666, ""62"": 272, ""63"": 258, ""64"": 274, ""65"": 172, ""66"": 654, ""67"": 530, ""68"": 648, ""69"": 170, ""70"": 552, ""71"": 320, ""72"": 280, ""73"": 550, ""74"": 544, ""75"": 264, ""76"": 584, ""77"": 618, ""78"": 642, ""79"": 294, ""80"": 302, ""81"": 244, ""82"": 212, ""83"": 180, ""84"": 554, ""85"": 656, ""86"": 502, ""87"": 298, ""88"": 252, ""89"": 304, ""90"": 206, ""91"": 330, ""92"": 558, ""93"": 632, ""94"": 560, ""95"": 538, ""96"": 640, ""97"": 240, ""98"": 214, ""99"": 562, ""100"": 306, ""101"": 534, ""102"": 646, ""103"": 638, ""104"": 262, ""105"": 182, ""106"": 526, ""107"": 510, ""108"": 504, ""109"": 184, ""110"": 178, ""111"": 652, ""112"": 288, ""113"": 612, ""114"": 310, ""115"": 542, ""116"": 326, ""117"": 316, ""118"": 234, ""119"": 218, ""120"": 622, ""121"": 616, ""122"": 278, ""123"": 242, ""124"": 204, ""125"": 296, ""126"": 658, ""127"": 174, ""128"": 228, ""129"": 630, ""130"": 602, ""131"": 636, ""132"": 620, ""133"": 594, ""134"": 600, ""135"": 210, ""136"": 318, ""137"": 290, ""138"": 660, ""139"": 576, ""140"": 276, ""141"": 662, ""142"": 580, ""143"": 606, ""144"": 572, ""145"": 250, ""146"": 168, ""147"": 570, ""148"": 286, ""149"": 650, ""150"": 568, ""151"": 216, ""152"": 556, ""153"": 634, ""154"": 520, ""155"": 644, ""156"": 514, ""157"": 522, ""158"": 282, ""159"": 332, ""160"": 254, ""161"": 220, ""162"": 536, ""163"": 628, ""164"": 198}",20.0,53.96,"{""0"": 168, ""9"": 170, ""1"": 172, ""8"": 174, ""4"": 176, ""6"": 178, ""12"": 180, ""2"": 182, ""13"": 184, ""3"": 186, ""7"": 188, ""11"": 190, ""10"": 192, ""5"": 194, ""143"": 594, ""24"": 652, ""131"": 596, ""54"": 312, ""109"": 570, ""80"": 248, ""64"": 268, ""160"": 506, ""144"": 664, ""65"": 510, ""133"": 222, ""91"": 226, ""136"": 608, ""111"": 304, ""44"": 586, ""70"": 328, ""51"": 592, ""19"": 646, ""99"": 576, ""158"": 518, ""31"": 532, ""35"": 600, ""155"": 250, ""126"": 630, ""119"": 618, ""49"": 294, ""73"": 330, ""25"": 548, ""61"": 230, ""97"": 198, ""58"": 604, ""45"": 654, ""40"": 534, ""88"": 544, ""48"": 220, ""82"": 296, ""69"": 650, ""98"": 566, ""154"": 286, ""32"": 540, ""145"": 614, ""142"": 324, ""163"": 528, ""28"": 522, ""15"": 236, ""125"": 228, ""134"": 258, ""128"": 588, ""118"": 536, ""100"": 606, ""16"": 516, ""62"": 628, ""140"": 542, ""34"": 318, ""36"": 636, ""94"": 200, ""27"": 590, ""21"": 610, ""149"": 208, ""95"": 322, ""102"": 264, ""29"": 218, ""92"": 512, ""43"": 644, ""63"": 642, ""86"": 558, ""57"": 252, ""147"": 662, ""41"": 270, ""68"": 206, ""20"": 320, ""96"": 598, ""60"": 666, ""164"": 280, ""39"": 660, ""85"": 602, ""137"": 514, ""117"": 504, ""153"": 196, ""23"": 300, ""52"": 256, ""121"": 538, ""141"": 584, ""84"": 202, ""59"": 572, ""67"": 214, ""112"": 314, ""146"": 246, ""56"": 306, ""71"": 284, ""113"": 282, ""22"": 326, ""42"": 580, ""101"": 502, ""53"": 648, ""81"": 568, ""47"": 640, ""33"": 272, ""50"": 274, ""18"": 582, ""103"": 560, ""116"": 546, ""30"": 232, ""139"": 266, ""75"": 508, ""115"": 632, ""104"": 260, ""114"": 234, ""66"": 224, ""87"": 216, ""37"": 298, ""161"": 574, ""77"": 530, ""26"": 634, ""106"": 288, ""74"": 262, ""55"": 616, ""14"": 204, ""150"": 550, ""90"": 556, ""135"": 638, ""132"": 564, ""79"": 622, ""89"": 554, ""148"": 254, ""108"": 302, ""127"": 276, ""157"": 526, ""17"": 626, ""156"": 624, ""105"": 658, ""159"": 210, ""120"": 242, ""83"": 290, ""124"": 240, ""78"": 310, ""123"": 238, ""122"": 578, ""138"": 316, ""129"": 552, ""151"": 656, ""162"": 292, ""72"": 308, ""107"": 620, ""130"": 332, ""93"": 244, ""110"": 212, ""76"": 612, ""46"": 278, ""152"": 524, ""38"": 520}",47.6,26.52,22.95605818927288,"{""11"": 314, ""12"": 598, ""8"": 212, ""1"": 286, ""0"": 514, ""6"": 540, ""4"": 172, ""5"": 544, ""7"": 596, ""10"": 556, ""9"": 176, ""3"": 648, ""2"": 528, ""115"": 546, ""16"": 282, ""155"": 302, ""20"": 560, ""131"": 614, ""27"": 280, ""106"": 572, ""89"": 570, ""36"": 566, ""44"": 536, ""125"": 322, ""24"": 656, ""104"": 626, ""135"": 616, ""22"": 542, ""78"": 318, ""76"": 642, ""62"": 508, ""111"": 266, ""109"": 520, ""28"": 646, ""96"": 610, ""31"": 628, ""21"": 522, ""73"": 214, ""69"": 590, ""120"": 320, ""54"": 198, ""158"": 512, ""149"": 290, ""68"": 226, ""143"": 662, ""152"": 592, ""81"": 248, ""83"": 240, ""71"": 600, ""84"": 532, ""72"": 276, ""148"": 270, ""43"": 308, ""19"": 194, ""145"": 636, ""157"": 238, ""29"": 246, ""100"": 594, ""95"": 256, ""151"": 324, ""56"": 652, ""60"": 216, ""134"": 208, ""15"": 586, ""53"": 518, ""144"": 574, ""99"": 180, ""161"": 564, ""87"": 328, ""139"": 228, ""127"": 640, ""14"": 650, ""119"": 658, ""112"": 582, ""39"": 530, ""58"": 580, ""97"": 278, ""93"": 604, ""49"": 562, ""126"": 244, ""67"": 236, ""35"": 666, ""114"": 526, ""79"": 584, ""133"": 510, ""123"": 192, ""38"": 200, ""90"": 618, ""57"": 310, ""163"": 312, ""98"": 316, ""103"": 264, ""45"": 188, ""146"": 220, ""63"": 606, ""154"": 578, ""132"": 602, ""48"": 306, ""160"": 206, ""113"": 260, ""66"": 292, ""137"": 274, ""122"": 210, ""156"": 304, ""23"": 502, ""94"": 332, ""129"": 174, ""82"": 506, ""116"": 242, ""55"": 660, ""70"": 184, ""101"": 630, ""108"": 258, ""140"": 294, ""59"": 588, ""130"": 576, ""41"": 254, ""40"": 624, ""26"": 252, ""164"": 620, ""142"": 534, ""91"": 638, ""51"": 230, ""25"": 204, ""33"": 550, ""17"": 186, ""141"": 232, ""65"": 182, ""102"": 330, ""136"": 250, ""118"": 664, ""117"": 288, ""34"": 170, ""74"": 634, ""88"": 632, ""64"": 552, ""124"": 326, ""50"": 608, ""147"": 644, ""52"": 568, ""110"": 612, ""80"": 554, ""13"": 272, ""30"": 224, ""37"": 524, ""86"": 548, ""107"": 202, ""85"": 218, ""75"": 300, ""61"": 178, ""150"": 654, ""32"": 268, ""105"": 262, ""18"": 168, ""77"": 222, ""153"": 538, ""159"": 296, ""162"": 190, ""138"": 516, ""92"": 284, ""46"": 298, ""128"": 234, ""42"": 622, ""47"": 504, ""121"": 196}",21.6,57.76,"{""0"": 604, ""1"": 528, ""2"": 540, ""3"": 238, ""4"": 304, ""5"": 292, ""6"": 520, ""7"": 230, ""8"": 526, ""9"": 180, ""10"": 622, ""11"": 294, ""12"": 596, ""13"": 312, ""14"": 654, ""15"": 174, ""16"": 252, ""17"": 550, ""18"": 658, ""19"": 598, ""20"": 562, ""21"": 638, ""22"": 302, ""23"": 264, ""24"": 556, ""25"": 592, ""26"": 194, ""27"": 564, ""28"": 200, ""29"": 190, ""30"": 664, ""31"": 568, ""32"": 634, ""33"": 260, ""34"": 240, ""35"": 216, ""36"": 548, ""37"": 290, ""38"": 542, ""39"": 506, ""40"": 642, ""41"": 176, ""42"": 510, ""43"": 266, ""44"": 178, ""45"": 514, ""46"": 208, ""47"": 614, ""48"": 646, ""49"": 626, ""50"": 652, ""51"": 214, ""52"": 276, ""53"": 210, ""54"": 610, ""55"": 306, ""56"": 558, ""57"": 632, ""58"": 516, ""59"": 236, ""60"": 184, ""61"": 316, ""62"": 576, ""63"": 274, ""64"": 254, ""65"": 628, ""66"": 328, ""67"": 222, ""68"": 228, ""69"": 246, ""70"": 250, ""71"": 620, ""72"": 522, ""73"": 298, ""74"": 202, ""75"": 574, ""76"": 168, ""77"": 282, ""78"": 648, ""79"": 584, ""80"": 258, ""81"": 656, ""82"": 586, ""83"": 296, ""84"": 242, ""85"": 600, ""86"": 320, ""87"": 606, ""88"": 268, ""89"": 262, ""90"": 554, ""91"": 198, ""92"": 630, ""93"": 636, ""94"": 536, ""95"": 612, ""96"": 518, ""97"": 330, ""98"": 192, ""99"": 532, ""100"": 608, ""101"": 508, ""102"": 248, ""103"": 618, ""104"": 278, ""105"": 662, ""106"": 324, ""107"": 590, ""108"": 624, ""109"": 224, ""110"": 172, ""111"": 544, ""112"": 504, ""113"": 640, ""114"": 284, ""115"": 594, ""116"": 582, ""117"": 220, ""118"": 196, ""119"": 580, ""120"": 212, ""121"": 232, ""122"": 530, ""123"": 300, ""124"": 182, ""125"": 318, ""126"": 244, ""127"": 188, ""128"": 256, ""129"": 546, ""130"": 660, ""131"": 218, ""132"": 570, ""133"": 270, ""134"": 588, ""135"": 226, ""136"": 206, ""137"": 314, ""138"": 524, ""139"": 534, ""140"": 170, ""141"": 538, ""142"": 616, ""143"": 502, ""144"": 560, ""145"": 308, ""146"": 272, ""147"": 666, ""148"": 234, ""149"": 322, ""150"": 644, ""151"": 326, ""152"": 332, ""153"": 186, ""154"": 288, ""155"": 650, ""156"": 512, ""157"": 602, ""158"": 286, ""159"": 578, ""160"": 552, ""161"": 204, ""162"": 280, ""163"": 310, ""164"": 572}",54.4,166
autobraid_4.qasm,32.56,0.4381513625383377,"{""0"": 600, ""1"": 330, ""2"": 294, ""3"": 306, ""4"": 652, ""5"": 588, ""6"": 656, ""7"": 606, ""8"": 608, ""9"": 322, ""10"": 308, ""11"": 274, ""12"": 230, ""13"": 618, ""14"": 562, ""15"": 532, ""16"": 660, ""17"": 592, ""18"": 256, ""19"": 296, ""20"": 604, ""21"": 624, ""22"": 224, ""23"": 556, ""24"": 250, ""25"": 316, ""26"": 302, ""27"": 508, ""28"": 546, ""29"": 312, ""30"": 616, ""31"": 268, ""32"": 170, ""33"": 544, ""34"": 190, ""35"": 278, ""36"": 300, ""37"": 262, ""38"": 280, ""39"": 576, ""40"": 528, ""41"": 540, ""42"": 664, ""43"": 628, ""44"": 292, ""45"": 242, ""46"": 602, ""47"": 554, ""48"": 282, ""49"": 570, ""50"": 328, ""51"": 314, ""52"": 240, ""53"": 622, ""54"": 216, ""55"": 212, ""56"": 200, ""57"": 574, ""58"": 182, ""59"": 504, ""60"": 526, ""61"": 564, ""62"": 644, ""63"": 288, ""64"": 284, ""65"": 636, ""66"": 534, ""67"": 542, ""68"": 518, ""69"": 290, ""70"": 662, ""71"": 172, ""72"": 626, ""73"": 548, ""74"": 176, ""75"": 210, ""76"": 260, ""77"": 580, ""78"": 254, ""79"": 646, ""80"": 208, ""81"": 590, ""82"": 238, ""83"": 596, ""84"": 514, ""85"": 184, ""86"": 246, ""87"": 560, ""88"": 220, ""89"": 178, ""90"": 520, ""91"": 232, ""92"": 594, ""93"": 326, ""94"": 244, ""95"": 248, ""96"": 304, ""97"": 186, ""98"": 614, ""99"": 610, ""100"": 642, ""101"": 226, ""102"": 598, ""103"": 214, ""104"": 582, ""105"": 234, ""106"": 258, ""107"": 188, ""108"": 578, ""109"": 332, ""110"": 204, ""111"": 236, ""112"": 510, ""113"": 502, ""114"": 632, ""115"": 654, ""116"": 252, ""117"": 640, ""118"": 566, ""119"": 666, ""120"": 512, ""121"": 174, ""122"": 550, ""123"": 584, ""124"": 634, ""125"": 270, ""126"": 222, ""127"": 180, ""128"": 318, ""129"": 612, ""130"": 196, ""131"": 202, ""132"": 524, ""133"": 586, ""134"": 620, ""135"": 286, ""136"": 310, ""137"": 536, ""138"": 194, ""139"": 538, ""140"": 192, ""141"": 266, ""142"": 650, ""143"": 276, ""144"": 638, ""145"": 264, ""146"": 630, ""147"": 324, ""148"": 522, ""149"": 558, ""150"": 530, ""151"": 168, ""152"": 218, ""153"": 198, ""154"": 506, ""155"": 516, ""156"": 272, ""157"": 648, ""158"": 572, ""159"": 320, ""160"": 206, ""161"": 298, ""162"": 658, ""163"": 568, ""164"": 552}",29.6,52.48,"{""0"": 168, ""9"": 174, ""1"": 178, ""8"": 172, ""4"": 170, ""6"": 176, ""12"": 180, ""2"": 182, ""3"": 184, ""7"": 186, ""11"": 188, ""10"": 190, ""5"": 192, ""143"": 564, ""24"": 522, ""13"": 220, ""131"": 574, ""54"": 626, ""109"": 232, ""80"": 636, ""64"": 272, ""160"": 616, ""144"": 326, ""65"": 254, ""133"": 242, ""91"": 298, ""136"": 206, ""44"": 292, ""70"": 276, ""111"": 596, ""51"": 546, ""19"": 582, ""99"": 594, ""158"": 250, ""31"": 198, ""35"": 252, ""155"": 530, ""126"": 508, ""49"": 532, ""119"": 548, ""73"": 314, ""25"": 332, ""61"": 308, ""97"": 624, ""58"": 274, ""45"": 556, ""40"": 658, ""88"": 598, ""48"": 246, ""69"": 506, ""82"": 204, ""98"": 584, ""154"": 226, ""32"": 528, ""145"": 194, ""142"": 666, ""163"": 302, ""28"": 576, ""15"": 324, ""125"": 318, ""134"": 558, ""128"": 602, ""118"": 634, ""100"": 234, ""62"": 512, ""16"": 536, ""140"": 538, ""34"": 216, ""36"": 654, ""94"": 630, ""27"": 294, ""21"": 586, ""149"": 264, ""95"": 284, ""102"": 644, ""29"": 266, ""86"": 282, ""92"": 570, ""63"": 202, ""43"": 590, ""57"": 572, ""41"": 552, ""68"": 280, ""147"": 218, ""20"": 258, ""96"": 196, ""60"": 510, ""164"": 330, ""39"": 628, ""85"": 260, ""137"": 310, ""117"": 278, ""153"": 316, ""23"": 248, ""52"": 592, ""121"": 650, ""141"": 304, ""59"": 540, ""84"": 524, ""146"": 620, ""112"": 224, ""67"": 296, ""56"": 300, ""71"": 612, ""113"": 290, ""22"": 566, ""42"": 244, ""101"": 618, ""53"": 554, ""81"": 256, ""47"": 542, ""33"": 534, ""50"": 240, ""18"": 520, ""103"": 526, ""116"": 322, ""139"": 222, ""30"": 642, ""75"": 210, ""115"": 262, ""104"": 588, ""114"": 544, ""66"": 238, ""87"": 640, ""37"": 660, ""161"": 328, ""77"": 606, ""26"": 200, ""106"": 502, ""74"": 662, ""55"": 518, ""14"": 236, ""150"": 514, ""90"": 568, ""132"": 320, ""135"": 212, ""79"": 268, ""89"": 208, ""148"": 652, ""108"": 516, ""127"": 600, ""17"": 638, ""157"": 228, ""156"": 560, ""105"": 610, ""159"": 504, ""120"": 580, ""83"": 632, ""124"": 214, ""78"": 270, ""123"": 648, ""122"": 550, ""138"": 646, ""129"": 288, ""151"": 608, ""162"": 286, ""72"": 578, ""107"": 604, ""130"": 562, ""93"": 312, ""110"": 230, ""76"": 306, ""46"": 664, ""152"": 656, ""38"": 614}",48.2,33.10666666666667,6.645349368453026,"{""11"": 246, ""12"": 620, ""8"": 526, ""1"": 226, ""0"": 202, ""6"": 590, ""4"": 648, ""5"": 240, ""7"": 184, ""10"": 554, ""9"": 572, ""3"": 552, ""2"": 192, ""115"": 300, ""16"": 266, ""155"": 196, ""20"": 272, ""131"": 586, ""27"": 596, ""106"": 578, ""89"": 210, ""36"": 638, ""44"": 576, ""125"": 654, ""24"": 228, ""104"": 250, ""135"": 566, ""22"": 602, ""62"": 254, ""78"": 236, ""76"": 518, ""111"": 512, ""109"": 544, ""28"": 560, ""96"": 234, ""31"": 634, ""21"": 520, ""73"": 636, ""69"": 286, ""120"": 304, ""54"": 328, ""158"": 208, ""68"": 320, ""149"": 536, ""143"": 310, ""152"": 632, ""81"": 664, ""83"": 656, ""71"": 172, ""84"": 318, ""72"": 264, ""148"": 564, ""43"": 188, ""19"": 582, ""145"": 502, ""157"": 302, ""29"": 524, ""100"": 204, ""95"": 640, ""151"": 598, ""56"": 616, ""60"": 522, ""134"": 222, ""15"": 546, ""53"": 538, ""144"": 626, ""99"": 322, ""161"": 660, ""87"": 282, ""139"": 600, ""14"": 630, ""127"": 280, ""119"": 198, ""112"": 316, ""39"": 308, ""58"": 306, ""97"": 232, ""49"": 530, ""93"": 594, ""126"": 288, ""35"": 604, ""67"": 314, ""114"": 608, ""79"": 244, ""133"": 556, ""123"": 584, ""57"": 540, ""38"": 532, ""90"": 212, ""163"": 326, ""98"": 646, ""45"": 534, ""103"": 528, ""146"": 258, ""63"": 224, ""154"": 622, ""132"": 292, ""48"": 332, ""113"": 298, ""66"": 274, ""137"": 606, ""160"": 516, ""122"": 312, ""156"": 324, ""23"": 174, ""94"": 182, ""129"": 190, ""55"": 200, ""82"": 666, ""116"": 284, ""70"": 618, ""101"": 570, ""108"": 294, ""140"": 548, ""59"": 550, ""41"": 614, ""130"": 206, ""40"": 176, ""26"": 644, ""164"": 216, ""142"": 194, ""91"": 296, ""51"": 252, ""25"": 218, ""33"": 610, ""17"": 568, ""141"": 662, ""65"": 276, ""102"": 260, ""136"": 592, ""118"": 262, ""117"": 220, ""34"": 270, ""74"": 624, ""88"": 508, ""64"": 278, ""124"": 268, ""50"": 558, ""147"": 642, ""52"": 588, ""110"": 514, ""80"": 290, ""13"": 186, ""30"": 506, ""86"": 170, ""37"": 650, ""107"": 574, ""85"": 658, ""61"": 178, ""75"": 180, ""150"": 562, ""32"": 330, ""105"": 230, ""18"": 504, ""77"": 628, ""153"": 580, ""162"": 214, ""159"": 248, ""138"": 256, ""92"": 652, ""46"": 238, ""128"": 542, ""42"": 242, ""47"": 168, ""121"": 510}",29.0,56.04,"{""0"": 278, ""1"": 540, ""2"": 512, ""3"": 592, ""4"": 192, ""5"": 658, ""6"": 606, ""7"": 214, ""8"": 298, ""9"": 174, ""10"": 296, ""11"": 648, ""12"": 554, ""13"": 292, ""14"": 590, ""15"": 300, ""16"": 514, ""17"": 518, ""18"": 662, ""19"": 312, ""20"": 268, ""21"": 568, ""22"": 602, ""23"": 666, ""24"": 632, ""25"": 168, ""26"": 270, ""27"": 222, ""28"": 534, ""29"": 660, ""30"": 250, ""31"": 260, ""32"": 330, ""33"": 248, ""34"": 542, ""35"": 218, ""36"": 642, ""37"": 202, ""38"": 224, ""39"": 588, ""40"": 332, ""41"": 546, ""42"": 254, ""43"": 504, ""44"": 574, ""45"": 522, ""46"": 560, ""47"": 184, ""48"": 188, ""49"": 544, ""50"": 220, ""51"": 576, ""52"": 328, ""53"": 596, ""54"": 508, ""55"": 654, ""56"": 506, ""57"": 618, ""58"": 646, ""59"": 614, ""60"": 636, ""61"": 282, ""62"": 304, ""63"": 306, ""64"": 622, ""65"": 284, ""66"": 276, ""67"": 538, ""68"": 502, ""69"": 628, ""70"": 604, ""71"": 586, ""72"": 594, ""73"": 650, ""74"": 310, ""75"": 578, ""76"": 550, ""77"": 266, ""78"": 520, ""79"": 208, ""80"": 262, ""81"": 170, ""82"": 644, ""83"": 612, ""84"": 244, ""85"": 572, ""86"": 226, ""87"": 204, ""88"": 562, ""89"": 236, ""90"": 210, ""91"": 320, ""92"": 316, ""93"": 524, ""94"": 294, ""95"": 272, ""96"": 566, ""97"": 240, ""98"": 564, ""99"": 190, ""100"": 288, ""101"": 178, ""102"": 600, ""103"": 290, ""104"": 308, ""105"": 638, ""106"": 246, ""107"": 280, ""108"": 274, ""109"": 200, ""110"": 314, ""111"": 264, ""112"": 256, ""113"": 324, ""114"": 630, ""115"": 176, ""116"": 228, ""117"": 558, ""118"": 232, ""119"": 624, ""120"": 552, ""121"": 326, ""122"": 584, ""123"": 194, ""124"": 510, ""125"": 616, ""126"": 302, ""127"": 640, ""128"": 206, ""129"": 196, ""130"": 548, ""131"": 598, ""132"": 652, ""133"": 570, ""134"": 610, ""135"": 626, ""136"": 258, ""137"": 322, ""138"": 242, ""139"": 526, ""140"": 172, ""141"": 238, ""142"": 180, ""143"": 198, ""144"": 516, ""145"": 286, ""146"": 620, ""147"": 530, ""148"": 528, ""149"": 212, ""150"": 216, ""151"": 664, ""152"": 656, ""153"": 182, ""154"": 608, ""155"": 582, ""156"": 536, ""157"": 186, ""158"": 580, ""159"": 230, ""160"": 234, ""161"": 252, ""162"": 532, ""163"": 556, ""164"": 634}",53.0,166
quarl_suite_5.qasm,78.2,3.3910845100879667,"{""0"": 12, ""1"": 36, ""2"": 34, ""3"": 14, ""4"": 40, ""5"": 18, ""6"": 20, ""7"": 42, ""8"": 16, ""9"": 38}",72.0,81.36,"{""0"": 38, ""1"": 12, ""8"": 42, ""4"": 14, ""6"": 20, ""2"": 36, ""3"": 18, ""7"": 40, ""5"": 16, ""9"": 34}",74.0,77.28,51.419708751142025,"{""8"": 36, ""1"": 20, ""0"": 40, ""6"": 14, ""4"": 34, ""5"": 38, ""7"": 12, ""3"": 18, ""2"": 16, ""9"": 42}",70.0,80.48,"{""0"": 16, ""1"": 14, ""2"": 12, ""3"": 18, ""4"": 34, ""5"": 38, ""6"": 42, ""7"": 36, ""8"": 20, ""9"": 40}",75.2,10
autobraid_32.qasm,44.56,1.5954780623316764,"{""0"": 106, ""1"": 172, ""2"": 202, ""3"": 188, ""4"": 218, ""5"": 216, ""6"": 208, ""7"": 74, ""8"": 180, ""9"": 96, ""10"": 200, ""11"": 168, ""12"": 70, ""13"": 198, ""14"": 90, ""15"": 76, ""16"": 192, ""17"": 92, ""18"": 62, ""19"": 80, ""20"": 66, ""21"": 190, ""22"": 186, ""23"": 102, ""24"": 72, ""25"": 98, ""26"": 196, ""27"": 174, ""28"": 58, ""29"": 194, ""30"": 100, ""31"": 82, ""32"": 94, ""33"": 78, ""34"": 60, ""35"": 182, ""36"": 214, ""37"": 84, ""38"": 206, ""39"": 86, ""40"": 88, ""41"": 210, ""42"": 166, ""43"": 104, ""44"": 204, ""45"": 170, ""46"": 56, ""47"": 178, ""48"": 64, ""49"": 176, ""50"": 184, ""51"": 108, ""52"": 212, ""53"": 68}",42.0,65.68,"{""0"": 56, ""9"": 58, ""1"": 68, ""8"": 64, ""4"": 66, ""6"": 60, ""12"": 62, ""2"": 70, ""3"": 72, ""7"": 74, ""11"": 76, ""10"": 78, ""5"": 80, ""39"": 88, ""24"": 204, ""37"": 180, ""13"": 174, ""28"": 184, ""15"": 108, ""26"": 200, ""14"": 196, ""23"": 218, ""52"": 178, ""44"": 98, ""51"": 170, ""19"": 194, ""16"": 198, ""31"": 102, ""35"": 188, ""17"": 210, ""49"": 90, ""22"": 104, ""25"": 206, ""34"": 166, ""42"": 192, ""36"": 86, ""53"": 84, ""27"": 182, ""21"": 168, ""45"": 96, ""47"": 106, ""33"": 172, ""50"": 190, ""32"": 212, ""40"": 214, ""29"": 186, ""48"": 208, ""18"": 100, ""43"": 216, ""30"": 202, ""41"": 92, ""46"": 176, ""20"": 94, ""38"": 82}",62.6,43.78666666666667,24.30488818883896,"{""11"": 60, ""12"": 66, ""8"": 70, ""1"": 184, ""0"": 104, ""6"": 214, ""4"": 200, ""5"": 208, ""7"": 62, ""10"": 216, ""9"": 204, ""3"": 64, ""2"": 180, ""16"": 86, ""45"": 174, ""20"": 68, ""34"": 212, ""27"": 182, ""19"": 198, ""44"": 108, ""36"": 202, ""29"": 74, ""24"": 166, ""50"": 178, ""48"": 206, ""52"": 78, ""22"": 92, ""15"": 96, ""53"": 176, ""28"": 186, ""23"": 106, ""13"": 172, ""31"": 76, ""21"": 168, ""30"": 100, ""37"": 82, ""14"": 80, ""32"": 72, ""41"": 218, ""39"": 94, ""18"": 102, ""26"": 88, ""40"": 170, ""49"": 56, ""51"": 90, ""25"": 196, ""33"": 84, ""35"": 188, ""46"": 192, ""17"": 210, ""38"": 190, ""42"": 194, ""47"": 58, ""43"": 98}",40.2,65.8,"{""0"": 70, ""1"": 76, ""2"": 176, ""3"": 178, ""4"": 96, ""5"": 188, ""6"": 214, ""7"": 182, ""8"": 84, ""9"": 74, ""10"": 204, ""11"": 68, ""12"": 186, ""13"": 102, ""14"": 88, ""15"": 72, ""16"": 202, ""17"": 192, ""18"": 190, ""19"": 64, ""20"": 100, ""21"": 166, ""22"": 212, ""23"": 210, ""24"": 56, ""25"": 62, ""26"": 206, ""27"": 60, ""28"": 196, ""29"": 180, ""30"": 104, ""31"": 172, ""32"": 86, ""33"": 94, ""34"": 108, ""35"": 90, ""36"": 194, ""37"": 170, ""38"": 168, ""39"": 98, ""40"": 200, ""41"": 80, ""42"": 184, ""43"": 66, ""44"": 218, ""45"": 92, ""46"": 208, ""47"": 78, ""48"": 106, ""49"": 82, ""50"": 58, ""51"": 198, ""52"": 216, ""53"": 174}",63.2,54
jku_suite_28.qasm,85.68,8.393952782452107,"{""0"": 12, ""1"": 10, ""2"": 26, ""3"": 8, ""4"": 22}",82.2,85.64,"{""0"": 12, ""1"": 22, ""4"": 26, ""2"": 10, ""3"": 8}",83.8,85.85333333333334,126.17807559669018,"{""0"": 26, ""4"": 12, ""2"": 22, ""3"": 8, ""1"": 10}",82.8,87.12,"{""0"": 26, ""1"": 24, ""2"": 12, ""3"": 10, ""4"": 8}",85.0,6
jku_suite_73.qasm,56.64,3.93880400955677,"{""0"": 42, ""1"": 40, ""2"": 12, ""3"": 18, ""4"": 16, ""5"": 36, ""6"": 38, ""7"": 20, ""8"": 34}",51.6,60.0,"{""0"": 42, ""1"": 40, ""8"": 14, ""4"": 34, ""6"": 12, ""2"": 38, ""7"": 36, ""3"": 20, ""5"": 18}",57.4,52.77333333333333,58.8824874162674,"{""8"": 36, ""1"": 42, ""6"": 14, ""7"": 16, ""0"": 20, ""4"": 12, ""5"": 38, ""3"": 18, ""2"": 34}",45.0,56.28,"{""0"": 18, ""1"": 42, ""2"": 34, ""3"": 16, ""4"": 38, ""5"": 36, ""6"": 12, ""7"": 40, ""8"": 14}",47.6,10
shor_1.qasm,83.36,8.068169465661049,"{""0"": 14, ""1"": 40, ""2"": 44, ""3"": 46, ""4"": 42, ""5"": 22, ""6"": 48, ""7"": 50, ""8"": 18, ""9"": 24, ""10"": 16, ""11"": 20}",81.4,85.8,"{""9"": 18, ""0"": 24, ""1"": 20, ""8"": 48, ""4"": 14, ""6"": 40, ""2"": 46, ""7"": 22, ""3"": 50, ""11"": 16, ""10"": 44, ""5"": 42}",83.0,82.93333333333334,132.7683581188321,"{""11"": 46, ""8"": 40, ""1"": 16, ""0"": 42, ""6"": 22, ""4"": 18, ""5"": 48, ""7"": 24, ""10"": 44, ""9"": 50, ""3"": 20, ""2"": 14}",80.0,86.8,"{""0"": 14, ""1"": 24, ""2"": 16, ""3"": 46, ""4"": 50, ""5"": 40, ""6"": 44, ""7"": 18, ""8"": 20, ""9"": 22, ""10"": 48, ""11"": 42}",84.0,12
jku_suite_43.qasm,55.28,2.6185512468218803,"{""0"": 20, ""1"": 40, ""2"": 34, ""3"": 38, ""4"": 14, ""5"": 42, ""6"": 18, ""7"": 36, ""8"": 16, ""9"": 12}",50.4,59.96,"{""0"": 12, ""1"": 20, ""8"": 16, ""4"": 42, ""6"": 34, ""2"": 40, ""3"": 14, ""7"": 38, ""5"": 36, ""9"": 18}",53.4,55.09333333333333,39.1392657905817,"{""8"": 34, ""1"": 36, ""0"": 20, ""6"": 40, ""4"": 12, ""5"": 42, ""7"": 18, ""3"": 38, ""2"": 16, ""9"": 14}",48.8,60.68,"{""0"": 14, ""1"": 16, ""2"": 40, ""3"": 20, ""4"": 34, ""5"": 18, ""6"": 42, ""7"": 38, ""8"": 36, ""9"": 12}",57.0,10
jku_suite_80.qasm,84.96,7.014908593893051,"{""0"": 22, ""1"": 26, ""2"": 8, ""3"": 24, ""4"": 12}",83.8,84.04,"{""0"": 8, ""1"": 26, ""4"": 12, ""2"": 10, ""3"": 22}",80.0,83.54666666666667,104.66849707812072,"{""0"": 24, ""4"": 26, ""2"": 10, ""3"": 22, ""1"": 12}",79.2,83.12,"{""0"": 24, ""1"": 10, ""2"": 26, ""3"": 12, ""4"": 8}",79.0,6
jku_suite_3.qasm,63.0,4.846126312017441,"{""0"": 12, ""1"": 16, ""2"": 32, ""3"": 10, ""4"": 34, ""5"": 30, ""6"": 14}",59.6,68.04,"{""0"": 34, ""1"": 10, ""4"": 16, ""6"": 28, ""2"": 30, ""3"": 32, ""5"": 14}",63.6,64.34666666666666,72.76821251958609,"{""0"": 30, ""6"": 14, ""5"": 10, ""4"": 34, ""2"": 32, ""3"": 28, ""1"": 16}",57.6,68.24,"{""0"": 14, ""1"": 34, ""2"": 28, ""3"": 10, ""4"": 32, ""5"": 30, ""6"": 16}",64.2,8
autobraid_30.qasm,70.88,5.567221750319004,"{""0"": 42, ""1"": 38, ""2"": 108, ""3"": 34, ""4"": 50, ""5"": 114, ""6"": 52, ""7"": 102, ""8"": 44, ""9"": 40, ""10"": 90, ""11"": 48, ""12"": 30, ""13"": 106, ""14"": 92, ""15"": 46, ""16"": 112, ""17"": 104, ""18"": 94, ""19"": 56, ""20"": 88, ""21"": 36, ""22"": 96, ""23"": 100, ""24"": 54, ""25"": 32, ""26"": 98}",67.4,83.12,"{""0"": 32, ""1"": 30, ""4"": 36, ""6"": 34, ""2"": 38, ""3"": 40, ""5"": 42, ""12"": 94, ""13"": 98, ""24"": 48, ""15"": 56, ""7"": 102, ""26"": 88, ""14"": 46, ""23"": 96, ""19"": 90, ""16"": 92, ""17"": 44, ""9"": 50, ""8"": 114, ""22"": 106, ""25"": 112, ""21"": 100, ""11"": 108, ""18"": 52, ""20"": 104, ""10"": 54}",76.4,70.09333333333333,84.89493047446012,"{""1"": 42, ""0"": 102, ""6"": 98, ""4"": 30, ""5"": 48, ""3"": 94, ""2"": 108, ""11"": 36, ""16"": 32, ""20"": 90, ""19"": 44, ""10"": 104, ""9"": 112, ""24"": 96, ""12"": 34, ""22"": 56, ""15"": 38, ""23"": 110, ""13"": 46, ""21"": 100, ""14"": 88, ""8"": 40, ""7"": 52, ""18"": 114, ""26"": 54, ""25"": 106, ""17"": 50}",66.6,79.92,"{""0"": 96, ""1"": 90, ""2"": 100, ""3"": 94, ""4"": 54, ""5"": 112, ""6"": 36, ""7"": 30, ""8"": 40, ""9"": 114, ""10"": 52, ""11"": 48, ""12"": 44, ""13"": 32, ""14"": 102, ""15"": 56, ""16"": 46, ""17"": 92, ""18"": 42, ""19"": 98, ""20"": 104, ""21"": 38, ""22"": 106, ""23"": 110, ""24"": 108, ""25"": 34, ""26"": 50}",78.6,28
quest_suite_14.qasm,54.4,1.293611466884613,"{""0"": 26, ""1"": 56, ""2"": 54, ""3"": 30, ""4"": 66, ""5"": 32, ""6"": 20, ""7"": 18, ""8"": 62, ""9"": 24, ""10"": 22, ""11"": 52, ""12"": 58, ""13"": 28, ""14"": 60}",48.6,62.48,"{""9"": 54, ""0"": 64, ""1"": 30, ""8"": 52, ""4"": 26, ""6"": 56, ""12"": 18, ""2"": 28, ""13"": 22, ""7"": 32, ""3"": 24, ""11"": 66, ""14"": 20, ""10"": 60, ""5"": 62}",58.6,51.266666666666666,19.55560012161732,"{""11"": 32, ""14"": 60, ""12"": 22, ""8"": 56, ""1"": 24, ""6"": 64, ""7"": 66, ""10"": 30, ""5"": 52, ""13"": 54, ""4"": 28, ""9"": 26, ""0"": 18, ""3"": 20, ""2"": 62}",45.6,63.2,"{""0"": 32, ""1"": 64, ""2"": 56, ""3"": 24, ""4"": 60, ""5"": 62, ""6"": 18, ""7"": 58, ""8"": 28, ""9"": 52, ""10"": 54, ""11"": 20, ""12"": 66, ""13"": 26, ""14"": 22}",53.8,16
jku_suite_44.qasm,62.12,4.876763741672039,"{""0"": 14, ""1"": 18, ""2"": 38, ""3"": 20, ""4"": 40, ""5"": 42, ""6"": 34, ""7"": 36, ""8"": 12}",60.8,60.56,"{""0"": 16, ""1"": 20, ""8"": 14, ""4"": 12, ""6"": 42, ""2"": 38, ""7"": 40, ""3"": 36, ""5"": 34}",55.4,60.70666666666666,73.85196346789598,"{""8"": 14, ""6"": 20, ""7"": 40, ""4"": 36, ""5"": 34, ""0"": 18, ""2"": 38, ""3"": 12, ""1"": 42}",55.6,61.84,"{""0"": 16, ""1"": 38, ""2"": 36, ""3"": 12, ""4"": 40, ""5"": 34, ""6"": 20, ""7"": 42, ""8"": 18}",60.2,10
qft_4.qasm,8.0,2.477078621089458,"{""0"": 208, ""1"": 90, ""2"": 178, ""3"": 196, ""4"": 194, ""5"": 204, ""6"": 60, ""7"": 66, ""8"": 68, ""9"": 186, ""10"": 72, ""11"": 218, ""12"": 190, ""13"": 192, ""14"": 166, ""15"": 214, ""16"": 80, ""17"": 82, ""18"": 96, ""19"": 98, ""20"": 176, ""21"": 108, ""22"": 58, ""23"": 106, ""24"": 78, ""25"": 74, ""26"": 172, ""27"": 86, ""28"": 92, ""29"": 70, ""30"": 180, ""31"": 168, ""32"": 210, ""33"": 62, ""34"": 64, ""35"": 216, ""36"": 102, ""37"": 184, ""38"": 188, ""39"": 182, ""40"": 56, ""41"": 94, ""42"": 104, ""43"": 76, ""44"": 202, ""45"": 206, ""46"": 198, ""47"": 84, ""48"": 212, ""49"": 88, ""50"": 100, ""51"": 170, ""52"": 174}",8.0,8.4,"{""0"": 62, ""1"": 58, ""4"": 56, ""6"": 60, ""2"": 64, ""3"": 66, ""5"": 68, ""39"": 88, ""37"": 178, ""13"": 214, ""24"": 196, ""12"": 86, ""28"": 168, ""15"": 184, ""7"": 108, ""26"": 72, ""14"": 200, ""23"": 202, ""52"": 174, ""44"": 188, ""51"": 210, ""19"": 76, ""16"": 176, ""31"": 96, ""35"": 194, ""9"": 82, ""17"": 212, ""49"": 102, ""8"": 104, ""22"": 218, ""34"": 190, ""25"": 182, ""42"": 84, ""46"": 208, ""36"": 98, ""27"": 172, ""45"": 192, ""47"": 166, ""21"": 80, ""11"": 90, ""33"": 198, ""50"": 100, ""40"": 206, ""29"": 204, ""48"": 170, ""18"": 106, ""43"": 70, ""30"": 216, ""41"": 92, ""32"": 180, ""20"": 94, ""10"": 78, ""38"": 186}",8.0,7.933333333333334,18.776286222040653,"{""1"": 88, ""0"": 58, ""6"": 190, ""4"": 100, ""5"": 108, ""3"": 210, ""2"": 68, ""11"": 92, ""45"": 214, ""16"": 72, ""20"": 194, ""34"": 216, ""27"": 98, ""19"": 76, ""36"": 182, ""10"": 200, ""44"": 80, ""29"": 204, ""9"": 90, ""24"": 168, ""50"": 192, ""48"": 198, ""52"": 172, ""12"": 176, ""22"": 96, ""15"": 64, ""28"": 166, ""23"": 174, ""13"": 66, ""31"": 188, ""30"": 218, ""21"": 212, ""37"": 60, ""14"": 186, ""8"": 106, ""32"": 178, ""7"": 202, ""40"": 102, ""18"": 84, ""26"": 82, ""39"": 86, ""41"": 184, ""49"": 70, ""51"": 196, ""25"": 78, ""33"": 56, ""35"": 170, ""46"": 94, ""17"": 62, ""38"": 208, ""42"": 74, ""47"": 180, ""43"": 104}",7.0,7.64,"{""0"": 216, ""1"": 182, ""2"": 174, ""3"": 204, ""4"": 56, ""5"": 94, ""6"": 82, ""7"": 184, ""8"": 198, ""9"": 104, ""10"": 80, ""11"": 84, ""12"": 218, ""13"": 108, ""14"": 74, ""15"": 78, ""16"": 190, ""17"": 210, ""18"": 98, ""19"": 88, ""20"": 60, ""21"": 202, ""22"": 194, ""23"": 86, ""24"": 200, ""25"": 178, ""26"": 102, ""27"": 166, ""28"": 176, ""29"": 68, ""30"": 76, ""31"": 180, ""32"": 212, ""33"": 62, ""34"": 70, ""35"": 170, ""36"": 72, ""37"": 64, ""38"": 206, ""39"": 196, ""40"": 66, ""41"": 92, ""42"": 106, ""43"": 188, ""44"": 214, ""45"": 208, ""46"": 186, ""47"": 192, ""48"": 100, ""49"": 58, ""50"": 172, ""51"": 168, ""52"": 90}",7.0,54
quarl_suite_7.qasm,64.2,3.3454417437314987,"{""0"": 34, ""1"": 40, ""2"": 14, ""3"": 20, ""4"": 16, ""5"": 12, ""6"": 42, ""7"": 18, ""8"": 36}",61.0,71.76,"{""0"": 18, ""1"": 38, ""8"": 40, ""4"": 12, ""6"": 36, ""2"": 34, ""3"": 42, ""7"": 14, ""5"": 20}",68.6,67.46666666666667,50.45814906060696,"{""8"": 42, ""1"": 40, ""6"": 12, ""0"": 20, ""4"": 38, ""5"": 14, ""7"": 18, ""3"": 36, ""2"": 34}",62.2,73.44,"{""0"": 16, ""1"": 36, ""2"": 40, ""3"": 38, ""4"": 18, ""5"": 42, ""6"": 14, ""7"": 34, ""8"": 12}",70.2,10
jku_suite_1.qasm,66.2,7.088557828962803,"{""0"": 36, ""1"": 42, ""2"": 12, ""3"": 34, ""4"": 14, ""5"": 16, ""6"": 38, ""7"": 20, ""8"": 18}",62.6,67.48,"{""0"": 42, ""1"": 20, ""8"": 38, ""4"": 34, ""6"": 12, ""2"": 16, ""3"": 36, ""7"": 40, ""5"": 14}",63.6,65.82666666666667,105.63253151625396,"{""8"": 20, ""1"": 40, ""0"": 42, ""7"": 18, ""4"": 36, ""5"": 12, ""6"": 14, ""3"": 16, ""2"": 34}",61.6,67.04,"{""0"": 16, ""1"": 42, ""2"": 18, ""3"": 14, ""4"": 40, ""5"": 36, ""6"": 20, ""7"": 34, ""8"": 12}",62.4,10
quest_suite_0.qasm,102.0,0.0066502526402473,"{""0"": 6, ""1"": 18, ""2"": 16, ""3"": 8}",102.0,102.0,"{""0"": 16, ""1"": 18, ""2"": 8, ""3"": 6}",102.0,102.0,0.0614340305328369,"{""1"": 18, ""0"": 6, ""3"": 16, ""2"": 8}",102.0,102.0,"{""0"": 8, ""1"": 18, ""2"": 6, ""3"": 16}",102.0,4
quest_suite_17.qasm,80.4,5.627722096443176,"{""0"": 20, ""1"": 38, ""2"": 40, ""3"": 36, ""4"": 16, ""5"": 18, ""6"": 42, ""7"": 14, ""8"": 12}",77.0,88.0,"{""0"": 40, ""1"": 18, ""8"": 16, ""4"": 38, ""6"": 36, ""2"": 20, ""3"": 42, ""7"": 12, ""5"": 14}",85.0,82.8,84.68769180774689,"{""8"": 36, ""1"": 14, ""6"": 20, ""7"": 34, ""4"": 18, ""5"": 12, ""0"": 40, ""3"": 42, ""2"": 16}",79.0,85.72,"{""0"": 18, ""1"": 16, ""2"": 42, ""3"": 36, ""4"": 12, ""5"": 20, ""6"": 34, ""7"": 40, ""8"": 14}",83.4,10
quarl_suite_12.qasm,78.92,3.482268820703029,"{""0"": 16, ""1"": 20, ""2"": 42, ""3"": 14, ""4"": 40, ""5"": 38, ""6"": 18, ""7"": 34, ""8"": 36, ""9"": 12}",72.0,83.08,"{""0"": 40, ""1"": 42, ""8"": 12, ""4"": 18, ""6"": 16, ""2"": 38, ""3"": 36, ""7"": 34, ""5"": 20, ""9"": 14}",77.0,77.38666666666667,52.865503244102,"{""8"": 38, ""1"": 34, ""0"": 42, ""6"": 14, ""4"": 36, ""5"": 20, ""7"": 40, ""3"": 16, ""2"": 12, ""9"": 18}",70.8,82.64,"{""0"": 14, ""1"": 36, ""2"": 34, ""3"": 12, ""4"": 16, ""5"": 38, ""6"": 40, ""7"": 42, ""8"": 18, ""9"": 20}",76.2,10
jku_suite_92.qasm,47.6,2.728051503002644,"{""0"": 46, ""1"": 16, ""2"": 52, ""3"": 24, ""4"": 20, ""5"": 48, ""6"": 18, ""7"": 22, ""8"": 58, ""9"": 26, ""10"": 56, ""11"": 28, ""12"": 50}",41.2,52.64,"{""0"": 48, ""9"": 18, ""1"": 52, ""8"": 20, ""4"": 24, ""6"": 28, ""12"": 54, ""2"": 56, ""7"": 26, ""3"": 50, ""11"": 16, ""10"": 46, ""5"": 58}",50.0,45.36,41.18131633847952,"{""11"": 22, ""12"": 54, ""8"": 24, ""1"": 46, ""0"": 18, ""6"": 50, ""4"": 28, ""5"": 16, ""7"": 58, ""10"": 26, ""9"": 52, ""3"": 56, ""2"": 20}",39.0,52.24,"{""0"": 18, ""1"": 48, ""2"": 50, ""3"": 52, ""4"": 24, ""5"": 58, ""6"": 20, ""7"": 54, ""8"": 16, ""9"": 28, ""10"": 56, ""11"": 26, ""12"": 46}",48.0,14
qft_5.qasm,27.32,1.0208224028348922,"{""0"": 34, ""1"": 38, ""2"": 94, ""3"": 32, ""4"": 88, ""5"": 80, ""6"": 36, ""7"": 76, ""8"": 44, ""9"": 28, ""10"": 98, ""11"": 90, ""12"": 84, ""13"": 30, ""14"": 92, ""15"": 42, ""16"": 96, ""17"": 86, ""18"": 78, ""19"": 26, ""20"": 40, ""21"": 82, ""22"": 46}",27.0,27.64,"{""0"": 30, ""1"": 28, ""4"": 32, ""6"": 34, ""2"": 26, ""3"": 76, ""5"": 36, ""9"": 44, ""17"": 80, ""11"": 88, ""8"": 42, ""22"": 92, ""12"": 86, ""13"": 94, ""18"": 82, ""15"": 78, ""7"": 40, ""21"": 90, ""19"": 48, ""14"": 38, ""20"": 98, ""16"": 84, ""10"": 46}",27.0,27.546666666666667,13.141794979572296,"{""1"": 44, ""0"": 30, ""6"": 36, ""4"": 98, ""5"": 32, ""3"": 42, ""2"": 82, ""16"": 28, ""11"": 40, ""12"": 88, ""20"": 90, ""22"": 34, ""14"": 94, ""8"": 76, ""15"": 48, ""19"": 84, ""17"": 80, ""13"": 46, ""7"": 92, ""10"": 96, ""18"": 26, ""21"": 86, ""9"": 38}",27.0,28.76,"{""0"": 32, ""1"": 82, ""2"": 80, ""3"": 44, ""4"": 88, ""5"": 42, ""6"": 76, ""7"": 48, ""8"": 38, ""9"": 78, ""10"": 36, ""11"": 86, ""12"": 30, ""13"": 94, ""14"": 96, ""15"": 98, ""16"": 26, ""17"": 46, ""18"": 90, ""19"": 92, ""20"": 34, ""21"": 28, ""22"": 84}",27.4,24
jku_suite_33.qasm,57.08,3.189689688384533,"{""0"": 20, ""1"": 24, ""2"": 28, ""3"": 58, ""4"": 46, ""5"": 16, ""6"": 52, ""7"": 18, ""8"": 48, ""9"": 54, ""10"": 26, ""11"": 56, ""12"": 22, ""13"": 50}",52.6,61.68,"{""0"": 18, ""9"": 56, ""1"": 52, ""8"": 16, ""4"": 22, ""6"": 26, ""12"": 28, ""2"": 54, ""13"": 46, ""7"": 50, ""3"": 24, ""11"": 58, ""10"": 20, ""5"": 48}",57.4,54.24,47.89058572053909,"{""11"": 48, ""12"": 54, ""8"": 58, ""1"": 46, ""6"": 22, ""7"": 56, ""0"": 24, ""4"": 26, ""13"": 50, ""10"": 20, ""9"": 52, ""5"": 28, ""3"": 16, ""2"": 18}",47.4,63.96,"{""0"": 46, ""1"": 28, ""2"": 26, ""3"": 20, ""4"": 56, ""5"": 54, ""6"": 18, ""7"": 24, ""8"": 16, ""9"": 58, ""10"": 50, ""11"": 22, ""12"": 52, ""13"": 48}",60.8,14
jku_suite_17.qasm,96.76,9.972892636060717,"{""0"": 8, ""1"": 26, ""2"": 22, ""3"": 10, ""4"": 24, ""5"": 12}",94.0,97.16,"{""0"": 26, ""1"": 10, ""4"": 24, ""2"": 12, ""3"": 22, ""5"": 8}",95.4,97.73333333333332,148.6019398495555,"{""1"": 22, ""0"": 26, ""5"": 8, ""4"": 10, ""3"": 24, ""2"": 12}",94.0,98.4,"{""0"": 8, ""1"": 26, ""2"": 24, ""3"": 10, ""4"": 22, ""5"": 12}",96.2,6
autobraid_28.qasm,32.84,0.3672223001718521,"{""0"": 346, ""1"": 176, ""2"": 108, ""3"": 298, ""4"": 288, ""5"": 334, ""6"": 140, ""7"": 320, ""8"": 150, ""9"": 142, ""10"": 136, ""11"": 98, ""12"": 270, ""13"": 124, ""14"": 342, ""15"": 130, ""16"": 274, ""17"": 166, ""18"": 302, ""19"": 354, ""20"": 290, ""21"": 326, ""22"": 132, ""23"": 296, ""24"": 114, ""25"": 134, ""26"": 284, ""27"": 174, ""28"": 304, ""29"": 160, ""30"": 126, ""31"": 172, ""32"": 312, ""33"": 90, ""34"": 112, ""35"": 158, ""36"": 272, ""37"": 306, ""38"": 338, ""39"": 352, ""40"": 286, ""41"": 278, ""42"": 330, ""43"": 314, ""44"": 92, ""45"": 294, ""46"": 102, ""47"": 292, ""48"": 94, ""49"": 340, ""50"": 118, ""51"": 282, ""52"": 106, ""53"": 332, ""54"": 328, ""55"": 144, ""56"": 318, ""57"": 308, ""58"": 164, ""59"": 268, ""60"": 316, ""61"": 310, ""62"": 100, ""63"": 138, ""64"": 146, ""65"": 110, ""66"": 348, ""67"": 128, ""68"": 104, ""69"": 148, ""70"": 122, ""71"": 324, ""72"": 162, ""73"": 350, ""74"": 116, ""75"": 120, ""76"": 168, ""77"": 276, ""78"": 152, ""79"": 280, ""80"": 156, ""81"": 336, ""82"": 300, ""83"": 170, ""84"": 96, ""85"": 154, ""86"": 344}",28.4,57.36,"{""0"": 92, ""1"": 94, ""8"": 96, ""4"": 98, ""6"": 90, ""2"": 100, ""3"": 102, ""7"": 104, ""5"": 106, ""24"": 282, ""13"": 280, ""54"": 320, ""80"": 276, ""64"": 344, ""65"": 346, ""44"": 120, ""70"": 176, ""51"": 286, ""19"": 340, ""31"": 134, ""35"": 126, ""49"": 338, ""73"": 328, ""25"": 136, ""61"": 290, ""58"": 144, ""45"": 288, ""11"": 108, ""40"": 296, ""82"": 350, ""48"": 122, ""69"": 294, ""32"": 170, ""10"": 112, ""12"": 352, ""28"": 270, ""15"": 292, ""62"": 130, ""16"": 156, ""9"": 318, ""34"": 164, ""36"": 118, ""27"": 114, ""21"": 150, ""29"": 312, ""86"": 314, ""43"": 132, ""63"": 342, ""57"": 306, ""41"": 174, ""68"": 168, ""20"": 272, ""60"": 348, ""39"": 298, ""85"": 152, ""23"": 138, ""52"": 310, ""84"": 124, ""59"": 110, ""67"": 154, ""56"": 300, ""71"": 166, ""22"": 324, ""42"": 158, ""53"": 162, ""81"": 128, ""47"": 148, ""33"": 116, ""50"": 142, ""18"": 302, ""30"": 334, ""75"": 278, ""66"": 330, ""37"": 160, ""77"": 172, ""26"": 326, ""74"": 284, ""55"": 268, ""14"": 336, ""79"": 354, ""17"": 146, ""83"": 308, ""78"": 304, ""72"": 316, ""76"": 140, ""46"": 332, ""38"": 322}",50.8,36.64,5.597631104290485,"{""8"": 164, ""1"": 306, ""0"": 314, ""6"": 96, ""4"": 346, ""5"": 130, ""7"": 176, ""3"": 352, ""2"": 288, ""16"": 324, ""20"": 152, ""27"": 102, ""36"": 330, ""44"": 90, ""24"": 104, ""22"": 158, ""62"": 92, ""76"": 128, ""78"": 156, ""28"": 326, ""31"": 106, ""21"": 100, ""73"": 344, ""69"": 98, ""54"": 280, ""68"": 292, ""81"": 118, ""83"": 124, ""71"": 298, ""84"": 150, ""72"": 334, ""43"": 274, ""19"": 304, ""10"": 120, ""29"": 114, ""56"": 318, ""60"": 320, ""15"": 168, ""53"": 160, ""14"": 170, ""39"": 140, ""58"": 110, ""49"": 328, ""67"": 122, ""35"": 286, ""79"": 338, ""38"": 332, ""57"": 342, ""45"": 348, ""11"": 172, ""63"": 272, ""48"": 108, ""66"": 282, ""12"": 94, ""23"": 308, ""82"": 126, ""55"": 278, ""70"": 270, ""59"": 296, ""41"": 316, ""40"": 268, ""26"": 336, ""51"": 142, ""25"": 138, ""33"": 116, ""17"": 132, ""65"": 302, ""34"": 174, ""74"": 162, ""64"": 154, ""9"": 340, ""50"": 290, ""52"": 144, ""80"": 166, ""13"": 146, ""30"": 294, ""37"": 350, ""86"": 284, ""85"": 136, ""61"": 276, ""75"": 112, ""32"": 300, ""18"": 354, ""77"": 322, ""46"": 312, ""42"": 134, ""47"": 310}",34.0,54.24,"{""0"": 132, ""1"": 114, ""2"": 270, ""3"": 168, ""4"": 278, ""5"": 328, ""6"": 120, ""7"": 308, ""8"": 354, ""9"": 164, ""10"": 152, ""11"": 348, ""12"": 108, ""13"": 342, ""14"": 154, ""15"": 148, ""16"": 316, ""17"": 282, ""18"": 106, ""19"": 302, ""20"": 104, ""21"": 284, ""22"": 158, ""23"": 144, ""24"": 142, ""25"": 126, ""26"": 116, ""27"": 300, ""28"": 100, ""29"": 272, ""30"": 326, ""31"": 344, ""32"": 176, ""33"": 296, ""34"": 350, ""35"": 294, ""36"": 286, ""37"": 172, ""38"": 324, ""39"": 90, ""40"": 94, ""41"": 304, ""42"": 346, ""43"": 298, ""44"": 352, ""45"": 146, ""46"": 334, ""47"": 128, ""48"": 332, ""49"": 314, ""50"": 98, ""51"": 336, ""52"": 280, ""53"": 134, ""54"": 140, ""55"": 306, ""56"": 170, ""57"": 96, ""58"": 102, ""59"": 136, ""60"": 320, ""61"": 310, ""62"": 318, ""63"": 330, ""64"": 340, ""65"": 110, ""66"": 130, ""67"": 292, ""68"": 150, ""69"": 118, ""70"": 276, ""71"": 162, ""72"": 166, ""73"": 122, ""74"": 156, ""75"": 290, ""76"": 268, ""77"": 312, ""78"": 322, ""79"": 274, ""80"": 160, ""81"": 138, ""82"": 338, ""83"": 124, ""84"": 112, ""85"": 92, ""86"": 174}",50.8,88
jku_suite_42.qasm,60.84,6.094038212299347,"{""0"": 12, ""1"": 34, ""2"": 18, ""3"": 20, ""4"": 42, ""5"": 36, ""6"": 16, ""7"": 40, ""8"": 38}",57.6,62.04,"{""0"": 42, ""1"": 20, ""8"": 38, ""4"": 12, ""6"": 18, ""2"": 14, ""7"": 36, ""3"": 34, ""5"": 16}",59.6,62.266666666666666,91.6506068482995,"{""8"": 16, ""6"": 12, ""7"": 36, ""4"": 20, ""5"": 38, ""0"": 14, ""2"": 42, ""3"": 40, ""1"": 34}",58.4,62.56,"{""0"": 12, ""1"": 18, ""2"": 16, ""3"": 14, ""4"": 42, ""5"": 36, ""6"": 40, ""7"": 38, ""8"": 20}",61.6,10
grover_6.qasm,81.8,0.0357263371348381,"{""0"": 10, ""1"": 24, ""2"": 26, ""3"": 12, ""4"": 22, ""5"": 8}",80.8,84.76,"{""0"": 12, ""1"": 22, ""4"": 10, ""2"": 8, ""3"": 26, ""5"": 24}",84.4,82.05333333333333,1.482662320137024,"{""0"": 24, ""4"": 8, ""5"": 22, ""2"": 12, ""3"": 26, ""1"": 10}",80.8,83.56,"{""0"": 26, ""1"": 22, ""2"": 8, ""3"": 24, ""4"": 12, ""5"": 10}",82.2,6
autobraid_48.qasm,34.92,0.4572438508272171,"{""0"": 182, ""1"": 176, ""2"": 130, ""3"": 450, ""4"": 154, ""5"": 162, ""6"": 148, ""7"": 404, ""8"": 406, ""9"": 440, ""10"": 160, ""11"": 134, ""12"": 172, ""13"": 174, ""14"": 428, ""15"": 392, ""16"": 342, ""17"": 146, ""18"": 426, ""19"": 382, ""20"": 380, ""21"": 186, ""22"": 364, ""23"": 402, ""24"": 188, ""25"": 128, ""26"": 436, ""27"": 386, ""28"": 366, ""29"": 384, ""30"": 414, ""31"": 362, ""32"": 378, ""33"": 212, ""34"": 396, ""35"": 424, ""36"": 142, ""37"": 368, ""38"": 216, ""39"": 120, ""40"": 184, ""41"": 376, ""42"": 192, ""43"": 418, ""44"": 208, ""45"": 178, ""46"": 204, ""47"": 442, ""48"": 346, ""49"": 420, ""50"": 354, ""51"": 158, ""52"": 374, ""53"": 152, ""54"": 408, ""55"": 360, ""56"": 206, ""57"": 416, ""58"": 340, ""59"": 372, ""60"": 394, ""61"": 344, ""62"": 138, ""63"": 222, ""64"": 126, ""65"": 434, ""66"": 114, ""67"": 348, ""68"": 432, ""69"": 356, ""70"": 122, ""71"": 124, ""72"": 422, ""73"": 136, ""74"": 390, ""75"": 132, ""76"": 150, ""77"": 202, ""78"": 118, ""79"": 430, ""80"": 214, ""81"": 444, ""82"": 410, ""83"": 116, ""84"": 198, ""85"": 448, ""86"": 194, ""87"": 412, ""88"": 144, ""89"": 170, ""90"": 370, ""91"": 352, ""92"": 388, ""93"": 164, ""94"": 438, ""95"": 400, ""96"": 196, ""97"": 156, ""98"": 168, ""99"": 224, ""100"": 190, ""101"": 398, ""102"": 166, ""103"": 210, ""104"": 446, ""105"": 358, ""106"": 180, ""107"": 218, ""108"": 200, ""109"": 350, ""110"": 140, ""111"": 220}",31.4,55.24,"{""0"": 114, ""1"": 116, ""8"": 118, ""4"": 122, ""6"": 120, ""2"": 124, ""3"": 126, ""7"": 128, ""5"": 130, ""24"": 206, ""13"": 136, ""54"": 402, ""109"": 196, ""80"": 194, ""64"": 192, ""65"": 164, ""91"": 152, ""111"": 392, ""44"": 170, ""70"": 340, ""51"": 450, ""19"": 176, ""99"": 448, ""31"": 198, ""35"": 216, ""49"": 366, ""73"": 144, ""25"": 348, ""61"": 358, ""97"": 140, ""58"": 438, ""45"": 416, ""11"": 168, ""40"": 442, ""88"": 364, ""82"": 420, ""69"": 158, ""48"": 204, ""98"": 190, ""32"": 160, ""10"": 378, ""12"": 212, ""28"": 344, ""15"": 180, ""100"": 430, ""16"": 162, ""62"": 370, ""9"": 220, ""34"": 390, ""94"": 394, ""36"": 434, ""27"": 134, ""21"": 398, ""95"": 406, ""102"": 356, ""29"": 382, ""63"": 440, ""92"": 346, ""43"": 444, ""86"": 360, ""57"": 222, ""41"": 422, ""68"": 172, ""20"": 202, ""96"": 436, ""60"": 362, ""39"": 224, ""85"": 156, ""23"": 148, ""52"": 132, ""59"": 214, ""84"": 400, ""67"": 380, ""56"": 424, ""71"": 354, ""22"": 342, ""42"": 372, ""101"": 182, ""53"": 352, ""81"": 154, ""47"": 404, ""33"": 426, ""50"": 376, ""18"": 218, ""103"": 210, ""30"": 388, ""75"": 368, ""104"": 408, ""66"": 414, ""87"": 188, ""37"": 384, ""77"": 142, ""26"": 150, ""106"": 386, ""74"": 412, ""55"": 418, ""14"": 138, ""90"": 174, ""79"": 428, ""89"": 432, ""108"": 374, ""17"": 200, ""105"": 446, ""83"": 184, ""78"": 166, ""72"": 396, ""107"": 350, ""110"": 410, ""93"": 186, ""76"": 208, ""46"": 146, ""38"": 178}",51.0,32.333333333333336,6.94292189925909,"{""8"": 344, ""1"": 430, ""0"": 444, ""6"": 374, ""4"": 380, ""5"": 212, ""7"": 116, ""3"": 126, ""2"": 364, ""16"": 376, ""20"": 216, ""27"": 408, ""106"": 204, ""89"": 166, ""44"": 194, ""36"": 128, ""24"": 384, ""104"": 436, ""22"": 418, ""78"": 378, ""76"": 134, ""62"": 428, ""111"": 416, ""109"": 164, ""28"": 432, ""96"": 150, ""31"": 340, ""21"": 206, ""73"": 188, ""69"": 396, ""54"": 218, ""68"": 184, ""81"": 388, ""83"": 154, ""71"": 426, ""84"": 346, ""72"": 198, ""43"": 366, ""19"": 438, ""10"": 448, ""29"": 118, ""100"": 354, ""95"": 440, ""56"": 390, ""60"": 450, ""15"": 132, ""53"": 190, ""99"": 342, ""87"": 372, ""14"": 178, ""39"": 358, ""58"": 142, ""97"": 144, ""93"": 158, ""49"": 398, ""35"": 186, ""67"": 222, ""79"": 176, ""57"": 162, ""38"": 446, ""90"": 120, ""98"": 414, ""11"": 412, ""45"": 180, ""103"": 202, ""63"": 160, ""48"": 146, ""66"": 420, ""12"": 172, ""23"": 214, ""94"": 352, ""82"": 394, ""55"": 124, ""70"": 208, ""101"": 140, ""108"": 386, ""59"": 422, ""41"": 168, ""40"": 200, ""26"": 138, ""91"": 402, ""51"": 220, ""25"": 156, ""33"": 350, ""17"": 442, ""65"": 182, ""102"": 224, ""34"": 170, ""74"": 130, ""88"": 356, ""64"": 410, ""9"": 392, ""50"": 152, ""52"": 348, ""110"": 424, ""80"": 370, ""13"": 174, ""30"": 136, ""37"": 382, ""86"": 210, ""107"": 192, ""85"": 122, ""61"": 434, ""75"": 404, ""32"": 114, ""105"": 406, ""18"": 362, ""77"": 196, ""92"": 360, ""46"": 368, ""42"": 400, ""47"": 148}",26.6,56.6,"{""0"": 442, ""1"": 172, ""2"": 378, ""3"": 424, ""4"": 388, ""5"": 174, ""6"": 426, ""7"": 114, ""8"": 438, ""9"": 362, ""10"": 208, ""11"": 198, ""12"": 440, ""13"": 380, ""14"": 356, ""15"": 372, ""16"": 156, ""17"": 196, ""18"": 202, ""19"": 162, ""20"": 190, ""21"": 446, ""22"": 384, ""23"": 358, ""24"": 444, ""25"": 128, ""26"": 422, ""27"": 342, ""28"": 430, ""29"": 386, ""30"": 130, ""31"": 340, ""32"": 448, ""33"": 140, ""34"": 116, ""35"": 404, ""36"": 168, ""37"": 146, ""38"": 434, ""39"": 134, ""40"": 348, ""41"": 124, ""42"": 354, ""43"": 374, ""44"": 406, ""45"": 164, ""46"": 176, ""47"": 392, ""48"": 416, ""49"": 396, ""50"": 158, ""51"": 220, ""52"": 218, ""53"": 222, ""54"": 410, ""55"": 432, ""56"": 370, ""57"": 154, ""58"": 118, ""59"": 360, ""60"": 382, ""61"": 412, ""62"": 224, ""63"": 122, ""64"": 418, ""65"": 408, ""66"": 344, ""67"": 170, ""68"": 194, ""69"": 136, ""70"": 186, ""71"": 364, ""72"": 394, ""73"": 184, ""74"": 400, ""75"": 350, ""76"": 428, ""77"": 210, ""78"": 216, ""79"": 182, ""80"": 390, ""81"": 212, ""82"": 204, ""83"": 214, ""84"": 398, ""85"": 180, ""86"": 142, ""87"": 200, ""88"": 352, ""89"": 132, ""90"": 414, ""91"": 436, ""92"": 346, ""93"": 368, ""94"": 178, ""95"": 420, ""96"": 206, ""97"": 148, ""98"": 150, ""99"": 188, ""100"": 144, ""101"": 120, ""102"": 152, ""103"": 402, ""104"": 192, ""105"": 366, ""106"": 450, ""107"": 376, ""108"": 126, ""109"": 138, ""110"": 160, ""111"": 166}",54.6,112
autobraid_8.qasm,58.8,1.18003798276186,"{""0"": 30, ""1"": 24, ""2"": 26, ""3"": 54, ""4"": 52, ""5"": 28, ""6"": 56, ""7"": 60, ""8"": 22, ""9"": 18, ""10"": 32, ""11"": 62, ""12"": 20, ""13"": 66, ""14"": 64, ""15"": 58}",53.2,70.96,"{""0"": 56, ""9"": 24, ""1"": 54, ""8"": 22, ""4"": 62, ""6"": 28, ""12"": 32, ""2"": 20, ""13"": 26, ""3"": 30, ""7"": 18, ""11"": 66, ""14"": 60, ""10"": 64, ""5"": 52, ""15"": 58}",67.4,58.626666666666665,17.880982168018818,"{""11"": 20, ""14"": 62, ""12"": 22, ""8"": 28, ""1"": 26, ""0"": 32, ""6"": 54, ""4"": 18, ""5"": 66, ""7"": 58, ""10"": 64, ""9"": 56, ""13"": 60, ""3"": 52, ""2"": 30, ""15"": 24}",51.4,70.08,"{""0"": 24, ""1"": 60, ""2"": 62, ""3"": 52, ""4"": 18, ""5"": 56, ""6"": 30, ""7"": 20, ""8"": 22, ""9"": 26, ""10"": 32, ""11"": 54, ""12"": 64, ""13"": 58, ""14"": 66, ""15"": 28}",67.4,16
jku_suite_2.qasm,69.32,4.861499793827534,"{""0"": 16, ""1"": 14, ""2"": 34, ""3"": 30, ""4"": 12, ""5"": 10, ""6"": 32, ""7"": 28}",65.4,70.0,"{""0"": 28, ""1"": 12, ""4"": 14, ""6"": 16, ""2"": 10, ""3"": 34, ""7"": 32, ""5"": 30}",64.0,69.06666666666666,72.58179680258036,"{""6"": 12, ""0"": 34, ""4"": 10, ""5"": 30, ""7"": 14, ""2"": 16, ""3"": 28, ""1"": 32}",65.6,71.92,"{""0"": 12, ""1"": 16, ""2"": 14, ""3"": 30, ""4"": 28, ""5"": 32, ""6"": 10, ""7"": 34}",67.8,8
jku_suite_75.qasm,60.52,4.909576442837715,"{""0"": 40, ""1"": 24, ""2"": 42, ""3"": 14, ""4"": 44, ""5"": 16, ""6"": 48, ""7"": 20, ""8"": 22, ""9"": 18, ""10"": 46}",59.4,62.48,"{""0"": 42, ""9"": 46, ""1"": 16, ""8"": 20, ""4"": 44, ""6"": 40, ""2"": 50, ""7"": 24, ""3"": 18, ""10"": 48, ""5"": 22}",59.0,61.70666666666666,72.83024981617928,"{""8"": 44, ""1"": 20, ""6"": 48, ""7"": 46, ""4"": 16, ""10"": 14, ""5"": 18, ""0"": 24, ""9"": 42, ""3"": 50, ""2"": 40}",56.0,64.92,"{""0"": 40, ""1"": 46, ""2"": 44, ""3"": 24, ""4"": 22, ""5"": 16, ""6"": 20, ""7"": 50, ""8"": 18, ""9"": 48, ""10"": 14}",61.4,12
grover_2.qasm,88.76,14.631117033958436,"{""0"": 10, ""1"": 26, ""2"": 12, ""3"": 22, ""4"": 8, ""5"": 24}",87.8,88.92,"{""0"": 10, ""1"": 24, ""4"": 8, ""2"": 12, ""3"": 22, ""5"": 26}",87.0,88.82666666666667,216.74944806844,"{""0"": 24, ""5"": 8, ""4"": 10, ""2"": 26, ""3"": 22, ""1"": 12}",87.0,88.68,"{""0"": 24, ""1"": 22, ""2"": 26, ""3"": 8, ""4"": 10, ""5"": 12}",87.4,6
autobraid_18.qasm,58.24,1.841261661052704,"{""0"": 28, ""1"": 58, ""2"": 56, ""3"": 64, ""4"": 62, ""5"": 54, ""6"": 30, ""7"": 52, ""8"": 18, ""9"": 20, ""10"": 24, ""11"": 22, ""12"": 66, ""13"": 26, ""14"": 32}",54.4,66.76,"{""0"": 26, ""9"": 54, ""1"": 58, ""8"": 56, ""4"": 52, ""6"": 20, ""13"": 32, ""2"": 24, ""12"": 66, ""7"": 18, ""3"": 64, ""11"": 22, ""14"": 30, ""10"": 60, ""5"": 28}",60.4,56.8,27.59316412359476,"{""11"": 56, ""14"": 18, ""12"": 52, ""8"": 32, ""6"": 20, ""7"": 30, ""0"": 22, ""4"": 54, ""5"": 66, ""13"": 60, ""9"": 26, ""10"": 24, ""2"": 28, ""3"": 58, ""1"": 64}",51.2,64.6,"{""0"": 32, ""1"": 30, ""2"": 56, ""3"": 28, ""4"": 60, ""5"": 54, ""6"": 18, ""7"": 26, ""8"": 58, ""9"": 66, ""10"": 64, ""11"": 62, ""12"": 24, ""13"": 20, ""14"": 22}",63.2,16
jku_suite_86.qasm,101.0,0.0067176192998886,"{""0"": 18, ""1"": 16, ""2"": 8}",101.0,101.4,"{""0"": 8, ""1"": 16, ""2"": 18}",101.0,101.0,0.0622607246041297,"{""1"": 6, ""0"": 8, ""2"": 18}",101.0,101.12,"{""0"": 16, ""1"": 6, ""2"": 8}",100.0,4
autobraid_47.qasm,38.12,0.7690637439489365,"{""0"": 50, ""1"": 150, ""2"": 146, ""3"": 54, ""4"": 126, ""5"": 152, ""6"": 134, ""7"": 74, ""8"": 68, ""9"": 148, ""10"": 46, ""11"": 52, ""12"": 64, ""13"": 138, ""14"": 132, ""15"": 140, ""16"": 154, ""17"": 70, ""18"": 60, ""19"": 58, ""20"": 62, ""21"": 66, ""22"": 40, ""23"": 48, ""24"": 144, ""25"": 142, ""26"": 56, ""27"": 128, ""28"": 72, ""29"": 42, ""30"": 76, ""31"": 136, ""32"": 118, ""33"": 124, ""34"": 120, ""35"": 130, ""36"": 44}",35.0,56.88,"{""0"": 42, ""9"": 40, ""1"": 50, ""8"": 48, ""4"": 46, ""6"": 44, ""2"": 52, ""3"": 54, ""7"": 118, ""10"": 56, ""5"": 58, ""12"": 60, ""24"": 142, ""13"": 154, ""28"": 120, ""15"": 76, ""26"": 136, ""14"": 68, ""23"": 72, ""19"": 70, ""16"": 66, ""31"": 138, ""35"": 150, ""17"": 134, ""22"": 128, ""25"": 148, ""34"": 126, ""36"": 130, ""27"": 144, ""21"": 146, ""33"": 64, ""11"": 152, ""29"": 62, ""18"": 124, ""30"": 132, ""32"": 122, ""20"": 74}",52.0,43.373333333333335,11.67101015895605,"{""8"": 144, ""1"": 62, ""0"": 122, ""6"": 140, ""4"": 54, ""5"": 76, ""7"": 138, ""10"": 120, ""9"": 150, ""3"": 142, ""2"": 152, ""11"": 128, ""16"": 148, ""20"": 74, ""34"": 52, ""27"": 58, ""19"": 130, ""36"": 46, ""29"": 44, ""24"": 68, ""12"": 72, ""22"": 48, ""15"": 70, ""28"": 134, ""23"": 42, ""13"": 132, ""31"": 40, ""21"": 64, ""30"": 136, ""14"": 60, ""32"": 50, ""18"": 146, ""26"": 118, ""25"": 154, ""33"": 56, ""35"": 124, ""17"": 126}",38.0,55.76,"{""0"": 118, ""1"": 142, ""2"": 120, ""3"": 66, ""4"": 124, ""5"": 130, ""6"": 148, ""7"": 74, ""8"": 72, ""9"": 40, ""10"": 48, ""11"": 150, ""12"": 64, ""13"": 128, ""14"": 152, ""15"": 76, ""16"": 62, ""17"": 134, ""18"": 60, ""19"": 70, ""20"": 68, ""21"": 50, ""22"": 58, ""23"": 52, ""24"": 136, ""25"": 56, ""26"": 144, ""27"": 154, ""28"": 54, ""29"": 122, ""30"": 138, ""31"": 42, ""32"": 46, ""33"": 140, ""34"": 126, ""35"": 146, ""36"": 44}",52.8,38
quarl_suite_21.qasm,55.4,1.6654658243060112,"{""0"": 20, ""1"": 26, ""2"": 16, ""3"": 52, ""4"": 22, ""5"": 54, ""6"": 28, ""7"": 58, ""8"": 18, ""9"": 56, ""10"": 24, ""11"": 46, ""12"": 50}",47.4,61.32,"{""9"": 48, ""0"": 46, ""1"": 26, ""8"": 16, ""4"": 28, ""6"": 58, ""12"": 24, ""2"": 22, ""7"": 56, ""3"": 50, ""11"": 18, ""10"": 54, ""5"": 20}",56.4,51.73333333333333,25.04211038351059,"{""11"": 46, ""12"": 22, ""8"": 16, ""6"": 28, ""7"": 56, ""4"": 20, ""10"": 26, ""5"": 54, ""0"": 48, ""9"": 24, ""2"": 18, ""3"": 50, ""1"": 58}",46.6,63.68,"{""0"": 22, ""1"": 18, ""2"": 58, ""3"": 46, ""4"": 54, ""5"": 20, ""6"": 48, ""7"": 16, ""8"": 28, ""9"": 24, ""10"": 56, ""11"": 26, ""12"": 52}",55.8,14
jku_suite_30.qasm,63.52,5.000267054140568,"{""0"": 20, ""1"": 14, ""2"": 48, ""3"": 24, ""4"": 46, ""5"": 22, ""6"": 42, ""7"": 50, ""8"": 16, ""9"": 18, ""10"": 44, ""11"": 40}",60.2,68.56,"{""0"": 42, ""9"": 46, ""1"": 16, ""8"": 20, ""4"": 44, ""6"": 40, ""2"": 50, ""3"": 18, ""7"": 24, ""10"": 48, ""5"": 22, ""11"": 14}",63.0,64.42666666666666,74.87661883980036,"{""11"": 48, ""8"": 50, ""1"": 44, ""0"": 24, ""6"": 40, ""4"": 22, ""5"": 20, ""7"": 14, ""10"": 46, ""9"": 42, ""3"": 18, ""2"": 16}",60.0,68.32,"{""0"": 42, ""1"": 24, ""2"": 40, ""3"": 44, ""4"": 50, ""5"": 46, ""6"": 20, ""7"": 14, ""8"": 16, ""9"": 48, ""10"": 22, ""11"": 18}",65.6,12
autobraid_34.qasm,32.8,0.3213119342923164,"{""0"": 128, ""1"": 440, ""2"": 130, ""3"": 156, ""4"": 200, ""5"": 144, ""6"": 192, ""7"": 174, ""8"": 358, ""9"": 136, ""10"": 166, ""11"": 426, ""12"": 452, ""13"": 438, ""14"": 430, ""15"": 380, ""16"": 442, ""17"": 232, ""18"": 154, ""19"": 178, ""20"": 378, ""21"": 386, ""22"": 138, ""23"": 194, ""24"": 410, ""25"": 466, ""26"": 398, ""27"": 150, ""28"": 354, ""29"": 196, ""30"": 142, ""31"": 222, ""32"": 404, ""33"": 432, ""34"": 118, ""35"": 370, ""36"": 446, ""37"": 434, ""38"": 376, ""39"": 406, ""40"": 158, ""41"": 218, ""42"": 224, ""43"": 216, ""44"": 162, ""45"": 456, ""46"": 210, ""47"": 220, ""48"": 436, ""49"": 428, ""50"": 390, ""51"": 184, ""52"": 120, ""53"": 414, ""54"": 396, ""55"": 366, ""56"": 202, ""57"": 416, ""58"": 422, ""59"": 360, ""60"": 180, ""61"": 230, ""62"": 460, ""63"": 188, ""64"": 408, ""65"": 444, ""66"": 212, ""67"": 186, ""68"": 152, ""69"": 176, ""70"": 122, ""71"": 352, ""72"": 208, ""73"": 182, ""74"": 198, ""75"": 190, ""76"": 400, ""77"": 462, ""78"": 402, ""79"": 362, ""80"": 368, ""81"": 124, ""82"": 388, ""83"": 418, ""84"": 214, ""85"": 448, ""86"": 412, ""87"": 420, ""88"": 204, ""89"": 164, ""90"": 126, ""91"": 372, ""92"": 374, ""93"": 170, ""94"": 172, ""95"": 146, ""96"": 134, ""97"": 364, ""98"": 424, ""99"": 464, ""100"": 458, ""101"": 394, ""102"": 384, ""103"": 382, ""104"": 454, ""105"": 132, ""106"": 450, ""107"": 228, ""108"": 356, ""109"": 148, ""110"": 140, ""111"": 160, ""112"": 206, ""113"": 168, ""114"": 226, ""115"": 392}",30.2,58.4,"{""0"": 118, ""1"": 122, ""8"": 124, ""4"": 120, ""6"": 126, ""2"": 128, ""3"": 130, ""7"": 132, ""5"": 134, ""24"": 444, ""13"": 382, ""54"": 226, ""109"": 408, ""80"": 410, ""64"": 176, ""65"": 182, ""91"": 416, ""44"": 170, ""111"": 180, ""70"": 450, ""51"": 436, ""19"": 362, ""99"": 230, ""31"": 194, ""35"": 374, ""49"": 414, ""73"": 224, ""25"": 146, ""61"": 426, ""97"": 368, ""58"": 418, ""45"": 204, ""11"": 440, ""40"": 150, ""88"": 136, ""48"": 456, ""69"": 360, ""82"": 164, ""98"": 162, ""32"": 376, ""10"": 186, ""12"": 196, ""28"": 386, ""15"": 380, ""100"": 178, ""16"": 458, ""62"": 400, ""9"": 384, ""34"": 172, ""94"": 398, ""36"": 438, ""27"": 206, ""21"": 138, ""95"": 356, ""102"": 446, ""29"": 430, ""92"": 392, ""63"": 158, ""43"": 210, ""86"": 216, ""57"": 200, ""41"": 422, ""68"": 442, ""20"": 364, ""96"": 434, ""60"": 358, ""39"": 174, ""85"": 208, ""23"": 202, ""52"": 412, ""84"": 168, ""59"": 466, ""67"": 142, ""112"": 390, ""56"": 214, ""71"": 144, ""113"": 354, ""22"": 404, ""42"": 184, ""101"": 420, ""53"": 140, ""81"": 452, ""47"": 222, ""33"": 396, ""50"": 154, ""18"": 462, ""103"": 394, ""30"": 160, ""75"": 232, ""115"": 378, ""104"": 148, ""114"": 198, ""66"": 220, ""87"": 428, ""37"": 218, ""77"": 454, ""26"": 188, ""106"": 166, ""55"": 190, ""74"": 372, ""14"": 366, ""90"": 156, ""79"": 152, ""89"": 406, ""108"": 370, ""17"": 388, ""105"": 228, ""83"": 464, ""78"": 460, ""72"": 448, ""107"": 212, ""110"": 424, ""93"": 352, ""76"": 432, ""46"": 402, ""38"": 192}",54.2,35.733333333333334,4.870160415768623,"{""8"": 134, ""1"": 402, ""0"": 128, ""6"": 124, ""4"": 126, ""5"": 144, ""7"": 456, ""3"": 428, ""2"": 122, ""115"": 160, ""16"": 410, ""20"": 178, ""27"": 366, ""106"": 184, ""89"": 136, ""36"": 454, ""44"": 370, ""24"": 436, ""104"": 150, ""22"": 230, ""78"": 132, ""76"": 164, ""62"": 188, ""111"": 444, ""109"": 384, ""28"": 466, ""96"": 372, ""31"": 226, ""21"": 172, ""73"": 434, ""69"": 358, ""54"": 146, ""68"": 154, ""81"": 170, ""83"": 208, ""71"": 452, ""84"": 408, ""72"": 422, ""43"": 442, ""19"": 392, ""10"": 156, ""29"": 386, ""100"": 382, ""95"": 438, ""56"": 374, ""60"": 414, ""53"": 390, ""15"": 412, ""99"": 458, ""87"": 206, ""14"": 218, ""112"": 362, ""39"": 394, ""58"": 448, ""97"": 380, ""93"": 432, ""49"": 440, ""35"": 420, ""67"": 464, ""114"": 220, ""79"": 228, ""57"": 360, ""38"": 430, ""90"": 166, ""98"": 130, ""45"": 182, ""11"": 200, ""103"": 450, ""63"": 354, ""48"": 138, ""113"": 400, ""66"": 194, ""12"": 222, ""23"": 118, ""94"": 120, ""55"": 446, ""82"": 148, ""70"": 396, ""101"": 224, ""108"": 426, ""59"": 404, ""41"": 424, ""40"": 210, ""26"": 232, ""91"": 168, ""51"": 204, ""25"": 196, ""33"": 180, ""17"": 378, ""65"": 190, ""102"": 376, ""34"": 216, ""74"": 186, ""88"": 368, ""64"": 418, ""9"": 364, ""50"": 388, ""52"": 406, ""110"": 162, ""80"": 142, ""13"": 158, ""30"": 356, ""37"": 202, ""86"": 174, ""107"": 192, ""85"": 416, ""75"": 462, ""61"": 152, ""32"": 212, ""105"": 176, ""18"": 460, ""77"": 398, ""92"": 214, ""46"": 140, ""42"": 352, ""47"": 198}",29.8,58.04,"{""0"": 136, ""1"": 162, ""2"": 366, ""3"": 362, ""4"": 386, ""5"": 418, ""6"": 180, ""7"": 144, ""8"": 190, ""9"": 122, ""10"": 378, ""11"": 156, ""12"": 166, ""13"": 356, ""14"": 220, ""15"": 398, ""16"": 376, ""17"": 466, ""18"": 372, ""19"": 232, ""20"": 444, ""21"": 460, ""22"": 360, ""23"": 428, ""24"": 226, ""25"": 146, ""26"": 414, ""27"": 352, ""28"": 410, ""29"": 400, ""30"": 170, ""31"": 228, ""32"": 432, ""33"": 182, ""34"": 454, ""35"": 368, ""36"": 426, ""37"": 416, ""38"": 218, ""39"": 392, ""40"": 174, ""41"": 132, ""42"": 224, ""43"": 152, ""44"": 194, ""45"": 424, ""46"": 124, ""47"": 442, ""48"": 142, ""49"": 212, ""50"": 394, ""51"": 380, ""52"": 462, ""53"": 134, ""54"": 390, ""55"": 412, ""56"": 202, ""57"": 204, ""58"": 154, ""59"": 196, ""60"": 458, ""61"": 354, ""62"": 382, ""63"": 420, ""64"": 446, ""65"": 168, ""66"": 402, ""67"": 126, ""68"": 370, ""69"": 448, ""70"": 130, ""71"": 164, ""72"": 374, ""73"": 140, ""74"": 184, ""75"": 434, ""76"": 438, ""77"": 422, ""78"": 158, ""79"": 176, ""80"": 388, ""81"": 430, ""82"": 436, ""83"": 456, ""84"": 208, ""85"": 216, ""86"": 404, ""87"": 214, ""88"": 464, ""89"": 120, ""90"": 440, ""91"": 178, ""92"": 186, ""93"": 406, ""94"": 128, ""95"": 384, ""96"": 172, ""97"": 118, ""98"": 138, ""99"": 450, ""100"": 452, ""101"": 408, ""102"": 188, ""103"": 200, ""104"": 222, ""105"": 150, ""106"": 210, ""107"": 206, ""108"": 230, ""109"": 396, ""110"": 198, ""111"": 192, ""112"": 148, ""113"": 364, ""114"": 358, ""115"": 160}",54.4,116
jku_suite_67.qasm,77.28,7.790325726568699,"{""0"": 14, ""1"": 16, ""2"": 30, ""3"": 10, ""4"": 28, ""5"": 32, ""6"": 12}",76.0,79.12,"{""0"": 34, ""1"": 10, ""4"": 16, ""6"": 14, ""2"": 32, ""3"": 30, ""5"": 12}",76.8,77.53333333333333,117.0746377557516,"{""0"": 12, ""6"": 34, ""4"": 16, ""5"": 14, ""2"": 30, ""3"": 10, ""1"": 28}",75.0,80.72,"{""0"": 12, ""1"": 16, ""2"": 30, ""3"": 28, ""4"": 10, ""5"": 32, ""6"": 34}",77.2,8
jku_suite_50.qasm,47.72,1.6895334497094154,"{""0"": 22, ""1"": 24, ""2"": 54, ""3"": 64, ""4"": 32, ""5"": 28, ""6"": 52, ""7"": 56, ""8"": 18, ""9"": 66, ""10"": 62, ""11"": 26, ""12"": 30, ""13"": 20, ""14"": 60}",42.6,58.24,"{""9"": 32, ""0"": 56, ""1"": 26, ""8"": 18, ""4"": 24, ""6"": 66, ""12"": 64, ""2"": 58, ""13"": 62, ""3"": 52, ""7"": 28, ""11"": 22, ""14"": 30, ""10"": 20, ""5"": 60}",55.0,51.96,25.366388477385044,"{""11"": 58, ""14"": 26, ""12"": 52, ""8"": 66, ""1"": 62, ""6"": 32, ""7"": 28, ""10"": 24, ""4"": 18, ""0"": 30, ""13"": 64, ""9"": 20, ""5"": 56, ""3"": 22, ""2"": 60}",45.2,59.16,"{""0"": 64, ""1"": 26, ""2"": 66, ""3"": 30, ""4"": 18, ""5"": 22, ""6"": 24, ""7"": 56, ""8"": 32, ""9"": 20, ""10"": 60, ""11"": 52, ""12"": 58, ""13"": 28, ""14"": 54}",53.8,16
qft_7.qasm,71.48,4.815246848762035,"{""0"": 20, ""1"": 36, ""2"": 28, ""3"": 66, ""4"": 58, ""5"": 22, ""6"": 62, ""7"": 60, ""8"": 34, ""9"": 72, ""10"": 64, ""11"": 68, ""12"": 74, ""13"": 24, ""14"": 30, ""15"": 26, ""16"": 32}",70.4,72.28,"{""0"": 26, ""1"": 24, ""4"": 22, ""6"": 28, ""2"": 20, ""3"": 30, ""7"": 58, ""5"": 60, ""9"": 66, ""8"": 34, ""12"": 70, ""13"": 68, ""15"": 36, ""11"": 62, ""14"": 64, ""16"": 74, ""10"": 72}",71.4,70.86666666666666,24.33538469672203,"{""1"": 30, ""0"": 64, ""6"": 68, ""4"": 26, ""5"": 62, ""7"": 22, ""3"": 24, ""2"": 72, ""16"": 34, ""14"": 36, ""12"": 32, ""8"": 58, ""11"": 28, ""15"": 74, ""13"": 20, ""10"": 70, ""9"": 66}",69.0,72.88,"{""0"": 66, ""1"": 22, ""2"": 24, ""3"": 34, ""4"": 64, ""5"": 68, ""6"": 20, ""7"": 74, ""8"": 58, ""9"": 70, ""10"": 28, ""11"": 60, ""12"": 72, ""13"": 62, ""14"": 32, ""15"": 36, ""16"": 26}",72.0,18
qft_8.qasm,35.44,0.0526104643940925,"{""0"": 56, ""1"": 46, ""2"": 52, ""3"": 20, ""4"": 58, ""5"": 24, ""6"": 54, ""7"": 28, ""8"": 50, ""9"": 18, ""10"": 16, ""11"": 26, ""12"": 22, ""13"": 48}",35.0,35.96,"{""0"": 18, ""9"": 24, ""1"": 54, ""8"": 50, ""4"": 56, ""6"": 20, ""12"": 46, ""2"": 22, ""3"": 48, ""7"": 52, ""11"": 28, ""10"": 58, ""5"": 16, ""13"": 26}",35.0,35.626666666666665,0.6493184268474579,"{""11"": 28, ""12"": 46, ""8"": 50, ""1"": 54, ""0"": 18, ""6"": 20, ""4"": 56, ""5"": 16, ""7"": 52, ""10"": 58, ""9"": 24, ""3"": 48, ""2"": 22, ""13"": 26}",35.0,36.28,"{""0"": 50, ""1"": 18, ""2"": 58, ""3"": 26, ""4"": 22, ""5"": 56, ""6"": 16, ""7"": 24, ""8"": 28, ""9"": 46, ""10"": 48, ""11"": 54, ""12"": 20, ""13"": 52}",35.0,14
autobraid_12.qasm,36.92,0.4480558156967163,"{""0"": 270, ""1"": 142, ""2"": 104, ""3"": 102, ""4"": 160, ""5"": 134, ""6"": 304, ""7"": 118, ""8"": 146, ""9"": 138, ""10"": 274, ""11"": 336, ""12"": 154, ""13"": 314, ""14"": 132, ""15"": 112, ""16"": 302, ""17"": 122, ""18"": 140, ""19"": 96, ""20"": 148, ""21"": 268, ""22"": 306, ""23"": 100, ""24"": 92, ""25"": 282, ""26"": 162, ""27"": 290, ""28"": 124, ""29"": 98, ""30"": 284, ""31"": 276, ""32"": 340, ""33"": 170, ""34"": 280, ""35"": 156, ""36"": 326, ""37"": 144, ""38"": 308, ""39"": 168, ""40"": 322, ""41"": 288, ""42"": 266, ""43"": 286, ""44"": 136, ""45"": 296, ""46"": 332, ""47"": 110, ""48"": 318, ""49"": 272, ""50"": 342, ""51"": 150, ""52"": 320, ""53"": 346, ""54"": 94, ""55"": 130, ""56"": 88, ""57"": 330, ""58"": 264, ""59"": 298, ""60"": 324, ""61"": 310, ""62"": 164, ""63"": 338, ""64"": 344, ""65"": 116, ""66"": 172, ""67"": 334, ""68"": 292, ""69"": 166, ""70"": 262, ""71"": 316, ""72"": 114, ""73"": 312, ""74"": 278, ""75"": 128, ""76"": 328, ""77"": 120, ""78"": 152, ""79"": 126, ""80"": 158, ""81"": 300, ""82"": 108, ""83"": 106, ""84"": 90, ""85"": 294}",31.6,57.88,"{""0"": 88, ""1"": 92, ""8"": 90, ""4"": 94, ""6"": 96, ""2"": 98, ""3"": 100, ""7"": 102, ""5"": 104, ""24"": 148, ""13"": 154, ""54"": 316, ""80"": 146, ""64"": 156, ""65"": 158, ""44"": 320, ""70"": 262, ""51"": 142, ""19"": 286, ""31"": 128, ""35"": 168, ""49"": 288, ""73"": 278, ""25"": 122, ""61"": 112, ""58"": 272, ""45"": 318, ""11"": 110, ""40"": 300, ""48"": 106, ""69"": 114, ""82"": 170, ""32"": 290, ""10"": 308, ""12"": 334, ""28"": 282, ""15"": 270, ""62"": 314, ""16"": 162, ""9"": 340, ""34"": 144, ""36"": 140, ""27"": 324, ""21"": 268, ""63"": 120, ""29"": 346, ""43"": 336, ""57"": 150, ""41"": 304, ""68"": 116, ""20"": 138, ""60"": 274, ""39"": 136, ""85"": 310, ""23"": 124, ""52"": 296, ""59"": 164, ""84"": 280, ""67"": 326, ""56"": 328, ""71"": 298, ""22"": 118, ""42"": 306, ""53"": 108, ""81"": 132, ""47"": 302, ""33"": 166, ""50"": 330, ""18"": 264, ""30"": 130, ""75"": 322, ""66"": 312, ""37"": 284, ""77"": 134, ""26"": 276, ""74"": 332, ""55"": 126, ""14"": 338, ""79"": 172, ""17"": 344, ""83"": 342, ""78"": 160, ""72"": 294, ""76"": 266, ""46"": 292, ""38"": 152}",54.8,37.38666666666666,6.795913755893707,"{""8"": 326, ""1"": 316, ""0"": 114, ""6"": 110, ""4"": 294, ""5"": 328, ""7"": 346, ""3"": 276, ""2"": 94, ""16"": 96, ""20"": 130, ""27"": 116, ""44"": 334, ""36"": 150, ""24"": 160, ""22"": 342, ""62"": 298, ""78"": 136, ""76"": 332, ""28"": 286, ""31"": 162, ""21"": 300, ""73"": 344, ""69"": 140, ""54"": 168, ""68"": 272, ""81"": 154, ""83"": 306, ""71"": 270, ""84"": 142, ""72"": 274, ""43"": 302, ""19"": 322, ""10"": 120, ""29"": 138, ""56"": 296, ""60"": 318, ""53"": 98, ""15"": 268, ""14"": 172, ""39"": 314, ""58"": 310, ""49"": 330, ""67"": 124, ""35"": 92, ""79"": 280, ""38"": 308, ""57"": 90, ""11"": 134, ""45"": 320, ""63"": 144, ""48"": 262, ""66"": 108, ""12"": 292, ""23"": 170, ""55"": 146, ""82"": 100, ""70"": 148, ""59"": 324, ""41"": 312, ""40"": 278, ""26"": 284, ""51"": 336, ""25"": 290, ""33"": 126, ""17"": 88, ""65"": 156, ""34"": 118, ""74"": 282, ""64"": 128, ""9"": 340, ""50"": 102, ""52"": 106, ""80"": 104, ""13"": 158, ""30"": 266, ""37"": 152, ""85"": 264, ""61"": 338, ""75"": 112, ""32"": 304, ""77"": 288, ""18"": 132, ""46"": 122, ""42"": 164, ""47"": 166}",32.0,57.08,"{""0"": 270, ""1"": 274, ""2"": 102, ""3"": 272, ""4"": 168, ""5"": 116, ""6"": 308, ""7"": 304, ""8"": 138, ""9"": 310, ""10"": 268, ""11"": 166, ""12"": 120, ""13"": 142, ""14"": 106, ""15"": 164, ""16"": 108, ""17"": 162, ""18"": 338, ""19"": 330, ""20"": 314, ""21"": 346, ""22"": 320, ""23"": 302, ""24"": 294, ""25"": 336, ""26"": 114, ""27"": 288, ""28"": 334, ""29"": 262, ""30"": 128, ""31"": 306, ""32"": 292, ""33"": 152, ""34"": 344, ""35"": 276, ""36"": 124, ""37"": 158, ""38"": 98, ""39"": 332, ""40"": 312, ""41"": 136, ""42"": 148, ""43"": 132, ""44"": 90, ""45"": 92, ""46"": 144, ""47"": 160, ""48"": 264, ""49"": 328, ""50"": 94, ""51"": 316, ""52"": 284, ""53"": 290, ""54"": 130, ""55"": 146, ""56"": 172, ""57"": 286, ""58"": 96, ""59"": 318, ""60"": 104, ""61"": 100, ""62"": 118, ""63"": 324, ""64"": 170, ""65"": 278, ""66"": 342, ""67"": 126, ""68"": 322, ""69"": 298, ""70"": 88, ""71"": 296, ""72"": 140, ""73"": 154, ""74"": 266, ""75"": 112, ""76"": 156, ""77"": 282, ""78"": 300, ""79"": 110, ""80"": 340, ""81"": 134, ""82"": 122, ""83"": 150, ""84"": 280, ""85"": 326}",54.2,86
vqe_5.qasm,97.4,0.1195346012711525,"{""0"": 10, ""1"": 14, ""2"": 28, ""3"": 34, ""4"": 30, ""5"": 12, ""6"": 16, ""7"": 32}",97.0,98.68,"{""0"": 28, ""1"": 12, ""4"": 14, ""6"": 16, ""2"": 10, ""3"": 34, ""7"": 32, ""5"": 30}",97.0,97.73333333333332,1.7276316955685616,"{""1"": 30, ""6"": 32, ""7"": 12, ""4"": 10, ""0"": 16, ""5"": 28, ""3"": 14, ""2"": 34}",97.0,99.2,"{""0"": 30, ""1"": 12, ""2"": 32, ""3"": 16, ""4"": 10, ""5"": 28, ""6"": 34, ""7"": 14}",98.0,8
quarl_suite_4.qasm,77.96,3.019346351921558,"{""0"": 32, ""1"": 10, ""2"": 12, ""3"": 30, ""4"": 28, ""5"": 34, ""6"": 16, ""7"": 14}",75.6,84.04,"{""0"": 16, ""1"": 12, ""4"": 10, ""6"": 30, ""2"": 28, ""7"": 34, ""3"": 14, ""5"": 32}",77.4,76.32,44.87462328374386,"{""0"": 28, ""6"": 10, ""5"": 12, ""4"": 14, ""7"": 32, ""2"": 16, ""3"": 30, ""1"": 34}",70.4,80.0,"{""0"": 16, ""1"": 32, ""2"": 14, ""3"": 34, ""4"": 30, ""5"": 12, ""6"": 28, ""7"": 10}",77.0,8
quarl_suite_16.qasm,57.8,2.3544107928872107,"{""0"": 18, ""1"": 24, ""2"": 30, ""3"": 58, ""4"": 26, ""5"": 28, ""6"": 64, ""7"": 56, ""8"": 60, ""9"": 62, ""10"": 54, ""11"": 52, ""12"": 32, ""13"": 66, ""14"": 20}",56.2,69.44,"{""9"": 32, ""0"": 56, ""1"": 26, ""8"": 18, ""4"": 24, ""6"": 66, ""12"": 64, ""2"": 58, ""13"": 62, ""3"": 52, ""7"": 28, ""11"": 22, ""14"": 30, ""10"": 20, ""5"": 60}",65.4,59.18666666666667,35.8012939915061,"{""11"": 58, ""14"": 20, ""12"": 32, ""8"": 60, ""1"": 22, ""6"": 62, ""0"": 18, ""5"": 28, ""10"": 54, ""7"": 56, ""13"": 64, ""9"": 66, ""4"": 26, ""3"": 52, ""2"": 30}",52.0,67.88,"{""0"": 30, ""1"": 32, ""2"": 60, ""3"": 24, ""4"": 52, ""5"": 58, ""6"": 22, ""7"": 54, ""8"": 18, ""9"": 66, ""10"": 20, ""11"": 62, ""12"": 56, ""13"": 26, ""14"": 28}",64.2,16
jku_suite_39.qasm,74.76,7.581059709191322,"{""0"": 12, ""1"": 10, ""2"": 30, ""3"": 28, ""4"": 16, ""5"": 34, ""6"": 14}",71.6,76.32,"{""0"": 28, ""1"": 12, ""4"": 14, ""6"": 16, ""2"": 10, ""3"": 34, ""5"": 30}",72.4,73.33333333333333,114.69526943564416,"{""0"": 28, ""6"": 32, ""5"": 12, ""4"": 34, ""2"": 16, ""3"": 10, ""1"": 30}",68.4,75.64,"{""0"": 14, ""1"": 30, ""2"": 16, ""3"": 10, ""4"": 32, ""5"": 12, ""6"": 28}",74.2,8
vqe_4.qasm,83.52,6.008408616483211,"{""0"": 14, ""1"": 30, ""2"": 12, ""3"": 10, ""4"": 32, ""5"": 34, ""6"": 16}",81.0,87.32,"{""0"": 34, ""1"": 10, ""4"": 30, ""6"": 32, ""2"": 28, ""3"": 12, ""5"": 16}",82.2,84.13333333333334,89.90951446443796,"{""1"": 14, ""0"": 32, ""6"": 12, ""4"": 10, ""5"": 30, ""3"": 16, ""2"": 34}",78.4,86.52,"{""0"": 28, ""1"": 14, ""2"": 30, ""3"": 10, ""4"": 16, ""5"": 34, ""6"": 12}",82.6,8
jku_suite_19.qasm,61.12,4.961487883329392,"{""0"": 20, ""1"": 18, ""2"": 40, ""3"": 48, ""4"": 16, ""5"": 22, ""6"": 24, ""7"": 46, ""8"": 14, ""9"": 42, ""10"": 44}",57.8,62.32,"{""0"": 46, ""9"": 22, ""1"": 44, ""8"": 20, ""4"": 40, ""6"": 42, ""2"": 14, ""3"": 48, ""7"": 24, ""10"": 16, ""5"": 18}",58.0,59.48,74.63117875903845,"{""8"": 24, ""1"": 14, ""0"": 40, ""6"": 44, ""4"": 48, ""5"": 20, ""7"": 18, ""10"": 46, ""9"": 22, ""3"": 16, ""2"": 50}",54.8,63.36,"{""0"": 20, ""1"": 24, ""2"": 14, ""3"": 40, ""4"": 48, ""5"": 50, ""6"": 22, ""7"": 42, ""8"": 18, ""9"": 46, ""10"": 44}",60.2,12
autobraid_35.qasm,36.96,0.2175692066550255,"{""0"": 310, ""1"": 218, ""2"": 274, ""3"": 714, ""4"": 772, ""5"": 254, ""6"": 360, ""7"": 204, ""8"": 378, ""9"": 596, ""10"": 294, ""11"": 348, ""12"": 358, ""13"": 618, ""14"": 680, ""15"": 626, ""16"": 712, ""17"": 758, ""18"": 604, ""19"": 638, ""20"": 230, ""21"": 364, ""22"": 770, ""23"": 342, ""24"": 212, ""25"": 340, ""26"": 600, ""27"": 654, ""28"": 200, ""29"": 720, ""30"": 336, ""31"": 592, ""32"": 270, ""33"": 278, ""34"": 334, ""35"": 198, ""36"": 760, ""37"": 742, ""38"": 306, ""39"": 700, ""40"": 382, ""41"": 196, ""42"": 718, ""43"": 736, ""44"": 370, ""45"": 380, ""46"": 668, ""47"": 356, ""48"": 738, ""49"": 228, ""50"": 206, ""51"": 286, ""52"": 696, ""53"": 304, ""54"": 664, ""55"": 620, ""56"": 324, ""57"": 302, ""58"": 776, ""59"": 670, ""60"": 344, ""61"": 598, ""62"": 376, ""63"": 388, ""64"": 688, ""65"": 762, ""66"": 202, ""67"": 744, ""68"": 666, ""69"": 258, ""70"": 586, ""71"": 330, ""72"": 646, ""73"": 768, ""74"": 640, ""75"": 686, ""76"": 692, ""77"": 644, ""78"": 704, ""79"": 352, ""80"": 740, ""81"": 750, ""82"": 610, ""83"": 710, ""84"": 632, ""85"": 722, ""86"": 694, ""87"": 766, ""88"": 236, ""89"": 332, ""90"": 622, ""91"": 658, ""92"": 764, ""93"": 290, ""94"": 590, ""95"": 208, ""96"": 732, ""97"": 726, ""98"": 366, ""99"": 226, ""100"": 614, ""101"": 624, ""102"": 250, ""103"": 608, ""104"": 242, ""105"": 606, ""106"": 264, ""107"": 636, ""108"": 594, ""109"": 312, ""110"": 296, ""111"": 672, ""112"": 612, ""113"": 756, ""114"": 234, ""115"": 316, ""116"": 328, ""117"": 728, ""118"": 660, ""119"": 602, ""120"": 634, ""121"": 246, ""122"": 588, ""123"": 338, ""124"": 248, ""125"": 262, ""126"": 214, ""127"": 216, ""128"": 678, ""129"": 656, ""130"": 716, ""131"": 282, ""132"": 284, ""133"": 326, ""134"": 682, ""135"": 648, ""136"": 628, ""137"": 260, ""138"": 354, ""139"": 346, ""140"": 266, ""141"": 256, ""142"": 280, ""143"": 650, ""144"": 288, ""145"": 298, ""146"": 724, ""147"": 368, ""148"": 708, ""149"": 224, ""150"": 642, ""151"": 320, ""152"": 240, ""153"": 684, ""154"": 362, ""155"": 238, ""156"": 292, ""157"": 754, ""158"": 374, ""159"": 774, ""160"": 222, ""161"": 220, ""162"": 748, ""163"": 300, ""164"": 652, ""165"": 662, ""166"": 308, ""167"": 252, ""168"": 730, ""169"": 778, ""170"": 676, ""171"": 318, ""172"": 210, ""173"": 244, ""174"": 268, ""175"": 674, ""176"": 384, ""177"": 372, ""178"": 698, ""179"": 706, ""180"": 690, ""181"": 272, ""182"": 616, ""183"": 232, ""184"": 702, ""185"": 386, ""186"": 752, ""187"": 746, ""188"": 630, ""189"": 350, ""190"": 734, ""191"": 276, ""192"": 314, ""193"": 322}",35.4,52.84,"{""0"": 198, ""1"": 196, ""4"": 200, ""6"": 202, ""2"": 204, ""3"": 206, ""7"": 208, ""5"": 210, ""143"": 762, ""24"": 356, ""13"": 768, ""178"": 724, ""131"": 232, ""54"": 364, ""109"": 220, ""80"": 224, ""183"": 272, ""64"": 626, ""160"": 704, ""181"": 600, ""144"": 590, ""65"": 672, ""176"": 694, ""91"": 640, ""133"": 290, ""136"": 306, ""44"": 328, ""70"": 756, ""185"": 746, ""111"": 278, ""167"": 344, ""51"": 730, ""19"": 774, ""177"": 674, ""99"": 310, ""158"": 242, ""189"": 260, ""31"": 634, ""35"": 336, ""155"": 246, ""126"": 604, ""119"": 750, ""49"": 616, ""8"": 238, ""73"": 302, ""25"": 248, ""61"": 764, ""97"": 264, ""187"": 592, ""58"": 588, ""45"": 234, ""11"": 602, ""173"": 758, ""40"": 734, ""165"": 384, ""175"": 718, ""88"": 354, ""82"": 280, ""69"": 624, ""48"": 294, ""98"": 692, ""154"": 236, ""32"": 374, ""145"": 388, ""10"": 254, ""142"": 728, ""163"": 618, ""172"": 334, ""191"": 726, ""166"": 690, ""12"": 608, ""28"": 386, ""15"": 218, ""125"": 710, ""134"": 228, ""128"": 296, ""118"": 776, ""100"": 650, ""16"": 214, ""62"": 606, ""9"": 738, ""140"": 666, ""34"": 330, ""36"": 648, ""94"": 622, ""27"": 706, ""21"": 712, ""149"": 708, ""95"": 226, ""168"": 368, ""102"": 700, ""63"": 314, ""92"": 284, ""86"": 754, ""43"": 282, ""29"": 598, ""57"": 270, ""179"": 352, ""41"": 276, ""68"": 320, ""147"": 660, ""20"": 668, ""193"": 664, ""96"": 610, ""170"": 766, ""188"": 594, ""60"": 258, ""164"": 642, ""39"": 736, ""85"": 340, ""137"": 722, ""117"": 684, ""153"": 698, ""23"": 256, ""192"": 638, ""52"": 680, ""121"": 662, ""169"": 682, ""184"": 652, ""141"": 676, ""174"": 630, ""84"": 696, ""59"": 266, ""186"": 286, ""67"": 770, ""146"": 778, ""112"": 748, ""56"": 366, ""180"": 252, ""71"": 380, ""113"": 346, ""22"": 244, ""42"": 316, ""101"": 322, ""53"": 678, ""190"": 240, ""81"": 378, ""47"": 324, ""33"": 318, ""50"": 702, ""171"": 658, ""18"": 688, ""103"": 716, ""139"": 646, ""30"": 656, ""116"": 342, ""75"": 732, ""115"": 644, ""182"": 288, ""104"": 654, ""114"": 292, ""66"": 300, ""87"": 376, ""37"": 586, ""161"": 350, ""77"": 348, ""26"": 714, ""106"": 596, ""55"": 632, ""74"": 222, ""14"": 744, ""150"": 216, ""90"": 358, ""135"": 382, ""132"": 332, ""79"": 304, ""89"": 740, ""148"": 212, ""108"": 274, ""127"": 686, ""17"": 614, ""157"": 742, ""156"": 312, ""105"": 720, ""159"": 268, ""120"": 262, ""83"": 760, ""124"": 362, ""78"": 670, ""123"": 772, ""122"": 370, ""138"": 620, ""151"": 338, ""129"": 298, ""162"": 360, ""72"": 372, ""107"": 612, ""130"": 628, ""93"": 752, ""110"": 326, ""76"": 230, ""46"": 250, ""152"": 308, ""38"": 636}",49.4,36.88,3.29020294547081,"{""1"": 640, ""0"": 322, ""6"": 724, ""4"": 244, ""5"": 294, ""3"": 628, ""2"": 208, ""115"": 200, ""16"": 682, ""155"": 236, ""20"": 216, ""131"": 748, ""179"": 274, ""182"": 692, ""191"": 312, ""27"": 704, ""106"": 600, ""89"": 346, ""36"": 742, ""44"": 276, ""170"": 352, ""125"": 380, ""24"": 668, ""104"": 720, ""174"": 358, ""187"": 230, ""135"": 372, ""22"": 740, ""78"": 770, ""62"": 260, ""76"": 318, ""111"": 712, ""109"": 320, ""28"": 342, ""172"": 252, ""96"": 664, ""31"": 332, ""21"": 604, ""73"": 282, ""177"": 646, ""69"": 234, ""120"": 326, ""54"": 336, ""158"": 268, ""68"": 760, ""149"": 616, ""143"": 350, ""152"": 374, ""81"": 238, ""83"": 376, ""71"": 256, ""84"": 210, ""72"": 368, ""178"": 388, ""148"": 308, ""193"": 270, ""169"": 324, ""43"": 752, ""173"": 738, ""167"": 654, ""188"": 204, ""19"": 378, ""145"": 280, ""10"": 386, ""157"": 648, ""29"": 744, ""100"": 240, ""95"": 362, ""151"": 300, ""56"": 226, ""60"": 206, ""53"": 728, ""134"": 196, ""15"": 726, ""99"": 254, ""144"": 348, ""161"": 690, ""139"": 732, ""87"": 632, ""189"": 686, ""171"": 714, ""181"": 650, ""127"": 636, ""14"": 758, ""119"": 366, ""8"": 302, ""112"": 286, ""39"": 706, ""58"": 590, ""97"": 364, ""93"": 272, ""49"": 338, ""126"": 620, ""67"": 384, ""35"": 278, ""114"": 772, ""186"": 598, ""79"": 644, ""133"": 658, ""123"": 702, ""57"": 754, ""90"": 688, ""38"": 608, ""185"": 218, ""163"": 700, ""98"": 242, ""103"": 610, ""11"": 288, ""45"": 354, ""146"": 746, ""63"": 310, ""190"": 666, ""166"": 306, ""154"": 220, ""132"": 652, ""48"": 232, ""160"": 762, ""137"": 716, ""113"": 314, ""12"": 624, ""66"": 264, ""122"": 698, ""156"": 290, ""23"": 766, ""94"": 678, ""129"": 630, ""55"": 258, ""82"": 602, ""116"": 642, ""70"": 626, ""101"": 340, ""108"": 756, ""140"": 612, ""59"": 334, ""130"": 708, ""41"": 674, ""40"": 370, ""26"": 246, ""164"": 660, ""142"": 316, ""91"": 298, ""51"": 734, ""25"": 774, ""33"": 694, ""17"": 284, ""141"": 248, ""168"": 356, ""65"": 662, ""102"": 710, ""136"": 684, ""180"": 202, ""118"": 222, ""117"": 328, ""34"": 736, ""74"": 592, ""88"": 198, ""176"": 676, ""64"": 670, ""124"": 618, ""9"": 594, ""165"": 638, ""50"": 344, ""147"": 266, ""175"": 330, ""52"": 614, ""80"": 768, ""110"": 588, ""13"": 672, ""30"": 778, ""37"": 622, ""86"": 292, ""107"": 776, ""85"": 730, ""75"": 304, ""61"": 718, ""150"": 382, ""32"": 586, ""105"": 214, ""7"": 764, ""18"": 606, ""77"": 750, ""183"": 696, ""153"": 262, ""162"": 228, ""159"": 296, ""138"": 680, ""92"": 634, ""46"": 212, ""128"": 596, ""42"": 656, ""47"": 250, ""192"": 224, ""184"": 722, ""121"": 360}",28.4,56.6,"{""0"": 762, ""1"": 696, ""2"": 670, ""3"": 588, ""4"": 382, ""5"": 258, ""6"": 716, ""7"": 616, ""8"": 332, ""9"": 604, ""10"": 354, ""11"": 688, ""12"": 700, ""13"": 252, ""14"": 196, ""15"": 312, ""16"": 736, ""17"": 270, ""18"": 304, ""19"": 750, ""20"": 218, ""21"": 622, ""22"": 298, ""23"": 220, ""24"": 290, ""25"": 642, ""26"": 204, ""27"": 250, ""28"": 198, ""29"": 350, ""30"": 630, ""31"": 606, ""32"": 758, ""33"": 656, ""34"": 314, ""35"": 756, ""36"": 232, ""37"": 374, ""38"": 280, ""39"": 706, ""40"": 380, ""41"": 722, ""42"": 318, ""43"": 240, ""44"": 676, ""45"": 760, ""46"": 628, ""47"": 260, ""48"": 748, ""49"": 602, ""50"": 650, ""51"": 378, ""52"": 278, ""53"": 714, ""54"": 330, ""55"": 596, ""56"": 254, ""57"": 262, ""58"": 740, ""59"": 752, ""60"": 344, ""61"": 724, ""62"": 620, ""63"": 322, ""64"": 226, ""65"": 294, ""66"": 210, ""67"": 284, ""68"": 672, ""69"": 778, ""70"": 370, ""71"": 302, ""72"": 216, ""73"": 340, ""74"": 684, ""75"": 666, ""76"": 372, ""77"": 348, ""78"": 614, ""79"": 352, ""80"": 346, ""81"": 256, ""82"": 306, ""83"": 660, ""84"": 320, ""85"": 634, ""86"": 776, ""87"": 742, ""88"": 624, ""89"": 734, ""90"": 708, ""91"": 222, ""92"": 638, ""93"": 228, ""94"": 636, ""95"": 702, ""96"": 248, ""97"": 224, ""98"": 632, ""99"": 300, ""100"": 586, ""101"": 276, ""102"": 710, ""103"": 662, ""104"": 236, ""105"": 598, ""106"": 212, ""107"": 376, ""108"": 768, ""109"": 356, ""110"": 746, ""111"": 766, ""112"": 264, ""113"": 234, ""114"": 764, ""115"": 328, ""116"": 364, ""117"": 664, ""118"": 230, ""119"": 644, ""120"": 594, ""121"": 770, ""122"": 730, ""123"": 682, ""124"": 680, ""125"": 640, ""126"": 358, ""127"": 686, ""128"": 336, ""129"": 690, ""130"": 678, ""131"": 718, ""132"": 274, ""133"": 200, ""134"": 728, ""135"": 774, ""136"": 658, ""137"": 244, ""138"": 652, ""139"": 238, ""140"": 208, ""141"": 246, ""142"": 286, ""143"": 608, ""144"": 646, ""145"": 366, ""146"": 704, ""147"": 316, ""148"": 720, ""149"": 342, ""150"": 698, ""151"": 744, ""152"": 386, ""153"": 712, ""154"": 388, ""155"": 310, ""156"": 590, ""157"": 654, ""158"": 202, ""159"": 292, ""160"": 268, ""161"": 360, ""162"": 618, ""163"": 626, ""164"": 610, ""165"": 368, ""166"": 282, ""167"": 242, ""168"": 334, ""169"": 674, ""170"": 668, ""171"": 272, ""172"": 738, ""173"": 612, ""174"": 288, ""175"": 324, ""176"": 362, ""177"": 648, ""178"": 694, ""179"": 326, ""180"": 214, ""181"": 384, ""182"": 592, ""183"": 754, ""184"": 296, ""185"": 772, ""186"": 726, ""187"": 732, ""188"": 692, ""189"": 600, ""190"": 266, ""191"": 338, ""192"": 308, ""193"": 206}",50.8,194
jku_suite_59.qasm,74.8,6.926415768265724,"{""0"": 10, ""1"": 14, ""2"": 12, ""3"": 30, ""4"": 16, ""5"": 34, ""6"": 32, ""7"": 28}",71.6,80.44,"{""0"": 32, ""1"": 10, ""4"": 28, ""6"": 30, ""2"": 16, ""7"": 34, ""3"": 14, ""5"": 12}",76.8,76.29333333333334,104.70976400375366,"{""6"": 10, ""7"": 16, ""5"": 34, ""4"": 32, ""0"": 30, ""2"": 14, ""3"": 12, ""1"": 28}",74.0,79.32,"{""0"": 16, ""1"": 12, ""2"": 32, ""3"": 14, ""4"": 10, ""5"": 28, ""6"": 34, ""7"": 30}",78.0,8
jku_suite_22.qasm,55.92,6.3941270545125,"{""0"": 44, ""1"": 48, ""2"": 18, ""3"": 42, ""4"": 24, ""5"": 22, ""6"": 46, ""7"": 16, ""8"": 50, ""9"": 20, ""10"": 40}",53.0,61.88,"{""0"": 50, ""9"": 48, ""1"": 24, ""8"": 18, ""4"": 42, ""6"": 46, ""2"": 40, ""7"": 44, ""3"": 16, ""10"": 20, ""5"": 22}",56.4,58.52,96.35414802283049,"{""8"": 24, ""1"": 22, ""0"": 14, ""6"": 20, ""4"": 50, ""5"": 48, ""7"": 16, ""10"": 40, ""9"": 46, ""3"": 18, ""2"": 44}",54.0,63.16,"{""0"": 20, ""1"": 50, ""2"": 40, ""3"": 46, ""4"": 44, ""5"": 48, ""6"": 14, ""7"": 18, ""8"": 16, ""9"": 42, ""10"": 22}",61.0,12
jku_suite_9.qasm,61.64,4.239623941481113,"{""0"": 20, ""1"": 18, ""2"": 36, ""3"": 12, ""4"": 42, ""5"": 34, ""6"": 14, ""7"": 40, ""8"": 16}",60.4,66.88,"{""0"": 42, ""1"": 40, ""8"": 14, ""4"": 34, ""6"": 12, ""2"": 38, ""3"": 20, ""7"": 36, ""5"": 18}",64.2,62.333333333333336,63.79917084425688,"{""8"": 14, ""1"": 40, ""6"": 12, ""7"": 42, ""5"": 38, ""4"": 34, ""0"": 18, ""3"": 36, ""2"": 20}",57.8,69.04,"{""0"": 38, ""1"": 42, ""2"": 20, ""3"": 40, ""4"": 12, ""5"": 34, ""6"": 16, ""7"": 18, ""8"": 36}",66.8,10
autobraid_10.qasm,38.32,0.1764345601201057,"{""0"": 490, ""1"": 220, ""2"": 240, ""3"": 250, ""4"": 496, ""5"": 422, ""6"": 212, ""7"": 506, ""8"": 462, ""9"": 388, ""10"": 484, ""11"": 232, ""12"": 480, ""13"": 426, ""14"": 382, ""15"": 224, ""16"": 396, ""17"": 498, ""18"": 386, ""19"": 436, ""20"": 464, ""21"": 162, ""22"": 418, ""23"": 188, ""24"": 394, ""25"": 168, ""26"": 216, ""27"": 146, ""28"": 132, ""29"": 182, ""30"": 228, ""31"": 166, ""32"": 248, ""33"": 206, ""34"": 474, ""35"": 158, ""36"": 150, ""37"": 428, ""38"": 468, ""39"": 186, ""40"": 214, ""41"": 438, ""42"": 204, ""43"": 482, ""44"": 494, ""45"": 504, ""46"": 170, ""47"": 430, ""48"": 402, ""49"": 412, ""50"": 140, ""51"": 172, ""52"": 406, ""53"": 208, ""54"": 176, ""55"": 452, ""56"": 442, ""57"": 238, ""58"": 130, ""59"": 194, ""60"": 142, ""61"": 476, ""62"": 134, ""63"": 410, ""64"": 398, ""65"": 252, ""66"": 164, ""67"": 472, ""68"": 456, ""69"": 180, ""70"": 222, ""71"": 416, ""72"": 144, ""73"": 400, ""74"": 210, ""75"": 478, ""76"": 454, ""77"": 156, ""78"": 128, ""79"": 242, ""80"": 178, ""81"": 234, ""82"": 500, ""83"": 148, ""84"": 488, ""85"": 226, ""86"": 470, ""87"": 202, ""88"": 384, ""89"": 466, ""90"": 390, ""91"": 218, ""92"": 450, ""93"": 486, ""94"": 196, ""95"": 414, ""96"": 136, ""97"": 420, ""98"": 458, ""99"": 138, ""100"": 392, ""101"": 460, ""102"": 502, ""103"": 446, ""104"": 192, ""105"": 244, ""106"": 160, ""107"": 230, ""108"": 198, ""109"": 404, ""110"": 492, ""111"": 246, ""112"": 184, ""113"": 190, ""114"": 174, ""115"": 444, ""116"": 236, ""117"": 432, ""118"": 154, ""119"": 424, ""120"": 434, ""121"": 200, ""122"": 440, ""123"": 448, ""124"": 408, ""125"": 152}",37.0,56.8,"{""0"": 128, ""9"": 134, ""1"": 132, ""8"": 130, ""4"": 136, ""6"": 138, ""2"": 140, ""3"": 142, ""7"": 144, ""5"": 146, ""13"": 456, ""24"": 178, ""54"": 458, ""109"": 396, ""80"": 442, ""64"": 156, ""65"": 244, ""91"": 486, ""111"": 176, ""44"": 390, ""70"": 406, ""51"": 206, ""19"": 470, ""99"": 498, ""31"": 236, ""35"": 394, ""49"": 172, ""119"": 220, ""73"": 500, ""25"": 246, ""61"": 454, ""97"": 240, ""58"": 488, ""45"": 202, ""11"": 154, ""40"": 248, ""88"": 194, ""48"": 436, ""69"": 414, ""82"": 232, ""98"": 422, ""32"": 478, ""10"": 444, ""12"": 226, ""28"": 184, ""15"": 480, ""125"": 162, ""118"": 466, ""100"": 430, ""16"": 200, ""62"": 198, ""34"": 148, ""94"": 218, ""36"": 398, ""27"": 460, ""21"": 174, ""95"": 434, ""102"": 214, ""63"": 250, ""86"": 382, ""92"": 166, ""29"": 204, ""43"": 228, ""57"": 392, ""41"": 404, ""68"": 196, ""20"": 426, ""96"": 212, ""60"": 506, ""39"": 440, ""85"": 490, ""117"": 222, ""23"": 448, ""52"": 472, ""121"": 492, ""84"": 216, ""59"": 160, ""67"": 418, ""112"": 252, ""56"": 496, ""71"": 416, ""113"": 484, ""22"": 432, ""42"": 186, ""101"": 242, ""53"": 420, ""81"": 428, ""47"": 402, ""33"": 150, ""50"": 494, ""18"": 164, ""103"": 208, ""116"": 170, ""30"": 468, ""75"": 482, ""115"": 450, ""104"": 410, ""114"": 234, ""66"": 446, ""87"": 238, ""37"": 400, ""77"": 210, ""26"": 192, ""106"": 190, ""74"": 230, ""55"": 188, ""14"": 384, ""90"": 224, ""79"": 474, ""89"": 180, ""108"": 388, ""17"": 464, ""105"": 504, ""120"": 386, ""83"": 452, ""124"": 438, ""78"": 158, ""123"": 152, ""122"": 412, ""72"": 424, ""107"": 182, ""110"": 502, ""93"": 462, ""76"": 168, ""46"": 476, ""38"": 408}",47.2,40.61333333333334,2.666752800345421,"{""8"": 156, ""1"": 180, ""0"": 166, ""6"": 170, ""4"": 136, ""5"": 152, ""7"": 196, ""3"": 142, ""2"": 490, ""115"": 388, ""16"": 230, ""20"": 252, ""27"": 184, ""106"": 194, ""89"": 172, ""36"": 394, ""44"": 494, ""125"": 144, ""24"": 214, ""104"": 176, ""22"": 464, ""78"": 154, ""76"": 204, ""62"": 480, ""111"": 426, ""109"": 226, ""28"": 434, ""96"": 158, ""31"": 138, ""21"": 500, ""73"": 506, ""69"": 190, ""120"": 250, ""54"": 220, ""68"": 232, ""81"": 162, ""83"": 496, ""71"": 448, ""84"": 198, ""72"": 484, ""43"": 406, ""19"": 168, ""10"": 192, ""29"": 402, ""100"": 410, ""95"": 202, ""56"": 472, ""60"": 482, ""53"": 476, ""15"": 148, ""99"": 458, ""87"": 396, ""14"": 150, ""119"": 414, ""112"": 174, ""39"": 492, ""58"": 164, ""97"": 430, ""49"": 424, ""93"": 134, ""35"": 236, ""67"": 218, ""114"": 188, ""79"": 442, ""123"": 224, ""38"": 228, ""90"": 200, ""57"": 468, ""98"": 422, ""103"": 456, ""45"": 474, ""11"": 412, ""63"": 498, ""48"": 212, ""113"": 240, ""66"": 432, ""12"": 408, ""122"": 382, ""23"": 502, ""94"": 452, ""116"": 384, ""82"": 130, ""55"": 390, ""70"": 186, ""101"": 444, ""108"": 416, ""59"": 454, ""41"": 132, ""40"": 438, ""26"": 446, ""91"": 238, ""51"": 398, ""25"": 504, ""33"": 386, ""17"": 182, ""65"": 486, ""102"": 462, ""118"": 392, ""34"": 420, ""117"": 178, ""74"": 234, ""88"": 428, ""64"": 470, ""124"": 478, ""9"": 216, ""50"": 222, ""52"": 208, ""80"": 248, ""110"": 436, ""13"": 160, ""30"": 404, ""86"": 242, ""37"": 128, ""107"": 460, ""85"": 466, ""75"": 210, ""61"": 206, ""32"": 246, ""105"": 400, ""18"": 440, ""77"": 146, ""92"": 140, ""46"": 244, ""42"": 488, ""47"": 450, ""121"": 418}",34.6,55.56,"{""0"": 428, ""1"": 402, ""2"": 136, ""3"": 238, ""4"": 462, ""5"": 146, ""6"": 226, ""7"": 162, ""8"": 250, ""9"": 142, ""10"": 430, ""11"": 128, ""12"": 440, ""13"": 180, ""14"": 144, ""15"": 396, ""16"": 246, ""17"": 432, ""18"": 214, ""19"": 394, ""20"": 458, ""21"": 408, ""22"": 172, ""23"": 450, ""24"": 492, ""25"": 228, ""26"": 488, ""27"": 392, ""28"": 414, ""29"": 220, ""30"": 156, ""31"": 160, ""32"": 200, ""33"": 400, ""34"": 468, ""35"": 504, ""36"": 150, ""37"": 448, ""38"": 500, ""39"": 456, ""40"": 204, ""41"": 426, ""42"": 384, ""43"": 140, ""44"": 170, ""45"": 470, ""46"": 476, ""47"": 484, ""48"": 242, ""49"": 248, ""50"": 406, ""51"": 478, ""52"": 382, ""53"": 138, ""54"": 154, ""55"": 230, ""56"": 148, ""57"": 130, ""58"": 192, ""59"": 158, ""60"": 398, ""61"": 222, ""62"": 424, ""63"": 196, ""64"": 232, ""65"": 386, ""66"": 496, ""67"": 502, ""68"": 486, ""69"": 498, ""70"": 418, ""71"": 186, ""72"": 490, ""73"": 198, ""74"": 188, ""75"": 416, ""76"": 134, ""77"": 152, ""78"": 182, ""79"": 218, ""80"": 194, ""81"": 164, ""82"": 166, ""83"": 240, ""84"": 442, ""85"": 388, ""86"": 494, ""87"": 210, ""88"": 216, ""89"": 168, ""90"": 506, ""91"": 420, ""92"": 474, ""93"": 412, ""94"": 438, ""95"": 480, ""96"": 208, ""97"": 224, ""98"": 176, ""99"": 434, ""100"": 446, ""101"": 466, ""102"": 464, ""103"": 190, ""104"": 422, ""105"": 452, ""106"": 174, ""107"": 472, ""108"": 212, ""109"": 184, ""110"": 460, ""111"": 410, ""112"": 132, ""113"": 206, ""114"": 178, ""115"": 444, ""116"": 404, ""117"": 202, ""118"": 236, ""119"": 390, ""120"": 234, ""121"": 244, ""122"": 436, ""123"": 252, ""124"": 482, ""125"": 454}",48.2,126
jku_suite_84.qasm,69.96,6.997518914937973,"{""0"": 30, ""1"": 28, ""2"": 14, ""3"": 32, ""4"": 10, ""5"": 16, ""6"": 34, ""7"": 12}",65.6,70.52,"{""0"": 10, ""1"": 34, ""4"": 30, ""6"": 28, ""2"": 16, ""3"": 14, ""7"": 12, ""5"": 32}",68.0,67.46666666666667,103.02804297208786,"{""1"": 28, ""6"": 34, ""0"": 30, ""4"": 12, ""5"": 16, ""7"": 32, ""3"": 10, ""2"": 14}",61.0,74.08,"{""0"": 34, ""1"": 32, ""2"": 12, ""3"": 10, ""4"": 16, ""5"": 28, ""6"": 14, ""7"": 30}",68.2,8
jku_suite_14.qasm,88.04,8.514612136781215,"{""0"": 10, ""1"": 12, ""2"": 8, ""3"": 24, ""4"": 26, ""5"": 22}",84.8,86.4,"{""0"": 26, ""1"": 10, ""4"": 24, ""2"": 12, ""3"": 22, ""5"": 8}",85.0,87.0,124.87011129409076,"{""0"": 24, ""5"": 12, ""4"": 8, ""2"": 26, ""3"": 10, ""1"": 22}",84.0,87.16,"{""0"": 12, ""1"": 24, ""2"": 26, ""3"": 10, ""4"": 8, ""5"": 22}",85.0,6
qaoa_0.qasm,45.96,0.7214230820536613,"{""0"": 60, ""1"": 138, ""2"": 38, ""3"": 132, ""4"": 144, ""5"": 46, ""6"": 70, ""7"": 142, ""8"": 118, ""9"": 62, ""10"": 42, ""11"": 68, ""12"": 124, ""13"": 128, ""14"": 136, ""15"": 134, ""16"": 64, ""17"": 58, ""18"": 40, ""19"": 66, ""20"": 54, ""21"": 52, ""22"": 146, ""23"": 72, ""24"": 112, ""25"": 126, ""26"": 116, ""27"": 120, ""28"": 50, ""29"": 122, ""30"": 44, ""31"": 130, ""32"": 48, ""33"": 140, ""34"": 114, ""35"": 56}",42.8,60.08,"{""0"": 40, ""1"": 44, ""8"": 42, ""4"": 38, ""6"": 46, ""2"": 48, ""3"": 50, ""7"": 52, ""5"": 54, ""12"": 130, ""24"": 60, ""13"": 126, ""28"": 68, ""15"": 124, ""26"": 138, ""14"": 64, ""23"": 144, ""19"": 142, ""16"": 62, ""31"": 122, ""35"": 112, ""17"": 140, ""9"": 56, ""22"": 114, ""25"": 134, ""34"": 118, ""27"": 58, ""21"": 72, ""11"": 128, ""33"": 116, ""29"": 146, ""18"": 136, ""30"": 120, ""32"": 66, ""20"": 70, ""10"": 132}",57.2,45.306666666666665,10.848725758492948,"{""8"": 44, ""1"": 62, ""0"": 132, ""6"": 144, ""4"": 142, ""5"": 124, ""7"": 120, ""3"": 126, ""2"": 114, ""11"": 134, ""16"": 72, ""20"": 70, ""34"": 38, ""27"": 112, ""19"": 146, ""10"": 116, ""29"": 54, ""9"": 128, ""24"": 40, ""12"": 52, ""22"": 136, ""15"": 138, ""28"": 68, ""23"": 140, ""13"": 118, ""31"": 130, ""21"": 58, ""30"": 122, ""14"": 64, ""32"": 50, ""18"": 48, ""26"": 46, ""25"": 56, ""33"": 60, ""35"": 42, ""17"": 66}",41.4,62.4,"{""0"": 40, ""1"": 64, ""2"": 120, ""3"": 62, ""4"": 146, ""5"": 50, ""6"": 72, ""7"": 130, ""8"": 114, ""9"": 116, ""10"": 46, ""11"": 60, ""12"": 54, ""13"": 68, ""14"": 124, ""15"": 126, ""16"": 58, ""17"": 144, ""18"": 70, ""19"": 128, ""20"": 118, ""21"": 112, ""22"": 122, ""23"": 66, ""24"": 52, ""25"": 136, ""26"": 48, ""27"": 132, ""28"": 140, ""29"": 42, ""30"": 56, ""31"": 44, ""32"": 138, ""33"": 142, ""34"": 38, ""35"": 134}",59.2,36
autobraid_16.qasm,44.48,0.135650160908699,"{""0"": 718, ""1"": 376, ""2"": 790, ""3"": 636, ""4"": 638, ""5"": 738, ""6"": 732, ""7"": 252, ""8"": 314, ""9"": 388, ""10"": 340, ""11"": 772, ""12"": 308, ""13"": 326, ""14"": 218, ""15"": 608, ""16"": 222, ""17"": 672, ""18"": 322, ""19"": 264, ""20"": 318, ""21"": 396, ""22"": 728, ""23"": 334, ""24"": 730, ""25"": 380, ""26"": 698, ""27"": 270, ""28"": 234, ""29"": 690, ""30"": 370, ""31"": 374, ""32"": 228, ""33"": 626, ""34"": 798, ""35"": 394, ""36"": 688, ""37"": 666, ""38"": 346, ""39"": 660, ""40"": 338, ""41"": 764, ""42"": 362, ""43"": 366, ""44"": 292, ""45"": 360, ""46"": 352, ""47"": 398, ""48"": 212, ""49"": 384, ""50"": 684, ""51"": 298, ""52"": 802, ""53"": 650, ""54"": 350, ""55"": 662, ""56"": 680, ""57"": 800, ""58"": 656, ""59"": 648, ""60"": 622, ""61"": 654, ""62"": 304, ""63"": 306, ""64"": 694, ""65"": 722, ""66"": 354, ""67"": 606, ""68"": 290, ""69"": 712, ""70"": 248, ""71"": 630, ""72"": 612, ""73"": 682, ""74"": 262, ""75"": 364, ""76"": 280, ""77"": 614, ""78"": 742, ""79"": 312, ""80"": 786, ""81"": 706, ""82"": 708, ""83"": 250, ""84"": 610, ""85"": 700, ""86"": 760, ""87"": 686, ""88"": 788, ""89"": 748, ""90"": 676, ""91"": 640, ""92"": 692, ""93"": 330, ""94"": 634, ""95"": 756, ""96"": 780, ""97"": 296, ""98"": 276, ""99"": 386, ""100"": 210, ""101"": 696, ""102"": 260, ""103"": 286, ""104"": 744, ""105"": 740, ""106"": 288, ""107"": 792, ""108"": 356, ""109"": 664, ""110"": 616, ""111"": 348, ""112"": 754, ""113"": 302, ""114"": 746, ""115"": 642, ""116"": 714, ""117"": 220, ""118"": 284, ""119"": 214, ""120"": 378, ""121"": 604, ""122"": 716, ""123"": 382, ""124"": 258, ""125"": 726, ""126"": 624, ""127"": 268, ""128"": 300, ""129"": 274, ""130"": 750, ""131"": 368, ""132"": 400, ""133"": 620, ""134"": 702, ""135"": 774, ""136"": 342, ""137"": 316, ""138"": 720, ""139"": 766, ""140"": 336, ""141"": 266, ""142"": 652, ""143"": 236, ""144"": 782, ""145"": 232, ""146"": 242, ""147"": 230, ""148"": 358, ""149"": 762, ""150"": 208, ""151"": 736, ""152"": 796, ""153"": 226, ""154"": 794, ""155"": 658, ""156"": 240, ""157"": 372, ""158"": 784, ""159"": 224, ""160"": 390, ""161"": 256, ""162"": 668, ""163"": 244, ""164"": 202, ""165"": 710, ""166"": 618, ""167"": 704, ""168"": 392, ""169"": 674, ""170"": 324, ""171"": 332, ""172"": 776, ""173"": 278, ""174"": 734, ""175"": 678, ""176"": 206, ""177"": 632, ""178"": 238, ""179"": 646, ""180"": 758, ""181"": 246, ""182"": 344, ""183"": 254, ""184"": 768, ""185"": 204, ""186"": 770, ""187"": 752, ""188"": 628, ""189"": 328, ""190"": 670, ""191"": 644, ""192"": 216, ""193"": 724, ""194"": 294, ""195"": 778, ""196"": 320, ""197"": 272, ""198"": 310, ""199"": 282}",38.2,54.96,"{""0"": 202, ""1"": 204, ""8"": 206, ""4"": 208, ""6"": 210, ""2"": 212, ""3"": 214, ""7"": 216, ""5"": 218, ""143"": 262, ""24"": 368, ""13"": 298, ""178"": 746, ""131"": 312, ""54"": 762, ""109"": 646, ""80"": 308, ""183"": 350, ""64"": 724, ""160"": 618, ""144"": 248, ""181"": 382, ""65"": 654, ""176"": 226, ""91"": 246, ""133"": 374, ""136"": 236, ""44"": 288, ""70"": 232, ""185"": 660, ""111"": 268, ""167"": 700, ""51"": 256, ""19"": 708, ""177"": 784, ""99"": 302, ""158"": 782, ""189"": 322, ""31"": 796, ""35"": 676, ""155"": 222, ""126"": 764, ""49"": 666, ""119"": 276, ""197"": 788, ""73"": 378, ""25"": 638, ""61"": 786, ""97"": 240, ""187"": 274, ""58"": 710, ""45"": 696, ""11"": 270, ""196"": 296, ""173"": 328, ""40"": 702, ""165"": 648, ""175"": 286, ""88"": 398, ""48"": 626, ""69"": 284, ""82"": 674, ""98"": 758, ""154"": 714, ""32"": 736, ""145"": 242, ""10"": 258, ""142"": 280, ""163"": 680, ""191"": 718, ""172"": 310, ""166"": 244, ""12"": 364, ""28"": 316, ""15"": 320, ""125"": 612, ""134"": 738, ""128"": 750, ""118"": 250, ""100"": 670, ""16"": 324, ""62"": 766, ""9"": 356, ""140"": 682, ""34"": 792, ""36"": 732, ""94"": 752, ""27"": 354, ""21"": 790, ""149"": 352, ""199"": 704, ""95"": 372, ""168"": 684, ""102"": 624, ""29"": 252, ""63"": 342, ""179"": 772, ""43"": 332, ""92"": 380, ""57"": 656, ""86"": 608, ""147"": 228, ""68"": 630, ""41"": 720, ""20"": 254, ""96"": 734, ""193"": 610, ""170"": 642, ""188"": 652, ""164"": 304, ""60"": 606, ""39"": 396, ""85"": 334, ""137"": 272, ""117"": 360, ""153"": 264, ""23"": 778, ""192"": 622, ""52"": 632, ""121"": 640, ""194"": 748, ""169"": 770, ""184"": 260, ""186"": 366, ""174"": 694, ""59"": 292, ""195"": 290, ""141"": 726, ""146"": 370, ""112"": 376, ""67"": 344, ""84"": 238, ""180"": 390, ""56"": 392, ""71"": 664, ""113"": 620, ""22"": 220, ""42"": 330, ""101"": 712, ""190"": 616, ""53"": 346, ""81"": 800, ""47"": 294, ""33"": 722, ""50"": 266, ""171"": 662, ""18"": 394, ""103"": 306, ""139"": 230, ""30"": 794, ""116"": 698, ""75"": 628, ""115"": 706, ""182"": 234, ""104"": 730, ""198"": 388, ""114"": 338, ""66"": 690, ""87"": 780, ""37"": 688, ""161"": 658, ""77"": 384, ""26"": 686, ""106"": 754, ""55"": 358, ""74"": 282, ""14"": 636, ""150"": 348, ""90"": 756, ""132"": 362, ""135"": 300, ""79"": 740, ""89"": 614, ""148"": 672, ""108"": 644, ""127"": 314, ""157"": 318, ""17"": 798, ""156"": 742, ""105"": 604, ""159"": 678, ""120"": 400, ""83"": 278, ""124"": 668, ""78"": 336, ""123"": 744, ""122"": 802, ""138"": 760, ""151"": 768, ""129"": 634, ""72"": 728, ""162"": 774, ""107"": 386, ""130"": 326, ""110"": 340, ""93"": 224, ""76"": 716, ""46"": 692, ""152"": 776, ""38"": 650}",50.6,42.76,2.0411650091409683,"{""8"": 214, ""1"": 202, ""0"": 674, ""6"": 350, ""4"": 368, ""5"": 212, ""7"": 284, ""3"": 396, ""2"": 218, ""115"": 760, ""16"": 334, ""131"": 236, ""20"": 690, ""179"": 298, ""155"": 344, ""182"": 728, ""191"": 774, ""27"": 718, ""106"": 764, ""196"": 310, ""89"": 346, ""44"": 330, ""36"": 666, ""170"": 394, ""125"": 324, ""24"": 388, ""104"": 230, ""174"": 614, ""187"": 732, ""135"": 710, ""22"": 286, ""62"": 698, ""76"": 398, ""78"": 720, ""111"": 612, ""109"": 752, ""28"": 358, ""96"": 768, ""172"": 776, ""31"": 390, ""21"": 784, ""73"": 222, ""177"": 676, ""69"": 314, ""120"": 670, ""54"": 714, ""158"": 392, ""149"": 210, ""68"": 636, ""198"": 662, ""143"": 628, ""152"": 204, ""81"": 788, ""83"": 316, ""71"": 248, ""84"": 302, ""72"": 326, ""178"": 758, ""148"": 786, ""193"": 618, ""199"": 704, ""169"": 608, ""43"": 360, ""167"": 296, ""173"": 340, ""188"": 386, ""197"": 276, ""19"": 364, ""145"": 724, ""10"": 688, ""157"": 722, ""29"": 616, ""100"": 610, ""95"": 682, ""151"": 384, ""56"": 366, ""60"": 800, ""15"": 624, ""53"": 280, ""134"": 382, ""99"": 702, ""144"": 680, ""161"": 372, ""139"": 258, ""87"": 206, ""189"": 644, ""171"": 738, ""181"": 742, ""127"": 282, ""14"": 798, ""119"": 648, ""112"": 794, ""39"": 604, ""58"": 778, ""97"": 208, ""49"": 762, ""93"": 658, ""126"": 744, ""67"": 318, ""35"": 634, ""114"": 650, ""186"": 254, ""79"": 740, ""133"": 790, ""123"": 328, ""57"": 338, ""38"": 370, ""90"": 694, ""185"": 336, ""163"": 716, ""98"": 638, ""103"": 348, ""11"": 256, ""146"": 216, ""45"": 272, ""63"": 312, ""190"": 288, ""166"": 802, ""154"": 782, ""194"": 290, ""48"": 352, ""132"": 654, ""160"": 292, ""66"": 668, ""12"": 278, ""137"": 306, ""113"": 356, ""122"": 226, ""156"": 792, ""23"": 620, ""94"": 700, ""129"": 270, ""55"": 320, ""116"": 660, ""82"": 380, ""70"": 304, ""101"": 264, ""108"": 692, ""140"": 712, ""59"": 400, ""130"": 332, ""40"": 642, ""41"": 238, ""26"": 234, ""164"": 378, ""142"": 322, ""195"": 376, ""91"": 708, ""51"": 260, ""25"": 736, ""33"": 374, ""17"": 750, ""141"": 748, ""168"": 224, ""65"": 250, ""102"": 640, ""136"": 262, ""180"": 242, ""118"": 770, ""117"": 300, ""34"": 664, ""74"": 756, ""88"": 354, ""176"": 766, ""64"": 342, ""124"": 626, ""165"": 246, ""9"": 228, ""50"": 646, ""147"": 266, ""175"": 294, ""52"": 656, ""110"": 622, ""80"": 268, ""13"": 240, ""30"": 796, ""37"": 220, ""86"": 630, ""107"": 754, ""85"": 730, ""75"": 780, ""61"": 678, ""150"": 252, ""32"": 232, ""105"": 652, ""77"": 726, ""18"": 706, ""183"": 244, ""153"": 274, ""159"": 734, ""162"": 606, ""138"": 746, ""46"": 684, ""92"": 362, ""128"": 672, ""42"": 772, ""47"": 686, ""192"": 696, ""184"": 632, ""121"": 308}",38.0,55.36,"{""0"": 612, ""1"": 762, ""2"": 346, ""3"": 236, ""4"": 658, ""5"": 314, ""6"": 776, ""7"": 282, ""8"": 660, ""9"": 682, ""10"": 656, ""11"": 672, ""12"": 222, ""13"": 730, ""14"": 234, ""15"": 366, ""16"": 788, ""17"": 358, ""18"": 308, ""19"": 634, ""20"": 628, ""21"": 324, ""22"": 322, ""23"": 368, ""24"": 210, ""25"": 390, ""26"": 626, ""27"": 212, ""28"": 614, ""29"": 724, ""30"": 772, ""31"": 342, ""32"": 740, ""33"": 758, ""34"": 778, ""35"": 294, ""36"": 752, ""37"": 706, ""38"": 748, ""39"": 356, ""40"": 700, ""41"": 704, ""42"": 328, ""43"": 240, ""44"": 336, ""45"": 344, ""46"": 334, ""47"": 350, ""48"": 794, ""49"": 310, ""50"": 792, ""51"": 398, ""52"": 364, ""53"": 306, ""54"": 248, ""55"": 340, ""56"": 316, ""57"": 624, ""58"": 214, ""59"": 798, ""60"": 718, ""61"": 768, ""62"": 770, ""63"": 652, ""64"": 664, ""65"": 312, ""66"": 278, ""67"": 250, ""68"": 722, ""69"": 352, ""70"": 264, ""71"": 284, ""72"": 378, ""73"": 232, ""74"": 738, ""75"": 618, ""76"": 756, ""77"": 728, ""78"": 400, ""79"": 266, ""80"": 252, ""81"": 692, ""82"": 202, ""83"": 764, ""84"": 732, ""85"": 644, ""86"": 784, ""87"": 616, ""88"": 260, ""89"": 326, ""90"": 622, ""91"": 668, ""92"": 304, ""93"": 238, ""94"": 254, ""95"": 636, ""96"": 302, ""97"": 372, ""98"": 208, ""99"": 610, ""100"": 608, ""101"": 736, ""102"": 716, ""103"": 384, ""104"": 224, ""105"": 348, ""106"": 320, ""107"": 654, ""108"": 274, ""109"": 246, ""110"": 720, ""111"": 648, ""112"": 606, ""113"": 684, ""114"": 256, ""115"": 220, ""116"": 370, ""117"": 670, ""118"": 242, ""119"": 690, ""120"": 392, ""121"": 786, ""122"": 292, ""123"": 262, ""124"": 696, ""125"": 712, ""126"": 218, ""127"": 800, ""128"": 714, ""129"": 280, ""130"": 376, ""131"": 244, ""132"": 276, ""133"": 374, ""134"": 630, ""135"": 782, ""136"": 708, ""137"": 300, ""138"": 790, ""139"": 646, ""140"": 360, ""141"": 780, ""142"": 742, ""143"": 666, ""144"": 296, ""145"": 686, ""146"": 750, ""147"": 744, ""148"": 632, ""149"": 650, ""150"": 688, ""151"": 272, ""152"": 678, ""153"": 318, ""154"": 268, ""155"": 216, ""156"": 642, ""157"": 638, ""158"": 288, ""159"": 206, ""160"": 228, ""161"": 620, ""162"": 394, ""163"": 760, ""164"": 694, ""165"": 332, ""166"": 290, ""167"": 754, ""168"": 388, ""169"": 338, ""170"": 796, ""171"": 680, ""172"": 774, ""173"": 674, ""174"": 734, ""175"": 204, ""176"": 604, ""177"": 726, ""178"": 230, ""179"": 640, ""180"": 270, ""181"": 362, ""182"": 258, ""183"": 746, ""184"": 380, ""185"": 802, ""186"": 286, ""187"": 354, ""188"": 662, ""189"": 698, ""190"": 676, ""191"": 226, ""192"": 766, ""193"": 330, ""194"": 386, ""195"": 298, ""196"": 382, ""197"": 396, ""198"": 710, ""199"": 702}",49.4,200
jku_suite_96.qasm,77.8,6.807155664265156,"{""0"": 12, ""1"": 26, ""2"": 22, ""3"": 8, ""4"": 24, ""5"": 10}",73.8,80.04,"{""0"": 8, ""1"": 22, ""4"": 12, ""2"": 10, ""3"": 24, ""5"": 26}",77.2,79.57333333333334,100.63970082998276,"{""0"": 12, ""5"": 26, ""4"": 24, ""2"": 22, ""3"": 10, ""1"": 8}",76.0,79.48,"{""0"": 26, ""1"": 12, ""2"": 24, ""3"": 8, ""4"": 10, ""5"": 22}",76.2,6
autobraid_1.qasm,30.44,0.6274742156267166,"{""0"": 512, ""1"": 514, ""2"": 480, ""3"": 530, ""4"": 440, ""5"": 434, ""6"": 164, ""7"": 184, ""8"": 450, ""9"": 142, ""10"": 252, ""11"": 524, ""12"": 212, ""13"": 146, ""14"": 216, ""15"": 152, ""16"": 518, ""17"": 270, ""18"": 538, ""19"": 236, ""20"": 274, ""21"": 242, ""22"": 162, ""23"": 500, ""24"": 204, ""25"": 280, ""26"": 430, ""27"": 178, ""28"": 254, ""29"": 190, ""30"": 554, ""31"": 454, ""32"": 472, ""33"": 496, ""34"": 226, ""35"": 180, ""36"": 202, ""37"": 240, ""38"": 520, ""39"": 188, ""40"": 272, ""41"": 426, ""42"": 248, ""43"": 192, ""44"": 228, ""45"": 486, ""46"": 262, ""47"": 264, ""48"": 490, ""49"": 206, ""50"": 504, ""51"": 562, ""52"": 544, ""53"": 222, ""54"": 526, ""55"": 210, ""56"": 488, ""57"": 508, ""58"": 250, ""59"": 194, ""60"": 172, ""61"": 438, ""62"": 466, ""63"": 506, ""64"": 522, ""65"": 218, ""66"": 542, ""67"": 174, ""68"": 220, ""69"": 470, ""70"": 214, ""71"": 558, ""72"": 276, ""73"": 456, ""74"": 278, ""75"": 186, ""76"": 464, ""77"": 266, ""78"": 196, ""79"": 424, ""80"": 150, ""81"": 230, ""82"": 532, ""83"": 444, ""84"": 176, ""85"": 442, ""86"": 260, ""87"": 198, ""88"": 232, ""89"": 154, ""90"": 200, ""91"": 170, ""92"": 510, ""93"": 246, ""94"": 546, ""95"": 258, ""96"": 234, ""97"": 428, ""98"": 484, ""99"": 148, ""100"": 458, ""101"": 552, ""102"": 156, ""103"": 476, ""104"": 448, ""105"": 502, ""106"": 536, ""107"": 158, ""108"": 550, ""109"": 238, ""110"": 224, ""111"": 208, ""112"": 516, ""113"": 478, ""114"": 166, ""115"": 498, ""116"": 244, ""117"": 534, ""118"": 556, ""119"": 482, ""120"": 168, ""121"": 468, ""122"": 268, ""123"": 256, ""124"": 540, ""125"": 182, ""126"": 560, ""127"": 548, ""128"": 494, ""129"": 144, ""130"": 432, ""131"": 528, ""132"": 492, ""133"": 452, ""134"": 460, ""135"": 446, ""136"": 462, ""137"": 474, ""138"": 160, ""139"": 436}",26.2,54.68,"{""0"": 142, ""9"": 144, ""1"": 146, ""8"": 148, ""4"": 150, ""6"": 152, ""2"": 154, ""3"": 156, ""7"": 158, ""10"": 160, ""5"": 162, ""13"": 248, ""24"": 480, ""131"": 424, ""54"": 230, ""109"": 456, ""80"": 184, ""64"": 562, ""65"": 268, ""133"": 444, ""91"": 510, ""136"": 200, ""111"": 242, ""70"": 522, ""44"": 256, ""51"": 556, ""19"": 232, ""99"": 196, ""31"": 208, ""35"": 490, ""126"": 514, ""119"": 536, ""49"": 516, ""73"": 276, ""25"": 500, ""61"": 548, ""97"": 194, ""58"": 504, ""45"": 262, ""11"": 520, ""40"": 540, ""88"": 554, ""48"": 426, ""69"": 534, ""82"": 226, ""98"": 528, ""32"": 202, ""12"": 238, ""28"": 492, ""15"": 442, ""125"": 236, ""134"": 212, ""128"": 258, ""118"": 452, ""100"": 210, ""62"": 496, ""16"": 494, ""34"": 558, ""36"": 478, ""94"": 166, ""27"": 560, ""21"": 178, ""95"": 532, ""102"": 164, ""29"": 260, ""92"": 190, ""43"": 218, ""63"": 484, ""86"": 526, ""57"": 172, ""41"": 434, ""68"": 266, ""20"": 246, ""96"": 524, ""60"": 512, ""39"": 182, ""85"": 192, ""137"": 454, ""117"": 550, ""23"": 186, ""52"": 274, ""121"": 436, ""84"": 198, ""59"": 530, ""67"": 472, ""112"": 474, ""56"": 546, ""71"": 234, ""113"": 272, ""22"": 488, ""42"": 428, ""101"": 168, ""53"": 448, ""81"": 206, ""47"": 470, ""33"": 466, ""50"": 542, ""18"": 506, ""103"": 250, ""116"": 462, ""30"": 204, ""139"": 176, ""75"": 216, ""115"": 254, ""104"": 270, ""114"": 460, ""66"": 222, ""87"": 252, ""37"": 228, ""77"": 224, ""26"": 552, ""106"": 180, ""74"": 214, ""55"": 430, ""14"": 446, ""90"": 508, ""132"": 498, ""135"": 438, ""79"": 264, ""89"": 240, ""108"": 468, ""127"": 476, ""17"": 464, ""105"": 482, ""120"": 432, ""83"": 170, ""124"": 174, ""78"": 486, ""123"": 220, ""122"": 518, ""138"": 280, ""129"": 450, ""72"": 458, ""107"": 544, ""130"": 188, ""110"": 538, ""93"": 440, ""76"": 502, ""46"": 278, ""38"": 244}",52.0,32.74666666666667,9.456867434084415,"{""12"": 226, ""8"": 506, ""1"": 432, ""0"": 212, ""6"": 210, ""4"": 430, ""5"": 146, ""7"": 164, ""10"": 252, ""9"": 534, ""3"": 150, ""2"": 538, ""115"": 246, ""16"": 200, ""131"": 180, ""20"": 494, ""27"": 464, ""106"": 468, ""89"": 470, ""36"": 488, ""44"": 498, ""125"": 438, ""24"": 508, ""104"": 206, ""135"": 502, ""22"": 174, ""62"": 436, ""76"": 456, ""78"": 482, ""111"": 270, ""109"": 462, ""28"": 240, ""96"": 264, ""31"": 558, ""21"": 220, ""73"": 536, ""69"": 550, ""120"": 142, ""54"": 514, ""68"": 500, ""81"": 162, ""83"": 214, ""71"": 230, ""84"": 442, ""72"": 560, ""43"": 492, ""19"": 518, ""29"": 554, ""100"": 186, ""95"": 530, ""56"": 544, ""60"": 424, ""53"": 278, ""15"": 276, ""134"": 144, ""99"": 258, ""87"": 474, ""139"": 188, ""14"": 216, ""127"": 204, ""119"": 168, ""112"": 254, ""39"": 526, ""58"": 148, ""97"": 198, ""49"": 218, ""93"": 458, ""126"": 184, ""67"": 446, ""35"": 448, ""114"": 208, ""79"": 484, ""133"": 490, ""123"": 236, ""57"": 170, ""90"": 548, ""38"": 182, ""98"": 428, ""103"": 504, ""11"": 176, ""45"": 562, ""63"": 440, ""132"": 454, ""48"": 274, ""113"": 256, ""137"": 532, ""66"": 512, ""122"": 280, ""23"": 542, ""94"": 238, ""129"": 196, ""55"": 194, ""116"": 460, ""82"": 522, ""70"": 496, ""101"": 156, ""108"": 524, ""59"": 266, ""130"": 260, ""40"": 154, ""41"": 268, ""26"": 158, ""91"": 486, ""51"": 222, ""25"": 510, ""33"": 250, ""17"": 478, ""65"": 166, ""102"": 480, ""136"": 546, ""118"": 152, ""34"": 234, ""117"": 248, ""74"": 244, ""88"": 202, ""64"": 444, ""124"": 228, ""50"": 172, ""52"": 520, ""80"": 476, ""110"": 272, ""13"": 190, ""30"": 160, ""37"": 242, ""86"": 452, ""107"": 528, ""85"": 434, ""75"": 556, ""61"": 192, ""32"": 552, ""105"": 540, ""18"": 224, ""77"": 178, ""138"": 466, ""92"": 232, ""46"": 262, ""128"": 472, ""42"": 450, ""47"": 516, ""121"": 426}",29.2,59.96,"{""0"": 482, ""1"": 250, ""2"": 478, ""3"": 502, ""4"": 176, ""5"": 162, ""6"": 460, ""7"": 522, ""8"": 536, ""9"": 238, ""10"": 526, ""11"": 554, ""12"": 440, ""13"": 532, ""14"": 164, ""15"": 530, ""16"": 506, ""17"": 204, ""18"": 230, ""19"": 274, ""20"": 220, ""21"": 212, ""22"": 518, ""23"": 480, ""24"": 514, ""25"": 436, ""26"": 276, ""27"": 428, ""28"": 548, ""29"": 438, ""30"": 508, ""31"": 456, ""32"": 196, ""33"": 208, ""34"": 432, ""35"": 180, ""36"": 540, ""37"": 184, ""38"": 232, ""39"": 174, ""40"": 188, ""41"": 458, ""42"": 474, ""43"": 228, ""44"": 272, ""45"": 216, ""46"": 210, ""47"": 462, ""48"": 498, ""49"": 156, ""50"": 464, ""51"": 270, ""52"": 524, ""53"": 264, ""54"": 262, ""55"": 558, ""56"": 278, ""57"": 492, ""58"": 182, ""59"": 152, ""60"": 446, ""61"": 468, ""62"": 484, ""63"": 450, ""64"": 534, ""65"": 168, ""66"": 444, ""67"": 496, ""68"": 528, ""69"": 542, ""70"": 236, ""71"": 426, ""72"": 254, ""73"": 194, ""74"": 234, ""75"": 260, ""76"": 142, ""77"": 516, ""78"": 146, ""79"": 430, ""80"": 148, ""81"": 454, ""82"": 500, ""83"": 200, ""84"": 198, ""85"": 280, ""86"": 172, ""87"": 448, ""88"": 470, ""89"": 144, ""90"": 488, ""91"": 160, ""92"": 252, ""93"": 476, ""94"": 248, ""95"": 556, ""96"": 560, ""97"": 154, ""98"": 512, ""99"": 224, ""100"": 178, ""101"": 226, ""102"": 486, ""103"": 550, ""104"": 242, ""105"": 472, ""106"": 520, ""107"": 490, ""108"": 246, ""109"": 190, ""110"": 424, ""111"": 150, ""112"": 442, ""113"": 544, ""114"": 218, ""115"": 186, ""116"": 452, ""117"": 494, ""118"": 268, ""119"": 538, ""120"": 552, ""121"": 166, ""122"": 158, ""123"": 170, ""124"": 434, ""125"": 256, ""126"": 192, ""127"": 240, ""128"": 466, ""129"": 504, ""130"": 258, ""131"": 244, ""132"": 562, ""133"": 214, ""134"": 202, ""135"": 206, ""136"": 546, ""137"": 222, ""138"": 510, ""139"": 266}",52.0,140
jku_suite_95.qasm,74.76,7.867897714674473,"{""0"": 32, ""1"": 34, ""2"": 14, ""3"": 10, ""4"": 28, ""5"": 12, ""6"": 16}",71.8,77.08,"{""0"": 14, ""1"": 12, ""4"": 34, ""6"": 10, ""2"": 30, ""3"": 16, ""5"": 32}",72.0,74.4,116.95013334602118,"{""0"": 14, ""6"": 16, ""5"": 30, ""4"": 28, ""2"": 32, ""3"": 10, ""1"": 34}",70.6,75.04,"{""0"": 10, ""1"": 28, ""2"": 16, ""3"": 12, ""4"": 34, ""5"": 32, ""6"": 30}",72.8,8
qft_0.qasm,10.0,0.880545687675476,"{""0"": 90, ""1"": 96, ""2"": 182, ""3"": 70, ""4"": 78, ""5"": 170, ""6"": 98, ""7"": 188, ""8"": 162, ""9"": 166, ""10"": 186, ""11"": 60, ""12"": 64, ""13"": 158, ""14"": 66, ""15"": 54, ""16"": 86, ""17"": 92, ""18"": 94, ""19"": 62, ""20"": 74, ""21"": 190, ""22"": 82, ""23"": 184, ""24"": 160, ""25"": 68, ""26"": 178, ""27"": 52, ""28"": 156, ""29"": 194, ""30"": 168, ""31"": 84, ""32"": 202, ""33"": 164, ""34"": 192, ""35"": 72, ""36"": 198, ""37"": 180, ""38"": 154, ""39"": 56, ""40"": 58, ""41"": 88, ""42"": 80, ""43"": 100, ""44"": 76, ""45"": 172, ""46"": 176, ""47"": 200, ""48"": 174}",10.0,10.0,"{""0"": 52, ""1"": 54, ""4"": 56, ""6"": 58, ""2"": 60, ""3"": 62, ""5"": 64, ""39"": 86, ""12"": 78, ""24"": 94, ""37"": 92, ""13"": 98, ""28"": 202, ""15"": 192, ""7"": 70, ""26"": 160, ""14"": 176, ""23"": 170, ""44"": 180, ""19"": 84, ""16"": 190, ""31"": 184, ""35"": 156, ""17"": 166, ""9"": 90, ""8"": 164, ""22"": 88, ""25"": 200, ""34"": 194, ""42"": 188, ""36"": 72, ""27"": 196, ""45"": 76, ""21"": 178, ""47"": 74, ""33"": 66, ""11"": 80, ""32"": 158, ""40"": 172, ""29"": 82, ""48"": 96, ""43"": 174, ""18"": 182, ""30"": 168, ""41"": 198, ""46"": 68, ""20"": 100, ""10"": 186, ""38"": 162}",10.0,10.013333333333334,20.292882725596428,"{""1"": 54, ""0"": 52, ""6"": 58, ""4"": 154, ""5"": 60, ""3"": 62, ""2"": 64, ""45"": 70, ""11"": 178, ""16"": 88, ""20"": 166, ""34"": 188, ""27"": 182, ""19"": 76, ""44"": 84, ""10"": 198, ""36"": 202, ""29"": 192, ""24"": 92, ""9"": 100, ""48"": 156, ""12"": 72, ""22"": 184, ""15"": 74, ""28"": 180, ""13"": 80, ""23"": 186, ""31"": 56, ""21"": 82, ""30"": 170, ""37"": 86, ""14"": 66, ""8"": 164, ""32"": 174, ""7"": 68, ""40"": 200, ""18"": 160, ""41"": 196, ""39"": 90, ""26"": 194, ""25"": 78, ""33"": 162, ""35"": 98, ""46"": 190, ""17"": 168, ""38"": 176, ""42"": 158, ""47"": 94, ""43"": 172}",10.0,10.72,"{""0"": 100, ""1"": 170, ""2"": 52, ""3"": 188, ""4"": 156, ""5"": 58, ""6"": 74, ""7"": 174, ""8"": 154, ""9"": 162, ""10"": 84, ""11"": 166, ""12"": 178, ""13"": 88, ""14"": 182, ""15"": 70, ""16"": 86, ""17"": 158, ""18"": 66, ""19"": 62, ""20"": 200, ""21"": 56, ""22"": 60, ""23"": 72, ""24"": 78, ""25"": 80, ""26"": 194, ""27"": 168, ""28"": 184, ""29"": 64, ""30"": 92, ""31"": 94, ""32"": 160, ""33"": 192, ""34"": 68, ""35"": 172, ""36"": 164, ""37"": 176, ""38"": 186, ""39"": 202, ""40"": 76, ""41"": 198, ""42"": 90, ""43"": 96, ""44"": 190, ""45"": 82, ""46"": 98, ""47"": 180, ""48"": 196}",10.0,50
qaoa_1.qasm,53.44,1.836217938363552,"{""0"": 28, ""1"": 64, ""2"": 66, ""3"": 60, ""4"": 74, ""5"": 22, ""6"": 26, ""7"": 68, ""8"": 30, ""9"": 36, ""10"": 62, ""11"": 24, ""12"": 70, ""13"": 72, ""14"": 32, ""15"": 20, ""16"": 58}",49.2,66.08,"{""0"": 28, ""9"": 58, ""1"": 26, ""8"": 24, ""4"": 30, ""6"": 22, ""2"": 60, ""3"": 68, ""7"": 20, ""10"": 64, ""5"": 62, ""12"": 74, ""13"": 34, ""15"": 70, ""11"": 32, ""14"": 36, ""16"": 66}",62.2,51.08,28.05827861279249,"{""11"": 24, ""14"": 70, ""12"": 74, ""8"": 72, ""1"": 62, ""0"": 68, ""6"": 28, ""4"": 36, ""5"": 64, ""7"": 30, ""10"": 60, ""9"": 32, ""13"": 34, ""3"": 22, ""2"": 26, ""15"": 20, ""16"": 66}",42.6,63.52,"{""0"": 32, ""1"": 60, ""2"": 58, ""3"": 66, ""4"": 34, ""5"": 64, ""6"": 30, ""7"": 24, ""8"": 36, ""9"": 70, ""10"": 28, ""11"": 20, ""12"": 26, ""13"": 72, ""14"": 74, ""15"": 68, ""16"": 62}",59.8,18
jku_suite_15.qasm,77.56,6.744355848431587,"{""0"": 10, ""1"": 22, ""2"": 12, ""3"": 24, ""4"": 8}",72.8,77.28,"{""0"": 8, ""1"": 12, ""4"": 24, ""2"": 10, ""3"": 26}",68.0,73.90666666666667,99.98718229681252,"{""0"": 24, ""4"": 10, ""2"": 8, ""3"": 12, ""1"": 26}",65.0,75.44,"{""0"": 10, ""1"": 8, ""2"": 22, ""3"": 12, ""4"": 26}",66.8,6
grover_8.qasm,87.36,0.2131216049194336,"{""0"": 22, ""1"": 8, ""2"": 12, ""3"": 10, ""4"": 26, ""5"": 24}",86.4,88.44,"{""0"": 22, ""1"": 8, ""4"": 12, ""2"": 26, ""3"": 10, ""5"": 24}",86.2,87.29333333333334,3.483579888939857,"{""1"": 22, ""0"": 8, ""5"": 10, ""4"": 12, ""3"": 24, ""2"": 26}",86.4,88.2,"{""0"": 22, ""1"": 8, ""2"": 12, ""3"": 26, ""4"": 24, ""5"": 10}",85.2,6
jku_suite_74.qasm,64.92,5.475076557695866,"{""0"": 18, ""1"": 14, ""2"": 20, ""3"": 16, ""4"": 36, ""5"": 12, ""6"": 38, ""7"": 40, ""8"": 34}",62.4,67.88,"{""0"": 14, ""1"": 40, ""8"": 36, ""4"": 20, ""6"": 16, ""2"": 42, ""3"": 18, ""7"": 38, ""5"": 34}",63.2,66.2,82.71058997511864,"{""8"": 40, ""0"": 42, ""7"": 20, ""5"": 36, ""4"": 14, ""6"": 18, ""2"": 12, ""3"": 34, ""1"": 16}",60.6,66.04,"{""0"": 18, ""1"": 34, ""2"": 38, ""3"": 36, ""4"": 40, ""5"": 16, ""6"": 12, ""7"": 42, ""8"": 14}",63.0,10
quarl_suite_17.qasm,74.88,3.205141906440258,"{""0"": 20, ""1"": 36, ""2"": 42, ""3"": 18, ""4"": 14, ""5"": 16, ""6"": 38, ""7"": 40, ""8"": 12, ""9"": 34}",71.0,81.44,"{""9"": 42, ""0"": 38, ""1"": 12, ""8"": 20, ""4"": 14, ""6"": 16, ""2"": 40, ""7"": 36, ""3"": 34, ""5"": 18}",76.2,77.10666666666667,47.5313445404172,"{""8"": 18, ""6"": 12, ""7"": 34, ""4"": 40, ""5"": 42, ""0"": 36, ""9"": 14, ""2"": 20, ""3"": 38, ""1"": 16}",68.2,82.68,"{""0"": 38, ""1"": 12, ""2"": 20, ""3"": 42, ""4"": 40, ""5"": 18, ""6"": 34, ""7"": 16, ""8"": 36, ""9"": 14}",71.6,10
quest_suite_3.qasm,65.24,2.737974037230015,"{""0"": 28, ""1"": 34, ""2"": 16, ""3"": 30, ""4"": 10, ""5"": 14, ""6"": 32}",55.2,61.24,"{""0"": 34, ""1"": 10, ""4"": 16, ""6"": 28, ""2"": 30, ""3"": 32, ""5"": 14}",53.0,58.54666666666667,40.9395402148366,"{""1"": 28, ""0"": 34, ""6"": 10, ""4"": 32, ""5"": 16, ""3"": 12, ""2"": 14}",49.0,68.28,"{""0"": 28, ""1"": 12, ""2"": 30, ""3"": 34, ""4"": 14, ""5"": 10, ""6"": 16}",53.0,8
quest_suite_22.qasm,76.4,2.9375206559896467,"{""0"": 42, ""1"": 34, ""2"": 36, ""3"": 18, ""4"": 38, ""5"": 20, ""6"": 16, ""7"": 40, ""8"": 14, ""9"": 12}",72.6,79.44,"{""0"": 16, ""1"": 12, ""8"": 42, ""4"": 20, ""6"": 38, ""2"": 36, ""3"": 40, ""7"": 18, ""5"": 34, ""9"": 14}",77.6,76.65333333333334,44.17136669158936,"{""8"": 20, ""1"": 42, ""0"": 38, ""6"": 16, ""4"": 14, ""5"": 36, ""7"": 18, ""3"": 34, ""2"": 12, ""9"": 40}",72.0,81.56,"{""0"": 18, ""1"": 38, ""2"": 20, ""3"": 36, ""4"": 40, ""5"": 42, ""6"": 34, ""7"": 16, ""8"": 14, ""9"": 12}",72.4,10
quest_suite_7.qasm,58.88,1.1582767993211749,"{""0"": 20, ""1"": 46, ""2"": 24, ""3"": 50, ""4"": 40, ""5"": 44, ""6"": 22, ""7"": 18, ""8"": 42, ""9"": 14, ""10"": 48, ""11"": 16}",49.6,71.68,"{""0"": 46, ""9"": 22, ""1"": 44, ""8"": 20, ""4"": 40, ""6"": 42, ""2"": 14, ""7"": 24, ""3"": 48, ""11"": 50, ""10"": 16, ""5"": 18}",69.4,63.52,17.499780610203743,"{""11"": 24, ""8"": 46, ""6"": 44, ""7"": 22, ""5"": 14, ""10"": 42, ""4"": 48, ""0"": 20, ""9"": 50, ""2"": 18, ""3"": 16, ""1"": 40}",55.4,71.24,"{""0"": 16, ""1"": 20, ""2"": 40, ""3"": 14, ""4"": 24, ""5"": 48, ""6"": 18, ""7"": 44, ""8"": 50, ""9"": 22, ""10"": 46, ""11"": 42}",62.6,12
quarl_suite_22.qasm,69.92,3.6138515383005134,"{""0"": 54, ""1"": 28, ""2"": 52, ""3"": 22, ""4"": 18, ""5"": 20, ""6"": 50, ""7"": 56, ""8"": 26, ""9"": 24, ""10"": 16, ""11"": 58, ""12"": 48}",67.0,72.16,"{""0"": 48, ""9"": 28, ""1"": 46, ""8"": 22, ""4"": 54, ""6"": 20, ""12"": 56, ""2"": 52, ""3"": 24, ""7"": 16, ""11"": 50, ""10"": 26, ""5"": 58}",68.0,68.45333333333333,54.07102946192026,"{""11"": 20, ""12"": 26, ""8"": 24, ""1"": 54, ""6"": 16, ""0"": 46, ""5"": 52, ""10"": 28, ""7"": 22, ""4"": 58, ""9"": 48, ""3"": 50, ""2"": 56}",61.6,71.2,"{""0"": 20, ""1"": 18, ""2"": 26, ""3"": 54, ""4"": 46, ""5"": 58, ""6"": 24, ""7"": 16, ""8"": 48, ""9"": 56, ""10"": 52, ""11"": 28, ""12"": 22}",66.6,14
autobraid_31.qasm,42.24,4.035920383036137,"{""0"": 304, ""1"": 306, ""2"": 352, ""3"": 134, ""4"": 350, ""5"": 354, ""6"": 156, ""7"": 170, ""8"": 100, ""9"": 108, ""10"": 338, ""11"": 178, ""12"": 322, ""13"": 182, ""14"": 340, ""15"": 130, ""16"": 162, ""17"": 164, ""18"": 290, ""19"": 300, ""20"": 106, ""21"": 168, ""22"": 110, ""23"": 142, ""24"": 104, ""25"": 96, ""26"": 344, ""27"": 372, ""28"": 176, ""29"": 356, ""30"": 342, ""31"": 292, ""32"": 348, ""33"": 160, ""34"": 366, ""35"": 126, ""36"": 152, ""37"": 296, ""38"": 326, ""39"": 138, ""40"": 136, ""41"": 288, ""42"": 320, ""43"": 370, ""44"": 172, ""45"": 116, ""46"": 360, ""47"": 114, ""48"": 324, ""49"": 316, ""50"": 368, ""51"": 120, ""52"": 310, ""53"": 188, ""54"": 180, ""55"": 318, ""56"": 362, ""57"": 132, ""58"": 312, ""59"": 184, ""60"": 378, ""61"": 294, ""62"": 150, ""63"": 308, ""64"": 298, ""65"": 146, ""66"": 158, ""67"": 174, ""68"": 112, ""69"": 358, ""70"": 154, ""71"": 364, ""72"": 140, ""73"": 336, ""74"": 98, ""75"": 118, ""76"": 102, ""77"": 346, ""78"": 186, ""79"": 374, ""80"": 302, ""81"": 332, ""82"": 330, ""83"": 124, ""84"": 148, ""85"": 166, ""86"": 328, ""87"": 314, ""88"": 128, ""89"": 334, ""90"": 286, ""91"": 144, ""92"": 376, ""93"": 122}",39.2,67.2,"{""0"": 96, ""1"": 98, ""4"": 100, ""6"": 102, ""2"": 104, ""3"": 106, ""7"": 108, ""5"": 110, ""13"": 370, ""24"": 132, ""54"": 164, ""80"": 166, ""64"": 138, ""65"": 346, ""91"": 324, ""44"": 360, ""70"": 374, ""51"": 372, ""19"": 150, ""31"": 352, ""35"": 376, ""49"": 334, ""8"": 300, ""73"": 174, ""25"": 148, ""61"": 168, ""58"": 140, ""45"": 342, ""11"": 182, ""40"": 288, ""88"": 116, ""82"": 180, ""69"": 170, ""48"": 120, ""32"": 358, ""10"": 290, ""12"": 144, ""28"": 320, ""15"": 294, ""16"": 308, ""62"": 366, ""9"": 306, ""34"": 134, ""36"": 126, ""27"": 356, ""21"": 330, ""29"": 128, ""63"": 130, ""92"": 318, ""43"": 354, ""86"": 146, ""57"": 296, ""41"": 188, ""68"": 298, ""20"": 184, ""60"": 338, ""39"": 152, ""85"": 122, ""23"": 112, ""52"": 348, ""84"": 316, ""59"": 158, ""67"": 322, ""56"": 302, ""71"": 304, ""22"": 176, ""42"": 154, ""53"": 162, ""81"": 378, ""47"": 142, ""33"": 292, ""50"": 344, ""18"": 340, ""30"": 186, ""75"": 136, ""66"": 160, ""87"": 328, ""37"": 286, ""77"": 172, ""26"": 156, ""55"": 124, ""74"": 336, ""14"": 364, ""90"": 326, ""79"": 332, ""89"": 314, ""17"": 118, ""83"": 114, ""78"": 362, ""72"": 368, ""93"": 312, ""76"": 310, ""46"": 350, ""38"": 178}",64.0,43.16,60.77353321015835,"{""1"": 96, ""0"": 142, ""6"": 178, ""4"": 344, ""5"": 374, ""7"": 286, ""3"": 342, ""2"": 184, ""16"": 304, ""20"": 334, ""27"": 318, ""89"": 292, ""36"": 130, ""44"": 302, ""24"": 110, ""22"": 144, ""62"": 108, ""76"": 152, ""78"": 158, ""28"": 128, ""31"": 378, ""21"": 330, ""73"": 170, ""69"": 338, ""54"": 162, ""68"": 116, ""81"": 296, ""83"": 172, ""71"": 180, ""84"": 148, ""72"": 352, ""43"": 356, ""19"": 370, ""10"": 112, ""29"": 308, ""56"": 188, ""60"": 316, ""15"": 106, ""53"": 348, ""87"": 102, ""14"": 358, ""8"": 156, ""39"": 332, ""58"": 138, ""49"": 136, ""93"": 122, ""67"": 298, ""35"": 326, ""79"": 354, ""57"": 132, ""90"": 368, ""38"": 322, ""11"": 124, ""45"": 166, ""63"": 186, ""48"": 104, ""66"": 294, ""12"": 324, ""23"": 350, ""82"": 362, ""55"": 340, ""70"": 134, ""59"": 164, ""41"": 100, ""40"": 310, ""26"": 346, ""91"": 150, ""51"": 118, ""25"": 372, ""33"": 288, ""17"": 290, ""65"": 168, ""34"": 126, ""74"": 98, ""88"": 360, ""64"": 306, ""9"": 176, ""50"": 114, ""52"": 154, ""80"": 376, ""13"": 312, ""30"": 182, ""86"": 140, ""37"": 300, ""85"": 314, ""61"": 366, ""75"": 160, ""32"": 336, ""18"": 364, ""77"": 328, ""92"": 320, ""46"": 120, ""42"": 146, ""47"": 174}",40.2,71.28,"{""0"": 174, ""1"": 350, ""2"": 116, ""3"": 308, ""4"": 120, ""5"": 156, ""6"": 338, ""7"": 330, ""8"": 122, ""9"": 160, ""10"": 344, ""11"": 352, ""12"": 102, ""13"": 374, ""14"": 336, ""15"": 158, ""16"": 294, ""17"": 178, ""18"": 166, ""19"": 172, ""20"": 96, ""21"": 292, ""22"": 358, ""23"": 314, ""24"": 114, ""25"": 286, ""26"": 98, ""27"": 366, ""28"": 130, ""29"": 320, ""30"": 146, ""31"": 372, ""32"": 138, ""33"": 290, ""34"": 162, ""35"": 322, ""36"": 126, ""37"": 112, ""38"": 152, ""39"": 144, ""40"": 316, ""41"": 154, ""42"": 342, ""43"": 288, ""44"": 100, ""45"": 128, ""46"": 150, ""47"": 332, ""48"": 134, ""49"": 132, ""50"": 354, ""51"": 176, ""52"": 356, ""53"": 378, ""54"": 318, ""55"": 376, ""56"": 104, ""57"": 362, ""58"": 326, ""59"": 302, ""60"": 182, ""61"": 328, ""62"": 142, ""63"": 186, ""64"": 306, ""65"": 304, ""66"": 164, ""67"": 348, ""68"": 170, ""69"": 346, ""70"": 124, ""71"": 188, ""72"": 334, ""73"": 136, ""74"": 368, ""75"": 364, ""76"": 296, ""77"": 312, ""78"": 110, ""79"": 300, ""80"": 340, ""81"": 324, ""82"": 118, ""83"": 180, ""84"": 298, ""85"": 184, ""86"": 370, ""87"": 168, ""88"": 106, ""89"": 310, ""90"": 140, ""91"": 148, ""92"": 108, ""93"": 360}",65.6,94
shor_8.qasm,82.12,7.473794837296009,"{""0"": 18, ""1"": 24, ""2"": 46, ""3"": 20, ""4"": 16, ""5"": 48, ""6"": 50, ""7"": 22, ""8"": 42, ""9"": 44, ""10"": 40, ""11"": 14}",80.8,85.72,"{""0"": 24, ""9"": 18, ""1"": 20, ""8"": 48, ""4"": 14, ""6"": 40, ""2"": 46, ""3"": 50, ""7"": 22, ""11"": 16, ""10"": 44, ""5"": 42}",83.2,83.46666666666667,116.9921442642808,"{""8"": 48, ""1"": 14, ""0"": 20, ""6"": 40, ""4"": 22, ""5"": 42, ""7"": 16, ""10"": 50, ""9"": 46, ""3"": 18, ""2"": 44, ""11"": 24}",81.4,87.72,"{""0"": 42, ""1"": 22, ""2"": 20, ""3"": 16, ""4"": 44, ""5"": 24, ""6"": 48, ""7"": 40, ""8"": 50, ""9"": 46, ""10"": 18, ""11"": 14}",86.0,12
autobraid_46.qasm,37.76,0.7799502283334732,"{""0"": 108, ""1"": 64, ""2"": 98, ""3"": 222, ""4"": 212, ""5"": 196, ""6"": 200, ""7"": 76, ""8"": 182, ""9"": 112, ""10"": 70, ""11"": 172, ""12"": 84, ""13"": 216, ""14"": 106, ""15"": 90, ""16"": 220, ""17"": 110, ""18"": 92, ""19"": 60, ""20"": 194, ""21"": 218, ""22"": 174, ""23"": 100, ""24"": 190, ""25"": 94, ""26"": 198, ""27"": 62, ""28"": 192, ""29"": 78, ""30"": 80, ""31"": 202, ""32"": 72, ""33"": 186, ""34"": 66, ""35"": 176, ""36"": 210, ""37"": 58, ""38"": 188, ""39"": 104, ""40"": 102, ""41"": 86, ""42"": 208, ""43"": 96, ""44"": 214, ""45"": 68, ""46"": 178, ""47"": 226, ""48"": 206, ""49"": 184, ""50"": 180, ""51"": 88, ""52"": 224, ""53"": 82, ""54"": 74}",34.4,58.76,"{""0"": 64, ""9"": 66, ""1"": 72, ""8"": 68, ""4"": 62, ""6"": 58, ""12"": 60, ""2"": 70, ""13"": 74, ""3"": 76, ""7"": 78, ""11"": 80, ""14"": 82, ""10"": 84, ""5"": 174, ""39"": 176, ""37"": 100, ""24"": 200, ""28"": 112, ""15"": 214, ""26"": 180, ""54"": 110, ""23"": 210, ""52"": 94, ""44"": 212, ""51"": 188, ""19"": 172, ""16"": 106, ""31"": 182, ""35"": 88, ""17"": 204, ""49"": 96, ""22"": 196, ""25"": 98, ""34"": 102, ""42"": 108, ""36"": 198, ""53"": 202, ""27"": 220, ""21"": 208, ""47"": 178, ""45"": 92, ""33"": 226, ""50"": 206, ""32"": 224, ""40"": 184, ""29"": 218, ""48"": 194, ""18"": 216, ""43"": 222, ""30"": 192, ""41"": 186, ""46"": 90, ""20"": 190, ""38"": 86}",55.2,38.8,11.789993956685066,"{""11"": 208, ""14"": 76, ""12"": 108, ""8"": 218, ""1"": 182, ""0"": 84, ""6"": 222, ""4"": 176, ""5"": 184, ""7"": 94, ""10"": 186, ""9"": 174, ""13"": 86, ""3"": 58, ""2"": 98, ""16"": 64, ""45"": 72, ""20"": 110, ""34"": 172, ""27"": 70, ""19"": 216, ""36"": 60, ""44"": 220, ""29"": 206, ""24"": 188, ""48"": 96, ""50"": 214, ""52"": 62, ""22"": 102, ""53"": 66, ""15"": 178, ""28"": 204, ""23"": 82, ""31"": 92, ""30"": 104, ""21"": 200, ""37"": 198, ""54"": 68, ""32"": 80, ""41"": 106, ""39"": 88, ""18"": 210, ""40"": 192, ""26"": 90, ""49"": 224, ""51"": 190, ""25"": 202, ""33"": 100, ""35"": 212, ""46"": 194, ""17"": 78, ""38"": 112, ""42"": 180, ""47"": 226, ""43"": 74}",34.2,61.68,"{""0"": 180, ""1"": 178, ""2"": 176, ""3"": 196, ""4"": 224, ""5"": 184, ""6"": 64, ""7"": 96, ""8"": 204, ""9"": 78, ""10"": 212, ""11"": 90, ""12"": 220, ""13"": 92, ""14"": 58, ""15"": 210, ""16"": 98, ""17"": 206, ""18"": 76, ""19"": 84, ""20"": 208, ""21"": 66, ""22"": 108, ""23"": 88, ""24"": 72, ""25"": 182, ""26"": 218, ""27"": 198, ""28"": 202, ""29"": 100, ""30"": 172, ""31"": 186, ""32"": 82, ""33"": 102, ""34"": 68, ""35"": 222, ""36"": 194, ""37"": 62, ""38"": 188, ""39"": 70, ""40"": 226, ""41"": 112, ""42"": 200, ""43"": 214, ""44"": 104, ""45"": 94, ""46"": 190, ""47"": 86, ""48"": 110, ""49"": 80, ""50"": 60, ""51"": 216, ""52"": 174, ""53"": 192, ""54"": 106}",57.2,56
autobraid_37.qasm,39.88,0.3486357733607292,"{""0"": 230, ""1"": 214, ""2"": 196, ""3"": 100, ""4"": 244, ""5"": 204, ""6"": 114, ""7"": 84, ""8"": 246, ""9"": 108, ""10"": 90, ""11"": 210, ""12"": 80, ""13"": 228, ""14"": 120, ""15"": 64, ""16"": 66, ""17"": 124, ""18"": 70, ""19"": 238, ""20"": 216, ""21"": 98, ""22"": 218, ""23"": 78, ""24"": 248, ""25"": 198, ""26"": 222, ""27"": 224, ""28"": 212, ""29"": 206, ""30"": 232, ""31"": 76, ""32"": 68, ""33"": 118, ""34"": 236, ""35"": 86, ""36"": 110, ""37"": 200, ""38"": 234, ""39"": 220, ""40"": 226, ""41"": 74, ""42"": 104, ""43"": 102, ""44"": 242, ""45"": 240, ""46"": 208, ""47"": 112, ""48"": 202, ""49"": 192, ""50"": 250, ""51"": 96, ""52"": 82, ""53"": 116, ""54"": 88, ""55"": 92, ""56"": 106, ""57"": 94, ""58"": 190, ""59"": 122, ""60"": 194}",37.8,54.84,"{""0"": 68, ""1"": 64, ""4"": 66, ""6"": 70, ""2"": 72, ""3"": 74, ""5"": 76, ""60"": 98, ""39"": 204, ""37"": 92, ""12"": 246, ""24"": 232, ""13"": 208, ""28"": 220, ""15"": 102, ""7"": 214, ""26"": 196, ""55"": 106, ""54"": 242, ""14"": 212, ""23"": 116, ""52"": 216, ""44"": 112, ""59"": 96, ""51"": 240, ""19"": 238, ""56"": 230, ""16"": 198, ""31"": 78, ""35"": 104, ""9"": 206, ""17"": 222, ""49"": 100, ""8"": 120, ""22"": 110, ""25"": 108, ""34"": 84, ""42"": 94, ""46"": 226, ""36"": 200, ""53"": 82, ""27"": 192, ""58"": 124, ""45"": 234, ""47"": 114, ""21"": 248, ""11"": 194, ""33"": 224, ""50"": 80, ""40"": 86, ""29"": 228, ""48"": 202, ""43"": 218, ""18"": 250, ""57"": 190, ""30"": 236, ""41"": 244, ""32"": 88, ""20"": 210, ""10"": 90, ""38"": 118}",53.0,38.82666666666667,5.338080063462257,"{""8"": 94, ""1"": 86, ""0"": 248, ""6"": 220, ""4"": 204, ""5"": 102, ""7"": 80, ""3"": 234, ""2"": 222, ""45"": 240, ""11"": 224, ""16"": 78, ""20"": 192, ""34"": 246, ""27"": 106, ""19"": 116, ""44"": 112, ""10"": 82, ""36"": 236, ""29"": 242, ""9"": 226, ""24"": 244, ""50"": 190, ""48"": 194, ""52"": 196, ""12"": 72, ""22"": 68, ""56"": 108, ""60"": 230, ""15"": 200, ""53"": 228, ""28"": 218, ""23"": 216, ""13"": 96, ""31"": 214, ""30"": 118, ""21"": 122, ""37"": 104, ""55"": 208, ""14"": 198, ""54"": 210, ""32"": 88, ""59"": 84, ""41"": 206, ""40"": 124, ""18"": 100, ""39"": 90, ""26"": 76, ""58"": 66, ""49"": 120, ""51"": 70, ""25"": 114, ""33"": 92, ""35"": 74, ""46"": 64, ""17"": 98, ""57"": 238, ""38"": 232, ""42"": 250, ""47"": 202, ""43"": 110}",33.8,59.84,"{""0"": 104, ""1"": 190, ""2"": 214, ""3"": 114, ""4"": 242, ""5"": 72, ""6"": 230, ""7"": 204, ""8"": 226, ""9"": 224, ""10"": 212, ""11"": 192, ""12"": 246, ""13"": 250, ""14"": 102, ""15"": 106, ""16"": 200, ""17"": 240, ""18"": 82, ""19"": 76, ""20"": 248, ""21"": 86, ""22"": 124, ""23"": 234, ""24"": 220, ""25"": 96, ""26"": 110, ""27"": 206, ""28"": 218, ""29"": 94, ""30"": 216, ""31"": 68, ""32"": 210, ""33"": 196, ""34"": 92, ""35"": 116, ""36"": 244, ""37"": 84, ""38"": 70, ""39"": 236, ""40"": 202, ""41"": 194, ""42"": 90, ""43"": 120, ""44"": 198, ""45"": 108, ""46"": 78, ""47"": 232, ""48"": 66, ""49"": 228, ""50"": 80, ""51"": 122, ""52"": 100, ""53"": 118, ""54"": 208, ""55"": 222, ""56"": 88, ""57"": 64, ""58"": 112, ""59"": 98, ""60"": 74}",49.8,62
jku_suite_62.qasm,88.28,9.354093666374684,"{""0"": 12, ""1"": 24, ""2"": 8, ""3"": 26, ""4"": 22, ""5"": 10}",85.4,92.32,"{""0"": 26, ""1"": 22, ""4"": 10, ""2"": 8, ""3"": 12, ""5"": 24}",86.0,90.88,139.86828177422285,"{""0"": 12, ""4"": 10, ""5"": 24, ""2"": 8, ""3"": 26, ""1"": 22}",86.0,92.2,"{""0"": 8, ""1"": 12, ""2"": 10, ""3"": 22, ""4"": 24, ""5"": 26}",85.0,6
shor_5.qasm,84.0,11.971369774639609,"{""0"": 50, ""1"": 48, ""2"": 44, ""3"": 40, ""4"": 20, ""5"": 42, ""6"": 14, ""7"": 16, ""8"": 22, ""9"": 18, ""10"": 46, ""11"": 24}",82.0,86.36,"{""9"": 20, ""0"": 42, ""1"": 24, ""8"": 40, ""4"": 50, ""6"": 44, ""2"": 16, ""3"": 14, ""7"": 48, ""11"": 18, ""10"": 22, ""5"": 46}",84.4,84.48,167.9890973418951,"{""11"": 40, ""8"": 42, ""6"": 20, ""7"": 50, ""5"": 18, ""10"": 48, ""4"": 46, ""0"": 22, ""9"": 14, ""2"": 16, ""3"": 44, ""1"": 24}",82.0,84.8,"{""0"": 46, ""1"": 44, ""2"": 48, ""3"": 24, ""4"": 20, ""5"": 18, ""6"": 22, ""7"": 50, ""8"": 16, ""9"": 42, ""10"": 40, ""11"": 14}",82.0,12
jku_suite_37.qasm,74.44,8.142865432798862,"{""0"": 42, ""1"": 12, ""2"": 38, ""3"": 40, ""4"": 16, ""5"": 36, ""6"": 14, ""7"": 20, ""8"": 18, ""9"": 34}",71.0,76.52,"{""0"": 16, ""1"": 12, ""8"": 42, ""4"": 20, ""6"": 38, ""2"": 36, ""3"": 40, ""7"": 18, ""5"": 34, ""9"": 14}",74.0,75.38666666666667,122.15693798661232,"{""8"": 36, ""6"": 18, ""7"": 14, ""5"": 20, ""0"": 12, ""4"": 38, ""9"": 42, ""2"": 16, ""3"": 34, ""1"": 40}",72.6,77.24,"{""0"": 36, ""1"": 34, ""2"": 40, ""3"": 16, ""4"": 12, ""5"": 20, ""6"": 18, ""7"": 38, ""8"": 14, ""9"": 42}",76.0,10
autobraid_19.qasm,39.16,0.1961610674858093,"{""0"": 528, ""1"": 212, ""2"": 172, ""3"": 282, ""4"": 564, ""5"": 580, ""6"": 242, ""7"": 314, ""8"": 648, ""9"": 232, ""10"": 604, ""11"": 238, ""12"": 514, ""13"": 186, ""14"": 650, ""15"": 602, ""16"": 294, ""17"": 248, ""18"": 204, ""19"": 256, ""20"": 614, ""21"": 252, ""22"": 296, ""23"": 254, ""24"": 230, ""25"": 284, ""26"": 208, ""27"": 166, ""28"": 592, ""29"": 262, ""30"": 620, ""31"": 534, ""32"": 324, ""33"": 200, ""34"": 322, ""35"": 510, ""36"": 286, ""37"": 550, ""38"": 654, ""39"": 274, ""40"": 516, ""41"": 276, ""42"": 558, ""43"": 554, ""44"": 636, ""45"": 556, ""46"": 250, ""47"": 328, ""48"": 308, ""49"": 600, ""50"": 504, ""51"": 546, ""52"": 606, ""53"": 656, ""54"": 302, ""55"": 260, ""56"": 184, ""57"": 220, ""58"": 228, ""59"": 626, ""60"": 194, ""61"": 310, ""62"": 548, ""63"": 530, ""64"": 502, ""65"": 532, ""66"": 496, ""67"": 508, ""68"": 574, ""69"": 646, ""70"": 524, ""71"": 624, ""72"": 266, ""73"": 522, ""74"": 536, ""75"": 216, ""76"": 234, ""77"": 222, ""78"": 590, ""79"": 598, ""80"": 552, ""81"": 226, ""82"": 538, ""83"": 498, ""84"": 192, ""85"": 180, ""86"": 586, ""87"": 582, ""88"": 174, ""89"": 644, ""90"": 304, ""91"": 170, ""92"": 258, ""93"": 594, ""94"": 568, ""95"": 540, ""96"": 246, ""97"": 318, ""98"": 320, ""99"": 206, ""100"": 188, ""101"": 176, ""102"": 202, ""103"": 584, ""104"": 272, ""105"": 326, ""106"": 278, ""107"": 544, ""108"": 312, ""109"": 616, ""110"": 518, ""111"": 652, ""112"": 618, ""113"": 500, ""114"": 612, ""115"": 288, ""116"": 506, ""117"": 306, ""118"": 526, ""119"": 270, ""120"": 290, ""121"": 566, ""122"": 608, ""123"": 300, ""124"": 570, ""125"": 658, ""126"": 198, ""127"": 196, ""128"": 268, ""129"": 178, ""130"": 168, ""131"": 298, ""132"": 182, ""133"": 578, ""134"": 630, ""135"": 542, ""136"": 632, ""137"": 264, ""138"": 634, ""139"": 642, ""140"": 236, ""141"": 512, ""142"": 210, ""143"": 588, ""144"": 224, ""145"": 280, ""146"": 576, ""147"": 628, ""148"": 638, ""149"": 218, ""150"": 316, ""151"": 560, ""152"": 292, ""153"": 610, ""154"": 622, ""155"": 214, ""156"": 596, ""157"": 572, ""158"": 190, ""159"": 520, ""160"": 240, ""161"": 562, ""162"": 244, ""163"": 640}",33.6,57.4,"{""0"": 168, ""9"": 166, ""1"": 174, ""8"": 172, ""4"": 178, ""6"": 170, ""12"": 176, ""2"": 180, ""3"": 182, ""7"": 184, ""11"": 186, ""10"": 188, ""5"": 190, ""143"": 544, ""13"": 202, ""24"": 302, ""131"": 576, ""54"": 248, ""109"": 512, ""80"": 562, ""64"": 300, ""160"": 520, ""144"": 620, ""65"": 268, ""133"": 554, ""91"": 546, ""136"": 204, ""111"": 654, ""44"": 288, ""70"": 646, ""51"": 568, ""19"": 580, ""99"": 216, ""158"": 270, ""31"": 274, ""35"": 304, ""155"": 578, ""126"": 260, ""119"": 652, ""49"": 242, ""73"": 574, ""25"": 606, ""61"": 634, ""97"": 278, ""58"": 558, ""45"": 516, ""40"": 522, ""88"": 518, ""48"": 594, ""69"": 534, ""82"": 636, ""98"": 524, ""154"": 644, ""32"": 230, ""145"": 508, ""142"": 638, ""163"": 222, ""28"": 626, ""15"": 622, ""125"": 596, ""134"": 322, ""128"": 296, ""118"": 560, ""100"": 316, ""62"": 538, ""16"": 548, ""140"": 642, ""34"": 498, ""36"": 514, ""94"": 624, ""27"": 246, ""21"": 256, ""149"": 540, ""95"": 536, ""102"": 238, ""63"": 290, ""86"": 208, ""92"": 240, ""29"": 258, ""43"": 224, ""57"": 572, ""41"": 656, ""68"": 292, ""147"": 528, ""20"": 276, ""96"": 604, ""60"": 326, ""39"": 532, ""85"": 200, ""137"": 244, ""117"": 570, ""153"": 582, ""23"": 312, ""52"": 550, ""121"": 506, ""141"": 280, ""59"": 314, ""84"": 552, ""146"": 308, ""112"": 220, ""67"": 310, ""56"": 630, ""71"": 566, ""113"": 614, ""22"": 616, ""42"": 192, ""101"": 628, ""53"": 306, ""81"": 232, ""47"": 198, ""33"": 598, ""50"": 650, ""18"": 324, ""103"": 602, ""116"": 612, ""30"": 510, ""139"": 556, ""75"": 530, ""115"": 266, ""104"": 502, ""114"": 608, ""66"": 228, ""87"": 214, ""37"": 212, ""161"": 194, ""77"": 286, ""26"": 318, ""106"": 328, ""55"": 294, ""74"": 264, ""14"": 236, ""150"": 196, ""90"": 210, ""135"": 648, ""132"": 252, ""79"": 632, ""89"": 218, ""148"": 284, ""108"": 640, ""127"": 590, ""17"": 526, ""157"": 600, ""156"": 206, ""105"": 250, ""159"": 658, ""120"": 564, ""83"": 592, ""78"": 610, ""124"": 586, ""123"": 500, ""122"": 542, ""138"": 588, ""129"": 226, ""151"": 504, ""72"": 496, ""162"": 320, ""107"": 298, ""130"": 262, ""110"": 618, ""93"": 272, ""76"": 234, ""46"": 282, ""152"": 584, ""38"": 254}",53.4,40.0,2.967566832900048,"{""11"": 250, ""12"": 204, ""8"": 254, ""1"": 556, ""0"": 524, ""6"": 500, ""4"": 628, ""5"": 266, ""7"": 182, ""10"": 238, ""9"": 296, ""3"": 188, ""2"": 190, ""115"": 288, ""16"": 648, ""131"": 532, ""20"": 178, ""155"": 226, ""27"": 522, ""106"": 172, ""89"": 612, ""36"": 502, ""44"": 658, ""125"": 278, ""24"": 654, ""104"": 318, ""135"": 544, ""22"": 236, ""62"": 540, ""78"": 644, ""76"": 566, ""111"": 324, ""109"": 574, ""28"": 564, ""96"": 552, ""31"": 242, ""21"": 312, ""73"": 208, ""69"": 620, ""120"": 652, ""54"": 596, ""158"": 246, ""68"": 228, ""149"": 196, ""143"": 548, ""152"": 572, ""81"": 272, ""83"": 506, ""71"": 300, ""84"": 610, ""72"": 270, ""148"": 200, ""43"": 186, ""19"": 636, ""145"": 274, ""157"": 224, ""29"": 310, ""100"": 216, ""95"": 180, ""151"": 568, ""56"": 168, ""60"": 220, ""15"": 314, ""53"": 222, ""134"": 232, ""144"": 214, ""99"": 260, ""161"": 210, ""87"": 292, ""139"": 554, ""127"": 170, ""14"": 646, ""119"": 248, ""112"": 632, ""39"": 322, ""58"": 194, ""97"": 504, ""93"": 294, ""49"": 578, ""126"": 306, ""35"": 656, ""67"": 546, ""114"": 594, ""79"": 598, ""133"": 192, ""123"": 584, ""38"": 202, ""90"": 580, ""57"": 630, ""163"": 606, ""98"": 618, ""103"": 536, ""45"": 634, ""146"": 328, ""63"": 550, ""154"": 184, ""132"": 526, ""48"": 234, ""160"": 282, ""137"": 582, ""66"": 262, ""113"": 640, ""122"": 212, ""156"": 626, ""23"": 638, ""94"": 590, ""129"": 562, ""116"": 206, ""82"": 240, ""55"": 316, ""70"": 276, ""101"": 622, ""108"": 558, ""140"": 616, ""59"": 290, ""41"": 302, ""40"": 244, ""130"": 174, ""26"": 576, ""142"": 510, ""91"": 516, ""51"": 570, ""25"": 586, ""33"": 230, ""17"": 284, ""141"": 534, ""65"": 530, ""102"": 218, ""136"": 528, ""118"": 320, ""34"": 512, ""117"": 538, ""74"": 496, ""88"": 286, ""64"": 252, ""124"": 650, ""50"": 508, ""147"": 280, ""52"": 592, ""110"": 166, ""80"": 326, ""13"": 624, ""30"": 176, ""86"": 304, ""37"": 268, ""107"": 542, ""85"": 520, ""61"": 614, ""75"": 518, ""150"": 602, ""32"": 258, ""105"": 600, ""77"": 198, ""18"": 604, ""153"": 608, ""159"": 642, ""162"": 308, ""138"": 560, ""92"": 298, ""46"": 498, ""128"": 588, ""42"": 514, ""47"": 256, ""121"": 264}",33.4,60.68,"{""0"": 548, ""1"": 654, ""2"": 498, ""3"": 572, ""4"": 514, ""5"": 626, ""6"": 296, ""7"": 198, ""8"": 324, ""9"": 568, ""10"": 618, ""11"": 546, ""12"": 598, ""13"": 614, ""14"": 310, ""15"": 308, ""16"": 214, ""17"": 528, ""18"": 512, ""19"": 502, ""20"": 318, ""21"": 596, ""22"": 190, ""23"": 524, ""24"": 174, ""25"": 210, ""26"": 590, ""27"": 560, ""28"": 182, ""29"": 220, ""30"": 656, ""31"": 556, ""32"": 290, ""33"": 658, ""34"": 516, ""35"": 574, ""36"": 170, ""37"": 536, ""38"": 588, ""39"": 242, ""40"": 238, ""41"": 262, ""42"": 522, ""43"": 270, ""44"": 510, ""45"": 322, ""46"": 652, ""47"": 328, ""48"": 288, ""49"": 558, ""50"": 292, ""51"": 218, ""52"": 540, ""53"": 644, ""54"": 580, ""55"": 526, ""56"": 166, ""57"": 282, ""58"": 188, ""59"": 312, ""60"": 294, ""61"": 226, ""62"": 248, ""63"": 314, ""64"": 186, ""65"": 648, ""66"": 272, ""67"": 252, ""68"": 508, ""69"": 204, ""70"": 326, ""71"": 256, ""72"": 570, ""73"": 278, ""74"": 254, ""75"": 600, ""76"": 284, ""77"": 236, ""78"": 534, ""79"": 320, ""80"": 632, ""81"": 506, ""82"": 208, ""83"": 306, ""84"": 504, ""85"": 582, ""86"": 178, ""87"": 228, ""88"": 224, ""89"": 584, ""90"": 604, ""91"": 244, ""92"": 268, ""93"": 612, ""94"": 200, ""95"": 274, ""96"": 302, ""97"": 212, ""98"": 628, ""99"": 246, ""100"": 608, ""101"": 276, ""102"": 538, ""103"": 300, ""104"": 606, ""105"": 230, ""106"": 602, ""107"": 196, ""108"": 202, ""109"": 576, ""110"": 206, ""111"": 636, ""112"": 234, ""113"": 592, ""114"": 180, ""115"": 192, ""116"": 578, ""117"": 550, ""118"": 544, ""119"": 304, ""120"": 646, ""121"": 566, ""122"": 496, ""123"": 266, ""124"": 642, ""125"": 176, ""126"": 586, ""127"": 264, ""128"": 250, ""129"": 518, ""130"": 616, ""131"": 172, ""132"": 500, ""133"": 562, ""134"": 564, ""135"": 532, ""136"": 630, ""137"": 638, ""138"": 594, ""139"": 194, ""140"": 258, ""141"": 620, ""142"": 640, ""143"": 240, ""144"": 222, ""145"": 298, ""146"": 624, ""147"": 184, ""148"": 316, ""149"": 610, ""150"": 168, ""151"": 634, ""152"": 554, ""153"": 622, ""154"": 280, ""155"": 216, ""156"": 552, ""157"": 286, ""158"": 530, ""159"": 520, ""160"": 650, ""161"": 260, ""162"": 232, ""163"": 542}",60.0,164
jku_suite_36.qasm,60.44,2.984609897434712,"{""0"": 34, ""1"": 40, ""2"": 18, ""3"": 20, ""4"": 36, ""5"": 14, ""6"": 38, ""7"": 12, ""8"": 42, ""9"": 16}",57.2,69.0,"{""0"": 36, ""9"": 12, ""1"": 16, ""8"": 34, ""4"": 20, ""6"": 14, ""2"": 18, ""3"": 38, ""7"": 42, ""5"": 40}",63.4,63.586666666666666,44.82550074905157,"{""8"": 20, ""1"": 14, ""0"": 34, ""6"": 16, ""4"": 18, ""5"": 36, ""7"": 12, ""3"": 42, ""2"": 40, ""9"": 38}",56.0,66.32,"{""0"": 14, ""1"": 38, ""2"": 12, ""3"": 20, ""4"": 16, ""5"": 40, ""6"": 36, ""7"": 34, ""8"": 42, ""9"": 18}",60.4,10
jku_suite_32.qasm,90.64,7.695726381242276,"{""0"": 12, ""1"": 8, ""2"": 22, ""3"": 10, ""4"": 26}",84.6,88.68,"{""0"": 8, ""1"": 26, ""4"": 10, ""2"": 12, ""3"": 24}",86.8,86.61333333333333,112.89103288203478,"{""0"": 12, ""4"": 26, ""2"": 22, ""3"": 10, ""1"": 8}",84.0,86.88,"{""0"": 24, ""1"": 22, ""2"": 10, ""3"": 8, ""4"": 12}",85.2,6
jku_suite_0.qasm,63.16,4.959899032115937,"{""0"": 16, ""1"": 28, ""2"": 30, ""3"": 10, ""4"": 34, ""5"": 12, ""6"": 14}",58.6,67.12,"{""0"": 14, ""1"": 16, ""4"": 34, ""6"": 28, ""2"": 32, ""3"": 30, ""5"": 10}",64.0,63.41333333333333,74.2926076054573,"{""1"": 10, ""0"": 32, ""6"": 34, ""4"": 30, ""5"": 28, ""3"": 14, ""2"": 16}",58.4,62.72,"{""0"": 34, ""1"": 32, ""2"": 28, ""3"": 14, ""4"": 16, ""5"": 10, ""6"": 12}",59.0,8
qaoa_8.qasm,68.52,1.878854738175869,"{""0"": 48, ""1"": 44, ""2"": 20, ""3"": 50, ""4"": 24, ""5"": 40, ""6"": 16, ""7"": 42, ""8"": 46, ""9"": 14, ""10"": 18, ""11"": 22}",62.8,80.08,"{""0"": 46, ""9"": 18, ""1"": 40, ""8"": 16, ""4"": 42, ""6"": 22, ""2"": 20, ""3"": 44, ""7"": 50, ""11"": 14, ""10"": 24, ""5"": 48}",74.0,69.93333333333334,28.057210735976696,"{""11"": 40, ""8"": 20, ""1"": 50, ""0"": 18, ""6"": 48, ""4"": 14, ""5"": 24, ""7"": 22, ""10"": 42, ""9"": 46, ""3"": 16, ""2"": 44}",60.2,78.64,"{""0"": 24, ""1"": 48, ""2"": 46, ""3"": 40, ""4"": 44, ""5"": 42, ""6"": 14, ""7"": 50, ""8"": 20, ""9"": 22, ""10"": 18, ""11"": 16}",73.6,12
jku_suite_93.qasm,61.12,3.9670552179217338,"{""0"": 54, ""1"": 18, ""2"": 26, ""3"": 52, ""4"": 16, ""5"": 24, ""6"": 50, ""7"": 22, ""8"": 56, ""9"": 48, ""10"": 58, ""11"": 20, ""12"": 46}",56.8,66.2,"{""9"": 54, ""0"": 18, ""1"": 24, ""8"": 48, ""4"": 26, ""6"": 56, ""12"": 46, ""2"": 50, ""3"": 28, ""7"": 22, ""11"": 58, ""10"": 52, ""5"": 20}",62.8,62.38666666666666,59.554287403821945,"{""11"": 58, ""12"": 54, ""8"": 18, ""6"": 48, ""7"": 52, ""0"": 22, ""10"": 26, ""4"": 20, ""5"": 16, ""9"": 56, ""2"": 50, ""3"": 28, ""1"": 46}",54.8,68.6,"{""0"": 46, ""1"": 50, ""2"": 58, ""3"": 48, ""4"": 56, ""5"": 22, ""6"": 20, ""7"": 16, ""8"": 28, ""9"": 24, ""10"": 18, ""11"": 52, ""12"": 26}",63.8,14
autobraid_9.qasm,31.32,0.4498819157481193,"{""0"": 324, ""1"": 314, ""2"": 654, ""3"": 290, ""4"": 562, ""5"": 564, ""6"": 626, ""7"": 602, ""8"": 556, ""9"": 184, ""10"": 326, ""11"": 252, ""12"": 686, ""13"": 550, ""14"": 672, ""15"": 228, ""16"": 220, ""17"": 306, ""18"": 200, ""19"": 270, ""20"": 318, ""21"": 342, ""22"": 300, ""23"": 190, ""24"": 554, ""25"": 652, ""26"": 334, ""27"": 584, ""28"": 312, ""29"": 310, ""30"": 186, ""31"": 546, ""32"": 620, ""33"": 618, ""34"": 258, ""35"": 336, ""36"": 560, ""37"": 536, ""38"": 242, ""39"": 538, ""40"": 676, ""41"": 304, ""42"": 264, ""43"": 572, ""44"": 640, ""45"": 624, ""46"": 222, ""47"": 344, ""48"": 230, ""49"": 262, ""50"": 670, ""51"": 660, ""52"": 662, ""53"": 238, ""54"": 192, ""55"": 688, ""56"": 696, ""57"": 636, ""58"": 634, ""59"": 532, ""60"": 234, ""61"": 574, ""62"": 644, ""63"": 646, ""64"": 286, ""65"": 340, ""66"": 578, ""67"": 608, ""68"": 210, ""69"": 668, ""70"": 678, ""71"": 260, ""72"": 250, ""73"": 282, ""74"": 570, ""75"": 178, ""76"": 526, ""77"": 622, ""78"": 268, ""79"": 248, ""80"": 280, ""81"": 544, ""82"": 604, ""83"": 650, ""84"": 278, ""85"": 208, ""86"": 632, ""87"": 606, ""88"": 224, ""89"": 292, ""90"": 542, ""91"": 596, ""92"": 330, ""93"": 548, ""94"": 274, ""95"": 288, ""96"": 302, ""97"": 534, ""98"": 682, ""99"": 196, ""100"": 528, ""101"": 680, ""102"": 332, ""103"": 212, ""104"": 580, ""105"": 218, ""106"": 176, ""107"": 338, ""108"": 690, ""109"": 588, ""110"": 256, ""111"": 246, ""112"": 642, ""113"": 346, ""114"": 664, ""115"": 328, ""116"": 590, ""117"": 204, ""118"": 244, ""119"": 276, ""120"": 600, ""121"": 320, ""122"": 648, ""123"": 586, ""124"": 298, ""125"": 266, ""126"": 552, ""127"": 684, ""128"": 316, ""129"": 194, ""130"": 656, ""131"": 612, ""132"": 232, ""133"": 348, ""134"": 240, ""135"": 202, ""136"": 188, ""137"": 592, ""138"": 180, ""139"": 530, ""140"": 214, ""141"": 198, ""142"": 628, ""143"": 566, ""144"": 294, ""145"": 182, ""146"": 576, ""147"": 674, ""148"": 594, ""149"": 630, ""150"": 692, ""151"": 206, ""152"": 598, ""153"": 614, ""154"": 616, ""155"": 568, ""156"": 272, ""157"": 216, ""158"": 284, ""159"": 558, ""160"": 226, ""161"": 610, ""162"": 666, ""163"": 582, ""164"": 540, ""165"": 308, ""166"": 236, ""167"": 638, ""168"": 658, ""169"": 322, ""170"": 694, ""171"": 698, ""172"": 296}",28.8,55.68,"{""0"": 178, ""9"": 184, ""1"": 176, ""8"": 180, ""4"": 182, ""6"": 186, ""12"": 188, ""2"": 190, ""13"": 192, ""3"": 194, ""7"": 196, ""11"": 198, ""14"": 200, ""10"": 202, ""5"": 204, ""143"": 672, ""24"": 308, ""131"": 624, ""54"": 566, ""109"": 286, ""80"": 646, ""64"": 226, ""160"": 562, ""144"": 224, ""65"": 526, ""91"": 578, ""133"": 556, ""136"": 310, ""44"": 260, ""70"": 552, ""111"": 696, ""167"": 588, ""51"": 238, ""19"": 554, ""158"": 212, ""99"": 594, ""31"": 574, ""35"": 616, ""155"": 262, ""126"": 264, ""119"": 314, ""49"": 228, ""73"": 698, ""25"": 336, ""61"": 560, ""97"": 690, ""58"": 294, ""45"": 682, ""40"": 216, ""165"": 694, ""88"": 640, ""82"": 258, ""69"": 250, ""48"": 324, ""98"": 288, ""154"": 680, ""32"": 220, ""145"": 638, ""142"": 662, ""163"": 256, ""172"": 548, ""166"": 300, ""28"": 660, ""15"": 254, ""125"": 532, ""134"": 528, ""128"": 586, ""118"": 536, ""100"": 648, ""16"": 530, ""62"": 296, ""140"": 232, ""34"": 208, ""94"": 346, ""36"": 626, ""27"": 622, ""21"": 564, ""149"": 642, ""95"": 334, ""168"": 582, ""102"": 668, ""63"": 612, ""86"": 628, ""43"": 598, ""92"": 534, ""29"": 636, ""57"": 614, ""147"": 688, ""68"": 270, ""41"": 248, ""20"": 246, ""96"": 692, ""170"": 650, ""60"": 348, ""164"": 312, ""39"": 278, ""85"": 292, ""137"": 558, ""117"": 684, ""153"": 644, ""23"": 606, ""52"": 274, ""121"": 618, ""169"": 658, ""141"": 656, ""59"": 670, ""84"": 572, ""67"": 298, ""146"": 266, ""112"": 338, ""56"": 542, ""71"": 620, ""113"": 328, ""22"": 222, ""42"": 538, ""101"": 242, ""53"": 342, ""81"": 576, ""47"": 210, ""33"": 568, ""50"": 268, ""171"": 652, ""18"": 544, ""103"": 604, ""116"": 630, ""30"": 666, ""139"": 306, ""75"": 550, ""115"": 580, ""104"": 540, ""114"": 584, ""66"": 284, ""87"": 340, ""37"": 322, ""161"": 282, ""77"": 304, ""26"": 244, ""106"": 320, ""55"": 316, ""74"": 570, ""150"": 330, ""90"": 326, ""135"": 676, ""132"": 280, ""79"": 592, ""89"": 240, ""148"": 634, ""108"": 230, ""127"": 332, ""17"": 678, ""157"": 318, ""156"": 654, ""105"": 686, ""159"": 596, ""120"": 610, ""83"": 206, ""78"": 252, ""124"": 674, ""123"": 664, ""122"": 632, ""138"": 276, ""129"": 290, ""151"": 546, ""72"": 602, ""162"": 600, ""107"": 272, ""110"": 608, ""130"": 218, ""93"": 344, ""76"": 590, ""46"": 234, ""152"": 214, ""38"": 302}",54.0,33.026666666666664,6.871737442910671,"{""11"": 184, ""14"": 340, ""12"": 178, ""8"": 554, ""1"": 604, ""0"": 288, ""6"": 346, ""4"": 290, ""5"": 242, ""7"": 194, ""10"": 196, ""9"": 598, ""13"": 622, ""3"": 528, ""2"": 526, ""115"": 224, ""16"": 188, ""155"": 612, ""20"": 228, ""131"": 610, ""27"": 310, ""106"": 272, ""89"": 618, ""44"": 328, ""36"": 300, ""170"": 570, ""125"": 652, ""24"": 280, ""104"": 546, ""135"": 344, ""22"": 198, ""62"": 626, ""76"": 696, ""78"": 264, ""111"": 660, ""109"": 584, ""28"": 576, ""172"": 664, ""96"": 206, ""31"": 666, ""21"": 182, ""73"": 222, ""69"": 646, ""120"": 250, ""54"": 670, ""158"": 326, ""68"": 180, ""149"": 318, ""143"": 248, ""152"": 564, ""81"": 276, ""83"": 650, ""71"": 202, ""84"": 190, ""72"": 252, ""148"": 648, ""169"": 240, ""43"": 566, ""167"": 338, ""19"": 686, ""145"": 642, ""157"": 614, ""29"": 562, ""100"": 330, ""95"": 668, ""151"": 676, ""56"": 606, ""60"": 690, ""53"": 218, ""15"": 256, ""134"": 588, ""99"": 674, ""144"": 268, ""161"": 624, ""87"": 662, ""139"": 556, ""171"": 348, ""127"": 214, ""119"": 306, ""112"": 208, ""39"": 324, ""58"": 590, ""97"": 544, ""49"": 204, ""93"": 308, ""126"": 560, ""67"": 336, ""35"": 262, ""114"": 314, ""79"": 236, ""133"": 578, ""123"": 302, ""38"": 284, ""57"": 342, ""90"": 538, ""163"": 282, ""98"": 254, ""103"": 596, ""45"": 210, ""146"": 580, ""63"": 548, ""166"": 216, ""154"": 536, ""132"": 620, ""48"": 684, ""113"": 260, ""66"": 304, ""160"": 332, ""137"": 636, ""122"": 602, ""156"": 688, ""23"": 634, ""94"": 540, ""129"": 628, ""82"": 672, ""55"": 230, ""116"": 680, ""70"": 292, ""101"": 692, ""108"": 532, ""140"": 530, ""59"": 638, ""130"": 286, ""40"": 312, ""41"": 600, ""26"": 694, ""164"": 270, ""142"": 320, ""91"": 192, ""51"": 226, ""25"": 608, ""33"": 656, ""17"": 568, ""141"": 200, ""168"": 698, ""65"": 658, ""102"": 212, ""136"": 176, ""118"": 586, ""34"": 220, ""117"": 274, ""74"": 294, ""88"": 654, ""64"": 632, ""124"": 594, ""165"": 278, ""50"": 678, ""147"": 296, ""52"": 244, ""110"": 238, ""80"": 334, ""30"": 534, ""86"": 682, ""37"": 644, ""107"": 572, ""85"": 630, ""75"": 186, ""61"": 298, ""150"": 266, ""32"": 232, ""105"": 582, ""18"": 558, ""77"": 316, ""153"": 640, ""159"": 542, ""162"": 322, ""138"": 550, ""92"": 234, ""46"": 258, ""128"": 552, ""42"": 592, ""47"": 246, ""121"": 616}",27.8,57.4,"{""0"": 224, ""1"": 308, ""2"": 306, ""3"": 690, ""4"": 318, ""5"": 558, ""6"": 676, ""7"": 348, ""8"": 686, ""9"": 598, ""10"": 642, ""11"": 220, ""12"": 550, ""13"": 330, ""14"": 664, ""15"": 204, ""16"": 536, ""17"": 668, ""18"": 678, ""19"": 270, ""20"": 322, ""21"": 544, ""22"": 610, ""23"": 628, ""24"": 280, ""25"": 196, ""26"": 580, ""27"": 674, ""28"": 178, ""29"": 282, ""30"": 198, ""31"": 542, ""32"": 608, ""33"": 238, ""34"": 256, ""35"": 540, ""36"": 680, ""37"": 648, ""38"": 622, ""39"": 688, ""40"": 274, ""41"": 646, ""42"": 328, ""43"": 272, ""44"": 626, ""45"": 278, ""46"": 614, ""47"": 620, ""48"": 660, ""49"": 266, ""50"": 176, ""51"": 200, ""52"": 314, ""53"": 250, ""54"": 584, ""55"": 316, ""56"": 638, ""57"": 528, ""58"": 332, ""59"": 654, ""60"": 616, ""61"": 326, ""62"": 606, ""63"": 576, ""64"": 298, ""65"": 602, ""66"": 574, ""67"": 190, ""68"": 666, ""69"": 694, ""70"": 590, ""71"": 264, ""72"": 572, ""73"": 294, ""74"": 310, ""75"": 636, ""76"": 182, ""77"": 582, ""78"": 570, ""79"": 262, ""80"": 526, ""81"": 258, ""82"": 300, ""83"": 342, ""84"": 184, ""85"": 194, ""86"": 592, ""87"": 658, ""88"": 202, ""89"": 546, ""90"": 296, ""91"": 564, ""92"": 284, ""93"": 324, ""94"": 534, ""95"": 232, ""96"": 246, ""97"": 698, ""98"": 346, ""99"": 560, ""100"": 234, ""101"": 624, ""102"": 180, ""103"": 312, ""104"": 336, ""105"": 334, ""106"": 344, ""107"": 254, ""108"": 292, ""109"": 212, ""110"": 634, ""111"": 226, ""112"": 222, ""113"": 548, ""114"": 600, ""115"": 618, ""116"": 338, ""117"": 290, ""118"": 276, ""119"": 236, ""120"": 260, ""121"": 692, ""122"": 566, ""123"": 538, ""124"": 682, ""125"": 640, ""126"": 320, ""127"": 248, ""128"": 188, ""129"": 228, ""130"": 206, ""131"": 662, ""132"": 340, ""133"": 596, ""134"": 302, ""135"": 244, ""136"": 604, ""137"": 672, ""138"": 218, ""139"": 588, ""140"": 252, ""141"": 230, ""142"": 556, ""143"": 186, ""144"": 652, ""145"": 696, ""146"": 304, ""147"": 210, ""148"": 554, ""149"": 568, ""150"": 650, ""151"": 288, ""152"": 644, ""153"": 208, ""154"": 192, ""155"": 684, ""156"": 594, ""157"": 240, ""158"": 578, ""159"": 286, ""160"": 670, ""161"": 630, ""162"": 268, ""163"": 242, ""164"": 632, ""165"": 216, ""166"": 552, ""167"": 612, ""168"": 656, ""169"": 214, ""170"": 562, ""171"": 530, ""172"": 586}",49.6,174
autobraid_42.qasm,35.52,0.3426362052559852,"{""0"": 612, ""1"": 228, ""2"": 292, ""3"": 206, ""4"": 264, ""5"": 294, ""6"": 654, ""7"": 248, ""8"": 204, ""9"": 344, ""10"": 636, ""11"": 324, ""12"": 268, ""13"": 348, ""14"": 208, ""15"": 276, ""16"": 664, ""17"": 274, ""18"": 238, ""19"": 632, ""20"": 246, ""21"": 676, ""22"": 704, ""23"": 600, ""24"": 622, ""25"": 700, ""26"": 330, ""27"": 570, ""28"": 254, ""29"": 332, ""30"": 200, ""31"": 682, ""32"": 608, ""33"": 202, ""34"": 224, ""35"": 692, ""36"": 244, ""37"": 694, ""38"": 662, ""39"": 646, ""40"": 296, ""41"": 182, ""42"": 660, ""43"": 572, ""44"": 258, ""45"": 534, ""46"": 220, ""47"": 180, ""48"": 576, ""49"": 696, ""50"": 342, ""51"": 604, ""52"": 212, ""53"": 230, ""54"": 302, ""55"": 548, ""56"": 606, ""57"": 312, ""58"": 318, ""59"": 648, ""60"": 352, ""61"": 702, ""62"": 236, ""63"": 556, ""64"": 280, ""65"": 290, ""66"": 588, ""67"": 256, ""68"": 284, ""69"": 266, ""70"": 336, ""71"": 584, ""72"": 196, ""73"": 698, ""74"": 536, ""75"": 544, ""76"": 560, ""77"": 666, ""78"": 346, ""79"": 626, ""80"": 270, ""81"": 198, ""82"": 672, ""83"": 680, ""84"": 288, ""85"": 538, ""86"": 194, ""87"": 300, ""88"": 322, ""89"": 186, ""90"": 190, ""91"": 234, ""92"": 706, ""93"": 282, ""94"": 668, ""95"": 210, ""96"": 546, ""97"": 306, ""98"": 218, ""99"": 250, ""100"": 580, ""101"": 540, ""102"": 566, ""103"": 586, ""104"": 644, ""105"": 304, ""106"": 590, ""107"": 350, ""108"": 308, ""109"": 640, ""110"": 618, ""111"": 222, ""112"": 598, ""113"": 582, ""114"": 310, ""115"": 650, ""116"": 690, ""117"": 658, ""118"": 240, ""119"": 602, ""120"": 192, ""121"": 638, ""122"": 558, ""123"": 688, ""124"": 542, ""125"": 656, ""126"": 616, ""127"": 568, ""128"": 334, ""129"": 578, ""130"": 624, ""131"": 278, ""132"": 596, ""133"": 628, ""134"": 216, ""135"": 614, ""136"": 574, ""137"": 188, ""138"": 272, ""139"": 314, ""140"": 260, ""141"": 226, ""142"": 670, ""143"": 550, ""144"": 674, ""145"": 298, ""146"": 630, ""147"": 532, ""148"": 642, ""149"": 262, ""150"": 326, ""151"": 684, ""152"": 592, ""153"": 328, ""154"": 316, ""155"": 338, ""156"": 594, ""157"": 184, ""158"": 686, ""159"": 286, ""160"": 232, ""161"": 554, ""162"": 340, ""163"": 564, ""164"": 178, ""165"": 214, ""166"": 562, ""167"": 610, ""168"": 634, ""169"": 552, ""170"": 320, ""171"": 620, ""172"": 652, ""173"": 252, ""174"": 242}",31.0,55.28,"{""0"": 178, ""9"": 180, ""1"": 184, ""8"": 182, ""4"": 186, ""6"": 188, ""12"": 192, ""2"": 190, ""13"": 194, ""3"": 196, ""7"": 198, ""11"": 200, ""14"": 202, ""10"": 204, ""5"": 206, ""143"": 232, ""24"": 218, ""131"": 642, ""54"": 318, ""109"": 600, ""80"": 242, ""64"": 300, ""160"": 274, ""144"": 566, ""65"": 246, ""91"": 608, ""133"": 664, ""136"": 592, ""111"": 684, ""70"": 594, ""44"": 326, ""167"": 618, ""51"": 312, ""19"": 658, ""99"": 680, ""158"": 604, ""31"": 308, ""35"": 222, ""155"": 260, ""126"": 336, ""49"": 310, ""119"": 286, ""73"": 278, ""25"": 624, ""61"": 580, ""97"": 564, ""58"": 706, ""45"": 670, ""173"": 560, ""40"": 340, ""165"": 582, ""88"": 248, ""48"": 220, ""69"": 272, ""82"": 636, ""98"": 296, ""154"": 266, ""32"": 548, ""145"": 660, ""142"": 542, ""172"": 546, ""163"": 214, ""166"": 314, ""28"": 306, ""15"": 550, ""125"": 674, ""134"": 338, ""128"": 288, ""118"": 552, ""100"": 698, ""62"": 536, ""16"": 350, ""140"": 672, ""34"": 696, ""36"": 264, ""94"": 280, ""27"": 344, ""21"": 212, ""149"": 700, ""95"": 230, ""168"": 676, ""102"": 632, ""29"": 240, ""92"": 690, ""43"": 250, ""86"": 688, ""63"": 268, ""57"": 302, ""147"": 228, ""68"": 352, ""41"": 304, ""20"": 290, ""96"": 630, ""170"": 694, ""60"": 612, ""164"": 652, ""39"": 584, ""85"": 682, ""137"": 324, ""117"": 590, ""153"": 294, ""23"": 654, ""52"": 644, ""121"": 282, ""169"": 316, ""141"": 628, ""174"": 544, ""59"": 332, ""84"": 596, ""146"": 640, ""112"": 258, ""67"": 646, ""56"": 342, ""71"": 656, ""113"": 614, ""22"": 554, ""42"": 556, ""101"": 574, ""53"": 346, ""81"": 540, ""47"": 254, ""33"": 562, ""50"": 702, ""171"": 236, ""18"": 586, ""103"": 570, ""139"": 532, ""30"": 602, ""116"": 634, ""75"": 276, ""115"": 588, ""104"": 210, ""114"": 292, ""66"": 606, ""87"": 598, ""37"": 622, ""161"": 578, ""77"": 616, ""26"": 534, ""106"": 620, ""74"": 298, ""55"": 270, ""150"": 678, ""90"": 638, ""135"": 626, ""132"": 262, ""79"": 648, ""89"": 666, ""148"": 328, ""108"": 334, ""127"": 348, ""157"": 216, ""17"": 238, ""156"": 244, ""105"": 208, ""159"": 234, ""120"": 330, ""83"": 322, ""124"": 252, ""78"": 572, ""123"": 538, ""122"": 692, ""138"": 558, ""151"": 284, ""129"": 226, ""162"": 650, ""72"": 610, ""107"": 704, ""110"": 320, ""93"": 668, ""130"": 576, ""76"": 568, ""46"": 662, ""152"": 224, ""38"": 686}",54.0,36.29333333333334,5.244177632033825,"{""11"": 318, ""14"": 278, ""12"": 216, ""8"": 638, ""1"": 188, ""0"": 556, ""6"": 190, ""4"": 590, ""5"": 194, ""7"": 178, ""10"": 608, ""9"": 348, ""13"": 618, ""3"": 568, ""2"": 280, ""115"": 642, ""16"": 670, ""155"": 622, ""20"": 632, ""131"": 558, ""27"": 240, ""106"": 338, ""89"": 574, ""36"": 560, ""44"": 284, ""170"": 664, ""125"": 600, ""24"": 552, ""104"": 254, ""174"": 652, ""135"": 220, ""22"": 564, ""62"": 676, ""78"": 270, ""76"": 264, ""111"": 306, ""109"": 218, ""28"": 686, ""172"": 616, ""96"": 596, ""31"": 658, ""21"": 548, ""73"": 678, ""69"": 586, ""120"": 184, ""54"": 274, ""158"": 186, ""68"": 620, ""149"": 302, ""143"": 654, ""152"": 290, ""81"": 582, ""83"": 206, ""71"": 258, ""84"": 248, ""72"": 320, ""148"": 606, ""169"": 672, ""43"": 684, ""167"": 180, ""173"": 576, ""19"": 584, ""145"": 700, ""157"": 324, ""29"": 238, ""100"": 602, ""95"": 626, ""151"": 614, ""56"": 698, ""60"": 668, ""53"": 314, ""134"": 706, ""15"": 594, ""99"": 666, ""144"": 210, ""161"": 544, ""87"": 650, ""139"": 228, ""171"": 272, ""127"": 346, ""119"": 332, ""112"": 696, ""39"": 226, ""58"": 196, ""97"": 330, ""49"": 326, ""93"": 312, ""126"": 244, ""67"": 540, ""35"": 624, ""114"": 598, ""79"": 660, ""133"": 334, ""123"": 662, ""38"": 268, ""57"": 648, ""90"": 204, ""163"": 682, ""98"": 294, ""103"": 610, ""45"": 634, ""146"": 208, ""63"": 260, ""154"": 316, ""166"": 298, ""132"": 292, ""48"": 702, ""160"": 300, ""66"": 242, ""113"": 604, ""137"": 276, ""122"": 322, ""156"": 646, ""23"": 534, ""94"": 250, ""129"": 296, ""82"": 550, ""116"": 572, ""55"": 578, ""70"": 212, ""101"": 628, ""108"": 288, ""140"": 310, ""59"": 282, ""130"": 304, ""40"": 286, ""41"": 344, ""26"": 246, ""164"": 656, ""142"": 222, ""91"": 674, ""51"": 694, ""25"": 256, ""33"": 680, ""17"": 192, ""141"": 214, ""168"": 542, ""65"": 630, ""102"": 308, ""136"": 352, ""118"": 704, ""117"": 234, ""34"": 236, ""74"": 340, ""88"": 202, ""64"": 640, ""124"": 692, ""165"": 198, ""50"": 342, ""147"": 580, ""52"": 592, ""80"": 562, ""110"": 224, ""30"": 546, ""37"": 230, ""86"": 328, ""107"": 588, ""85"": 182, ""61"": 636, ""75"": 644, ""150"": 232, ""32"": 536, ""105"": 612, ""77"": 532, ""18"": 688, ""153"": 570, ""162"": 690, ""159"": 252, ""138"": 200, ""46"": 566, ""92"": 266, ""128"": 262, ""42"": 336, ""47"": 350, ""121"": 538}",30.4,58.28,"{""0"": 328, ""1"": 344, ""2"": 584, ""3"": 350, ""4"": 202, ""5"": 194, ""6"": 298, ""7"": 212, ""8"": 224, ""9"": 292, ""10"": 276, ""11"": 338, ""12"": 588, ""13"": 300, ""14"": 314, ""15"": 672, ""16"": 650, ""17"": 306, ""18"": 674, ""19"": 660, ""20"": 290, ""21"": 308, ""22"": 186, ""23"": 644, ""24"": 600, ""25"": 612, ""26"": 326, ""27"": 240, ""28"": 544, ""29"": 286, ""30"": 626, ""31"": 268, ""32"": 596, ""33"": 668, ""34"": 634, ""35"": 560, ""36"": 320, ""37"": 630, ""38"": 302, ""39"": 566, ""40"": 348, ""41"": 580, ""42"": 678, ""43"": 256, ""44"": 658, ""45"": 700, ""46"": 616, ""47"": 632, ""48"": 704, ""49"": 332, ""50"": 640, ""51"": 534, ""52"": 642, ""53"": 624, ""54"": 218, ""55"": 692, ""56"": 550, ""57"": 272, ""58"": 244, ""59"": 562, ""60"": 546, ""61"": 208, ""62"": 618, ""63"": 188, ""64"": 250, ""65"": 280, ""66"": 234, ""67"": 324, ""68"": 608, ""69"": 318, ""70"": 568, ""71"": 676, ""72"": 662, ""73"": 204, ""74"": 558, ""75"": 702, ""76"": 706, ""77"": 178, ""78"": 594, ""79"": 652, ""80"": 552, ""81"": 304, ""82"": 210, ""83"": 310, ""84"": 590, ""85"": 564, ""86"": 200, ""87"": 346, ""88"": 248, ""89"": 548, ""90"": 262, ""91"": 180, ""92"": 270, ""93"": 636, ""94"": 190, ""95"": 252, ""96"": 198, ""97"": 232, ""98"": 258, ""99"": 682, ""100"": 206, ""101"": 576, ""102"": 582, ""103"": 690, ""104"": 336, ""105"": 246, ""106"": 352, ""107"": 696, ""108"": 694, ""109"": 698, ""110"": 254, ""111"": 604, ""112"": 680, ""113"": 654, ""114"": 540, ""115"": 296, ""116"": 620, ""117"": 192, ""118"": 242, ""119"": 666, ""120"": 646, ""121"": 228, ""122"": 656, ""123"": 688, ""124"": 648, ""125"": 638, ""126"": 274, ""127"": 578, ""128"": 222, ""129"": 236, ""130"": 282, ""131"": 686, ""132"": 606, ""133"": 670, ""134"": 628, ""135"": 182, ""136"": 284, ""137"": 294, ""138"": 334, ""139"": 260, ""140"": 592, ""141"": 184, ""142"": 230, ""143"": 570, ""144"": 238, ""145"": 216, ""146"": 226, ""147"": 614, ""148"": 330, ""149"": 538, ""150"": 312, ""151"": 572, ""152"": 266, ""153"": 556, ""154"": 220, ""155"": 602, ""156"": 598, ""157"": 684, ""158"": 542, ""159"": 214, ""160"": 532, ""161"": 342, ""162"": 610, ""163"": 196, ""164"": 264, ""165"": 554, ""166"": 340, ""167"": 278, ""168"": 536, ""169"": 586, ""170"": 288, ""171"": 322, ""172"": 622, ""173"": 664, ""174"": 574}",53.8,176
jku_suite_12.qasm,59.16,4.632586073875427,"{""0"": 16, ""1"": 24, ""2"": 50, ""3"": 22, ""4"": 52, ""5"": 46, ""6"": 48, ""7"": 58, ""8"": 28, ""9"": 18, ""10"": 26, ""11"": 54, ""12"": 20, ""13"": 56}",54.4,64.32,"{""0"": 50, ""9"": 16, ""1"": 18, ""8"": 56, ""4"": 52, ""6"": 22, ""13"": 26, ""12"": 28, ""2"": 46, ""3"": 54, ""7"": 20, ""11"": 24, ""10"": 58, ""5"": 48}",61.0,58.14666666666667,68.95121689140797,"{""11"": 52, ""12"": 16, ""8"": 54, ""0"": 22, ""6"": 28, ""5"": 58, ""10"": 48, ""7"": 56, ""13"": 24, ""9"": 46, ""4"": 26, ""2"": 20, ""3"": 18, ""1"": 50}",52.6,62.44,"{""0"": 26, ""1"": 20, ""2"": 50, ""3"": 56, ""4"": 22, ""5"": 46, ""6"": 24, ""7"": 28, ""8"": 52, ""9"": 58, ""10"": 54, ""11"": 18, ""12"": 16, ""13"": 48}",61.0,14
jku_suite_76.qasm,60.28,7.059988521039486,"{""0"": 36, ""1"": 12, ""2"": 18, ""3"": 14, ""4"": 34, ""5"": 38, ""6"": 42, ""7"": 40, ""8"": 20}",59.2,63.0,"{""0"": 14, ""1"": 18, ""8"": 38, ""4"": 12, ""6"": 20, ""2"": 36, ""3"": 40, ""7"": 34, ""5"": 16}",57.8,59.29333333333334,105.44224298000336,"{""8"": 12, ""1"": 36, ""0"": 20, ""6"": 40, ""4"": 38, ""5"": 42, ""7"": 34, ""3"": 16, ""2"": 14}",56.8,62.36,"{""0"": 40, ""1"": 12, ""2"": 38, ""3"": 16, ""4"": 20, ""5"": 18, ""6"": 14, ""7"": 36, ""8"": 34}",58.4,10
vqe_7.qasm,89.8,7.323617029190063,"{""0"": 22, ""1"": 24, ""2"": 14, ""3"": 46, ""4"": 16, ""5"": 20, ""6"": 44, ""7"": 48, ""8"": 42, ""9"": 40, ""10"": 18}",85.4,92.08,"{""0"": 16, ""9"": 50, ""1"": 48, ""8"": 44, ""4"": 24, ""6"": 18, ""2"": 22, ""3"": 46, ""7"": 42, ""10"": 14, ""5"": 40}",90.0,90.08,109.4934332370758,"{""8"": 20, ""1"": 22, ""0"": 24, ""6"": 14, ""4"": 16, ""5"": 48, ""7"": 46, ""10"": 18, ""9"": 40, ""3"": 50, ""2"": 44}",86.6,93.2,"{""0"": 44, ""1"": 40, ""2"": 24, ""3"": 46, ""4"": 50, ""5"": 48, ""6"": 14, ""7"": 20, ""8"": 22, ""9"": 16, ""10"": 42}",91.2,12
quest_suite_21.qasm,88.08,6.312838444113732,"{""0"": 16, ""1"": 30, ""2"": 34, ""3"": 14, ""4"": 32, ""5"": 28, ""6"": 12}",87.0,89.8,"{""0"": 12, ""1"": 32, ""4"": 34, ""6"": 30, ""2"": 28, ""3"": 14, ""5"": 10}",87.0,86.78666666666666,92.67375407367943,"{""0"": 10, ""6"": 30, ""4"": 16, ""5"": 34, ""2"": 14, ""3"": 28, ""1"": 32}",84.0,88.04,"{""0"": 10, ""1"": 30, ""2"": 12, ""3"": 28, ""4"": 16, ""5"": 32, ""6"": 34}",87.2,8
quest_suite_20.qasm,64.88,3.665947893261909,"{""0"": 30, ""1"": 16, ""2"": 12, ""3"": 28, ""4"": 34, ""5"": 14, ""6"": 32}",60.0,74.12,"{""0"": 30, ""1"": 10, ""4"": 12, ""6"": 16, ""2"": 28, ""3"": 34, ""5"": 32}",68.0,62.973333333333336,54.48049617558718,"{""1"": 34, ""6"": 30, ""0"": 32, ""5"": 16, ""4"": 10, ""3"": 14, ""2"": 28}",53.4,68.92,"{""0"": 14, ""1"": 16, ""2"": 10, ""3"": 34, ""4"": 12, ""5"": 32, ""6"": 30}",60.2,8
jku_suite_49.qasm,46.84,3.424678014218807,"{""0"": 32, ""1"": 24, ""2"": 28, ""3"": 26, ""4"": 22, ""5"": 66, ""6"": 20, ""7"": 60, ""8"": 54, ""9"": 52, ""10"": 30, ""11"": 64, ""12"": 18, ""13"": 56, ""14"": 58, ""15"": 62}",44.8,51.72,"{""0"": 26, ""9"": 60, ""1"": 32, ""8"": 28, ""4"": 58, ""6"": 22, ""12"": 20, ""2"": 62, ""13"": 30, ""3"": 18, ""7"": 54, ""11"": 64, ""14"": 66, ""10"": 24, ""5"": 56, ""15"": 52}",50.8,45.76,51.79446014016867,"{""11"": 66, ""14"": 22, ""12"": 52, ""8"": 56, ""1"": 24, ""0"": 64, ""6"": 62, ""4"": 20, ""5"": 60, ""7"": 26, ""10"": 32, ""9"": 54, ""13"": 58, ""3"": 28, ""2"": 30, ""15"": 18}",42.4,51.16,"{""0"": 22, ""1"": 28, ""2"": 54, ""3"": 58, ""4"": 32, ""5"": 60, ""6"": 18, ""7"": 24, ""8"": 26, ""9"": 20, ""10"": 62, ""11"": 66, ""12"": 52, ""13"": 64, ""14"": 56, ""15"": 30}",48.0,16
qaoa_6.qasm,63.2,1.4225848779082295,"{""0"": 32, ""1"": 58, ""2"": 28, ""3"": 72, ""4"": 64, ""5"": 26, ""6"": 36, ""7"": 74, ""8"": 68, ""9"": 60, ""10"": 22, ""11"": 66, ""12"": 24, ""13"": 34, ""14"": 30, ""15"": 70, ""16"": 62, ""17"": 20}",59.6,72.44,"{""0"": 28, ""9"": 66, ""1"": 34, ""8"": 30, ""4"": 64, ""6"": 24, ""12"": 22, ""2"": 68, ""13"": 32, ""3"": 20, ""7"": 60, ""11"": 70, ""14"": 72, ""10"": 26, ""5"": 62, ""17"": 36, ""15"": 58, ""16"": 74}",68.4,62.18666666666667,21.57304785400629,"{""11"": 60, ""14"": 64, ""12"": 26, ""8"": 58, ""1"": 24, ""0"": 34, ""6"": 68, ""4"": 62, ""5"": 32, ""7"": 70, ""10"": 30, ""9"": 20, ""13"": 74, ""3"": 72, ""2"": 66, ""15"": 36, ""16"": 22, ""17"": 28}",53.6,71.16,"{""0"": 70, ""1"": 60, ""2"": 34, ""3"": 22, ""4"": 58, ""5"": 28, ""6"": 36, ""7"": 62, ""8"": 68, ""9"": 64, ""10"": 74, ""11"": 72, ""12"": 24, ""13"": 20, ""14"": 30, ""15"": 32, ""16"": 66, ""17"": 26}",65.8,18
jku_suite_63.qasm,96.8,9.228079137206077,"{""0"": 12, ""1"": 10, ""2"": 24, ""3"": 26, ""4"": 22, ""5"": 8}",94.6,96.4,"{""0"": 26, ""1"": 22, ""4"": 10, ""2"": 8, ""3"": 12, ""5"": 24}",94.4,94.26666666666668,137.2474958524108,"{""1"": 26, ""0"": 10, ""5"": 24, ""4"": 22, ""3"": 12, ""2"": 8}",92.2,95.28,"{""0"": 26, ""1"": 8, ""2"": 24, ""3"": 22, ""4"": 12, ""5"": 10}",92.8,6
jku_suite_21.qasm,81.72,8.621858666837216,"{""0"": 28, ""1"": 12, ""2"": 32, ""3"": 34, ""4"": 10, ""5"": 30, ""6"": 16}",75.8,83.0,"{""0"": 34, ""1"": 10, ""4"": 16, ""6"": 28, ""2"": 30, ""3"": 32, ""5"": 14}",78.6,78.94666666666667,129.14284466952083,"{""1"": 32, ""6"": 10, ""0"": 34, ""5"": 30, ""4"": 16, ""3"": 28, ""2"": 14}",75.0,81.44,"{""0"": 34, ""1"": 12, ""2"": 30, ""3"": 10, ""4"": 14, ""5"": 32, ""6"": 28}",75.8,8
jku_suite_29.qasm,68.32,7.252958562970162,"{""0"": 30, ""1"": 10, ""2"": 12, ""3"": 14, ""4"": 16, ""5"": 32, ""6"": 28}",67.0,74.44,"{""0"": 28, ""1"": 30, ""4"": 10, ""6"": 32, ""2"": 34, ""3"": 16, ""5"": 12}",68.6,70.88,107.56136015802622,"{""1"": 28, ""0"": 12, ""6"": 10, ""4"": 34, ""5"": 16, ""3"": 32, ""2"": 30}",66.4,74.4,"{""0"": 12, ""1"": 34, ""2"": 30, ""3"": 10, ""4"": 14, ""5"": 28, ""6"": 16}",70.2,8
quest_suite_5.qasm,64.88,3.264493981003761,"{""0"": 34, ""1"": 36, ""2"": 18, ""3"": 42, ""4"": 12, ""5"": 40, ""6"": 14, ""7"": 20, ""8"": 38}",62.0,69.28,"{""0"": 16, ""1"": 38, ""8"": 34, ""4"": 42, ""6"": 40, ""2"": 12, ""3"": 18, ""7"": 14, ""5"": 36}",67.2,63.06666666666667,49.18294744193554,"{""8"": 12, ""1"": 18, ""0"": 40, ""7"": 36, ""5"": 34, ""4"": 20, ""6"": 16, ""3"": 38, ""2"": 14}",56.6,71.48,"{""0"": 34, ""1"": 42, ""2"": 38, ""3"": 14, ""4"": 36, ""5"": 18, ""6"": 12, ""7"": 20, ""8"": 40}",66.8,10
jku_suite_31.qasm,95.32,7.931391106545925,"{""0"": 8, ""1"": 24, ""2"": 26, ""3"": 22, ""4"": 10}",94.0,96.32,"{""0"": 8, ""1"": 24, ""4"": 26, ""2"": 12, ""3"": 22}",95.0,94.6,58.79898574203253,"{""1"": 12, ""0"": 26, ""4"": 10, ""3"": 24, ""2"": 8}",93.0,96.2,"{""0"": 26, ""1"": 24, ""2"": 8, ""3"": 12, ""4"": 10}",94.0,6
jku_suite_79.qasm,73.04,7.412606889009476,"{""0"": 34, ""1"": 30, ""2"": 16, ""3"": 12, ""4"": 10, ""5"": 28, ""6"": 14}",67.6,76.24,"{""0"": 34, ""1"": 10, ""4"": 16, ""6"": 28, ""2"": 30, ""3"": 32, ""5"": 14}",73.0,74.01333333333334,110.71101383119822,"{""1"": 12, ""0"": 14, ""6"": 34, ""4"": 10, ""5"": 28, ""3"": 30, ""2"": 16}",71.4,76.96,"{""0"": 32, ""1"": 34, ""2"": 10, ""3"": 12, ""4"": 30, ""5"": 16, ""6"": 28}",74.6,8
vqe_8.qasm,83.4,3.6595376268029214,"{""0"": 14, ""1"": 34, ""2"": 16, ""3"": 10, ""4"": 30, ""5"": 32, ""6"": 28, ""7"": 12}",72.4,84.56,"{""0"": 28, ""1"": 12, ""4"": 14, ""6"": 16, ""2"": 10, ""3"": 34, ""7"": 32, ""5"": 30}",78.0,79.68,55.07274066656828,"{""1"": 28, ""6"": 34, ""0"": 12, ""4"": 32, ""5"": 30, ""7"": 14, ""3"": 16, ""2"": 10}",72.4,80.96,"{""0"": 16, ""1"": 34, ""2"": 14, ""3"": 12, ""4"": 30, ""5"": 32, ""6"": 10, ""7"": 28}",78.0,8
jku_suite_35.qasm,47.32,3.0263158679008484,"{""0"": 20, ""1"": 50, ""2"": 22, ""3"": 16, ""4"": 14, ""5"": 18, ""6"": 44, ""7"": 46, ""8"": 48, ""9"": 24, ""10"": 40}",42.4,59.76,"{""9"": 22, ""0"": 16, ""1"": 14, ""8"": 44, ""4"": 50, ""6"": 24, ""2"": 42, ""7"": 18, ""3"": 20, ""10"": 48, ""5"": 46}",56.2,51.17333333333333,45.38088317215443,"{""8"": 24, ""1"": 48, ""0"": 46, ""6"": 18, ""4"": 40, ""5"": 16, ""7"": 22, ""10"": 44, ""9"": 50, ""3"": 14, ""2"": 20}",43.2,56.56,"{""0"": 40, ""1"": 46, ""2"": 14, ""3"": 20, ""4"": 16, ""5"": 50, ""6"": 24, ""7"": 48, ""8"": 42, ""9"": 18, ""10"": 22}",52.2,12
grover_9.qasm,95.52,17.14704498797655,"{""0"": 24, ""1"": 10, ""2"": 12, ""3"": 26, ""4"": 8, ""5"": 22}",94.6,96.8,"{""0"": 22, ""1"": 12, ""4"": 26, ""2"": 8, ""3"": 10, ""5"": 24}",95.0,95.32,256.6302084252238,"{""1"": 8, ""0"": 22, ""4"": 26, ""3"": 24, ""2"": 10, ""5"": 12}",94.0,95.84,"{""0"": 8, ""1"": 22, ""2"": 26, ""3"": 12, ""4"": 10, ""5"": 24}",94.4,6
vqe_1.qasm,90.0,6.634236896038056,"{""0"": 16, ""1"": 30, ""2"": 28, ""3"": 34, ""4"": 14, ""5"": 12, ""6"": 10}",88.0,91.64,"{""0"": 30, ""1"": 14, ""4"": 12, ""6"": 34, ""2"": 32, ""3"": 28, ""5"": 16}",89.0,89.82666666666667,98.15752552449705,"{""1"": 28, ""0"": 14, ""6"": 10, ""4"": 16, ""5"": 30, ""3"": 32, ""2"": 12}",88.0,91.08,"{""0"": 12, ""1"": 34, ""2"": 32, ""3"": 10, ""4"": 30, ""5"": 16, ""6"": 14}",89.0,8
quarl_suite_20.qasm,46.16,1.104189747571945,"{""0"": 28, ""1"": 34, ""2"": 72, ""3"": 36, ""4"": 24, ""5"": 60, ""6"": 58, ""7"": 66, ""8"": 64, ""9"": 70, ""10"": 26, ""11"": 32, ""12"": 30, ""13"": 68, ""14"": 20, ""15"": 22, ""16"": 74}",43.6,58.08,"{""0"": 22, ""9"": 62, ""1"": 30, ""8"": 28, ""4"": 32, ""6"": 20, ""12"": 24, ""2"": 58, ""3"": 64, ""7"": 66, ""11"": 68, ""10"": 26, ""5"": 70, ""15"": 36, ""13"": 60, ""16"": 72, ""14"": 34}",54.2,51.25333333333333,16.498105138540268,"{""11"": 26, ""12"": 66, ""8"": 60, ""1"": 74, ""0"": 72, ""6"": 20, ""4"": 22, ""5"": 24, ""7"": 30, ""10"": 28, ""9"": 32, ""3"": 36, ""2"": 64, ""15"": 62, ""16"": 34, ""14"": 58, ""13"": 68}",42.4,59.56,"{""0"": 22, ""1"": 64, ""2"": 30, ""3"": 74, ""4"": 68, ""5"": 58, ""6"": 24, ""7"": 28, ""8"": 72, ""9"": 32, ""10"": 60, ""11"": 62, ""12"": 34, ""13"": 26, ""14"": 20, ""15"": 36, ""16"": 66}",56.6,18
jku_suite_41.qasm,55.96,3.7850237041711807,"{""0"": 14, ""1"": 36, ""2"": 16, ""3"": 38, ""4"": 18, ""5"": 12, ""6"": 40, ""7"": 34, ""8"": 20, ""9"": 42}",50.6,64.16,"{""9"": 34, ""0"": 38, ""1"": 18, ""8"": 20, ""4"": 12, ""6"": 40, ""2"": 36, ""3"": 14, ""7"": 42, ""5"": 16}",59.8,56.82666666666667,56.77068439126015,"{""8"": 20, ""1"": 36, ""0"": 14, ""6"": 18, ""4"": 42, ""5"": 12, ""7"": 34, ""3"": 38, ""2"": 16, ""9"": 40}",50.6,58.04,"{""0"": 14, ""1"": 16, ""2"": 40, ""3"": 12, ""4"": 34, ""5"": 42, ""6"": 20, ""7"": 36, ""8"": 18, ""9"": 38}",55.2,10
jku_suite_65.qasm,53.2,2.910825142264366,"{""0"": 14, ""1"": 40, ""2"": 20, ""3"": 46, ""4"": 50, ""5"": 44, ""6"": 18, ""7"": 42, ""8"": 16, ""9"": 22, ""10"": 24}",47.6,60.88,"{""0"": 46, ""9"": 22, ""1"": 44, ""8"": 20, ""4"": 40, ""6"": 42, ""2"": 14, ""3"": 48, ""7"": 24, ""10"": 16, ""5"": 18}",56.8,53.56,43.96224467456341,"{""8"": 14, ""1"": 44, ""0"": 40, ""6"": 20, ""4"": 22, ""5"": 48, ""7"": 16, ""10"": 50, ""9"": 18, ""3"": 46, ""2"": 24}",46.0,62.16,"{""0"": 14, ""1"": 22, ""2"": 18, ""3"": 48, ""4"": 44, ""5"": 24, ""6"": 46, ""7"": 40, ""8"": 50, ""9"": 16, ""10"": 20}",58.4,12
jku_suite_24.qasm,70.32,6.906877642869949,"{""0"": 12, ""1"": 28, ""2"": 32, ""3"": 34, ""4"": 30, ""5"": 16, ""6"": 14}",66.2,74.24,"{""0"": 16, ""1"": 28, ""4"": 34, ""6"": 30, ""2"": 32, ""3"": 12, ""5"": 10}",69.8,70.72,103.35545126348734,"{""1"": 10, ""0"": 28, ""6"": 34, ""5"": 30, ""4"": 32, ""3"": 16, ""2"": 12}",66.6,75.32,"{""0"": 32, ""1"": 16, ""2"": 28, ""3"": 12, ""4"": 34, ""5"": 30, ""6"": 14}",71.8,8
jku_suite_94.qasm,64.56,2.7623404771089555,"{""0"": 10, ""1"": 16, ""2"": 34, ""3"": 32, ""4"": 12, ""5"": 14, ""6"": 30, ""7"": 28}",54.8,71.56,"{""0"": 32, ""1"": 10, ""4"": 28, ""6"": 30, ""2"": 16, ""7"": 34, ""3"": 14, ""5"": 12}",60.2,60.52,41.114902921020985,"{""1"": 32, ""6"": 34, ""7"": 10, ""5"": 16, ""4"": 14, ""0"": 28, ""3"": 30, ""2"": 12}",53.2,69.0,"{""0"": 34, ""1"": 12, ""2"": 28, ""3"": 14, ""4"": 30, ""5"": 10, ""6"": 16, ""7"": 32}",61.4,8
autobraid_20.qasm,35.68,0.4306089818477631,"{""0"": 286, ""1"": 144, ""2"": 102, ""3"": 132, ""4"": 142, ""5"": 114, ""6"": 266, ""7"": 232, ""8"": 230, ""9"": 298, ""10"": 296, ""11"": 110, ""12"": 244, ""13"": 118, ""14"": 84, ""15"": 136, ""16"": 240, ""17"": 242, ""18"": 226, ""19"": 88, ""20"": 280, ""21"": 96, ""22"": 94, ""23"": 106, ""24"": 140, ""25"": 90, ""26"": 276, ""27"": 108, ""28"": 112, ""29"": 80, ""30"": 264, ""31"": 138, ""32"": 116, ""33"": 128, ""34"": 278, ""35"": 246, ""36"": 284, ""37"": 92, ""38"": 256, ""39"": 252, ""40"": 248, ""41"": 228, ""42"": 146, ""43"": 254, ""44"": 86, ""45"": 124, ""46"": 104, ""47"": 274, ""48"": 262, ""49"": 272, ""50"": 100, ""51"": 234, ""52"": 82, ""53"": 78, ""54"": 134, ""55"": 130, ""56"": 258, ""57"": 282, ""58"": 120, ""59"": 260, ""60"": 292, ""61"": 126, ""62"": 238, ""63"": 236, ""64"": 122, ""65"": 98, ""66"": 76, ""67"": 270, ""68"": 290, ""69"": 148, ""70"": 268, ""71"": 250, ""72"": 288}",32.6,55.52,"{""0"": 78, ""1"": 76, ""4"": 80, ""2"": 82, ""3"": 84, ""60"": 142, ""66"": 264, ""39"": 146, ""6"": 106, ""13"": 280, ""24"": 248, ""12"": 266, ""37"": 108, ""28"": 86, ""15"": 134, ""7"": 268, ""26"": 118, ""54"": 290, ""55"": 282, ""14"": 254, ""23"": 270, ""64"": 288, ""52"": 244, ""65"": 246, ""44"": 256, ""70"": 298, ""59"": 238, ""67"": 92, ""51"": 286, ""19"": 296, ""56"": 130, ""16"": 122, ""62"": 94, ""5"": 230, ""9"": 98, ""71"": 110, ""17"": 112, ""31"": 148, ""35"": 236, ""49"": 276, ""8"": 262, ""22"": 88, ""34"": 102, ""61"": 120, ""42"": 124, ""25"": 140, ""36"": 90, ""53"": 96, ""27"": 114, ""58"": 292, ""21"": 260, ""47"": 136, ""45"": 278, ""33"": 138, ""11"": 100, ""50"": 252, ""32"": 234, ""40"": 116, ""72"": 104, ""29"": 284, ""48"": 294, ""18"": 274, ""69"": 228, ""63"": 232, ""57"": 250, ""30"": 272, ""41"": 242, ""68"": 258, ""43"": 240, ""46"": 144, ""20"": 132, ""10"": 226, ""38"": 126}",53.4,38.41333333333333,6.506722517311573,"{""1"": 108, ""0"": 148, ""6"": 276, ""4"": 228, ""5"": 78, ""7"": 86, ""3"": 268, ""2"": 236, ""16"": 262, ""11"": 110, ""45"": 288, ""20"": 282, ""34"": 272, ""63"": 96, ""27"": 256, ""19"": 226, ""44"": 144, ""10"": 100, ""64"": 102, ""36"": 254, ""29"": 260, ""9"": 252, ""24"": 298, ""48"": 122, ""50"": 264, ""66"": 292, ""12"": 140, ""22"": 238, ""62"": 126, ""56"": 230, ""60"": 106, ""15"": 92, ""53"": 80, ""52"": 114, ""28"": 128, ""13"": 278, ""23"": 94, ""31"": 130, ""21"": 146, ""30"": 242, ""37"": 270, ""55"": 84, ""69"": 116, ""61"": 284, ""70"": 286, ""14"": 240, ""8"": 294, ""54"": 266, ""32"": 112, ""68"": 132, ""59"": 90, ""41"": 280, ""39"": 290, ""18"": 274, ""26"": 248, ""58"": 244, ""40"": 134, ""71"": 88, ""49"": 296, ""51"": 258, ""25"": 118, ""33"": 76, ""67"": 120, ""46"": 82, ""35"": 124, ""17"": 142, ""72"": 136, ""57"": 104, ""38"": 98, ""42"": 138, ""47"": 250, ""65"": 246, ""43"": 234}",33.4,58.68,"{""0"": 262, ""1"": 298, ""2"": 140, ""3"": 98, ""4"": 100, ""5"": 236, ""6"": 94, ""7"": 270, ""8"": 294, ""9"": 256, ""10"": 288, ""11"": 268, ""12"": 102, ""13"": 142, ""14"": 280, ""15"": 80, ""16"": 130, ""17"": 296, ""18"": 86, ""19"": 144, ""20"": 76, ""21"": 226, ""22"": 230, ""23"": 148, ""24"": 248, ""25"": 104, ""26"": 134, ""27"": 110, ""28"": 282, ""29"": 108, ""30"": 264, ""31"": 114, ""32"": 90, ""33"": 122, ""34"": 92, ""35"": 128, ""36"": 232, ""37"": 118, ""38"": 120, ""39"": 252, ""40"": 292, ""41"": 254, ""42"": 278, ""43"": 238, ""44"": 146, ""45"": 124, ""46"": 242, ""47"": 84, ""48"": 78, ""49"": 112, ""50"": 106, ""51"": 290, ""52"": 246, ""53"": 136, ""54"": 82, ""55"": 266, ""56"": 88, ""57"": 138, ""58"": 258, ""59"": 272, ""60"": 276, ""61"": 240, ""62"": 250, ""63"": 132, ""64"": 244, ""65"": 228, ""66"": 96, ""67"": 286, ""68"": 126, ""69"": 274, ""70"": 260, ""71"": 234, ""72"": 116}",54.8,74
qaoa_2.qasm,63.52,2.908698080480099,"{""0"": 16, ""1"": 46, ""2"": 26, ""3"": 24, ""4"": 28, ""5"": 56, ""6"": 22, ""7"": 54, ""8"": 18, ""9"": 52, ""10"": 48, ""11"": 20, ""12"": 58}",51.8,66.12,"{""0"": 16, ""9"": 48, ""1"": 18, ""8"": 46, ""4"": 28, ""6"": 52, ""12"": 24, ""2"": 26, ""7"": 54, ""3"": 58, ""11"": 56, ""10"": 22, ""5"": 20}",61.8,60.4,43.681893453001976,"{""11"": 22, ""12"": 28, ""8"": 16, ""6"": 20, ""7"": 50, ""5"": 56, ""10"": 46, ""4"": 58, ""0"": 18, ""9"": 24, ""2"": 54, ""3"": 26, ""1"": 48}",53.4,70.88,"{""0"": 48, ""1"": 16, ""2"": 54, ""3"": 28, ""4"": 22, ""5"": 46, ""6"": 24, ""7"": 56, ""8"": 58, ""9"": 50, ""10"": 18, ""11"": 20, ""12"": 26}",64.6,14
autobraid_40.qasm,34.84,0.2617990061640739,"{""0"": 630, ""1"": 342, ""2"": 366, ""3"": 294, ""4"": 360, ""5"": 692, ""6"": 258, ""7"": 370, ""8"": 318, ""9"": 608, ""10"": 200, ""11"": 386, ""12"": 270, ""13"": 248, ""14"": 380, ""15"": 726, ""16"": 298, ""17"": 708, ""18"": 352, ""19"": 226, ""20"": 306, ""21"": 676, ""22"": 672, ""23"": 770, ""24"": 312, ""25"": 704, ""26"": 214, ""27"": 288, ""28"": 710, ""29"": 702, ""30"": 292, ""31"": 766, ""32"": 640, ""33"": 234, ""34"": 696, ""35"": 346, ""36"": 228, ""37"": 648, ""38"": 268, ""39"": 236, ""40"": 296, ""41"": 208, ""42"": 350, ""43"": 656, ""44"": 278, ""45"": 374, ""46"": 316, ""47"": 768, ""48"": 384, ""49"": 764, ""50"": 272, ""51"": 256, ""52"": 750, ""53"": 646, ""54"": 654, ""55"": 658, ""56"": 752, ""57"": 264, ""58"": 712, ""59"": 290, ""60"": 758, ""61"": 604, ""62"": 622, ""63"": 748, ""64"": 612, ""65"": 670, ""66"": 348, ""67"": 666, ""68"": 668, ""69"": 212, ""70"": 690, ""71"": 320, ""72"": 358, ""73"": 332, ""74"": 628, ""75"": 642, ""76"": 392, ""77"": 618, ""78"": 778, ""79"": 744, ""80"": 344, ""81"": 364, ""82"": 390, ""83"": 368, ""84"": 224, ""85"": 754, ""86"": 706, ""87"": 632, ""88"": 280, ""89"": 760, ""90"": 686, ""91"": 664, ""92"": 322, ""93"": 378, ""94"": 718, ""95"": 636, ""96"": 606, ""97"": 310, ""98"": 610, ""99"": 338, ""100"": 596, ""101"": 684, ""102"": 238, ""103"": 246, ""104"": 356, ""105"": 700, ""106"": 282, ""107"": 202, ""108"": 210, ""109"": 600, ""110"": 746, ""111"": 276, ""112"": 776, ""113"": 602, ""114"": 740, ""115"": 308, ""116"": 722, ""117"": 728, ""118"": 714, ""119"": 262, ""120"": 742, ""121"": 620, ""122"": 674, ""123"": 324, ""124"": 614, ""125"": 678, ""126"": 372, ""127"": 688, ""128"": 330, ""129"": 756, ""130"": 662, ""131"": 382, ""132"": 242, ""133"": 594, ""134"": 592, ""135"": 388, ""136"": 218, ""137"": 734, ""138"": 304, ""139"": 336, ""140"": 354, ""141"": 634, ""142"": 252, ""143"": 314, ""144"": 266, ""145"": 716, ""146"": 244, ""147"": 302, ""148"": 780, ""149"": 206, ""150"": 616, ""151"": 598, ""152"": 284, ""153"": 784, ""154"": 216, ""155"": 650, ""156"": 762, ""157"": 736, ""158"": 260, ""159"": 230, ""160"": 626, ""161"": 694, ""162"": 772, ""163"": 730, ""164"": 782, ""165"": 300, ""166"": 254, ""167"": 732, ""168"": 376, ""169"": 724, ""170"": 660, ""171"": 204, ""172"": 652, ""173"": 334, ""174"": 198, ""175"": 786, ""176"": 220, ""177"": 274, ""178"": 286, ""179"": 232, ""180"": 680, ""181"": 774, ""182"": 698, ""183"": 682, ""184"": 250, ""185"": 340, ""186"": 738, ""187"": 326, ""188"": 624, ""189"": 328, ""190"": 362, ""191"": 720, ""192"": 644, ""193"": 222, ""194"": 638}",32.6,57.6,"{""0"": 198, ""1"": 200, ""4"": 202, ""6"": 204, ""2"": 206, ""3"": 208, ""7"": 210, ""5"": 212, ""143"": 372, ""24"": 756, ""13"": 626, ""178"": 774, ""131"": 328, ""54"": 630, ""109"": 376, ""80"": 786, ""183"": 656, ""64"": 754, ""160"": 218, ""181"": 340, ""144"": 264, ""65"": 632, ""176"": 636, ""91"": 296, ""133"": 730, ""136"": 684, ""44"": 646, ""70"": 668, ""185"": 660, ""111"": 718, ""167"": 738, ""51"": 758, ""189"": 722, ""177"": 592, ""158"": 770, ""19"": 220, ""99"": 238, ""31"": 326, ""35"": 272, ""155"": 360, ""126"": 644, ""119"": 640, ""49"": 356, ""8"": 250, ""73"": 688, ""25"": 334, ""61"": 634, ""97"": 374, ""187"": 654, ""58"": 768, ""45"": 384, ""11"": 260, ""173"": 616, ""40"": 608, ""165"": 386, ""175"": 320, ""88"": 364, ""82"": 310, ""69"": 664, ""48"": 342, ""98"": 706, ""154"": 368, ""32"": 242, ""145"": 278, ""10"": 302, ""142"": 338, ""163"": 618, ""172"": 378, ""191"": 330, ""166"": 666, ""12"": 256, ""28"": 752, ""15"": 294, ""125"": 252, ""134"": 628, ""128"": 380, ""118"": 324, ""100"": 254, ""16"": 714, ""62"": 266, ""9"": 614, ""140"": 638, ""34"": 612, ""94"": 354, ""36"": 702, ""27"": 676, ""21"": 306, ""149"": 268, ""95"": 228, ""168"": 694, ""102"": 704, ""29"": 276, ""86"": 744, ""43"": 222, ""179"": 246, ""92"": 382, ""57"": 348, ""63"": 288, ""147"": 732, ""68"": 322, ""41"": 782, ""20"": 214, ""193"": 766, ""96"": 672, ""170"": 780, ""188"": 350, ""164"": 290, ""60"": 610, ""39"": 598, ""85"": 726, ""137"": 216, ""117"": 362, ""153"": 698, ""23"": 594, ""192"": 662, ""52"": 736, ""121"": 746, ""169"": 720, ""194"": 604, ""184"": 274, ""141"": 258, ""174"": 366, ""59"": 286, ""186"": 230, ""84"": 226, ""146"": 390, ""112"": 232, ""67"": 244, ""180"": 724, ""56"": 708, ""71"": 224, ""113"": 240, ""22"": 262, ""42"": 292, ""101"": 234, ""190"": 620, ""53"": 742, ""81"": 692, ""47"": 642, ""33"": 248, ""50"": 710, ""171"": 776, ""18"": 336, ""103"": 740, ""139"": 652, ""116"": 650, ""30"": 282, ""75"": 314, ""115"": 332, ""182"": 750, ""104"": 690, ""114"": 748, ""66"": 712, ""87"": 298, ""37"": 270, ""161"": 648, ""77"": 606, ""26"": 600, ""106"": 622, ""74"": 716, ""55"": 284, ""14"": 304, ""150"": 280, ""90"": 344, ""135"": 734, ""132"": 308, ""79"": 352, ""89"": 682, ""148"": 318, ""108"": 696, ""127"": 392, ""17"": 602, ""157"": 764, ""156"": 772, ""105"": 680, ""159"": 658, ""120"": 674, ""83"": 762, ""124"": 300, ""78"": 728, ""123"": 312, ""122"": 596, ""138"": 388, ""129"": 624, ""151"": 346, ""72"": 700, ""162"": 778, ""107"": 784, ""110"": 316, ""93"": 358, ""130"": 678, ""76"": 236, ""46"": 670, ""152"": 370, ""38"": 760}",54.0,37.266666666666666,3.90189853310585,"{""1"": 344, ""0"": 388, ""6"": 202, ""4"": 200, ""5"": 206, ""7"": 710, ""3"": 210, ""2"": 700, ""115"": 272, ""16"": 784, ""131"": 342, ""20"": 276, ""155"": 316, ""179"": 236, ""182"": 374, ""191"": 776, ""27"": 354, ""106"": 636, ""89"": 652, ""36"": 350, ""44"": 594, ""170"": 634, ""125"": 356, ""24"": 632, ""104"": 756, ""174"": 714, ""187"": 592, ""135"": 386, ""22"": 364, ""62"": 604, ""76"": 234, ""78"": 724, ""111"": 274, ""109"": 644, ""28"": 732, ""172"": 204, ""96"": 708, ""31"": 780, ""21"": 246, ""73"": 674, ""177"": 716, ""69"": 612, ""120"": 254, ""54"": 238, ""158"": 772, ""149"": 330, ""68"": 782, ""143"": 252, ""152"": 326, ""81"": 778, ""83"": 754, ""71"": 282, ""84"": 680, ""72"": 358, ""178"": 212, ""148"": 362, ""193"": 368, ""169"": 266, ""43"": 786, ""167"": 340, ""173"": 668, ""188"": 380, ""19"": 384, ""145"": 768, ""10"": 390, ""157"": 764, ""29"": 734, ""100"": 660, ""95"": 320, ""151"": 690, ""56"": 382, ""60"": 720, ""53"": 338, ""134"": 258, ""15"": 666, ""144"": 228, ""99"": 630, ""161"": 628, ""139"": 264, ""189"": 766, ""87"": 286, ""171"": 262, ""181"": 760, ""127"": 596, ""14"": 256, ""8"": 762, ""119"": 232, ""112"": 692, ""39"": 606, ""58"": 624, ""97"": 300, ""93"": 242, ""49"": 366, ""126"": 706, ""35"": 664, ""67"": 332, ""114"": 750, ""186"": 352, ""79"": 650, ""133"": 684, ""123"": 616, ""57"": 736, ""90"": 198, ""38"": 654, ""185"": 656, ""163"": 726, ""98"": 728, ""11"": 626, ""45"": 600, ""146"": 670, ""103"": 638, ""63"": 704, ""190"": 372, ""154"": 302, ""166"": 698, ""194"": 240, ""48"": 222, ""132"": 688, ""113"": 336, ""66"": 376, ""12"": 218, ""160"": 298, ""137"": 270, ""122"": 370, ""156"": 328, ""23"": 308, ""94"": 742, ""129"": 748, ""82"": 752, ""116"": 682, ""55"": 646, ""70"": 602, ""101"": 348, ""108"": 312, ""140"": 758, ""59"": 712, ""41"": 346, ""40"": 392, ""130"": 260, ""26"": 686, ""164"": 306, ""142"": 678, ""91"": 292, ""51"": 214, ""25"": 718, ""33"": 216, ""17"": 334, ""141"": 730, ""168"": 744, ""65"": 310, ""102"": 226, ""136"": 702, ""180"": 640, ""118"": 208, ""117"": 694, ""34"": 740, ""74"": 672, ""88"": 610, ""176"": 278, ""64"": 284, ""124"": 304, ""165"": 614, ""9"": 722, ""50"": 280, ""147"": 746, ""175"": 290, ""52"": 658, ""80"": 324, ""110"": 224, ""13"": 230, ""30"": 662, ""37"": 620, ""86"": 360, ""107"": 318, ""85"": 244, ""61"": 676, ""75"": 288, ""150"": 378, ""32"": 608, ""105"": 322, ""18"": 738, ""77"": 774, ""183"": 598, ""153"": 618, ""162"": 770, ""159"": 248, ""138"": 250, ""46"": 696, ""92"": 296, ""128"": 642, ""42"": 314, ""47"": 294, ""192"": 622, ""184"": 220, ""121"": 268}",33.0,57.16,"{""0"": 618, ""1"": 262, ""2"": 640, ""3"": 212, ""4"": 594, ""5"": 598, ""6"": 208, ""7"": 206, ""8"": 632, ""9"": 676, ""10"": 730, ""11"": 666, ""12"": 628, ""13"": 202, ""14"": 286, ""15"": 698, ""16"": 782, ""17"": 332, ""18"": 786, ""19"": 246, ""20"": 232, ""21"": 368, ""22"": 344, ""23"": 732, ""24"": 638, ""25"": 392, ""26"": 770, ""27"": 312, ""28"": 310, ""29"": 374, ""30"": 668, ""31"": 624, ""32"": 364, ""33"": 606, ""34"": 748, ""35"": 604, ""36"": 324, ""37"": 678, ""38"": 280, ""39"": 204, ""40"": 680, ""41"": 656, ""42"": 626, ""43"": 780, ""44"": 774, ""45"": 274, ""46"": 716, ""47"": 372, ""48"": 240, ""49"": 230, ""50"": 228, ""51"": 222, ""52"": 370, ""53"": 694, ""54"": 336, ""55"": 304, ""56"": 384, ""57"": 644, ""58"": 318, ""59"": 722, ""60"": 290, ""61"": 314, ""62"": 610, ""63"": 750, ""64"": 354, ""65"": 252, ""66"": 356, ""67"": 376, ""68"": 756, ""69"": 742, ""70"": 200, ""71"": 296, ""72"": 220, ""73"": 760, ""74"": 734, ""75"": 784, ""76"": 636, ""77"": 724, ""78"": 718, ""79"": 264, ""80"": 338, ""81"": 654, ""82"": 358, ""83"": 714, ""84"": 660, ""85"": 688, ""86"": 258, ""87"": 664, ""88"": 672, ""89"": 712, ""90"": 300, ""91"": 650, ""92"": 256, ""93"": 334, ""94"": 266, ""95"": 272, ""96"": 378, ""97"": 758, ""98"": 382, ""99"": 768, ""100"": 390, ""101"": 778, ""102"": 762, ""103"": 696, ""104"": 646, ""105"": 198, ""106"": 704, ""107"": 250, ""108"": 674, ""109"": 592, ""110"": 616, ""111"": 260, ""112"": 226, ""113"": 348, ""114"": 720, ""115"": 690, ""116"": 708, ""117"": 320, ""118"": 386, ""119"": 388, ""120"": 214, ""121"": 362, ""122"": 776, ""123"": 282, ""124"": 236, ""125"": 692, ""126"": 670, ""127"": 342, ""128"": 622, ""129"": 216, ""130"": 744, ""131"": 596, ""132"": 288, ""133"": 322, ""134"": 294, ""135"": 662, ""136"": 600, ""137"": 248, ""138"": 728, ""139"": 328, ""140"": 326, ""141"": 710, ""142"": 278, ""143"": 652, ""144"": 254, ""145"": 752, ""146"": 634, ""147"": 766, ""148"": 740, ""149"": 726, ""150"": 340, ""151"": 306, ""152"": 224, ""153"": 244, ""154"": 298, ""155"": 292, ""156"": 612, ""157"": 302, ""158"": 700, ""159"": 268, ""160"": 658, ""161"": 620, ""162"": 684, ""163"": 746, ""164"": 380, ""165"": 218, ""166"": 608, ""167"": 316, ""168"": 284, ""169"": 242, ""170"": 602, ""171"": 330, ""172"": 238, ""173"": 352, ""174"": 350, ""175"": 276, ""176"": 702, ""177"": 366, ""178"": 706, ""179"": 234, ""180"": 642, ""181"": 308, ""182"": 630, ""183"": 346, ""184"": 754, ""185"": 270, ""186"": 686, ""187"": 736, ""188"": 614, ""189"": 764, ""190"": 772, ""191"": 648, ""192"": 738, ""193"": 360, ""194"": 210}",51.8,196
quarl_suite_1.qasm,67.12,3.183771498501301,"{""0"": 18, ""1"": 22, ""2"": 54, ""3"": 20, ""4"": 52, ""5"": 56, ""6"": 46, ""7"": 16, ""8"": 48, ""9"": 50, ""10"": 26, ""11"": 58, ""12"": 24}",61.6,74.32,"{""9"": 48, ""0"": 46, ""1"": 26, ""8"": 16, ""4"": 28, ""6"": 58, ""12"": 24, ""2"": 22, ""3"": 50, ""7"": 56, ""11"": 18, ""10"": 54, ""5"": 20}",69.0,67.04,48.148501098155975,"{""11"": 46, ""12"": 20, ""8"": 56, ""6"": 54, ""0"": 24, ""10"": 48, ""4"": 52, ""5"": 16, ""7"": 28, ""9"": 58, ""2"": 50, ""3"": 22, ""1"": 18}",62.8,71.52,"{""0"": 18, ""1"": 54, ""2"": 56, ""3"": 46, ""4"": 24, ""5"": 58, ""6"": 50, ""7"": 22, ""8"": 16, ""9"": 20, ""10"": 26, ""11"": 52, ""12"": 48}",65.4,14
quest_suite_15.qasm,60.24,3.041877947747708,"{""0"": 18, ""1"": 14, ""2"": 48, ""3"": 46, ""4"": 16, ""5"": 42, ""6"": 44, ""7"": 24, ""8"": 50, ""9"": 40, ""10"": 20}",56.2,70.64,"{""0"": 24, ""9"": 18, ""1"": 20, ""8"": 48, ""4"": 14, ""6"": 40, ""2"": 46, ""3"": 50, ""7"": 22, ""10"": 44, ""5"": 16}",66.6,64.56,45.759961269795895,"{""8"": 50, ""1"": 14, ""6"": 44, ""0"": 48, ""5"": 42, ""4"": 16, ""10"": 22, ""7"": 24, ""9"": 40, ""3"": 18, ""2"": 46}",57.6,73.76,"{""0"": 18, ""1"": 50, ""2"": 22, ""3"": 20, ""4"": 48, ""5"": 24, ""6"": 44, ""7"": 14, ""8"": 42, ""9"": 40, ""10"": 16}",67.6,12
qaoa_3.qasm,59.2,2.082241430878639,"{""0"": 26, ""1"": 52, ""2"": 30, ""3"": 58, ""4"": 62, ""5"": 28, ""6"": 64, ""7"": 66, ""8"": 22, ""9"": 54, ""10"": 20, ""11"": 24, ""12"": 32, ""13"": 60, ""14"": 18}",51.4,64.04,"{""9"": 54, ""0"": 26, ""1"": 58, ""8"": 56, ""4"": 52, ""6"": 20, ""12"": 66, ""13"": 32, ""2"": 24, ""7"": 18, ""3"": 64, ""11"": 22, ""14"": 30, ""10"": 60, ""5"": 28}",60.0,55.85333333333333,31.245621733367443,"{""11"": 58, ""14"": 66, ""12"": 60, ""8"": 20, ""0"": 28, ""7"": 18, ""5"": 24, ""13"": 30, ""10"": 64, ""6"": 52, ""9"": 22, ""4"": 54, ""2"": 26, ""3"": 56, ""1"": 32}",48.6,64.12,"{""0"": 66, ""1"": 64, ""2"": 26, ""3"": 30, ""4"": 18, ""5"": 58, ""6"": 56, ""7"": 22, ""8"": 62, ""9"": 20, ""10"": 54, ""11"": 52, ""12"": 32, ""13"": 60, ""14"": 28}",57.6,16
quarl_suite_0.qasm,78.6,4.948155552148819,"{""0"": 34, ""1"": 20, ""2"": 16, ""3"": 42, ""4"": 40, ""5"": 14, ""6"": 36, ""7"": 38, ""8"": 18}",75.2,80.88,"{""0"": 20, ""1"": 16, ""8"": 18, ""4"": 12, ""6"": 42, ""2"": 36, ""7"": 38, ""3"": 34, ""5"": 14}",77.2,78.2,74.24352152645588,"{""8"": 14, ""1"": 12, ""0"": 36, ""6"": 18, ""4"": 40, ""5"": 42, ""7"": 34, ""3"": 20, ""2"": 16}",72.4,82.12,"{""0"": 12, ""1"": 16, ""2"": 36, ""3"": 34, ""4"": 18, ""5"": 38, ""6"": 42, ""7"": 20, ""8"": 40}",80.4,10
grover_3.qasm,80.24,13.03866047412157,"{""0"": 10, ""1"": 26, ""2"": 22, ""3"": 8, ""4"": 12, ""5"": 24}",79.8,81.92,"{""0"": 8, ""1"": 12, ""4"": 26, ""2"": 22, ""3"": 10, ""5"": 24}",80.2,80.53333333333333,195.4013332650065,"{""1"": 22, ""0"": 12, ""4"": 26, ""3"": 24, ""2"": 10, ""5"": 8}",79.2,82.28,"{""0"": 24, ""1"": 10, ""2"": 8, ""3"": 22, ""4"": 26, ""5"": 12}",80.8,6
autobraid_27.qasm,29.48,0.5989846259355545,"{""0"": 580, ""1"": 566, ""2"": 568, ""3"": 544, ""4"": 596, ""5"": 680, ""6"": 198, ""7"": 270, ""8"": 624, ""9"": 312, ""10"": 616, ""11"": 186, ""12"": 322, ""13"": 344, ""14"": 536, ""15"": 212, ""16"": 310, ""17"": 534, ""18"": 196, ""19"": 320, ""20"": 220, ""21"": 260, ""22"": 540, ""23"": 228, ""24"": 194, ""25"": 210, ""26"": 340, ""27"": 682, ""28"": 332, ""29"": 268, ""30"": 240, ""31"": 530, ""32"": 696, ""33"": 590, ""34"": 558, ""35"": 326, ""36"": 636, ""37"": 694, ""38"": 652, ""39"": 218, ""40"": 278, ""41"": 576, ""42"": 306, ""43"": 328, ""44"": 532, ""45"": 698, ""46"": 216, ""47"": 342, ""48"": 244, ""49"": 612, ""50"": 592, ""51"": 564, ""52"": 606, ""53"": 670, ""54"": 632, ""55"": 678, ""56"": 598, ""57"": 584, ""58"": 538, ""59"": 318, ""60"": 574, ""61"": 618, ""62"": 674, ""63"": 528, ""64"": 204, ""65"": 586, ""66"": 560, ""67"": 184, ""68"": 686, ""69"": 258, ""70"": 608, ""71"": 600, ""72"": 304, ""73"": 264, ""74"": 562, ""75"": 634, ""76"": 692, ""77"": 182, ""78"": 656, ""79"": 654, ""80"": 638, ""81"": 192, ""82"": 662, ""83"": 620, ""84"": 180, ""85"": 594, ""86"": 266, ""87"": 202, ""88"": 626, ""89"": 276, ""90"": 272, ""91"": 274, ""92"": 214, ""93"": 248, ""94"": 688, ""95"": 316, ""96"": 308, ""97"": 246, ""98"": 294, ""99"": 666, ""100"": 658, ""101"": 554, ""102"": 588, ""103"": 288, ""104"": 684, ""105"": 324, ""106"": 614, ""107"": 650, ""108"": 602, ""109"": 336, ""110"": 234, ""111"": 222, ""112"": 664, ""113"": 644, ""114"": 286, ""115"": 672, ""116"": 200, ""117"": 280, ""118"": 250, ""119"": 242, ""120"": 334, ""121"": 348, ""122"": 660, ""123"": 668, ""124"": 206, ""125"": 176, ""126"": 582, ""127"": 550, ""128"": 190, ""129"": 300, ""130"": 338, ""131"": 346, ""132"": 290, ""133"": 642, ""134"": 224, ""135"": 188, ""136"": 690, ""137"": 542, ""138"": 230, ""139"": 284, ""140"": 254, ""141"": 314, ""142"": 548, ""143"": 572, ""144"": 648, ""145"": 552, ""146"": 640, ""147"": 256, ""148"": 232, ""149"": 610, ""150"": 302, ""151"": 226, ""152"": 262, ""153"": 252, ""154"": 282, ""155"": 178, ""156"": 578, ""157"": 208, ""158"": 330, ""159"": 570, ""160"": 676, ""161"": 630, ""162"": 236, ""163"": 298, ""164"": 238, ""165"": 604, ""166"": 622, ""167"": 546, ""168"": 296, ""169"": 526, ""170"": 556, ""171"": 646, ""172"": 292, ""173"": 628}",27.0,56.92,"{""0"": 178, ""9"": 184, ""1"": 176, ""8"": 180, ""4"": 182, ""6"": 186, ""12"": 188, ""2"": 190, ""13"": 192, ""3"": 194, ""7"": 196, ""11"": 198, ""14"": 200, ""10"": 202, ""5"": 204, ""143"": 526, ""24"": 652, ""131"": 230, ""54"": 666, ""109"": 348, ""80"": 208, ""64"": 646, ""160"": 672, ""144"": 566, ""65"": 654, ""133"": 586, ""91"": 678, ""136"": 294, ""44"": 642, ""70"": 324, ""111"": 562, ""167"": 252, ""51"": 248, ""19"": 228, ""158"": 288, ""99"": 552, ""31"": 598, ""35"": 246, ""155"": 340, ""126"": 692, ""119"": 578, ""49"": 240, ""73"": 548, ""25"": 542, ""61"": 644, ""97"": 298, ""58"": 638, ""45"": 600, ""173"": 582, ""40"": 674, ""165"": 310, ""88"": 232, ""48"": 610, ""82"": 530, ""69"": 680, ""98"": 576, ""154"": 234, ""32"": 326, ""145"": 244, ""142"": 544, ""172"": 572, ""163"": 212, ""166"": 664, ""28"": 222, ""15"": 662, ""125"": 262, ""134"": 676, ""128"": 214, ""118"": 564, ""100"": 304, ""62"": 626, ""16"": 328, ""140"": 596, ""34"": 694, ""36"": 290, ""94"": 338, ""27"": 584, ""21"": 622, ""149"": 570, ""95"": 594, ""168"": 306, ""102"": 286, ""63"": 316, ""86"": 238, ""43"": 218, ""92"": 560, ""29"": 550, ""57"": 686, ""147"": 336, ""68"": 656, ""41"": 302, ""20"": 224, ""96"": 258, ""170"": 308, ""164"": 268, ""60"": 278, ""39"": 580, ""85"": 292, ""137"": 608, ""117"": 296, ""153"": 282, ""23"": 558, ""52"": 346, ""121"": 318, ""169"": 554, ""141"": 690, ""84"": 618, ""59"": 534, ""67"": 602, ""112"": 634, ""146"": 314, ""56"": 210, ""71"": 628, ""113"": 220, ""22"": 658, ""42"": 216, ""101"": 540, ""53"": 568, ""81"": 256, ""47"": 236, ""33"": 250, ""50"": 320, ""171"": 276, ""18"": 670, ""103"": 640, ""139"": 538, ""30"": 620, ""116"": 330, ""75"": 260, ""115"": 684, ""104"": 588, ""114"": 536, ""66"": 648, ""87"": 590, ""37"": 668, ""161"": 532, ""77"": 254, ""26"": 556, ""106"": 280, ""74"": 266, ""55"": 574, ""150"": 546, ""90"": 206, ""135"": 614, ""132"": 242, ""79"": 334, ""89"": 226, ""148"": 300, ""108"": 604, ""127"": 342, ""157"": 332, ""17"": 528, ""156"": 624, ""105"": 270, ""159"": 636, ""120"": 616, ""83"": 274, ""124"": 696, ""78"": 312, ""123"": 322, ""122"": 606, ""138"": 698, ""151"": 688, ""129"": 592, ""162"": 660, ""72"": 682, ""107"": 632, ""130"": 284, ""93"": 630, ""110"": 264, ""76"": 650, ""46"": 612, ""152"": 272, ""38"": 344}",53.6,29.68,9.10382229089737,"{""11"": 604, ""14"": 262, ""12"": 182, ""8"": 252, ""1"": 234, ""0"": 270, ""6"": 560, ""4"": 248, ""5"": 332, ""7"": 288, ""10"": 594, ""9"": 198, ""13"": 284, ""3"": 340, ""2"": 678, ""115"": 538, ""16"": 298, ""131"": 566, ""20"": 614, ""155"": 638, ""27"": 612, ""106"": 624, ""89"": 316, ""36"": 570, ""44"": 668, ""170"": 336, ""125"": 176, ""24"": 260, ""104"": 658, ""135"": 256, ""22"": 302, ""78"": 654, ""76"": 536, ""62"": 664, ""111"": 264, ""109"": 242, ""28"": 622, ""172"": 662, ""96"": 592, ""31"": 642, ""21"": 586, ""73"": 632, ""69"": 210, ""120"": 542, ""54"": 692, ""158"": 204, ""68"": 272, ""149"": 214, ""143"": 186, ""152"": 690, ""81"": 290, ""83"": 228, ""71"": 540, ""84"": 224, ""72"": 680, ""148"": 206, ""169"": 640, ""43"": 318, ""167"": 528, ""173"": 304, ""19"": 326, ""145"": 526, ""157"": 590, ""29"": 666, ""100"": 222, ""95"": 548, ""151"": 254, ""56"": 202, ""60"": 646, ""15"": 694, ""134"": 274, ""53"": 630, ""99"": 556, ""144"": 644, ""161"": 576, ""139"": 558, ""87"": 544, ""171"": 310, ""127"": 602, ""119"": 608, ""112"": 330, ""39"": 648, ""58"": 192, ""97"": 550, ""93"": 660, ""49"": 584, ""126"": 184, ""67"": 346, ""35"": 606, ""114"": 344, ""79"": 650, ""133"": 348, ""123"": 616, ""57"": 306, ""90"": 314, ""38"": 230, ""163"": 296, ""98"": 580, ""45"": 324, ""103"": 294, ""146"": 554, ""63"": 636, ""154"": 208, ""166"": 574, ""132"": 200, ""48"": 670, ""113"": 672, ""137"": 696, ""160"": 578, ""66"": 244, ""122"": 250, ""156"": 634, ""23"": 620, ""94"": 618, ""129"": 218, ""116"": 598, ""82"": 596, ""55"": 308, ""70"": 190, ""101"": 276, ""108"": 674, ""140"": 546, ""59"": 278, ""130"": 338, ""40"": 334, ""41"": 342, ""26"": 300, ""164"": 322, ""142"": 220, ""91"": 212, ""51"": 568, ""25"": 626, ""33"": 652, ""17"": 238, ""141"": 686, ""168"": 286, ""65"": 226, ""102"": 258, ""136"": 610, ""118"": 552, ""117"": 572, ""34"": 688, ""74"": 582, ""88"": 656, ""64"": 312, ""124"": 562, ""165"": 266, ""50"": 676, ""147"": 292, ""52"": 282, ""80"": 194, ""110"": 532, ""30"": 684, ""86"": 682, ""37"": 268, ""107"": 216, ""85"": 600, ""61"": 232, ""75"": 196, ""150"": 534, ""32"": 328, ""105"": 564, ""18"": 280, ""77"": 320, ""153"": 588, ""162"": 180, ""159"": 188, ""138"": 530, ""46"": 178, ""92"": 240, ""128"": 698, ""42"": 628, ""47"": 246, ""121"": 236}",25.6,58.52,"{""0"": 324, ""1"": 196, ""2"": 616, ""3"": 296, ""4"": 572, ""5"": 576, ""6"": 544, ""7"": 644, ""8"": 224, ""9"": 566, ""10"": 558, ""11"": 186, ""12"": 210, ""13"": 318, ""14"": 206, ""15"": 684, ""16"": 340, ""17"": 630, ""18"": 620, ""19"": 336, ""20"": 682, ""21"": 696, ""22"": 192, ""23"": 260, ""24"": 214, ""25"": 568, ""26"": 188, ""27"": 274, ""28"": 578, ""29"": 690, ""30"": 234, ""31"": 244, ""32"": 656, ""33"": 216, ""34"": 194, ""35"": 652, ""36"": 550, ""37"": 200, ""38"": 548, ""39"": 532, ""40"": 266, ""41"": 316, ""42"": 264, ""43"": 204, ""44"": 626, ""45"": 320, ""46"": 592, ""47"": 294, ""48"": 636, ""49"": 248, ""50"": 624, ""51"": 246, ""52"": 310, ""53"": 654, ""54"": 556, ""55"": 252, ""56"": 308, ""57"": 600, ""58"": 298, ""59"": 598, ""60"": 312, ""61"": 236, ""62"": 262, ""63"": 584, ""64"": 278, ""65"": 222, ""66"": 608, ""67"": 526, ""68"": 276, ""69"": 642, ""70"": 238, ""71"": 688, ""72"": 254, ""73"": 570, ""74"": 232, ""75"": 640, ""76"": 650, ""77"": 670, ""78"": 606, ""79"": 282, ""80"": 332, ""81"": 342, ""82"": 286, ""83"": 202, ""84"": 344, ""85"": 646, ""86"": 594, ""87"": 208, ""88"": 628, ""89"": 542, ""90"": 698, ""91"": 680, ""92"": 326, ""93"": 314, ""94"": 596, ""95"": 250, ""96"": 638, ""97"": 666, ""98"": 530, ""99"": 632, ""100"": 258, ""101"": 198, ""102"": 586, ""103"": 622, ""104"": 562, ""105"": 338, ""106"": 284, ""107"": 660, ""108"": 536, ""109"": 648, ""110"": 218, ""111"": 226, ""112"": 330, ""113"": 662, ""114"": 328, ""115"": 220, ""116"": 588, ""117"": 554, ""118"": 228, ""119"": 290, ""120"": 540, ""121"": 180, ""122"": 658, ""123"": 306, ""124"": 240, ""125"": 692, ""126"": 184, ""127"": 582, ""128"": 674, ""129"": 580, ""130"": 538, ""131"": 560, ""132"": 528, ""133"": 176, ""134"": 678, ""135"": 668, ""136"": 676, ""137"": 534, ""138"": 634, ""139"": 346, ""140"": 288, ""141"": 614, ""142"": 280, ""143"": 694, ""144"": 212, ""145"": 182, ""146"": 546, ""147"": 304, ""148"": 618, ""149"": 272, ""150"": 610, ""151"": 590, ""152"": 256, ""153"": 672, ""154"": 604, ""155"": 348, ""156"": 574, ""157"": 552, ""158"": 268, ""159"": 612, ""160"": 664, ""161"": 686, ""162"": 302, ""163"": 564, ""164"": 334, ""165"": 292, ""166"": 178, ""167"": 230, ""168"": 322, ""169"": 190, ""170"": 300, ""171"": 242, ""172"": 270, ""173"": 602}",55.2,174
autobraid_29.qasm,35.68,0.3278392970561981,"{""0"": 178, ""1"": 530, ""2"": 602, ""3"": 514, ""4"": 184, ""5"": 516, ""6"": 194, ""7"": 650, ""8"": 554, ""9"": 596, ""10"": 304, ""11"": 238, ""12"": 208, ""13"": 224, ""14"": 570, ""15"": 612, ""16"": 324, ""17"": 568, ""18"": 286, ""19"": 632, ""20"": 226, ""21"": 548, ""22"": 598, ""23"": 624, ""24"": 232, ""25"": 214, ""26"": 258, ""27"": 642, ""28"": 622, ""29"": 640, ""30"": 630, ""31"": 586, ""32"": 592, ""33"": 646, ""34"": 600, ""35"": 618, ""36"": 290, ""37"": 228, ""38"": 302, ""39"": 610, ""40"": 196, ""41"": 176, ""42"": 186, ""43"": 222, ""44"": 522, ""45"": 206, ""46"": 210, ""47"": 314, ""48"": 578, ""49"": 580, ""50"": 274, ""51"": 520, ""52"": 318, ""53"": 298, ""54"": 502, ""55"": 316, ""56"": 242, ""57"": 254, ""58"": 526, ""59"": 278, ""60"": 492, ""61"": 220, ""62"": 574, ""63"": 552, ""64"": 310, ""65"": 230, ""66"": 166, ""67"": 244, ""68"": 292, ""69"": 252, ""70"": 216, ""71"": 218, ""72"": 648, ""73"": 308, ""74"": 566, ""75"": 546, ""76"": 306, ""77"": 264, ""78"": 234, ""79"": 562, ""80"": 280, ""81"": 320, ""82"": 276, ""83"": 490, ""84"": 524, ""85"": 506, ""86"": 246, ""87"": 256, ""88"": 576, ""89"": 260, ""90"": 204, ""91"": 272, ""92"": 182, ""93"": 496, ""94"": 198, ""95"": 582, ""96"": 550, ""97"": 170, ""98"": 262, ""99"": 284, ""100"": 266, ""101"": 564, ""102"": 296, ""103"": 172, ""104"": 614, ""105"": 504, ""106"": 528, ""107"": 536, ""108"": 604, ""109"": 250, ""110"": 558, ""111"": 300, ""112"": 608, ""113"": 544, ""114"": 588, ""115"": 200, ""116"": 190, ""117"": 288, ""118"": 202, ""119"": 540, ""120"": 188, ""121"": 590, ""122"": 616, ""123"": 180, ""124"": 538, ""125"": 584, ""126"": 620, ""127"": 168, ""128"": 594, ""129"": 534, ""130"": 174, ""131"": 236, ""132"": 240, ""133"": 560, ""134"": 322, ""135"": 510, ""136"": 626, ""137"": 500, ""138"": 636, ""139"": 294, ""140"": 532, ""141"": 644, ""142"": 212, ""143"": 498, ""144"": 508, ""145"": 606, ""146"": 248, ""147"": 512, ""148"": 638, ""149"": 542, ""150"": 270, ""151"": 556, ""152"": 192, ""153"": 628, ""154"": 518, ""155"": 634, ""156"": 268, ""157"": 572, ""158"": 282, ""159"": 164, ""160"": 312}",32.0,55.04,"{""0"": 164, ""9"": 166, ""1"": 168, ""8"": 174, ""4"": 170, ""6"": 172, ""12"": 176, ""2"": 178, ""3"": 180, ""7"": 182, ""11"": 184, ""10"": 186, ""5"": 188, ""143"": 586, ""13"": 232, ""24"": 564, ""131"": 220, ""54"": 502, ""109"": 524, ""80"": 198, ""64"": 626, ""160"": 216, ""144"": 228, ""65"": 324, ""91"": 640, ""133"": 288, ""136"": 518, ""44"": 546, ""70"": 240, ""111"": 582, ""51"": 276, ""19"": 548, ""99"": 230, ""158"": 540, ""31"": 578, ""35"": 210, ""155"": 622, ""126"": 272, ""119"": 252, ""49"": 588, ""73"": 306, ""25"": 300, ""61"": 490, ""97"": 558, ""58"": 242, ""45"": 528, ""40"": 632, ""88"": 218, ""48"": 606, ""69"": 562, ""82"": 604, ""98"": 270, ""154"": 196, ""32"": 648, ""145"": 612, ""142"": 530, ""28"": 526, ""15"": 542, ""125"": 510, ""134"": 284, ""128"": 204, ""118"": 318, ""100"": 522, ""62"": 202, ""16"": 544, ""140"": 618, ""34"": 504, ""36"": 496, ""94"": 308, ""27"": 190, ""21"": 620, ""149"": 208, ""95"": 256, ""102"": 254, ""63"": 506, ""92"": 244, ""29"": 266, ""43"": 290, ""86"": 508, ""57"": 296, ""41"": 214, ""147"": 246, ""68"": 298, ""20"": 514, ""96"": 594, ""60"": 316, ""39"": 570, ""85"": 226, ""137"": 250, ""117"": 532, ""153"": 584, ""23"": 264, ""52"": 592, ""121"": 248, ""141"": 274, ""84"": 536, ""59"": 580, ""67"": 234, ""112"": 538, ""146"": 608, ""56"": 206, ""71"": 312, ""113"": 624, ""22"": 560, ""42"": 310, ""101"": 516, ""53"": 258, ""81"": 574, ""47"": 634, ""33"": 556, ""50"": 286, ""18"": 200, ""103"": 650, ""139"": 644, ""30"": 610, ""116"": 550, ""75"": 282, ""115"": 534, ""104"": 572, ""114"": 212, ""66"": 322, ""87"": 566, ""37"": 638, ""77"": 304, ""26"": 222, ""106"": 194, ""55"": 520, ""74"": 512, ""14"": 642, ""150"": 598, ""90"": 590, ""135"": 292, ""132"": 278, ""79"": 614, ""89"": 320, ""148"": 616, ""108"": 280, ""127"": 568, ""17"": 630, ""157"": 576, ""156"": 552, ""105"": 294, ""159"": 636, ""120"": 498, ""83"": 554, ""78"": 302, ""124"": 596, ""123"": 224, ""122"": 646, ""138"": 192, ""129"": 260, ""151"": 238, ""72"": 600, ""107"": 602, ""130"": 236, ""110"": 492, ""93"": 268, ""76"": 494, ""46"": 262, ""152"": 314, ""38"": 500}",48.8,35.22666666666667,4.980523928999901,"{""11"": 164, ""12"": 642, ""8"": 550, ""1"": 190, ""0"": 174, ""6"": 230, ""4"": 512, ""5"": 178, ""7"": 554, ""10"": 216, ""9"": 294, ""13"": 274, ""3"": 188, ""2"": 184, ""115"": 228, ""16"": 316, ""131"": 616, ""20"": 312, ""155"": 292, ""27"": 520, ""106"": 510, ""89"": 570, ""44"": 180, ""36"": 242, ""125"": 594, ""24"": 280, ""104"": 542, ""135"": 630, ""22"": 518, ""78"": 288, ""76"": 596, ""62"": 500, ""111"": 638, ""109"": 222, ""28"": 166, ""96"": 208, ""31"": 254, ""21"": 250, ""73"": 640, ""69"": 310, ""120"": 506, ""54"": 522, ""158"": 282, ""149"": 210, ""68"": 276, ""143"": 574, ""152"": 580, ""81"": 538, ""83"": 562, ""71"": 182, ""84"": 300, ""72"": 322, ""148"": 546, ""43"": 172, ""19"": 568, ""145"": 586, ""157"": 204, ""29"": 528, ""100"": 650, ""95"": 544, ""151"": 620, ""56"": 308, ""60"": 258, ""134"": 508, ""15"": 540, ""53"": 588, ""99"": 324, ""144"": 606, ""139"": 260, ""87"": 622, ""14"": 582, ""127"": 502, ""119"": 314, ""112"": 220, ""39"": 572, ""58"": 224, ""97"": 232, ""49"": 236, ""93"": 614, ""126"": 278, ""67"": 632, ""35"": 602, ""114"": 198, ""79"": 646, ""133"": 186, ""123"": 532, ""57"": 490, ""38"": 266, ""90"": 494, ""98"": 286, ""103"": 248, ""45"": 526, ""146"": 170, ""63"": 504, ""154"": 196, ""132"": 636, ""48"": 592, ""160"": 644, ""66"": 192, ""113"": 168, ""137"": 206, ""122"": 612, ""156"": 298, ""23"": 624, ""94"": 256, ""129"": 492, ""55"": 536, ""116"": 576, ""82"": 264, ""70"": 634, ""101"": 302, ""108"": 558, ""140"": 496, ""59"": 552, ""130"": 608, ""41"": 498, ""40"": 318, ""26"": 320, ""142"": 218, ""91"": 530, ""51"": 598, ""25"": 296, ""33"": 524, ""17"": 176, ""141"": 238, ""65"": 284, ""102"": 604, ""136"": 516, ""118"": 626, ""117"": 534, ""34"": 514, ""74"": 262, ""88"": 304, ""64"": 628, ""124"": 234, ""50"": 290, ""147"": 618, ""52"": 600, ""110"": 200, ""80"": 240, ""30"": 648, ""37"": 548, ""86"": 566, ""107"": 556, ""85"": 590, ""61"": 270, ""75"": 202, ""150"": 246, ""32"": 212, ""105"": 252, ""18"": 194, ""77"": 564, ""153"": 610, ""159"": 244, ""138"": 578, ""92"": 272, ""46"": 584, ""128"": 226, ""42"": 560, ""47"": 306, ""121"": 268}",29.4,55.2,"{""0"": 198, ""1"": 620, ""2"": 318, ""3"": 242, ""4"": 650, ""5"": 610, ""6"": 544, ""7"": 322, ""8"": 296, ""9"": 632, ""10"": 580, ""11"": 238, ""12"": 592, ""13"": 634, ""14"": 280, ""15"": 320, ""16"": 530, ""17"": 184, ""18"": 496, ""19"": 508, ""20"": 540, ""21"": 522, ""22"": 176, ""23"": 216, ""24"": 210, ""25"": 528, ""26"": 248, ""27"": 598, ""28"": 276, ""29"": 192, ""30"": 246, ""31"": 306, ""32"": 516, ""33"": 492, ""34"": 222, ""35"": 166, ""36"": 200, ""37"": 622, ""38"": 538, ""39"": 240, ""40"": 178, ""41"": 504, ""42"": 188, ""43"": 174, ""44"": 576, ""45"": 196, ""46"": 494, ""47"": 532, ""48"": 534, ""49"": 618, ""50"": 594, ""51"": 574, ""52"": 308, ""53"": 292, ""54"": 572, ""55"": 304, ""56"": 502, ""57"": 586, ""58"": 614, ""59"": 232, ""60"": 284, ""61"": 214, ""62"": 260, ""63"": 556, ""64"": 244, ""65"": 560, ""66"": 638, ""67"": 270, ""68"": 636, ""69"": 600, ""70"": 498, ""71"": 272, ""72"": 314, ""73"": 316, ""74"": 648, ""75"": 546, ""76"": 290, ""77"": 204, ""78"": 268, ""79"": 608, ""80"": 256, ""81"": 520, ""82"": 570, ""83"": 644, ""84"": 562, ""85"": 286, ""86"": 236, ""87"": 626, ""88"": 226, ""89"": 552, ""90"": 506, ""91"": 510, ""92"": 628, ""93"": 584, ""94"": 168, ""95"": 324, ""96"": 220, ""97"": 582, ""98"": 294, ""99"": 568, ""100"": 646, ""101"": 578, ""102"": 524, ""103"": 490, ""104"": 208, ""105"": 258, ""106"": 190, ""107"": 172, ""108"": 202, ""109"": 300, ""110"": 590, ""111"": 616, ""112"": 642, ""113"": 548, ""114"": 182, ""115"": 298, ""116"": 558, ""117"": 266, ""118"": 254, ""119"": 612, ""120"": 602, ""121"": 288, ""122"": 234, ""123"": 310, ""124"": 588, ""125"": 624, ""126"": 228, ""127"": 640, ""128"": 512, ""129"": 230, ""130"": 554, ""131"": 526, ""132"": 212, ""133"": 194, ""134"": 566, ""135"": 604, ""136"": 550, ""137"": 500, ""138"": 536, ""139"": 606, ""140"": 186, ""141"": 252, ""142"": 282, ""143"": 250, ""144"": 630, ""145"": 224, ""146"": 264, ""147"": 206, ""148"": 302, ""149"": 170, ""150"": 542, ""151"": 312, ""152"": 218, ""153"": 278, ""154"": 180, ""155"": 514, ""156"": 164, ""157"": 596, ""158"": 262, ""159"": 274, ""160"": 518}",48.8,162
jku_suite_64.qasm,60.76,3.7742935478687287,"{""0"": 20, ""1"": 38, ""2"": 18, ""3"": 36, ""4"": 34, ""5"": 12, ""6"": 14, ""7"": 40, ""8"": 42}",58.6,68.88,"{""0"": 16, ""1"": 38, ""8"": 34, ""4"": 42, ""6"": 40, ""2"": 12, ""3"": 18, ""7"": 14, ""5"": 36}",62.6,63.0,56.81806678324938,"{""8"": 38, ""1"": 16, ""0"": 12, ""6"": 14, ""4"": 42, ""7"": 40, ""5"": 36, ""3"": 20, ""2"": 34}",58.6,67.56,"{""0"": 34, ""1"": 18, ""2"": 14, ""3"": 38, ""4"": 20, ""5"": 12, ""6"": 42, ""7"": 40, ""8"": 36}",63.2,10
quest_suite_12.qasm,69.56,2.251612363755703,"{""0"": 10, ""1"": 28, ""2"": 34, ""3"": 30, ""4"": 14, ""5"": 32, ""6"": 12, ""7"": 16}",65.8,76.56,"{""0"": 28, ""1"": 12, ""4"": 14, ""6"": 16, ""2"": 10, ""3"": 34, ""7"": 32, ""5"": 30}",74.2,70.10666666666667,33.98722576349974,"{""6"": 14, ""0"": 32, ""5"": 12, ""4"": 30, ""7"": 16, ""2"": 34, ""3"": 28, ""1"": 10}",63.0,75.16,"{""0"": 30, ""1"": 32, ""2"": 10, ""3"": 16, ""4"": 14, ""5"": 34, ""6"": 12, ""7"": 28}",65.0,8
jku_suite_70.qasm,87.44,9.328353562951088,"{""0"": 8, ""1"": 26, ""2"": 24, ""3"": 22, ""4"": 10, ""5"": 12}",84.0,88.0,"{""0"": 24, ""1"": 26, ""4"": 10, ""2"": 8, ""3"": 22, ""5"": 12}",85.6,88.42666666666666,139.2387293279171,"{""1"": 22, ""0"": 12, ""5"": 8, ""4"": 10, ""3"": 26, ""2"": 24}",84.0,89.4,"{""0"": 22, ""1"": 24, ""2"": 8, ""3"": 12, ""4"": 10, ""5"": 26}",87.0,6
autobraid_49.qasm,38.48,0.1955485567450523,"{""0"": 366, ""1"": 346, ""2"": 426, ""3"": 430, ""4"": 202, ""5"": 352, ""6"": 178, ""7"": 162, ""8"": 402, ""9"": 384, ""10"": 376, ""11"": 396, ""12"": 362, ""13"": 128, ""14"": 182, ""15"": 374, ""16"": 214, ""17"": 438, ""18"": 340, ""19"": 134, ""20"": 170, ""21"": 392, ""22"": 398, ""23"": 206, ""24"": 380, ""25"": 418, ""26"": 140, ""27"": 122, ""28"": 422, ""29"": 404, ""30"": 338, ""31"": 200, ""32"": 386, ""33"": 132, ""34"": 218, ""35"": 154, ""36"": 212, ""37"": 120, ""38"": 186, ""39"": 130, ""40"": 394, ""41"": 370, ""42"": 360, ""43"": 406, ""44"": 164, ""45"": 188, ""46"": 336, ""47"": 168, ""48"": 388, ""49"": 136, ""50"": 142, ""51"": 156, ""52"": 216, ""53"": 434, ""54"": 348, ""55"": 356, ""56"": 158, ""57"": 428, ""58"": 368, ""59"": 152, ""60"": 350, ""61"": 192, ""62"": 190, ""63"": 194, ""64"": 420, ""65"": 344, ""66"": 150, ""67"": 416, ""68"": 358, ""69"": 400, ""70"": 114, ""71"": 184, ""72"": 112, ""73"": 148, ""74"": 342, ""75"": 210, ""76"": 208, ""77"": 172, ""78"": 412, ""79"": 334, ""80"": 414, ""81"": 124, ""82"": 440, ""83"": 118, ""84"": 146, ""85"": 160, ""86"": 116, ""87"": 126, ""88"": 204, ""89"": 166, ""90"": 364, ""91"": 198, ""92"": 432, ""93"": 144, ""94"": 220, ""95"": 378, ""96"": 196, ""97"": 174, ""98"": 176, ""99"": 408, ""100"": 372, ""101"": 424, ""102"": 442, ""103"": 382, ""104"": 138, ""105"": 390, ""106"": 436, ""107"": 410, ""108"": 180}",34.6,54.44,"{""0"": 114, ""1"": 112, ""8"": 118, ""4"": 116, ""6"": 120, ""2"": 122, ""3"": 124, ""7"": 126, ""5"": 128, ""24"": 346, ""13"": 192, ""54"": 180, ""80"": 378, ""64"": 434, ""65"": 154, ""91"": 198, ""44"": 144, ""70"": 372, ""51"": 212, ""19"": 408, ""99"": 184, ""31"": 420, ""35"": 150, ""49"": 132, ""73"": 194, ""25"": 370, ""61"": 368, ""97"": 350, ""58"": 210, ""45"": 166, ""11"": 412, ""40"": 358, ""88"": 414, ""82"": 136, ""69"": 406, ""48"": 216, ""98"": 178, ""32"": 394, ""10"": 158, ""12"": 398, ""28"": 134, ""15"": 170, ""100"": 382, ""16"": 396, ""62"": 186, ""9"": 424, ""34"": 340, ""94"": 364, ""36"": 156, ""27"": 354, ""21"": 422, ""95"": 348, ""102"": 392, ""29"": 220, ""92"": 152, ""86"": 384, ""43"": 356, ""63"": 440, ""57"": 336, ""41"": 390, ""68"": 338, ""20"": 334, ""96"": 146, ""60"": 342, ""39"": 400, ""85"": 206, ""23"": 426, ""52"": 418, ""59"": 138, ""84"": 204, ""67"": 218, ""56"": 402, ""71"": 366, ""22"": 410, ""42"": 214, ""101"": 352, ""53"": 164, ""81"": 200, ""47"": 190, ""33"": 428, ""50"": 404, ""18"": 430, ""103"": 438, ""30"": 388, ""75"": 208, ""104"": 160, ""66"": 362, ""87"": 172, ""37"": 344, ""77"": 130, ""26"": 176, ""106"": 386, ""74"": 140, ""55"": 182, ""14"": 360, ""90"": 436, ""79"": 148, ""89"": 432, ""108"": 162, ""17"": 376, ""105"": 202, ""83"": 374, ""78"": 174, ""72"": 442, ""107"": 142, ""93"": 188, ""76"": 416, ""46"": 196, ""38"": 380}",51.8,39.13333333333333,2.9635708332061768,"{""8"": 402, ""1"": 114, ""0"": 124, ""6"": 192, ""4"": 120, ""5"": 378, ""7"": 342, ""3"": 338, ""2"": 442, ""16"": 176, ""20"": 184, ""27"": 390, ""106"": 174, ""89"": 144, ""44"": 370, ""36"": 186, ""24"": 216, ""104"": 210, ""22"": 350, ""62"": 414, ""76"": 128, ""78"": 156, ""28"": 372, ""96"": 150, ""31"": 396, ""21"": 368, ""73"": 170, ""69"": 172, ""54"": 214, ""68"": 208, ""81"": 356, ""83"": 138, ""71"": 148, ""84"": 344, ""72"": 418, ""43"": 358, ""19"": 438, ""10"": 166, ""29"": 118, ""100"": 430, ""95"": 420, ""56"": 180, ""60"": 380, ""53"": 424, ""15"": 422, ""99"": 218, ""87"": 194, ""14"": 146, ""39"": 204, ""58"": 354, ""97"": 374, ""49"": 406, ""93"": 376, ""35"": 394, ""67"": 154, ""79"": 196, ""57"": 162, ""90"": 426, ""38"": 404, ""98"": 336, ""103"": 410, ""11"": 130, ""45"": 152, ""63"": 392, ""48"": 188, ""66"": 382, ""12"": 160, ""23"": 158, ""94"": 366, ""82"": 408, ""55"": 340, ""70"": 334, ""101"": 134, ""108"": 126, ""59"": 386, ""41"": 142, ""40"": 178, ""26"": 348, ""91"": 168, ""51"": 220, ""25"": 182, ""33"": 122, ""17"": 412, ""65"": 436, ""102"": 206, ""34"": 364, ""74"": 416, ""88"": 112, ""64"": 362, ""9"": 212, ""50"": 132, ""52"": 360, ""80"": 136, ""13"": 190, ""30"": 434, ""37"": 202, ""86"": 440, ""107"": 164, ""85"": 140, ""75"": 388, ""61"": 346, ""32"": 432, ""105"": 198, ""18"": 200, ""77"": 400, ""46"": 116, ""92"": 398, ""42"": 428, ""47"": 352}",34.0,56.72,"{""0"": 186, ""1"": 432, ""2"": 116, ""3"": 144, ""4"": 404, ""5"": 342, ""6"": 158, ""7"": 124, ""8"": 338, ""9"": 384, ""10"": 196, ""11"": 398, ""12"": 372, ""13"": 120, ""14"": 354, ""15"": 428, ""16"": 422, ""17"": 172, ""18"": 374, ""19"": 202, ""20"": 378, ""21"": 166, ""22"": 194, ""23"": 198, ""24"": 336, ""25"": 426, ""26"": 370, ""27"": 380, ""28"": 130, ""29"": 190, ""30"": 434, ""31"": 420, ""32"": 220, ""33"": 146, ""34"": 148, ""35"": 210, ""36"": 132, ""37"": 394, ""38"": 112, ""39"": 350, ""40"": 368, ""41"": 168, ""42"": 358, ""43"": 402, ""44"": 344, ""45"": 154, ""46"": 424, ""47"": 192, ""48"": 134, ""49"": 386, ""50"": 206, ""51"": 346, ""52"": 442, ""53"": 180, ""54"": 366, ""55"": 352, ""56"": 388, ""57"": 184, ""58"": 362, ""59"": 142, ""60"": 118, ""61"": 208, ""62"": 216, ""63"": 204, ""64"": 418, ""65"": 136, ""66"": 162, ""67"": 410, ""68"": 164, ""69"": 138, ""70"": 200, ""71"": 114, ""72"": 348, ""73"": 340, ""74"": 360, ""75"": 440, ""76"": 392, ""77"": 174, ""78"": 156, ""79"": 376, ""80"": 150, ""81"": 140, ""82"": 390, ""83"": 400, ""84"": 122, ""85"": 152, ""86"": 160, ""87"": 334, ""88"": 436, ""89"": 128, ""90"": 414, ""91"": 416, ""92"": 356, ""93"": 364, ""94"": 218, ""95"": 178, ""96"": 412, ""97"": 212, ""98"": 214, ""99"": 126, ""100"": 188, ""101"": 170, ""102"": 176, ""103"": 396, ""104"": 408, ""105"": 182, ""106"": 430, ""107"": 406, ""108"": 438}",54.0,110
shor_4.qasm,82.12,7.169538900256157,"{""0"": 22, ""1"": 24, ""2"": 50, ""3"": 44, ""4"": 18, ""5"": 16, ""6"": 14, ""7"": 42, ""8"": 20, ""9"": 40, ""10"": 48, ""11"": 46}",81.4,89.76,"{""0"": 24, ""9"": 20, ""1"": 22, ""8"": 18, ""4"": 42, ""6"": 48, ""2"": 50, ""3"": 14, ""7"": 16, ""11"": 46, ""10"": 40, ""5"": 44}",87.6,83.64,120.11339071393012,"{""8"": 20, ""1"": 22, ""0"": 24, ""6"": 14, ""4"": 18, ""5"": 16, ""7"": 42, ""10"": 50, ""9"": 40, ""3"": 44, ""2"": 48, ""11"": 46}",80.2,87.48,"{""0"": 16, ""1"": 22, ""2"": 18, ""3"": 24, ""4"": 46, ""5"": 50, ""6"": 42, ""7"": 48, ""8"": 14, ""9"": 40, ""10"": 44, ""11"": 20}",85.0,12
qaoa_5.qasm,59.84,1.402017855644226,"{""0"": 52, ""1"": 22, ""2"": 26, ""3"": 20, ""4"": 62, ""5"": 54, ""6"": 56, ""7"": 24, ""8"": 30, ""9"": 64, ""10"": 66, ""11"": 18, ""12"": 60, ""13"": 58, ""14"": 32, ""15"": 28}",55.4,72.76,"{""0"": 26, ""9"": 54, ""1"": 58, ""8"": 56, ""4"": 52, ""6"": 20, ""12"": 66, ""2"": 24, ""13"": 32, ""3"": 64, ""7"": 18, ""11"": 22, ""14"": 30, ""10"": 60, ""5"": 28, ""15"": 62}",70.4,58.82666666666667,21.13608356565237,"{""11"": 22, ""14"": 32, ""12"": 54, ""8"": 66, ""1"": 62, ""0"": 56, ""6"": 58, ""4"": 52, ""5"": 20, ""7"": 24, ""10"": 30, ""9"": 26, ""13"": 18, ""3"": 60, ""2"": 64, ""15"": 28}",52.0,66.2,"{""0"": 18, ""1"": 26, ""2"": 64, ""3"": 66, ""4"": 62, ""5"": 58, ""6"": 28, ""7"": 20, ""8"": 52, ""9"": 22, ""10"": 24, ""11"": 56, ""12"": 32, ""13"": 60, ""14"": 30, ""15"": 54}",63.6,16
quarl_suite_14.qasm,86.08,4.82676857560873,"{""0"": 36, ""1"": 14, ""2"": 42, ""3"": 16, ""4"": 12, ""5"": 40, ""6"": 20, ""7"": 34, ""8"": 18, ""9"": 38}",83.0,90.72,"{""9"": 12, ""0"": 14, ""1"": 20, ""8"": 38, ""4"": 16, ""6"": 34, ""2"": 36, ""3"": 40, ""7"": 18, ""5"": 42}",88.0,86.44,72.37873832136393,"{""8"": 42, ""1"": 12, ""6"": 14, ""0"": 40, ""5"": 36, ""4"": 16, ""7"": 34, ""9"": 18, ""3"": 20, ""2"": 38}",81.4,89.8,"{""0"": 14, ""1"": 40, ""2"": 42, ""3"": 38, ""4"": 16, ""5"": 34, ""6"": 20, ""7"": 18, ""8"": 36, ""9"": 12}",86.2,10
jku_suite_77.qasm,68.48,4.829895466566086,"{""0"": 28, ""1"": 16, ""2"": 10, ""3"": 14, ""4"": 30, ""5"": 32, ""6"": 34, ""7"": 12}",67.0,70.12,"{""0"": 32, ""1"": 10, ""4"": 28, ""6"": 30, ""2"": 16, ""7"": 34, ""3"": 14, ""5"": 12}",66.8,69.72,71.71151666343212,"{""1"": 16, ""6"": 34, ""7"": 30, ""0"": 12, ""4"": 28, ""5"": 32, ""3"": 14, ""2"": 10}",65.8,72.04,"{""0"": 28, ""1"": 34, ""2"": 32, ""3"": 30, ""4"": 10, ""5"": 16, ""6"": 14, ""7"": 12}",65.2,8
shor_7.qasm,81.92,6.282931736111641,"{""0"": 20, ""1"": 46, ""2"": 24, ""3"": 18, ""4"": 48, ""5"": 22, ""6"": 42, ""7"": 16, ""8"": 40, ""9"": 50, ""10"": 44, ""11"": 14}",80.0,87.04,"{""0"": 24, ""9"": 42, ""1"": 48, ""8"": 40, ""4"": 22, ""6"": 20, ""2"": 46, ""3"": 50, ""7"": 44, ""10"": 16, ""5"": 18, ""11"": 14}",85.2,80.78666666666666,124.03823940455914,"{""8"": 40, ""1"": 46, ""0"": 48, ""6"": 42, ""4"": 20, ""5"": 50, ""7"": 16, ""10"": 44, ""9"": 22, ""3"": 18, ""2"": 24, ""11"": 14}",79.0,84.24,"{""0"": 14, ""1"": 46, ""2"": 40, ""3"": 22, ""4"": 20, ""5"": 50, ""6"": 44, ""7"": 18, ""8"": 48, ""9"": 24, ""10"": 42, ""11"": 16}",82.0,12
jku_suite_4.qasm,62.4,3.548096516728401,"{""0"": 24, ""1"": 46, ""2"": 16, ""3"": 48, ""4"": 40, ""5"": 50, ""6"": 14, ""7"": 42, ""8"": 20, ""9"": 44, ""10"": 18}",56.8,65.44,"{""0"": 44, ""9"": 14, ""1"": 40, ""8"": 16, ""4"": 24, ""6"": 18, ""2"": 50, ""7"": 42, ""3"": 48, ""10"": 46, ""5"": 22}",63.2,60.61333333333334,52.87632291764021,"{""8"": 16, ""1"": 48, ""0"": 18, ""6"": 42, ""4"": 44, ""5"": 24, ""7"": 46, ""10"": 14, ""9"": 20, ""3"": 22, ""2"": 40}",55.2,63.68,"{""0"": 40, ""1"": 22, ""2"": 18, ""3"": 42, ""4"": 50, ""5"": 24, ""6"": 48, ""7"": 46, ""8"": 16, ""9"": 14, ""10"": 20}",58.6,12
jku_suite_18.qasm,83.32,8.853932309150697,"{""0"": 34, ""1"": 32, ""2"": 12, ""3"": 10, ""4"": 28, ""5"": 14, ""6"": 30, ""7"": 16}",80.8,86.6,"{""0"": 28, ""1"": 12, ""4"": 10, ""6"": 30, ""2"": 32, ""3"": 16, ""7"": 14, ""5"": 34}",85.6,83.13333333333334,132.69837031513453,"{""1"": 12, ""6"": 28, ""0"": 32, ""5"": 30, ""4"": 16, ""7"": 34, ""3"": 14, ""2"": 10}",80.4,83.92,"{""0"": 16, ""1"": 12, ""2"": 30, ""3"": 34, ""4"": 28, ""5"": 14, ""6"": 10, ""7"": 32}",81.4,8
jku_suite_61.qasm,93.04,10.492701913416386,"{""0"": 12, ""1"": 26, ""2"": 8, ""3"": 10, ""4"": 24}",91.0,94.24,"{""0"": 8, ""1"": 26, ""4"": 12, ""2"": 10, ""3"": 22}",91.8,93.98666666666666,155.28872084617615,"{""1"": 10, ""0"": 22, ""4"": 8, ""3"": 12, ""2"": 26}",90.2,92.8,"{""0"": 26, ""1"": 10, ""2"": 8, ""3"": 22, ""4"": 12}",90.2,6
autobraid_7.qasm,37.52,0.2785669043660164,"{""0"": 188, ""1"": 522, ""2"": 184, ""3"": 536, ""4"": 604, ""5"": 308, ""6"": 238, ""7"": 566, ""8"": 306, ""9"": 554, ""10"": 580, ""11"": 526, ""12"": 498, ""13"": 622, ""14"": 202, ""15"": 252, ""16"": 508, ""17"": 258, ""18"": 264, ""19"": 260, ""20"": 496, ""21"": 194, ""22"": 542, ""23"": 550, ""24"": 236, ""25"": 300, ""26"": 506, ""27"": 638, ""28"": 210, ""29"": 626, ""30"": 602, ""31"": 576, ""32"": 636, ""33"": 586, ""34"": 640, ""35"": 176, ""36"": 254, ""37"": 192, ""38"": 316, ""39"": 322, ""40"": 286, ""41"": 228, ""42"": 208, ""43"": 582, ""44"": 608, ""45"": 244, ""46"": 584, ""47"": 222, ""48"": 570, ""49"": 502, ""50"": 266, ""51"": 544, ""52"": 646, ""53"": 314, ""54"": 606, ""55"": 242, ""56"": 250, ""57"": 310, ""58"": 256, ""59"": 318, ""60"": 262, ""61"": 518, ""62"": 282, ""63"": 248, ""64"": 532, ""65"": 294, ""66"": 628, ""67"": 284, ""68"": 504, ""69"": 558, ""70"": 648, ""71"": 182, ""72"": 214, ""73"": 614, ""74"": 324, ""75"": 278, ""76"": 220, ""77"": 292, ""78"": 574, ""79"": 298, ""80"": 540, ""81"": 164, ""82"": 616, ""83"": 288, ""84"": 524, ""85"": 296, ""86"": 190, ""87"": 516, ""88"": 174, ""89"": 270, ""90"": 520, ""91"": 624, ""92"": 650, ""93"": 630, ""94"": 312, ""95"": 178, ""96"": 302, ""97"": 304, ""98"": 180, ""99"": 218, ""100"": 642, ""101"": 632, ""102"": 548, ""103"": 598, ""104"": 564, ""105"": 530, ""106"": 320, ""107"": 562, ""108"": 552, ""109"": 216, ""110"": 230, ""111"": 280, ""112"": 274, ""113"": 568, ""114"": 546, ""115"": 592, ""116"": 290, ""117"": 272, ""118"": 594, ""119"": 212, ""120"": 234, ""121"": 600, ""122"": 224, ""123"": 490, ""124"": 246, ""125"": 596, ""126"": 500, ""127"": 276, ""128"": 588, ""129"": 240, ""130"": 492, ""131"": 172, ""132"": 556, ""133"": 538, ""134"": 170, ""135"": 644, ""136"": 196, ""137"": 226, ""138"": 200, ""139"": 578, ""140"": 612, ""141"": 610, ""142"": 494, ""143"": 204, ""144"": 186, ""145"": 510, ""146"": 198, ""147"": 618, ""148"": 166, ""149"": 206, ""150"": 560, ""151"": 514, ""152"": 634, ""153"": 168, ""154"": 572, ""155"": 534, ""156"": 512, ""157"": 528, ""158"": 620, ""159"": 590, ""160"": 268, ""161"": 232}",34.0,52.56,"{""0"": 164, ""9"": 168, ""1"": 174, ""8"": 166, ""4"": 172, ""6"": 170, ""12"": 176, ""2"": 178, ""3"": 180, ""7"": 182, ""11"": 184, ""10"": 186, ""5"": 188, ""143"": 272, ""13"": 234, ""24"": 308, ""131"": 600, ""54"": 266, ""109"": 204, ""80"": 200, ""64"": 300, ""160"": 566, ""144"": 608, ""65"": 560, ""91"": 512, ""133"": 290, ""136"": 522, ""44"": 278, ""111"": 572, ""70"": 514, ""51"": 244, ""19"": 636, ""158"": 528, ""99"": 626, ""31"": 562, ""35"": 524, ""155"": 232, ""126"": 542, ""119"": 632, ""49"": 236, ""73"": 546, ""25"": 318, ""61"": 248, ""97"": 280, ""58"": 564, ""45"": 644, ""40"": 292, ""88"": 314, ""82"": 196, ""69"": 530, ""48"": 324, ""98"": 284, ""154"": 592, ""32"": 526, ""145"": 586, ""142"": 322, ""28"": 638, ""15"": 194, ""125"": 192, ""134"": 312, ""128"": 226, ""118"": 568, ""100"": 210, ""16"": 504, ""62"": 606, ""140"": 296, ""34"": 646, ""36"": 228, ""94"": 260, ""27"": 640, ""21"": 258, ""149"": 216, ""95"": 212, ""102"": 208, ""63"": 604, ""86"": 588, ""92"": 534, ""43"": 252, ""29"": 496, ""57"": 584, ""147"": 558, ""41"": 598, ""68"": 532, ""20"": 520, ""96"": 206, ""60"": 190, ""39"": 582, ""85"": 222, ""137"": 610, ""117"": 230, ""153"": 238, ""23"": 256, ""52"": 510, ""121"": 556, ""141"": 302, ""84"": 628, ""59"": 552, ""146"": 286, ""67"": 616, ""112"": 298, ""56"": 224, ""71"": 242, ""113"": 576, ""22"": 550, ""42"": 506, ""101"": 270, ""53"": 612, ""81"": 624, ""47"": 288, ""33"": 306, ""50"": 554, ""18"": 294, ""103"": 622, ""116"": 310, ""139"": 570, ""30"": 202, ""75"": 264, ""115"": 578, ""104"": 594, ""114"": 254, ""66"": 198, ""87"": 518, ""37"": 630, ""161"": 540, ""77"": 536, ""26"": 650, ""106"": 508, ""55"": 214, ""74"": 316, ""14"": 538, ""150"": 246, ""90"": 500, ""135"": 596, ""132"": 282, ""79"": 642, ""89"": 634, ""148"": 590, ""108"": 220, ""127"": 240, ""17"": 620, ""157"": 320, ""156"": 548, ""105"": 502, ""159"": 250, ""120"": 262, ""83"": 268, ""78"": 516, ""124"": 602, ""123"": 580, ""122"": 648, ""138"": 618, ""151"": 498, ""129"": 218, ""72"": 274, ""107"": 544, ""130"": 276, ""110"": 304, ""93"": 492, ""76"": 574, ""46"": 490, ""152"": 614, ""38"": 494}",47.4,36.64,4.2330237403512,"{""11"": 258, ""12"": 168, ""8"": 250, ""1"": 166, ""0"": 218, ""6"": 186, ""4"": 176, ""5"": 278, ""7"": 558, ""10"": 182, ""9"": 578, ""3"": 164, ""2"": 188, ""115"": 172, ""16"": 260, ""131"": 570, ""20"": 178, ""155"": 222, ""27"": 192, ""106"": 234, ""89"": 280, ""36"": 554, ""44"": 524, ""125"": 308, ""24"": 520, ""104"": 228, ""135"": 642, ""22"": 650, ""78"": 302, ""76"": 550, ""62"": 190, ""111"": 510, ""109"": 210, ""28"": 618, ""96"": 240, ""31"": 288, ""21"": 238, ""73"": 272, ""69"": 306, ""120"": 298, ""54"": 502, ""158"": 636, ""149"": 284, ""68"": 586, ""143"": 572, ""152"": 208, ""81"": 230, ""83"": 580, ""71"": 640, ""84"": 620, ""72"": 500, ""148"": 318, ""43"": 596, ""19"": 170, ""145"": 216, ""157"": 626, ""29"": 624, ""100"": 576, ""95"": 526, ""151"": 528, ""56"": 254, ""60"": 268, ""15"": 504, ""134"": 568, ""53"": 648, ""144"": 604, ""99"": 496, ""161"": 532, ""139"": 516, ""87"": 310, ""14"": 294, ""127"": 212, ""119"": 252, ""112"": 236, ""39"": 226, ""58"": 292, ""97"": 276, ""93"": 224, ""49"": 498, ""126"": 588, ""67"": 214, ""35"": 494, ""114"": 324, ""79"": 246, ""133"": 574, ""123"": 562, ""57"": 598, ""90"": 638, ""38"": 262, ""98"": 202, ""45"": 266, ""103"": 270, ""146"": 630, ""63"": 286, ""154"": 600, ""132"": 194, ""48"": 184, ""160"": 592, ""137"": 556, ""113"": 274, ""66"": 206, ""122"": 540, ""156"": 490, ""23"": 536, ""94"": 608, ""129"": 296, ""116"": 512, ""82"": 242, ""55"": 248, ""70"": 314, ""101"": 220, ""108"": 180, ""140"": 544, ""59"": 290, ""41"": 538, ""130"": 622, ""40"": 508, ""26"": 560, ""142"": 506, ""91"": 616, ""51"": 300, ""25"": 566, ""33"": 644, ""17"": 312, ""141"": 564, ""65"": 582, ""102"": 590, ""136"": 546, ""118"": 542, ""34"": 232, ""117"": 646, ""74"": 200, ""88"": 602, ""64"": 628, ""124"": 174, ""50"": 256, ""147"": 606, ""52"": 264, ""80"": 518, ""110"": 304, ""13"": 320, ""30"": 514, ""37"": 492, ""86"": 244, ""107"": 530, ""85"": 614, ""75"": 548, ""61"": 322, ""150"": 552, ""32"": 612, ""105"": 196, ""18"": 634, ""77"": 204, ""153"": 594, ""159"": 632, ""138"": 282, ""46"": 522, ""92"": 610, ""128"": 316, ""42"": 584, ""47"": 534, ""121"": 198}",32.0,57.28,"{""0"": 648, ""1"": 242, ""2"": 192, ""3"": 602, ""4"": 324, ""5"": 620, ""6"": 636, ""7"": 284, ""8"": 626, ""9"": 614, ""10"": 190, ""11"": 232, ""12"": 278, ""13"": 314, ""14"": 638, ""15"": 564, ""16"": 226, ""17"": 244, ""18"": 228, ""19"": 558, ""20"": 306, ""21"": 504, ""22"": 590, ""23"": 594, ""24"": 532, ""25"": 302, ""26"": 290, ""27"": 530, ""28"": 596, ""29"": 234, ""30"": 550, ""31"": 248, ""32"": 560, ""33"": 542, ""34"": 490, ""35"": 632, ""36"": 292, ""37"": 282, ""38"": 634, ""39"": 582, ""40"": 294, ""41"": 546, ""42"": 200, ""43"": 520, ""44"": 298, ""45"": 622, ""46"": 554, ""47"": 218, ""48"": 296, ""49"": 498, ""50"": 182, ""51"": 320, ""52"": 570, ""53"": 252, ""54"": 640, ""55"": 222, ""56"": 256, ""57"": 646, ""58"": 308, ""59"": 318, ""60"": 258, ""61"": 548, ""62"": 168, ""63"": 178, ""64"": 236, ""65"": 166, ""66"": 270, ""67"": 210, ""68"": 502, ""69"": 494, ""70"": 644, ""71"": 496, ""72"": 608, ""73"": 316, ""74"": 500, ""75"": 578, ""76"": 604, ""77"": 268, ""78"": 312, ""79"": 246, ""80"": 250, ""81"": 288, ""82"": 188, ""83"": 538, ""84"": 212, ""85"": 254, ""86"": 516, ""87"": 536, ""88"": 566, ""89"": 512, ""90"": 262, ""91"": 506, ""92"": 618, ""93"": 220, ""94"": 310, ""95"": 650, ""96"": 592, ""97"": 630, ""98"": 580, ""99"": 518, ""100"": 322, ""101"": 186, ""102"": 240, ""103"": 524, ""104"": 584, ""105"": 180, ""106"": 184, ""107"": 600, ""108"": 510, ""109"": 172, ""110"": 540, ""111"": 304, ""112"": 196, ""113"": 274, ""114"": 556, ""115"": 528, ""116"": 588, ""117"": 514, ""118"": 204, ""119"": 214, ""120"": 572, ""121"": 194, ""122"": 280, ""123"": 264, ""124"": 216, ""125"": 174, ""126"": 170, ""127"": 202, ""128"": 534, ""129"": 562, ""130"": 238, ""131"": 266, ""132"": 552, ""133"": 568, ""134"": 522, ""135"": 230, ""136"": 176, ""137"": 544, ""138"": 300, ""139"": 260, ""140"": 606, ""141"": 276, ""142"": 586, ""143"": 492, ""144"": 164, ""145"": 598, ""146"": 642, ""147"": 286, ""148"": 208, ""149"": 574, ""150"": 272, ""151"": 198, ""152"": 206, ""153"": 624, ""154"": 224, ""155"": 616, ""156"": 612, ""157"": 526, ""158"": 576, ""159"": 628, ""160"": 508, ""161"": 610}",50.2,162
quest_suite_13.qasm,57.0,1.6276859253644944,"{""0"": 54, ""1"": 30, ""2"": 26, ""3"": 52, ""4"": 28, ""5"": 18, ""6"": 24, ""7"": 60, ""8"": 32, ""9"": 66, ""10"": 58, ""11"": 64, ""12"": 20, ""13"": 62, ""14"": 22}",52.4,64.44,"{""9"": 62, ""0"": 20, ""1"": 18, ""8"": 52, ""4"": 32, ""6"": 58, ""13"": 66, ""12"": 64, ""2"": 60, ""7"": 30, ""3"": 54, ""11"": 22, ""14"": 26, ""10"": 28, ""5"": 56}",59.8,56.64,24.91200645267964,"{""11"": 30, ""14"": 22, ""12"": 18, ""8"": 58, ""1"": 56, ""6"": 26, ""7"": 28, ""5"": 20, ""10"": 32, ""4"": 60, ""13"": 64, ""9"": 66, ""0"": 54, ""3"": 52, ""2"": 24}",48.4,65.52,"{""0"": 26, ""1"": 18, ""2"": 20, ""3"": 52, ""4"": 54, ""5"": 22, ""6"": 58, ""7"": 56, ""8"": 24, ""9"": 62, ""10"": 64, ""11"": 28, ""12"": 30, ""13"": 32, ""14"": 60}",58.8,16
jku_suite_99.qasm,62.08,4.015371210873127,"{""0"": 16, ""1"": 12, ""2"": 30, ""3"": 32, ""4"": 10, ""5"": 34, ""6"": 14}",57.0,63.2,"{""0"": 16, ""1"": 32, ""4"": 30, ""6"": 10, ""2"": 14, ""3"": 34, ""5"": 12}",60.2,62.57333333333333,60.24589668959379,"{""6"": 34, ""0"": 16, ""5"": 32, ""4"": 28, ""2"": 30, ""3"": 12, ""1"": 10}",55.2,64.0,"{""0"": 16, ""1"": 30, ""2"": 32, ""3"": 12, ""4"": 14, ""5"": 34, ""6"": 10}",58.4,8
qaoa_9.qasm,72.92,2.5891037717461587,"{""0"": 28, ""1"": 24, ""2"": 20, ""3"": 54, ""4"": 16, ""5"": 50, ""6"": 58, ""7"": 56, ""8"": 26, ""9"": 52, ""10"": 46, ""11"": 48, ""12"": 22, ""13"": 18}",66.8,80.12,"{""0"": 28, ""9"": 50, ""1"": 24, ""8"": 22, ""4"": 26, ""6"": 46, ""12"": 56, ""2"": 18, ""3"": 58, ""7"": 48, ""11"": 20, ""10"": 52, ""5"": 54, ""13"": 16}",77.2,70.8,39.034657560288906,"{""11"": 16, ""12"": 22, ""8"": 54, ""1"": 24, ""13"": 20, ""7"": 46, ""5"": 52, ""0"": 56, ""10"": 18, ""4"": 26, ""9"": 58, ""6"": 50, ""3"": 48, ""2"": 28}",64.0,80.4,"{""0"": 20, ""1"": 54, ""2"": 16, ""3"": 50, ""4"": 24, ""5"": 26, ""6"": 58, ""7"": 18, ""8"": 46, ""9"": 48, ""10"": 52, ""11"": 22, ""12"": 28, ""13"": 56}",74.6,14
shor_2.qasm,82.84,6.260149310529232,"{""0"": 20, ""1"": 14, ""2"": 24, ""3"": 50, ""4"": 18, ""5"": 48, ""6"": 16, ""7"": 42, ""8"": 22, ""9"": 46, ""10"": 40, ""11"": 44}",81.4,88.52,"{""0"": 42, ""9"": 46, ""1"": 16, ""8"": 20, ""4"": 44, ""6"": 40, ""2"": 50, ""3"": 18, ""7"": 24, ""10"": 48, ""5"": 22, ""11"": 14}",86.0,83.05333333333333,107.91976141929626,"{""8"": 48, ""1"": 40, ""0"": 22, ""6"": 42, ""4"": 14, ""5"": 20, ""7"": 44, ""10"": 46, ""9"": 18, ""3"": 24, ""2"": 50, ""11"": 16}",81.2,88.04,"{""0"": 16, ""1"": 20, ""2"": 42, ""3"": 14, ""4"": 40, ""5"": 48, ""6"": 50, ""7"": 22, ""8"": 24, ""9"": 46, ""10"": 44, ""11"": 18}",83.4,12
autobraid_13.qasm,38.36,0.2097805187106132,"{""0"": 726, ""1"": 214, ""2"": 328, ""3"": 730, ""4"": 704, ""5"": 270, ""6"": 260, ""7"": 350, ""8"": 640, ""9"": 710, ""10"": 682, ""11"": 308, ""12"": 668, ""13"": 226, ""14"": 240, ""15"": 610, ""16"": 352, ""17"": 646, ""18"": 632, ""19"": 618, ""20"": 600, ""21"": 708, ""22"": 660, ""23"": 728, ""24"": 574, ""25"": 556, ""26"": 274, ""27"": 722, ""28"": 296, ""29"": 354, ""30"": 244, ""31"": 638, ""32"": 706, ""33"": 558, ""34"": 686, ""35"": 620, ""36"": 200, ""37"": 702, ""38"": 628, ""39"": 580, ""40"": 320, ""41"": 294, ""42"": 652, ""43"": 278, ""44"": 326, ""45"": 288, ""46"": 594, ""47"": 694, ""48"": 698, ""49"": 736, ""50"": 342, ""51"": 614, ""52"": 568, ""53"": 680, ""54"": 282, ""55"": 192, ""56"": 644, ""57"": 684, ""58"": 630, ""59"": 286, ""60"": 576, ""61"": 254, ""62"": 356, ""63"": 592, ""64"": 636, ""65"": 248, ""66"": 718, ""67"": 670, ""68"": 596, ""69"": 720, ""70"": 262, ""71"": 566, ""72"": 658, ""73"": 236, ""74"": 666, ""75"": 300, ""76"": 218, ""77"": 346, ""78"": 588, ""79"": 268, ""80"": 724, ""81"": 650, ""82"": 228, ""83"": 310, ""84"": 642, ""85"": 572, ""86"": 208, ""87"": 364, ""88"": 674, ""89"": 714, ""90"": 290, ""91"": 212, ""92"": 590, ""93"": 648, ""94"": 582, ""95"": 586, ""96"": 696, ""97"": 322, ""98"": 622, ""99"": 216, ""100"": 302, ""101"": 664, ""102"": 612, ""103"": 692, ""104"": 362, ""105"": 584, ""106"": 314, ""107"": 256, ""108"": 560, ""109"": 606, ""110"": 188, ""111"": 204, ""112"": 626, ""113"": 334, ""114"": 224, ""115"": 272, ""116"": 562, ""117"": 276, ""118"": 656, ""119"": 330, ""120"": 344, ""121"": 324, ""122"": 304, ""123"": 246, ""124"": 298, ""125"": 210, ""126"": 284, ""127"": 234, ""128"": 312, ""129"": 678, ""130"": 348, ""131"": 232, ""132"": 662, ""133"": 242, ""134"": 634, ""135"": 690, ""136"": 194, ""137"": 264, ""138"": 338, ""139"": 360, ""140"": 712, ""141"": 336, ""142"": 608, ""143"": 198, ""144"": 220, ""145"": 250, ""146"": 316, ""147"": 318, ""148"": 700, ""149"": 252, ""150"": 280, ""151"": 578, ""152"": 616, ""153"": 734, ""154"": 258, ""155"": 368, ""156"": 716, ""157"": 598, ""158"": 366, ""159"": 186, ""160"": 222, ""161"": 358, ""162"": 196, ""163"": 688, ""164"": 732, ""165"": 340, ""166"": 266, ""167"": 190, ""168"": 564, ""169"": 570, ""170"": 676, ""171"": 602, ""172"": 604, ""173"": 292, ""174"": 306, ""175"": 238, ""176"": 624, ""177"": 672, ""178"": 230, ""179"": 206, ""180"": 654, ""181"": 738, ""182"": 202, ""183"": 332}",36.4,54.88,"{""0"": 188, ""1"": 186, ""8"": 190, ""4"": 194, ""6"": 192, ""2"": 196, ""3"": 198, ""7"": 200, ""5"": 202, ""143"": 674, ""24"": 238, ""13"": 728, ""178"": 220, ""131"": 330, ""54"": 256, ""109"": 244, ""80"": 578, ""183"": 286, ""64"": 726, ""160"": 624, ""144"": 620, ""181"": 348, ""65"": 694, ""176"": 732, ""91"": 622, ""133"": 346, ""136"": 270, ""111"": 610, ""44"": 258, ""70"": 598, ""167"": 280, ""51"": 290, ""177"": 352, ""19"": 318, ""99"": 718, ""158"": 630, ""31"": 336, ""35"": 714, ""155"": 252, ""126"": 338, ""119"": 576, ""49"": 236, ""73"": 592, ""25"": 704, ""61"": 214, ""97"": 556, ""58"": 240, ""45"": 210, ""11"": 314, ""173"": 208, ""40"": 566, ""165"": 712, ""175"": 680, ""88"": 664, ""82"": 668, ""48"": 604, ""69"": 558, ""98"": 222, ""154"": 608, ""32"": 676, ""145"": 274, ""10"": 246, ""142"": 354, ""163"": 600, ""172"": 690, ""166"": 356, ""12"": 328, ""28"": 646, ""15"": 564, ""125"": 268, ""134"": 342, ""128"": 666, ""118"": 720, ""100"": 232, ""16"": 652, ""62"": 626, ""9"": 710, ""140"": 298, ""34"": 294, ""94"": 612, ""36"": 218, ""27"": 216, ""21"": 248, ""149"": 358, ""95"": 364, ""168"": 568, ""102"": 644, ""63"": 582, ""86"": 572, ""92"": 686, ""179"": 332, ""43"": 684, ""29"": 284, ""57"": 590, ""147"": 266, ""68"": 334, ""41"": 304, ""20"": 730, ""96"": 688, ""170"": 574, ""164"": 362, ""60"": 296, ""39"": 302, ""85"": 350, ""137"": 660, ""117"": 738, ""153"": 340, ""23"": 702, ""52"": 204, ""121"": 322, ""169"": 260, ""141"": 716, ""174"": 708, ""84"": 226, ""59"": 264, ""67"": 586, ""146"": 368, ""112"": 316, ""56"": 632, ""180"": 706, ""71"": 682, ""113"": 628, ""22"": 206, ""42"": 580, ""101"": 230, ""53"": 234, ""81"": 634, ""47"": 596, ""33"": 642, ""50"": 560, ""171"": 278, ""18"": 326, ""103"": 254, ""116"": 282, ""139"": 606, ""30"": 360, ""75"": 276, ""115"": 602, ""182"": 700, ""104"": 670, ""114"": 344, ""66"": 656, ""87"": 618, ""37"": 300, ""161"": 672, ""77"": 588, ""26"": 324, ""106"": 584, ""55"": 288, ""74"": 696, ""14"": 736, ""150"": 306, ""90"": 658, ""135"": 640, ""132"": 734, ""79"": 614, ""89"": 228, ""148"": 698, ""108"": 320, ""127"": 692, ""17"": 562, ""157"": 636, ""156"": 616, ""105"": 570, ""159"": 308, ""120"": 212, ""83"": 242, ""124"": 678, ""78"": 654, ""123"": 262, ""122"": 312, ""138"": 648, ""151"": 272, ""129"": 224, ""72"": 310, ""162"": 292, ""107"": 722, ""130"": 724, ""110"": 366, ""93"": 662, ""76"": 650, ""46"": 638, ""152"": 250, ""38"": 594}",49.8,38.06666666666667,3.155500717461109,"{""11"": 676, ""14"": 188, ""12"": 702, ""8"": 690, ""1"": 654, ""0"": 630, ""6"": 708, ""4"": 668, ""5"": 274, ""7"": 358, ""10"": 620, ""9"": 282, ""13"": 210, ""3"": 354, ""2"": 214, ""115"": 200, ""16"": 684, ""155"": 334, ""20"": 626, ""179"": 562, ""131"": 288, ""182"": 226, ""27"": 738, ""106"": 724, ""89"": 688, ""44"": 572, ""36"": 612, ""170"": 344, ""125"": 634, ""24"": 320, ""104"": 304, ""174"": 308, ""135"": 242, ""22"": 322, ""78"": 192, ""62"": 714, ""76"": 356, ""111"": 646, ""109"": 574, ""28"": 644, ""96"": 700, ""172"": 216, ""31"": 326, ""21"": 338, ""73"": 230, ""177"": 586, ""69"": 556, ""120"": 286, ""54"": 244, ""158"": 246, ""149"": 570, ""68"": 640, ""143"": 638, ""152"": 222, ""81"": 680, ""83"": 240, ""71"": 252, ""84"": 736, ""72"": 682, ""178"": 296, ""148"": 720, ""169"": 692, ""43"": 186, ""167"": 224, ""173"": 264, ""19"": 602, ""145"": 726, ""157"": 328, ""29"": 598, ""100"": 260, ""95"": 262, ""151"": 694, ""56"": 558, ""60"": 578, ""134"": 220, ""53"": 348, ""15"": 564, ""99"": 276, ""144"": 712, ""161"": 194, ""87"": 734, ""139"": 716, ""171"": 632, ""181"": 332, ""127"": 628, ""119"": 342, ""112"": 604, ""39"": 206, ""58"": 568, ""97"": 324, ""49"": 594, ""93"": 330, ""126"": 610, ""35"": 232, ""67"": 270, ""114"": 698, ""79"": 366, ""133"": 202, ""123"": 696, ""38"": 362, ""90"": 732, ""57"": 254, ""163"": 360, ""98"": 584, ""45"": 336, ""103"": 258, ""146"": 278, ""63"": 704, ""166"": 256, ""154"": 616, ""132"": 566, ""48"": 618, ""160"": 248, ""66"": 664, ""137"": 608, ""113"": 652, ""122"": 590, ""156"": 622, ""23"": 710, ""94"": 650, ""129"": 706, ""82"": 250, ""116"": 674, ""55"": 234, ""70"": 290, ""101"": 614, ""108"": 350, ""140"": 298, ""59"": 346, ""130"": 660, ""41"": 272, ""40"": 728, ""26"": 368, ""164"": 648, ""142"": 576, ""91"": 672, ""51"": 580, ""25"": 606, ""33"": 238, ""17"": 294, ""141"": 624, ""168"": 212, ""65"": 340, ""102"": 190, ""136"": 560, ""180"": 670, ""118"": 300, ""117"": 228, ""34"": 588, ""74"": 268, ""88"": 730, ""176"": 302, ""64"": 718, ""124"": 600, ""165"": 352, ""50"": 292, ""147"": 686, ""175"": 364, ""52"": 316, ""80"": 218, ""110"": 198, ""30"": 592, ""86"": 208, ""37"": 678, ""107"": 314, ""85"": 280, ""61"": 658, ""75"": 310, ""150"": 636, ""32"": 312, ""105"": 318, ""77"": 266, ""18"": 596, ""183"": 284, ""153"": 666, ""162"": 236, ""159"": 196, ""138"": 656, ""92"": 722, ""46"": 662, ""128"": 582, ""42"": 642, ""47"": 306, ""121"": 204}",29.4,56.48,"{""0"": 676, ""1"": 202, ""2"": 642, ""3"": 196, ""4"": 614, ""5"": 666, ""6"": 330, ""7"": 604, ""8"": 716, ""9"": 738, ""10"": 360, ""11"": 300, ""12"": 650, ""13"": 690, ""14"": 212, ""15"": 654, ""16"": 594, ""17"": 662, ""18"": 240, ""19"": 588, ""20"": 292, ""21"": 718, ""22"": 326, ""23"": 324, ""24"": 700, ""25"": 606, ""26"": 242, ""27"": 210, ""28"": 630, ""29"": 612, ""30"": 658, ""31"": 678, ""32"": 296, ""33"": 562, ""34"": 570, ""35"": 294, ""36"": 266, ""37"": 320, ""38"": 250, ""39"": 214, ""40"": 730, ""41"": 284, ""42"": 564, ""43"": 724, ""44"": 734, ""45"": 362, ""46"": 600, ""47"": 358, ""48"": 220, ""49"": 644, ""50"": 714, ""51"": 582, ""52"": 704, ""53"": 632, ""54"": 684, ""55"": 708, ""56"": 622, ""57"": 258, ""58"": 280, ""59"": 208, ""60"": 674, ""61"": 254, ""62"": 608, ""63"": 728, ""64"": 556, ""65"": 610, ""66"": 736, ""67"": 646, ""68"": 322, ""69"": 204, ""70"": 276, ""71"": 574, ""72"": 354, ""73"": 248, ""74"": 338, ""75"": 726, ""76"": 652, ""77"": 576, ""78"": 346, ""79"": 286, ""80"": 720, ""81"": 340, ""82"": 706, ""83"": 238, ""84"": 232, ""85"": 618, ""86"": 686, ""87"": 640, ""88"": 348, ""89"": 332, ""90"": 732, ""91"": 224, ""92"": 272, ""93"": 590, ""94"": 626, ""95"": 578, ""96"": 194, ""97"": 584, ""98"": 344, ""99"": 226, ""100"": 244, ""101"": 356, ""102"": 290, ""103"": 198, ""104"": 218, ""105"": 278, ""106"": 616, ""107"": 222, ""108"": 236, ""109"": 572, ""110"": 692, ""111"": 260, ""112"": 596, ""113"": 262, ""114"": 712, ""115"": 656, ""116"": 628, ""117"": 694, ""118"": 318, ""119"": 696, ""120"": 636, ""121"": 592, ""122"": 206, ""123"": 670, ""124"": 328, ""125"": 228, ""126"": 306, ""127"": 634, ""128"": 256, ""129"": 680, ""130"": 698, ""131"": 366, ""132"": 664, ""133"": 624, ""134"": 230, ""135"": 316, ""136"": 566, ""137"": 668, ""138"": 310, ""139"": 560, ""140"": 190, ""141"": 368, ""142"": 350, ""143"": 252, ""144"": 304, ""145"": 620, ""146"": 188, ""147"": 568, ""148"": 308, ""149"": 246, ""150"": 660, ""151"": 312, ""152"": 334, ""153"": 342, ""154"": 192, ""155"": 302, ""156"": 298, ""157"": 682, ""158"": 586, ""159"": 598, ""160"": 282, ""161"": 722, ""162"": 580, ""163"": 710, ""164"": 638, ""165"": 186, ""166"": 268, ""167"": 200, ""168"": 216, ""169"": 288, ""170"": 364, ""171"": 648, ""172"": 558, ""173"": 234, ""174"": 264, ""175"": 270, ""176"": 602, ""177"": 274, ""178"": 702, ""179"": 336, ""180"": 352, ""181"": 688, ""182"": 672, ""183"": 314}",48.4,184
autobraid_21.qasm,30.96,1.6184346735477448,"{""0"": 390, ""1"": 414, ""2"": 128, ""3"": 210, ""4"": 200, ""5"": 370, ""6"": 228, ""7"": 440, ""8"": 448, ""9"": 460, ""10"": 182, ""11"": 126, ""12"": 412, ""13"": 430, ""14"": 136, ""15"": 122, ""16"": 438, ""17"": 198, ""18"": 454, ""19"": 384, ""20"": 404, ""21"": 416, ""22"": 144, ""23"": 382, ""24"": 202, ""25"": 358, ""26"": 420, ""27"": 192, ""28"": 452, ""29"": 456, ""30"": 196, ""31"": 376, ""32"": 398, ""33"": 146, ""34"": 142, ""35"": 204, ""36"": 434, ""37"": 150, ""38"": 422, ""39"": 388, ""40"": 442, ""41"": 354, ""42"": 364, ""43"": 188, ""44"": 408, ""45"": 184, ""46"": 226, ""47"": 140, ""48"": 428, ""49"": 160, ""50"": 410, ""51"": 162, ""52"": 366, ""53"": 124, ""54"": 130, ""55"": 464, ""56"": 392, ""57"": 216, ""58"": 154, ""59"": 462, ""60"": 396, ""61"": 120, ""62"": 378, ""63"": 432, ""64"": 132, ""65"": 194, ""66"": 356, ""67"": 406, ""68"": 186, ""69"": 176, ""70"": 220, ""71"": 394, ""72"": 138, ""73"": 224, ""74"": 424, ""75"": 418, ""76"": 380, ""77"": 466, ""78"": 174, ""79"": 444, ""80"": 218, ""81"": 180, ""82"": 134, ""83"": 148, ""84"": 232, ""85"": 118, ""86"": 426, ""87"": 222, ""88"": 352, ""89"": 212, ""90"": 152, ""91"": 178, ""92"": 164, ""93"": 402, ""94"": 158, ""95"": 386, ""96"": 208, ""97"": 400, ""98"": 436, ""99"": 458, ""100"": 230, ""101"": 168, ""102"": 374, ""103"": 362, ""104"": 450, ""105"": 372, ""106"": 206, ""107"": 446, ""108"": 368, ""109"": 166, ""110"": 360, ""111"": 170, ""112"": 190, ""113"": 172, ""114"": 214}",27.0,59.84,"{""0"": 124, ""1"": 118, ""8"": 122, ""4"": 120, ""6"": 126, ""2"": 128, ""3"": 130, ""7"": 132, ""5"": 134, ""13"": 390, ""24"": 136, ""54"": 452, ""109"": 442, ""80"": 150, ""64"": 170, ""65"": 216, ""91"": 232, ""111"": 412, ""44"": 378, ""70"": 206, ""51"": 354, ""19"": 202, ""99"": 220, ""31"": 178, ""35"": 204, ""49"": 160, ""73"": 224, ""25"": 208, ""61"": 414, ""97"": 222, ""58"": 448, ""45"": 456, ""11"": 416, ""40"": 434, ""88"": 226, ""82"": 450, ""69"": 410, ""48"": 376, ""98"": 146, ""32"": 360, ""10"": 464, ""12"": 228, ""28"": 384, ""15"": 424, ""100"": 446, ""16"": 428, ""62"": 458, ""9"": 200, ""34"": 162, ""94"": 138, ""36"": 210, ""27"": 394, ""21"": 418, ""95"": 218, ""102"": 142, ""63"": 182, ""29"": 460, ""86"": 438, ""43"": 420, ""92"": 386, ""57"": 444, ""41"": 368, ""68"": 148, ""20"": 358, ""96"": 370, ""60"": 398, ""39"": 366, ""85"": 462, ""23"": 144, ""52"": 430, ""84"": 440, ""59"": 432, ""67"": 156, ""112"": 364, ""56"": 188, ""71"": 180, ""113"": 374, ""22"": 388, ""42"": 166, ""101"": 372, ""53"": 196, ""81"": 396, ""47"": 408, ""33"": 198, ""50"": 154, ""18"": 454, ""103"": 380, ""30"": 402, ""75"": 362, ""104"": 352, ""114"": 436, ""66"": 152, ""87"": 356, ""37"": 422, ""77"": 392, ""26"": 190, ""106"": 172, ""55"": 168, ""74"": 194, ""14"": 192, ""90"": 212, ""79"": 404, ""89"": 186, ""108"": 140, ""17"": 400, ""105"": 230, ""83"": 466, ""78"": 214, ""72"": 164, ""107"": 382, ""110"": 184, ""93"": 406, ""76"": 158, ""46"": 176, ""38"": 426}",50.4,29.706666666666667,24.469294168055058,"{""8"": 394, ""1"": 386, ""0"": 412, ""6"": 420, ""4"": 356, ""5"": 380, ""7"": 156, ""3"": 152, ""2"": 382, ""16"": 462, ""20"": 436, ""27"": 352, ""106"": 164, ""89"": 146, ""44"": 208, ""36"": 224, ""24"": 134, ""104"": 230, ""22"": 464, ""62"": 442, ""76"": 414, ""78"": 124, ""111"": 142, ""109"": 456, ""28"": 398, ""96"": 160, ""31"": 430, ""21"": 122, ""73"": 202, ""69"": 206, ""54"": 454, ""68"": 404, ""81"": 372, ""83"": 438, ""71"": 180, ""84"": 144, ""72"": 406, ""43"": 460, ""19"": 192, ""10"": 446, ""29"": 184, ""100"": 158, ""95"": 132, ""56"": 176, ""60"": 182, ""15"": 434, ""53"": 232, ""99"": 150, ""87"": 448, ""14"": 444, ""112"": 354, ""39"": 360, ""58"": 376, ""97"": 140, ""93"": 432, ""49"": 172, ""67"": 126, ""35"": 154, ""114"": 198, ""79"": 118, ""57"": 452, ""90"": 424, ""38"": 188, ""98"": 210, ""45"": 388, ""11"": 390, ""103"": 120, ""63"": 458, ""48"": 190, ""113"": 366, ""66"": 384, ""12"": 214, ""23"": 364, ""94"": 378, ""55"": 168, ""82"": 222, ""70"": 200, ""101"": 174, ""108"": 368, ""59"": 228, ""41"": 218, ""40"": 358, ""26"": 166, ""91"": 196, ""51"": 422, ""25"": 138, ""33"": 426, ""17"": 128, ""65"": 186, ""102"": 418, ""34"": 450, ""74"": 170, ""88"": 212, ""64"": 148, ""9"": 220, ""50"": 130, ""52"": 392, ""110"": 466, ""80"": 428, ""13"": 400, ""30"": 440, ""86"": 402, ""37"": 374, ""107"": 162, ""85"": 226, ""61"": 204, ""75"": 370, ""32"": 178, ""105"": 362, ""18"": 194, ""77"": 396, ""46"": 416, ""92"": 136, ""42"": 410, ""47"": 408}",26.0,60.96,"{""0"": 394, ""1"": 122, ""2"": 156, ""3"": 162, ""4"": 440, ""5"": 432, ""6"": 196, ""7"": 216, ""8"": 222, ""9"": 160, ""10"": 194, ""11"": 418, ""12"": 186, ""13"": 230, ""14"": 126, ""15"": 406, ""16"": 146, ""17"": 382, ""18"": 454, ""19"": 390, ""20"": 136, ""21"": 414, ""22"": 444, ""23"": 464, ""24"": 142, ""25"": 220, ""26"": 450, ""27"": 384, ""28"": 400, ""29"": 124, ""30"": 168, ""31"": 460, ""32"": 354, ""33"": 130, ""34"": 352, ""35"": 362, ""36"": 202, ""37"": 208, ""38"": 128, ""39"": 170, ""40"": 366, ""41"": 368, ""42"": 164, ""43"": 412, ""44"": 148, ""45"": 358, ""46"": 172, ""47"": 140, ""48"": 120, ""49"": 438, ""50"": 422, ""51"": 380, ""52"": 446, ""53"": 190, ""54"": 154, ""55"": 212, ""56"": 206, ""57"": 442, ""58"": 424, ""59"": 378, ""60"": 224, ""61"": 182, ""62"": 226, ""63"": 132, ""64"": 452, ""65"": 210, ""66"": 228, ""67"": 386, ""68"": 364, ""69"": 374, ""70"": 138, ""71"": 178, ""72"": 232, ""73"": 198, ""74"": 376, ""75"": 200, ""76"": 158, ""77"": 192, ""78"": 180, ""79"": 360, ""80"": 434, ""81"": 430, ""82"": 396, ""83"": 436, ""84"": 214, ""85"": 204, ""86"": 370, ""87"": 218, ""88"": 184, ""89"": 402, ""90"": 166, ""91"": 174, ""92"": 188, ""93"": 118, ""94"": 134, ""95"": 372, ""96"": 392, ""97"": 456, ""98"": 448, ""99"": 398, ""100"": 152, ""101"": 388, ""102"": 356, ""103"": 176, ""104"": 150, ""105"": 404, ""106"": 462, ""107"": 408, ""108"": 458, ""109"": 428, ""110"": 410, ""111"": 466, ""112"": 420, ""113"": 426, ""114"": 144}",56.8,116
qft_2.qasm,41.2,0.210221454501152,"{""0"": 20, ""1"": 62, ""2"": 72, ""3"": 68, ""4"": 34, ""5"": 24, ""6"": 26, ""7"": 60, ""8"": 58, ""9"": 30, ""10"": 32, ""11"": 36, ""12"": 66, ""13"": 28, ""14"": 22, ""15"": 74, ""16"": 70, ""17"": 64}",41.0,41.4,"{""0"": 28, ""9"": 66, ""1"": 34, ""8"": 30, ""4"": 64, ""6"": 24, ""12"": 22, ""2"": 68, ""13"": 32, ""3"": 20, ""7"": 60, ""11"": 70, ""14"": 72, ""10"": 26, ""5"": 62, ""17"": 74, ""15"": 58, ""16"": 36}",41.0,41.013333333333335,4.554576091468334,"{""1"": 26, ""0"": 28, ""6"": 24, ""4"": 30, ""5"": 58, ""7"": 66, ""3"": 72, ""2"": 22, ""11"": 32, ""14"": 36, ""12"": 70, ""8"": 34, ""16"": 60, ""15"": 20, ""17"": 64, ""13"": 62, ""10"": 68, ""9"": 74}",40.0,43.76,"{""0"": 34, ""1"": 66, ""2"": 60, ""3"": 74, ""4"": 62, ""5"": 36, ""6"": 30, ""7"": 20, ""8"": 58, ""9"": 26, ""10"": 22, ""11"": 70, ""12"": 68, ""13"": 32, ""14"": 64, ""15"": 24, ""16"": 28, ""17"": 72}",41.4,18
grover_4.qasm,79.68,0.1670515343546867,"{""0"": 8, ""1"": 22, ""2"": 12, ""3"": 26, ""4"": 24, ""5"": 10}",78.4,82.24,"{""0"": 24, ""1"": 8, ""4"": 12, ""2"": 10, ""3"": 26, ""5"": 22}",81.2,80.24,2.5009988993406296,"{""0"": 24, ""4"": 8, ""5"": 10, ""2"": 12, ""3"": 26, ""1"": 22}",78.4,82.88,"{""0"": 24, ""1"": 26, ""2"": 10, ""3"": 12, ""4"": 8, ""5"": 22}",81.4,6
quest_suite_10.qasm,62.52,3.270961852371693,"{""0"": 12, ""1"": 16, ""2"": 28, ""3"": 32, ""4"": 34, ""5"": 10, ""6"": 14}",59.6,68.28,"{""0"": 28, ""1"": 30, ""4"": 10, ""6"": 32, ""2"": 34, ""3"": 16, ""5"": 12}",61.6,63.73333333333333,48.95475021004677,"{""1"": 32, ""6"": 30, ""0"": 34, ""5"": 10, ""4"": 16, ""3"": 28, ""2"": 14}",56.4,70.12,"{""0"": 16, ""1"": 28, ""2"": 14, ""3"": 34, ""4"": 10, ""5"": 32, ""6"": 12}",61.6,8
quest_suite_6.qasm,73.72,4.251698151230812,"{""0"": 34, ""1"": 30, ""2"": 12, ""3"": 32, ""4"": 16, ""5"": 14, ""6"": 10}",70.6,75.48,"{""0"": 34, ""1"": 10, ""4"": 16, ""6"": 28, ""2"": 30, ""3"": 32, ""5"": 14}",69.8,72.68,64.00079850107431,"{""0"": 28, ""6"": 10, ""4"": 32, ""5"": 14, ""2"": 34, ""3"": 12, ""1"": 16}",65.4,73.28,"{""0"": 32, ""1"": 30, ""2"": 28, ""3"": 16, ""4"": 14, ""5"": 34, ""6"": 10}",70.2,8
jku_suite_72.qasm,92.6,0.1998225539922714,"{""0"": 34, ""1"": 12, ""2"": 32, ""3"": 14, ""4"": 30, ""5"": 28, ""6"": 10}",91.0,95.16,"{""0"": 16, ""1"": 32, ""4"": 14, ""6"": 28, ""2"": 34, ""3"": 12, ""5"": 10}",92.0,93.24,1.2792622074484823,"{""1"": 14, ""6"": 16, ""0"": 10, ""5"": 34, ""4"": 32, ""3"": 12, ""2"": 28}",91.0,95.32,"{""0"": 14, ""1"": 32, ""2"": 16, ""3"": 10, ""4"": 28, ""5"": 30, ""6"": 12}",93.6,8
quest_suite_4.qasm,71.2,3.744351778924466,"{""0"": 16, ""1"": 32, ""2"": 10, ""3"": 34, ""4"": 12, ""5"": 28, ""6"": 14}",62.4,71.72,"{""0"": 34, ""1"": 10, ""4"": 16, ""6"": 28, ""2"": 30, ""3"": 32, ""5"": 14}",62.4,68.56,55.909945234656334,"{""1"": 30, ""6"": 28, ""0"": 32, ""5"": 10, ""4"": 34, ""3"": 16, ""2"": 14}",59.6,67.0,"{""0"": 12, ""1"": 34, ""2"": 14, ""3"": 28, ""4"": 30, ""5"": 32, ""6"": 16}",55.4,8
quest_suite_8.qasm,61.64,3.1905794888734818,"{""0"": 34, ""1"": 14, ""2"": 28, ""3"": 16, ""4"": 10, ""5"": 30, ""6"": 32}",58.8,68.32,"{""0"": 16, ""1"": 28, ""4"": 12, ""6"": 34, ""2"": 10, ""3"": 32, ""5"": 30}",63.4,61.946666666666665,47.79609009623528,"{""1"": 10, ""0"": 12, ""6"": 30, ""4"": 34, ""5"": 14, ""3"": 28, ""2"": 16}",52.6,67.8,"{""0"": 10, ""1"": 12, ""2"": 32, ""3"": 34, ""4"": 16, ""5"": 30, ""6"": 14}",63.0,8
quarl_suite_9.qasm,77.68,3.349866184592247,"{""0"": 36, ""1"": 34, ""2"": 14, ""3"": 16, ""4"": 20, ""5"": 40, ""6"": 38, ""7"": 42, ""8"": 18, ""9"": 12}",74.6,83.76,"{""0"": 18, ""1"": 42, ""8"": 40, ""4"": 38, ""6"": 14, ""2"": 20, ""3"": 12, ""7"": 34, ""5"": 36, ""9"": 16}",81.0,78.69333333333333,50.12744174897671,"{""8"": 18, ""1"": 16, ""0"": 14, ""6"": 34, ""4"": 42, ""5"": 36, ""7"": 20, ""3"": 38, ""2"": 40, ""9"": 12}",73.0,79.76,"{""0"": 20, ""1"": 18, ""2"": 16, ""3"": 12, ""4"": 40, ""5"": 38, ""6"": 34, ""7"": 42, ""8"": 14, ""9"": 36}",77.8,10
autobraid_11.qasm,100.2,0.0069689840078353,"{""0"": 18, ""1"": 50, ""2"": 28, ""3"": 46, ""4"": 20, ""5"": 56, ""6"": 24, ""7"": 54, ""8"": 26, ""9"": 48, ""10"": 22, ""11"": 52, ""12"": 16, ""13"": 58}",100.0,100.0,"{""0"": 50, ""9"": 56, ""1"": 20, ""8"": 52, ""4"": 24, ""6"": 28, ""13"": 18, ""2"": 16, ""12"": 58, ""3"": 22, ""7"": 54, ""11"": 26, ""10"": 48, ""5"": 46}",100.0,100.10666666666668,0.1552738919854164,"{""11"": 26, ""12"": 58, ""8"": 52, ""13"": 18, ""7"": 54, ""6"": 28, ""0"": 50, ""4"": 24, ""10"": 16, ""9"": 56, ""5"": 46, ""2"": 20, ""3"": 22, ""1"": 48}",100.0,100.0,"{""0"": 58, ""1"": 16, ""2"": 26, ""3"": 54, ""4"": 22, ""5"": 48, ""6"": 18, ""7"": 20, ""8"": 56, ""9"": 28, ""10"": 50, ""11"": 24, ""12"": 46, ""13"": 52}",100.0,14
grover_5.qasm,78.24,12.497710825502873,"{""0"": 12, ""1"": 10, ""2"": 26, ""3"": 8, ""4"": 24, ""5"": 22}",77.0,78.72,"{""0"": 26, ""1"": 10, ""4"": 24, ""2"": 12, ""3"": 8, ""5"": 22}",76.6,79.08,187.84567254781723,"{""0"": 26, ""5"": 22, ""4"": 8, ""2"": 12, ""3"": 10, ""1"": 24}",76.4,81.2,"{""0"": 22, ""1"": 10, ""2"": 8, ""3"": 12, ""4"": 24, ""5"": 26}",80.6,6
quarl_suite_19.qasm,70.32,4.022593258321285,"{""0"": 18, ""1"": 16, ""2"": 20, ""3"": 42, ""4"": 44, ""5"": 40, ""6"": 24, ""7"": 50, ""8"": 46, ""9"": 22, ""10"": 48}",66.4,73.28,"{""9"": 46, ""0"": 42, ""1"": 16, ""8"": 20, ""4"": 44, ""6"": 40, ""2"": 50, ""3"": 18, ""7"": 24, ""10"": 48, ""5"": 22}",70.6,70.57333333333334,60.7318374440074,"{""8"": 22, ""1"": 16, ""6"": 24, ""7"": 18, ""4"": 46, ""10"": 48, ""0"": 14, ""5"": 44, ""9"": 50, ""3"": 42, ""2"": 20}",66.2,76.56,"{""0"": 24, ""1"": 14, ""2"": 48, ""3"": 42, ""4"": 40, ""5"": 22, ""6"": 50, ""7"": 20, ""8"": 16, ""9"": 44, ""10"": 18}",73.0,12
autobraid_23.qasm,40.24,0.194553430378437,"{""0"": 152, ""1"": 344, ""2"": 182, ""3"": 172, ""4"": 402, ""5"": 338, ""6"": 116, ""7"": 322, ""8"": 166, ""9"": 330, ""10"": 154, ""11"": 150, ""12"": 200, ""13"": 122, ""14"": 336, ""15"": 176, ""16"": 178, ""17"": 348, ""18"": 194, ""19"": 398, ""20"": 380, ""21"": 334, ""22"": 196, ""23"": 404, ""24"": 202, ""25"": 204, ""26"": 372, ""27"": 346, ""28"": 368, ""29"": 198, ""30"": 386, ""31"": 396, ""32"": 168, ""33"": 148, ""34"": 160, ""35"": 354, ""36"": 170, ""37"": 366, ""38"": 134, ""39"": 146, ""40"": 392, ""41"": 120, ""42"": 382, ""43"": 314, ""44"": 128, ""45"": 126, ""46"": 106, ""47"": 384, ""48"": 124, ""49"": 324, ""50"": 110, ""51"": 108, ""52"": 370, ""53"": 142, ""54"": 352, ""55"": 328, ""56"": 318, ""57"": 332, ""58"": 362, ""59"": 350, ""60"": 388, ""61"": 410, ""62"": 356, ""63"": 164, ""64"": 342, ""65"": 184, ""66"": 132, ""67"": 162, ""68"": 112, ""69"": 374, ""70"": 378, ""71"": 188, ""72"": 118, ""73"": 390, ""74"": 408, ""75"": 192, ""76"": 144, ""77"": 104, ""78"": 138, ""79"": 394, ""80"": 140, ""81"": 360, ""82"": 130, ""83"": 340, ""84"": 186, ""85"": 326, ""86"": 156, ""87"": 320, ""88"": 114, ""89"": 158, ""90"": 400, ""91"": 190, ""92"": 358, ""93"": 174, ""94"": 312, ""95"": 310, ""96"": 406, ""97"": 376, ""98"": 364, ""99"": 180, ""100"": 316}",35.4,51.2,"{""0"": 104, ""1"": 106, ""4"": 108, ""6"": 110, ""2"": 112, ""3"": 114, ""5"": 116, ""24"": 192, ""13"": 348, ""54"": 378, ""80"": 140, ""64"": 314, ""65"": 334, ""91"": 138, ""44"": 318, ""70"": 384, ""51"": 370, ""19"": 350, ""99"": 312, ""31"": 408, ""35"": 118, ""49"": 196, ""8"": 396, ""73"": 374, ""25"": 316, ""61"": 328, ""97"": 198, ""58"": 156, ""45"": 368, ""11"": 366, ""40"": 160, ""88"": 338, ""48"": 122, ""69"": 170, ""82"": 326, ""98"": 182, ""32"": 162, ""10"": 410, ""12"": 200, ""28"": 166, ""15"": 324, ""7"": 346, ""100"": 146, ""16"": 404, ""62"": 406, ""9"": 150, ""34"": 190, ""94"": 152, ""36"": 402, ""27"": 342, ""21"": 204, ""95"": 340, ""29"": 354, ""63"": 372, ""86"": 332, ""43"": 164, ""92"": 188, ""57"": 144, ""41"": 168, ""68"": 336, ""20"": 392, ""96"": 130, ""60"": 344, ""39"": 364, ""85"": 388, ""23"": 360, ""52"": 186, ""84"": 376, ""59"": 400, ""67"": 132, ""56"": 174, ""71"": 398, ""22"": 172, ""42"": 176, ""53"": 362, ""81"": 178, ""47"": 358, ""33"": 202, ""50"": 126, ""18"": 136, ""30"": 180, ""75"": 128, ""66"": 380, ""87"": 158, ""37"": 394, ""77"": 386, ""26"": 390, ""74"": 120, ""55"": 194, ""14"": 134, ""90"": 320, ""79"": 184, ""89"": 322, ""17"": 356, ""83"": 330, ""78"": 142, ""72"": 148, ""93"": 310, ""76"": 124, ""46"": 352, ""38"": 382}",40.4,40.266666666666666,2.928998649120331,"{""1"": 104, ""0"": 352, ""6"": 370, ""4"": 114, ""5"": 374, ""3"": 110, ""2"": 116, ""16"": 150, ""20"": 314, ""27"": 362, ""89"": 158, ""44"": 178, ""36"": 346, ""24"": 120, ""22"": 186, ""78"": 204, ""76"": 398, ""62"": 368, ""28"": 152, ""96"": 394, ""31"": 386, ""21"": 176, ""73"": 338, ""69"": 344, ""54"": 202, ""68"": 328, ""81"": 182, ""83"": 142, ""71"": 312, ""84"": 380, ""72"": 162, ""43"": 366, ""19"": 330, ""10"": 138, ""29"": 112, ""100"": 392, ""95"": 334, ""56"": 140, ""60"": 156, ""15"": 180, ""53"": 360, ""99"": 324, ""87"": 128, ""14"": 126, ""8"": 396, ""39"": 388, ""58"": 310, ""97"": 132, ""49"": 372, ""93"": 188, ""35"": 118, ""67"": 190, ""79"": 184, ""57"": 196, ""90"": 356, ""38"": 358, ""98"": 166, ""11"": 198, ""45"": 108, ""63"": 164, ""48"": 336, ""66"": 144, ""12"": 134, ""23"": 194, ""94"": 384, ""55"": 404, ""82"": 342, ""70"": 326, ""59"": 154, ""41"": 354, ""40"": 364, ""26"": 172, ""91"": 130, ""51"": 200, ""25"": 320, ""33"": 376, ""17"": 406, ""65"": 146, ""34"": 170, ""74"": 410, ""88"": 322, ""64"": 382, ""9"": 400, ""50"": 378, ""52"": 174, ""80"": 318, ""13"": 340, ""30"": 106, ""86"": 124, ""37"": 192, ""85"": 408, ""61"": 122, ""75"": 160, ""32"": 350, ""7"": 348, ""77"": 148, ""18"": 316, ""46"": 390, ""92"": 402, ""42"": 136, ""47"": 332}",33.2,54.96,"{""0"": 406, ""1"": 150, ""2"": 196, ""3"": 394, ""4"": 176, ""5"": 316, ""6"": 328, ""7"": 120, ""8"": 350, ""9"": 392, ""10"": 362, ""11"": 126, ""12"": 190, ""13"": 312, ""14"": 170, ""15"": 128, ""16"": 376, ""17"": 146, ""18"": 374, ""19"": 204, ""20"": 140, ""21"": 344, ""22"": 108, ""23"": 400, ""24"": 398, ""25"": 174, ""26"": 134, ""27"": 172, ""28"": 336, ""29"": 354, ""30"": 386, ""31"": 410, ""32"": 352, ""33"": 130, ""34"": 116, ""35"": 402, ""36"": 334, ""37"": 358, ""38"": 320, ""39"": 198, ""40"": 162, ""41"": 390, ""42"": 326, ""43"": 112, ""44"": 314, ""45"": 104, ""46"": 202, ""47"": 182, ""48"": 408, ""49"": 340, ""50"": 156, ""51"": 168, ""52"": 160, ""53"": 148, ""54"": 200, ""55"": 132, ""56"": 184, ""57"": 144, ""58"": 332, ""59"": 366, ""60"": 188, ""61"": 348, ""62"": 324, ""63"": 136, ""64"": 138, ""65"": 114, ""66"": 166, ""67"": 152, ""68"": 110, ""69"": 330, ""70"": 382, ""71"": 106, ""72"": 192, ""73"": 378, ""74"": 342, ""75"": 388, ""76"": 322, ""77"": 154, ""78"": 180, ""79"": 346, ""80"": 370, ""81"": 310, ""82"": 368, ""83"": 186, ""84"": 364, ""85"": 194, ""86"": 356, ""87"": 164, ""88"": 178, ""89"": 124, ""90"": 360, ""91"": 158, ""92"": 122, ""93"": 404, ""94"": 396, ""95"": 318, ""96"": 384, ""97"": 338, ""98"": 142, ""99"": 372, ""100"": 380}",51.2,102
quest_suite_18.qasm,72.92,3.3362113907933235,"{""0"": 44, ""1"": 50, ""2"": 20, ""3"": 48, ""4"": 16, ""5"": 40, ""6"": 22, ""7"": 18, ""8"": 46, ""9"": 24, ""10"": 42, ""11"": 14}",71.0,81.92,"{""0"": 22, ""9"": 24, ""1"": 50, ""8"": 14, ""4"": 42, ""6"": 18, ""2"": 46, ""3"": 20, ""7"": 48, ""11"": 16, ""10"": 44, ""5"": 40}",76.0,74.85333333333334,50.38745953887701,"{""11"": 22, ""8"": 42, ""1"": 40, ""0"": 44, ""6"": 48, ""4"": 24, ""5"": 18, ""7"": 20, ""10"": 16, ""9"": 14, ""3"": 46, ""2"": 50}",66.0,82.72,"{""0"": 24, ""1"": 40, ""2"": 22, ""3"": 42, ""4"": 48, ""5"": 18, ""6"": 46, ""7"": 20, ""8"": 14, ""9"": 50, ""10"": 16, ""11"": 44}",77.6,12
shor_6.qasm,81.84,5.84791452139616,"{""0"": 46, ""1"": 50, ""2"": 24, ""3"": 20, ""4"": 44, ""5"": 18, ""6"": 14, ""7"": 42, ""8"": 48, ""9"": 40, ""10"": 16, ""11"": 22}",80.0,86.28,"{""0"": 46, ""9"": 18, ""1"": 40, ""8"": 16, ""4"": 42, ""6"": 22, ""2"": 20, ""3"": 44, ""7"": 50, ""11"": 14, ""10"": 24, ""5"": 48}",85.0,81.82666666666667,86.96081541478634,"{""8"": 46, ""1"": 44, ""0"": 40, ""6"": 24, ""4"": 22, ""5"": 48, ""7"": 20, ""10"": 18, ""9"": 50, ""3"": 16, ""2"": 42, ""11"": 14}",80.0,85.96,"{""0"": 50, ""1"": 48, ""2"": 40, ""3"": 44, ""4"": 42, ""5"": 14, ""6"": 20, ""7"": 46, ""8"": 16, ""9"": 24, ""10"": 22, ""11"": 18}",84.4,12
jku_suite_60.qasm,88.12,9.352619847655296,"{""0"": 22, ""1"": 12, ""2"": 26, ""3"": 8, ""4"": 10}",87.0,89.4,"{""0"": 8, ""1"": 22, ""4"": 12, ""2"": 26, ""3"": 10}",88.0,89.25333333333333,137.58519982546568,"{""1"": 12, ""0"": 10, ""4"": 8, ""3"": 22, ""2"": 26}",86.4,90.32,"{""0"": 22, ""1"": 26, ""2"": 12, ""3"": 10, ""4"": 24}",88.6,6
autobraid_2.qasm,35.52,0.3761222004890442,"{""0"": 94, ""1"": 298, ""2"": 176, ""3"": 276, ""4"": 326, ""5"": 332, ""6"": 300, ""7"": 346, ""8"": 102, ""9"": 294, ""10"": 290, ""11"": 130, ""12"": 274, ""13"": 322, ""14"": 292, ""15"": 124, ""16"": 308, ""17"": 114, ""18"": 150, ""19"": 98, ""20"": 112, ""21"": 284, ""22"": 348, ""23"": 324, ""24"": 170, ""25"": 342, ""26"": 122, ""27"": 302, ""28"": 314, ""29"": 118, ""30"": 340, ""31"": 152, ""32"": 282, ""33"": 126, ""34"": 166, ""35"": 108, ""36"": 128, ""37"": 320, ""38"": 116, ""39"": 310, ""40"": 296, ""41"": 334, ""42"": 164, ""43"": 344, ""44"": 148, ""45"": 350, ""46"": 134, ""47"": 312, ""48"": 306, ""49"": 318, ""50"": 146, ""51"": 338, ""52"": 278, ""53"": 280, ""54"": 288, ""55"": 328, ""56"": 142, ""57"": 140, ""58"": 304, ""59"": 268, ""60"": 96, ""61"": 104, ""62"": 90, ""63"": 132, ""64"": 136, ""65"": 138, ""66"": 286, ""67"": 154, ""68"": 316, ""69"": 144, ""70"": 336, ""71"": 272, ""72"": 330, ""73"": 160, ""74"": 162, ""75"": 110, ""76"": 100, ""77"": 120, ""78"": 270, ""79"": 158, ""80"": 172, ""81"": 92, ""82"": 354, ""83"": 106, ""84"": 174, ""85"": 168, ""86"": 352, ""87"": 156}",32.0,59.84,"{""0"": 92, ""1"": 94, ""8"": 96, ""4"": 98, ""6"": 90, ""2"": 100, ""3"": 102, ""7"": 104, ""5"": 106, ""13"": 280, ""24"": 308, ""54"": 292, ""80"": 302, ""64"": 276, ""65"": 160, ""44"": 304, ""70"": 124, ""51"": 296, ""19"": 336, ""31"": 318, ""35"": 274, ""49"": 162, ""73"": 342, ""25"": 312, ""61"": 288, ""58"": 344, ""45"": 110, ""11"": 166, ""40"": 350, ""48"": 332, ""69"": 300, ""82"": 348, ""32"": 284, ""10"": 330, ""12"": 310, ""28"": 328, ""15"": 172, ""16"": 144, ""62"": 136, ""9"": 134, ""34"": 130, ""36"": 298, ""27"": 138, ""21"": 268, ""63"": 108, ""86"": 352, ""43"": 148, ""29"": 346, ""57"": 354, ""41"": 152, ""68"": 270, ""20"": 126, ""60"": 324, ""39"": 320, ""85"": 170, ""23"": 314, ""52"": 140, ""84"": 286, ""59"": 290, ""67"": 174, ""56"": 128, ""71"": 122, ""22"": 116, ""42"": 142, ""53"": 326, ""81"": 114, ""47"": 150, ""33"": 294, ""50"": 168, ""18"": 164, ""30"": 334, ""75"": 120, ""66"": 322, ""87"": 158, ""37"": 176, ""77"": 282, ""26"": 340, ""55"": 306, ""74"": 278, ""14"": 316, ""79"": 338, ""17"": 112, ""83"": 146, ""78"": 132, ""72"": 118, ""76"": 154, ""46"": 156, ""38"": 272}",53.0,36.41333333333333,5.710776105523109,"{""8"": 268, ""1"": 168, ""0"": 354, ""6"": 146, ""4"": 352, ""5"": 100, ""7"": 276, ""3"": 320, ""2"": 142, ""16"": 294, ""20"": 334, ""27"": 274, ""44"": 166, ""36"": 300, ""24"": 114, ""22"": 118, ""78"": 176, ""76"": 110, ""62"": 324, ""28"": 150, ""31"": 144, ""21"": 92, ""73"": 318, ""69"": 112, ""54"": 342, ""68"": 152, ""81"": 154, ""83"": 90, ""71"": 308, ""84"": 330, ""72"": 286, ""43"": 96, ""19"": 136, ""10"": 158, ""29"": 332, ""56"": 316, ""60"": 156, ""53"": 280, ""15"": 126, ""87"": 120, ""14"": 140, ""39"": 138, ""58"": 162, ""49"": 134, ""35"": 132, ""67"": 172, ""79"": 312, ""38"": 128, ""57"": 102, ""11"": 298, ""45"": 104, ""63"": 170, ""48"": 130, ""66"": 306, ""12"": 346, ""23"": 350, ""55"": 344, ""82"": 148, ""70"": 336, ""59"": 326, ""41"": 292, ""40"": 328, ""26"": 290, ""51"": 164, ""25"": 340, ""33"": 304, ""17"": 348, ""65"": 302, ""34"": 124, ""74"": 278, ""64"": 122, ""9"": 116, ""50"": 310, ""52"": 282, ""80"": 314, ""13"": 174, ""30"": 270, ""86"": 160, ""37"": 322, ""85"": 106, ""61"": 284, ""75"": 272, ""32"": 98, ""77"": 296, ""18"": 108, ""46"": 288, ""42"": 338, ""47"": 94}",29.6,58.48,"{""0"": 114, ""1"": 352, ""2"": 346, ""3"": 96, ""4"": 156, ""5"": 160, ""6"": 350, ""7"": 336, ""8"": 268, ""9"": 312, ""10"": 148, ""11"": 90, ""12"": 116, ""13"": 278, ""14"": 276, ""15"": 348, ""16"": 126, ""17"": 324, ""18"": 310, ""19"": 272, ""20"": 136, ""21"": 132, ""22"": 176, ""23"": 122, ""24"": 144, ""25"": 102, ""26"": 120, ""27"": 124, ""28"": 138, ""29"": 172, ""30"": 280, ""31"": 118, ""32"": 100, ""33"": 94, ""34"": 330, ""35"": 162, ""36"": 282, ""37"": 92, ""38"": 318, ""39"": 108, ""40"": 306, ""41"": 298, ""42"": 134, ""43"": 292, ""44"": 338, ""45"": 332, ""46"": 98, ""47"": 146, ""48"": 284, ""49"": 316, ""50"": 322, ""51"": 142, ""52"": 150, ""53"": 290, ""54"": 174, ""55"": 334, ""56"": 342, ""57"": 128, ""58"": 270, ""59"": 296, ""60"": 286, ""61"": 110, ""62"": 294, ""63"": 168, ""64"": 300, ""65"": 106, ""66"": 170, ""67"": 308, ""68"": 130, ""69"": 104, ""70"": 164, ""71"": 344, ""72"": 274, ""73"": 304, ""74"": 288, ""75"": 326, ""76"": 112, ""77"": 302, ""78"": 158, ""79"": 154, ""80"": 320, ""81"": 140, ""82"": 328, ""83"": 166, ""84"": 340, ""85"": 354, ""86"": 152, ""87"": 314}",54.8,88
qaoa_4.qasm,48.92,1.2935991361737251,"{""0"": 32, ""1"": 34, ""2"": 38, ""3"": 92, ""4"": 88, ""5"": 52, ""6"": 96, ""7"": 28, ""8"": 90, ""9"": 106, ""10"": 98, ""11"": 46, ""12"": 100, ""13"": 42, ""14"": 50, ""15"": 94, ""16"": 36, ""17"": 44, ""18"": 86, ""19"": 30, ""20"": 48, ""21"": 104, ""22"": 40, ""23"": 82, ""24"": 84}",41.4,62.4,"{""0"": 28, ""1"": 34, ""4"": 32, ""6"": 30, ""2"": 36, ""3"": 38, ""5"": 40, ""17"": 94, ""9"": 48, ""11"": 50, ""8"": 88, ""22"": 46, ""12"": 102, ""13"": 104, ""24"": 82, ""18"": 84, ""20"": 44, ""15"": 86, ""7"": 92, ""21"": 98, ""19"": 100, ""14"": 90, ""23"": 96, ""16"": 42, ""10"": 52}",57.4,49.49333333333333,19.63077638298273,"{""1"": 106, ""0"": 92, ""6"": 46, ""4"": 50, ""5"": 30, ""3"": 100, ""2"": 40, ""16"": 104, ""11"": 28, ""12"": 86, ""20"": 82, ""22"": 38, ""14"": 36, ""8"": 44, ""15"": 42, ""19"": 96, ""17"": 84, ""13"": 90, ""23"": 52, ""10"": 88, ""7"": 94, ""18"": 102, ""21"": 34, ""9"": 32, ""24"": 98}",43.6,61.68,"{""0"": 102, ""1"": 98, ""2"": 46, ""3"": 48, ""4"": 88, ""5"": 28, ""6"": 100, ""7"": 86, ""8"": 52, ""9"": 84, ""10"": 106, ""11"": 36, ""12"": 94, ""13"": 82, ""14"": 92, ""15"": 32, ""16"": 44, ""17"": 96, ""18"": 104, ""19"": 90, ""20"": 30, ""21"": 40, ""22"": 50, ""23"": 42, ""24"": 38}",59.4,26
jku_suite_71.qasm,53.44,2.562719148397446,"{""0"": 46, ""1"": 24, ""2"": 16, ""3"": 48, ""4"": 26, ""5"": 56, ""6"": 58, ""7"": 54, ""8"": 28, ""9"": 52, ""10"": 18, ""11"": 50, ""12"": 22, ""13"": 20}",49.2,59.88,"{""0"": 58, ""9"": 52, ""1"": 16, ""8"": 24, ""4"": 28, ""6"": 22, ""12"": 56, ""2"": 18, ""3"": 54, ""7"": 50, ""11"": 46, ""10"": 20, ""5"": 26, ""13"": 48}",57.2,53.18666666666667,38.75762711465359,"{""11"": 48, ""12"": 58, ""8"": 26, ""6"": 56, ""7"": 22, ""5"": 28, ""4"": 52, ""10"": 18, ""13"": 50, ""0"": 46, ""9"": 54, ""2"": 16, ""3"": 20, ""1"": 24}",45.8,60.24,"{""0"": 50, ""1"": 22, ""2"": 46, ""3"": 16, ""4"": 54, ""5"": 18, ""6"": 48, ""7"": 24, ""8"": 58, ""9"": 20, ""10"": 28, ""11"": 52, ""12"": 56, ""13"": 26}",55.6,14
qft_6.qasm,65.4,0.0173256069421768,"{""0"": 28, ""1"": 14, ""2"": 34, ""3"": 12, ""4"": 10, ""5"": 16, ""6"": 30, ""7"": 32}",64.0,65.68,"{""0"": 10, ""1"": 16, ""4"": 34, ""6"": 12, ""2"": 32, ""7"": 30, ""3"": 28, ""5"": 14}",64.4,65.37333333333333,0.1469419226050377,"{""6"": 10, ""7"": 12, ""0"": 28, ""5"": 34, ""4"": 32, ""2"": 16, ""3"": 14, ""1"": 30}",64.2,69.0,"{""0"": 34, ""1"": 12, ""2"": 32, ""3"": 16, ""4"": 10, ""5"": 14, ""6"": 30, ""7"": 28}",66.0,8
jku_suite_6.qasm,54.56,3.711705821752548,"{""0"": 50, ""1"": 22, ""2"": 20, ""3"": 18, ""4"": 16, ""5"": 46, ""6"": 44, ""7"": 42, ""8"": 40, ""9"": 48, ""10"": 14}",48.8,62.04,"{""0"": 42, ""9"": 46, ""1"": 16, ""8"": 20, ""4"": 44, ""6"": 40, ""2"": 50, ""7"": 24, ""3"": 18, ""10"": 48, ""5"": 22}",58.4,53.41333333333333,55.61994868516922,"{""8"": 22, ""1"": 20, ""0"": 18, ""6"": 42, ""5"": 40, ""10"": 50, ""7"": 44, ""4"": 48, ""9"": 16, ""3"": 24, ""2"": 46}",46.6,55.12,"{""0"": 44, ""1"": 20, ""2"": 24, ""3"": 48, ""4"": 46, ""5"": 14, ""6"": 40, ""7"": 16, ""8"": 42, ""9"": 50, ""10"": 18}",49.2,12
quarl_suite_24.qasm,83.68,4.197068171203137,"{""0"": 12, ""1"": 16, ""2"": 10, ""3"": 34, ""4"": 30, ""5"": 32, ""6"": 14, ""7"": 28}",79.0,88.0,"{""0"": 28, ""1"": 14, ""4"": 32, ""6"": 10, ""2"": 12, ""3"": 34, ""7"": 30, ""5"": 16}",82.6,80.36,62.90771485865116,"{""1"": 12, ""6"": 34, ""0"": 28, ""4"": 32, ""5"": 16, ""7"": 10, ""3"": 14, ""2"": 30}",76.8,85.88,"{""0"": 28, ""1"": 14, ""2"": 12, ""3"": 34, ""4"": 30, ""5"": 16, ""6"": 32, ""7"": 10}",77.4,8
quest_suite_24.qasm,102.0,0.0020544186234474,"{""0"": 16, ""1"": 18, ""2"": 6, ""3"": 8}",102.0,102.0,"{""0"": 16, ""1"": 18, ""2"": 8, ""3"": 6}",102.0,102.0,0.0334890484809875,"{""1"": 18, ""0"": 16, ""3"": 8, ""2"": 6}",102.0,102.0,"{""0"": 18, ""1"": 16, ""2"": 6, ""3"": 8}",102.0,4
qft_9.qasm,23.04,0.0813484191894531,"{""0"": 54, ""1"": 24, ""2"": 64, ""3"": 58, ""4"": 32, ""5"": 26, ""6"": 30, ""7"": 62, ""8"": 28, ""9"": 22, ""10"": 18, ""11"": 56, ""12"": 66, ""13"": 60, ""14"": 20, ""15"": 52}",23.0,23.04,"{""0"": 20, ""9"": 62, ""1"": 18, ""8"": 52, ""4"": 32, ""6"": 58, ""12"": 64, ""2"": 60, ""13"": 66, ""3"": 54, ""7"": 30, ""11"": 22, ""14"": 26, ""10"": 28, ""5"": 56, ""15"": 24}",23.0,22.866666666666667,0.9418817088007928,"{""11"": 20, ""14"": 66, ""12"": 64, ""8"": 54, ""1"": 22, ""0"": 62, ""6"": 60, ""4"": 58, ""5"": 28, ""7"": 18, ""10"": 56, ""9"": 30, ""13"": 26, ""3"": 24, ""2"": 32, ""15"": 52}",22.0,23.68,"{""0"": 66, ""1"": 30, ""2"": 64, ""3"": 62, ""4"": 28, ""5"": 20, ""6"": 52, ""7"": 24, ""8"": 60, ""9"": 32, ""10"": 18, ""11"": 56, ""12"": 58, ""13"": 26, ""14"": 54, ""15"": 22}",22.0,16
jku_suite_48.qasm,97.48,0.0087307021021842,"{""0"": 24, ""1"": 10, ""2"": 8, ""3"": 26, ""4"": 12}",97.0,98.72,"{""0"": 8, ""1"": 26, ""4"": 10, ""2"": 12, ""3"": 24}",97.2,97.36,0.4570815414190292,"{""1"": 12, ""0"": 24, ""4"": 10, ""3"": 22, ""2"": 26}",97.0,98.0,"{""0"": 10, ""1"": 24, ""2"": 22, ""3"": 26, ""4"": 12}",97.0,6
jku_suite_38.qasm,64.76,4.39186679571867,"{""0"": 12, ""1"": 34, ""2"": 30, ""3"": 32, ""4"": 10, ""5"": 16, ""6"": 14}",58.4,61.52,"{""0"": 32, ""1"": 10, ""4"": 14, ""6"": 28, ""2"": 34, ""3"": 16, ""5"": 30}",58.2,64.54666666666667,65.62357819080353,"{""1"": 34, ""6"": 14, ""0"": 10, ""5"": 16, ""4"": 30, ""3"": 12, ""2"": 28}",59.0,64.68,"{""0"": 16, ""1"": 32, ""2"": 34, ""3"": 14, ""4"": 10, ""5"": 28, ""6"": 12}",58.8,8
jku_suite_87.qasm,42.16,2.99582377076149,"{""0"": 22, ""1"": 64, ""2"": 62, ""3"": 24, ""4"": 58, ""5"": 30, ""6"": 52, ""7"": 66, ""8"": 18, ""9"": 56, ""10"": 54, ""11"": 28, ""12"": 20, ""13"": 60, ""14"": 26, ""15"": 32}",39.4,50.56,"{""0"": 56, ""9"": 24, ""1"": 54, ""8"": 22, ""4"": 62, ""6"": 28, ""12"": 32, ""2"": 20, ""13"": 26, ""3"": 30, ""7"": 18, ""11"": 66, ""14"": 60, ""10"": 64, ""5"": 52, ""15"": 58}",44.4,43.36,45.39817818254232,"{""11"": 66, ""14"": 56, ""12"": 20, ""8"": 22, ""1"": 30, ""0"": 18, ""6"": 32, ""4"": 24, ""5"": 60, ""7"": 64, ""10"": 52, ""9"": 54, ""13"": 58, ""3"": 26, ""2"": 28, ""15"": 62}",37.4,48.72,"{""0"": 22, ""1"": 32, ""2"": 18, ""3"": 30, ""4"": 52, ""5"": 62, ""6"": 60, ""7"": 58, ""8"": 66, ""9"": 56, ""10"": 24, ""11"": 64, ""12"": 28, ""13"": 26, ""14"": 20, ""15"": 54}",44.8,16
quarl_suite_8.qasm,84.72,4.4308360978960994,"{""0"": 14, ""1"": 32, ""2"": 28, ""3"": 16, ""4"": 30, ""5"": 34, ""6"": 10, ""7"": 12}",81.0,89.16,"{""0"": 34, ""1"": 12, ""4"": 16, ""6"": 10, ""2"": 30, ""3"": 28, ""7"": 32, ""5"": 14}",87.0,84.46666666666667,65.22241950035095,"{""1"": 14, ""6"": 12, ""7"": 34, ""4"": 16, ""5"": 28, ""0"": 32, ""3"": 10, ""2"": 30}",81.0,86.32,"{""0"": 30, ""1"": 32, ""2"": 14, ""3"": 10, ""4"": 16, ""5"": 12, ""6"": 34, ""7"": 28}",80.6,8
jku_suite_20.qasm,64.44,4.633885681629181,"{""0"": 16, ""1"": 42, ""2"": 12, ""3"": 14, ""4"": 38, ""5"": 18, ""6"": 36, ""7"": 34, ""8"": 40}",59.2,68.16,"{""0"": 16, ""1"": 12, ""8"": 42, ""4"": 20, ""6"": 38, ""2"": 36, ""3"": 40, ""7"": 18, ""5"": 34}",64.4,64.61333333333333,69.36931179463863,"{""8"": 12, ""1"": 34, ""0"": 18, ""7"": 20, ""4"": 14, ""5"": 36, ""6"": 16, ""3"": 40, ""2"": 42}",60.6,68.48,"{""0"": 18, ""1"": 12, ""2"": 38, ""3"": 40, ""4"": 36, ""5"": 20, ""6"": 42, ""7"": 14, ""8"": 34}",59.2,10
autobraid_24.qasm,48.52,1.1767655298113824,"{""0"": 106, ""1"": 88, ""2"": 50, ""3"": 42, ""4"": 114, ""5"": 44, ""6"": 92, ""7"": 52, ""8"": 32, ""9"": 54, ""10"": 108, ""11"": 90, ""12"": 110, ""13"": 94, ""14"": 96, ""15"": 102, ""16"": 112, ""17"": 34, ""18"": 56, ""19"": 104, ""20"": 40, ""21"": 48, ""22"": 36, ""23"": 100, ""24"": 98, ""25"": 38, ""26"": 46}",41.0,63.32,"{""0"": 34, ""1"": 32, ""4"": 36, ""6"": 30, ""2"": 38, ""3"": 40, ""7"": 42, ""5"": 88, ""12"": 102, ""13"": 54, ""24"": 56, ""15"": 44, ""26"": 112, ""14"": 96, ""23"": 106, ""19"": 92, ""16"": 98, ""9"": 52, ""17"": 94, ""8"": 114, ""22"": 90, ""25"": 50, ""21"": 108, ""11"": 110, ""18"": 46, ""20"": 48, ""10"": 100}",57.8,47.52,17.880154587328434,"{""1"": 54, ""0"": 56, ""6"": 88, ""4"": 42, ""5"": 98, ""3"": 36, ""2"": 102, ""11"": 112, ""16"": 50, ""20"": 92, ""19"": 46, ""10"": 106, ""9"": 90, ""24"": 114, ""12"": 48, ""22"": 30, ""15"": 52, ""13"": 100, ""23"": 38, ""21"": 104, ""14"": 96, ""8"": 108, ""7"": 40, ""18"": 34, ""26"": 44, ""25"": 94, ""17"": 32}",44.2,61.6,"{""0"": 30, ""1"": 100, ""2"": 112, ""3"": 34, ""4"": 98, ""5"": 36, ""6"": 52, ""7"": 94, ""8"": 114, ""9"": 90, ""10"": 38, ""11"": 88, ""12"": 104, ""13"": 54, ""14"": 102, ""15"": 44, ""16"": 50, ""17"": 42, ""18"": 32, ""19"": 40, ""20"": 96, ""21"": 108, ""22"": 106, ""23"": 48, ""24"": 56, ""25"": 92, ""26"": 46}",55.8,28
autobraid_26.qasm,39.12,0.3112822949886322,"{""0"": 480, ""1"": 468, ""2"": 594, ""3"": 202, ""4"": 172, ""5"": 552, ""6"": 294, ""7"": 258, ""8"": 558, ""9"": 546, ""10"": 284, ""11"": 192, ""12"": 586, ""13"": 216, ""14"": 290, ""15"": 562, ""16"": 272, ""17"": 182, ""18"": 276, ""19"": 574, ""20"": 234, ""21"": 466, ""22"": 220, ""23"": 198, ""24"": 478, ""25"": 186, ""26"": 296, ""27"": 206, ""28"": 514, ""29"": 590, ""30"": 212, ""31"": 274, ""32"": 568, ""33"": 152, ""34"": 286, ""35"": 260, ""36"": 204, ""37"": 162, ""38"": 150, ""39"": 262, ""40"": 208, ""41"": 176, ""42"": 584, ""43"": 512, ""44"": 474, ""45"": 530, ""46"": 482, ""47"": 576, ""48"": 232, ""49"": 200, ""50"": 268, ""51"": 184, ""52"": 244, ""53"": 178, ""54"": 592, ""55"": 256, ""56"": 572, ""57"": 494, ""58"": 270, ""59"": 224, ""60"": 488, ""61"": 166, ""62"": 566, ""63"": 534, ""64"": 578, ""65"": 168, ""66"": 536, ""67"": 476, ""68"": 154, ""69"": 240, ""70"": 222, ""71"": 508, ""72"": 450, ""73"": 246, ""74"": 580, ""75"": 156, ""76"": 170, ""77"": 588, ""78"": 500, ""79"": 498, ""80"": 556, ""81"": 462, ""82"": 542, ""83"": 502, ""84"": 548, ""85"": 280, ""86"": 528, ""87"": 486, ""88"": 518, ""89"": 180, ""90"": 538, ""91"": 196, ""92"": 484, ""93"": 264, ""94"": 160, ""95"": 236, ""96"": 248, ""97"": 250, ""98"": 490, ""99"": 582, ""100"": 266, ""101"": 504, ""102"": 278, ""103"": 550, ""104"": 238, ""105"": 218, ""106"": 456, ""107"": 210, ""108"": 214, ""109"": 464, ""110"": 544, ""111"": 292, ""112"": 522, ""113"": 564, ""114"": 226, ""115"": 526, ""116"": 452, ""117"": 190, ""118"": 520, ""119"": 506, ""120"": 516, ""121"": 510, ""122"": 532, ""123"": 472, ""124"": 470, ""125"": 458, ""126"": 496, ""127"": 454, ""128"": 560, ""129"": 524, ""130"": 492, ""131"": 448, ""132"": 540, ""133"": 252, ""134"": 164, ""135"": 254, ""136"": 288, ""137"": 460, ""138"": 230, ""139"": 194, ""140"": 242, ""141"": 174, ""142"": 188, ""143"": 158, ""144"": 554, ""145"": 282, ""146"": 228}",35.8,57.96,"{""0"": 154, ""9"": 152, ""1"": 158, ""8"": 150, ""4"": 156, ""6"": 160, ""12"": 162, ""2"": 164, ""3"": 166, ""7"": 168, ""10"": 170, ""5"": 172, ""143"": 508, ""13"": 548, ""24"": 288, ""131"": 528, ""54"": 522, ""109"": 480, ""80"": 228, ""64"": 174, ""144"": 550, ""65"": 290, ""133"": 540, ""91"": 272, ""136"": 474, ""111"": 462, ""70"": 276, ""44"": 512, ""51"": 240, ""19"": 274, ""99"": 180, ""31"": 190, ""35"": 464, ""126"": 520, ""119"": 558, ""49"": 484, ""73"": 284, ""25"": 536, ""61"": 516, ""97"": 456, ""58"": 202, ""45"": 458, ""11"": 188, ""40"": 186, ""88"": 248, ""48"": 452, ""82"": 524, ""69"": 216, ""98"": 258, ""32"": 584, ""145"": 454, ""142"": 264, ""28"": 200, ""15"": 580, ""125"": 570, ""134"": 262, ""128"": 280, ""118"": 582, ""100"": 238, ""62"": 196, ""16"": 542, ""140"": 482, ""34"": 568, ""36"": 546, ""94"": 588, ""27"": 486, ""21"": 184, ""95"": 552, ""102"": 538, ""29"": 586, ""86"": 448, ""43"": 514, ""63"": 502, ""92"": 554, ""57"": 192, ""41"": 194, ""68"": 530, ""20"": 222, ""96"": 296, ""60"": 562, ""39"": 592, ""85"": 574, ""137"": 268, ""117"": 506, ""23"": 212, ""52"": 494, ""121"": 450, ""141"": 226, ""59"": 252, ""84"": 472, ""146"": 572, ""112"": 220, ""67"": 208, ""56"": 534, ""71"": 178, ""113"": 282, ""22"": 230, ""42"": 176, ""101"": 492, ""53"": 266, ""81"": 278, ""47"": 460, ""33"": 576, ""50"": 526, ""18"": 256, ""103"": 488, ""116"": 286, ""30"": 490, ""139"": 260, ""75"": 590, ""115"": 578, ""104"": 198, ""114"": 246, ""66"": 510, ""87"": 560, ""37"": 218, ""77"": 504, ""26"": 566, ""106"": 270, ""55"": 594, ""74"": 254, ""14"": 468, ""90"": 518, ""132"": 244, ""135"": 182, ""79"": 470, ""89"": 292, ""108"": 232, ""127"": 532, ""17"": 294, ""105"": 496, ""120"": 466, ""83"": 236, ""78"": 224, ""124"": 242, ""123"": 234, ""122"": 544, ""138"": 214, ""129"": 210, ""72"": 500, ""107"": 206, ""130"": 476, ""93"": 564, ""110"": 478, ""76"": 250, ""46"": 498, ""38"": 204}",54.4,36.84,4.703914023935795,"{""11"": 158, ""14"": 468, ""12"": 164, ""8"": 530, ""1"": 552, ""0"": 536, ""6"": 160, ""4"": 216, ""5"": 520, ""7"": 168, ""10"": 170, ""9"": 172, ""13"": 188, ""3"": 176, ""2"": 178, ""115"": 478, ""16"": 288, ""131"": 526, ""20"": 240, ""27"": 570, ""106"": 242, ""89"": 192, ""36"": 488, ""44"": 576, ""125"": 212, ""24"": 268, ""104"": 276, ""135"": 266, ""22"": 284, ""78"": 230, ""62"": 204, ""76"": 236, ""111"": 564, ""109"": 516, ""28"": 270, ""96"": 548, ""31"": 484, ""21"": 584, ""73"": 208, ""69"": 466, ""120"": 290, ""54"": 282, ""68"": 250, ""143"": 560, ""81"": 528, ""83"": 162, ""71"": 258, ""84"": 448, ""72"": 210, ""43"": 198, ""19"": 572, ""145"": 458, ""29"": 244, ""100"": 278, ""95"": 222, ""56"": 580, ""60"": 262, ""15"": 214, ""134"": 510, ""53"": 486, ""99"": 218, ""144"": 234, ""139"": 456, ""87"": 150, ""127"": 588, ""119"": 292, ""112"": 152, ""39"": 182, ""58"": 594, ""97"": 196, ""93"": 568, ""49"": 582, ""126"": 200, ""35"": 206, ""67"": 238, ""114"": 226, ""79"": 556, ""133"": 546, ""123"": 498, ""38"": 502, ""90"": 252, ""57"": 286, ""98"": 534, ""45"": 452, ""103"": 566, ""146"": 454, ""63"": 494, ""132"": 476, ""48"": 174, ""113"": 272, ""137"": 500, ""66"": 558, ""122"": 462, ""23"": 264, ""94"": 544, ""129"": 574, ""82"": 184, ""55"": 186, ""116"": 504, ""70"": 550, ""101"": 524, ""108"": 542, ""140"": 274, ""59"": 220, ""130"": 492, ""40"": 506, ""41"": 512, ""26"": 532, ""142"": 154, ""91"": 450, ""51"": 280, ""25"": 480, ""33"": 464, ""17"": 460, ""141"": 586, ""65"": 474, ""102"": 590, ""136"": 260, ""118"": 518, ""117"": 294, ""34"": 256, ""74"": 562, ""88"": 472, ""64"": 490, ""124"": 166, ""50"": 496, ""52"": 156, ""80"": 232, ""110"": 508, ""30"": 540, ""86"": 194, ""37"": 482, ""107"": 180, ""85"": 228, ""75"": 578, ""61"": 248, ""32"": 470, ""105"": 254, ""18"": 522, ""77"": 246, ""138"": 190, ""46"": 538, ""92"": 514, ""128"": 296, ""42"": 592, ""47"": 224, ""121"": 202}",32.8,55.92,"{""0"": 454, ""1"": 202, ""2"": 166, ""3"": 482, ""4"": 234, ""5"": 172, ""6"": 594, ""7"": 536, ""8"": 170, ""9"": 504, ""10"": 266, ""11"": 548, ""12"": 554, ""13"": 282, ""14"": 574, ""15"": 560, ""16"": 206, ""17"": 174, ""18"": 156, ""19"": 284, ""20"": 450, ""21"": 520, ""22"": 488, ""23"": 164, ""24"": 522, ""25"": 486, ""26"": 186, ""27"": 526, ""28"": 524, ""29"": 226, ""30"": 564, ""31"": 222, ""32"": 500, ""33"": 570, ""34"": 274, ""35"": 576, ""36"": 502, ""37"": 582, ""38"": 558, ""39"": 216, ""40"": 290, ""41"": 532, ""42"": 550, ""43"": 538, ""44"": 496, ""45"": 528, ""46"": 254, ""47"": 154, ""48"": 184, ""49"": 456, ""50"": 198, ""51"": 552, ""52"": 250, ""53"": 248, ""54"": 204, ""55"": 478, ""56"": 224, ""57"": 452, ""58"": 448, ""59"": 476, ""60"": 158, ""61"": 160, ""62"": 252, ""63"": 152, ""64"": 542, ""65"": 200, ""66"": 296, ""67"": 240, ""68"": 470, ""69"": 276, ""70"": 270, ""71"": 190, ""72"": 530, ""73"": 256, ""74"": 268, ""75"": 196, ""76"": 218, ""77"": 292, ""78"": 572, ""79"": 230, ""80"": 208, ""81"": 280, ""82"": 480, ""83"": 460, ""84"": 472, ""85"": 232, ""86"": 592, ""87"": 262, ""88"": 210, ""89"": 498, ""90"": 162, ""91"": 214, ""92"": 458, ""93"": 182, ""94"": 150, ""95"": 568, ""96"": 510, ""97"": 236, ""98"": 462, ""99"": 578, ""100"": 514, ""101"": 566, ""102"": 168, ""103"": 294, ""104"": 260, ""105"": 192, ""106"": 272, ""107"": 562, ""108"": 244, ""109"": 176, ""110"": 546, ""111"": 584, ""112"": 494, ""113"": 178, ""114"": 544, ""115"": 516, ""116"": 220, ""117"": 506, ""118"": 580, ""119"": 278, ""120"": 508, ""121"": 484, ""122"": 188, ""123"": 492, ""124"": 286, ""125"": 194, ""126"": 590, ""127"": 464, ""128"": 212, ""129"": 238, ""130"": 246, ""131"": 518, ""132"": 258, ""133"": 180, ""134"": 586, ""135"": 556, ""136"": 490, ""137"": 264, ""138"": 540, ""139"": 228, ""140"": 474, ""141"": 534, ""142"": 242, ""143"": 468, ""144"": 588, ""145"": 288, ""146"": 466}",54.8,148
quarl_suite_15.qasm,59.88,1.202574543654919,"{""0"": 54, ""1"": 26, ""2"": 28, ""3"": 20, ""4"": 16, ""5"": 58, ""6"": 24, ""7"": 50, ""8"": 18, ""9"": 22, ""10"": 48, ""11"": 46, ""12"": 56, ""13"": 52}",54.6,69.44,"{""0"": 16, ""9"": 28, ""1"": 56, ""8"": 20, ""4"": 58, ""6"": 18, ""13"": 48, ""12"": 26, ""2"": 24, ""3"": 54, ""7"": 52, ""11"": 50, ""10"": 46, ""5"": 22}",67.4,58.82666666666667,18.201747335493565,"{""11"": 24, ""12"": 22, ""8"": 28, ""0"": 46, ""13"": 48, ""4"": 58, ""5"": 16, ""10"": 54, ""7"": 26, ""9"": 52, ""6"": 50, ""2"": 18, ""3"": 56, ""1"": 20}",51.6,71.48,"{""0"": 16, ""1"": 54, ""2"": 56, ""3"": 48, ""4"": 20, ""5"": 24, ""6"": 26, ""7"": 58, ""8"": 46, ""9"": 52, ""10"": 18, ""11"": 22, ""12"": 50, ""13"": 28}",65.8,14
shor_3.qasm,82.92,10.456580641865733,"{""0"": 50, ""1"": 14, ""2"": 22, ""3"": 44, ""4"": 40, ""5"": 46, ""6"": 16, ""7"": 42, ""8"": 24, ""9"": 20, ""10"": 18, ""11"": 48}",81.0,87.28,"{""0"": 42, ""9"": 20, ""1"": 24, ""8"": 40, ""4"": 50, ""6"": 44, ""2"": 16, ""3"": 14, ""7"": 48, ""11"": 18, ""10"": 22, ""5"": 46}",83.4,84.05333333333333,142.7845873683691,"{""11"": 44, ""8"": 14, ""0"": 40, ""7"": 24, ""5"": 48, ""10"": 20, ""6"": 16, ""4"": 50, ""9"": 42, ""2"": 18, ""3"": 46, ""1"": 22}",80.8,85.6,"{""0"": 14, ""1"": 44, ""2"": 46, ""3"": 50, ""4"": 22, ""5"": 42, ""6"": 18, ""7"": 20, ""8"": 24, ""9"": 40, ""10"": 48, ""11"": 16}",82.8,12
jku_suite_25.qasm,56.6,3.6619745925068856,"{""0"": 18, ""1"": 28, ""2"": 50, ""3"": 16, ""4"": 20, ""5"": 56, ""6"": 24, ""7"": 52, ""8"": 22, ""9"": 46, ""10"": 26, ""11"": 58, ""12"": 48}",54.2,64.24,"{""0"": 16, ""9"": 28, ""1"": 56, ""8"": 20, ""4"": 58, ""6"": 18, ""12"": 26, ""2"": 24, ""3"": 54, ""7"": 52, ""11"": 50, ""10"": 46, ""5"": 22}",63.6,56.96,54.78828719258309,"{""11"": 20, ""12"": 54, ""8"": 16, ""1"": 24, ""0"": 46, ""7"": 28, ""4"": 48, ""5"": 26, ""6"": 58, ""10"": 56, ""9"": 52, ""3"": 18, ""2"": 50}",51.0,63.76,"{""0"": 24, ""1"": 20, ""2"": 26, ""3"": 58, ""4"": 16, ""5"": 28, ""6"": 52, ""7"": 46, ""8"": 56, ""9"": 54, ""10"": 22, ""11"": 50, ""12"": 18}",55.6,14
