file_names,dascot_routing_avg,dascot_map_time_avg,dascot_best_mapping,dascot_best_mapping_route_avg,similarity_routing_avg,similarity_best_mapping,similarity_best_mapping_route_avg,bootstrapped_routing_avg,bootstrapped_map_time_avg,bootstrapped_best_mapping,bootstrapped_best_mapping_route_avg,random_routing_avg,random_best_mapping,random_best_mapping_route_avg,qubit_numbers
quarl_suite_11.qasm,27.2,0.4359334588050842,"{""0"": 22, ""1"": 26, ""2"": 24, ""3"": 8, ""4"": 12, ""5"": 10}",26.0,28.4,"{""5"": 26, ""1"": 24, ""2"": 8, ""3"": 12, ""4"": 22, ""0"": 10}",26.0,27.866666666666667,6.559964690357447,"{""3"": 22, ""0"": 8, ""2"": 24, ""4"": 26, ""1"": 12, ""5"": 10}",25.8,28.52,"{""0"": 26, ""1"": 8, ""2"": 24, ""3"": 12, ""4"": 10, ""5"": 22}",26.6,6
quarl_suite_13.qasm,20.4,0.2026486799120903,"{""0"": 18, ""1"": 16, ""2"": 48, ""3"": 20, ""4"": 14, ""5"": 24, ""6"": 46, ""7"": 44, ""8"": 42, ""9"": 50, ""10"": 40, ""11"": 22}",17.6,20.76,"{""8"": 22, ""5"": 40, ""1"": 50, ""9"": 18, ""2"": 20, ""3"": 46, ""4"": 48, ""10"": 14, ""6"": 42, ""7"": 24, ""0"": 44, ""11"": 16}",19.0,19.16,3.0456924997270107,"{""0"": 44, ""3"": 24, ""6"": 18, ""8"": 46, ""9"": 14, ""2"": 16, ""4"": 22, ""10"": 20, ""1"": 48, ""5"": 40, ""7"": 50, ""11"": 42}",15.0,22.56,"{""0"": 16, ""1"": 18, ""2"": 48, ""3"": 14, ""4"": 46, ""5"": 50, ""6"": 44, ""7"": 42, ""8"": 24, ""9"": 22, ""10"": 20, ""11"": 40}",20.8,12
autobraid_23.qasm,16.56,0.2070474877953529,"{""0"": 84, ""1"": 42, ""2"": 76, ""3"": 28, ""4"": 74, ""5"": 70, ""6"": 26, ""7"": 24, ""8"": 34, ""9"": 30, ""10"": 72, ""11"": 38, ""12"": 82, ""13"": 44, ""14"": 32, ""15"": 36, ""16"": 90, ""17"": 78, ""18"": 40, ""19"": 80, ""20"": 88}",14.6,19.12,"{""8"": 30, ""5"": 32, ""1"": 34, ""9"": 36, ""2"": 28, ""3"": 26, ""4"": 24, ""10"": 72, ""6"": 74, ""7"": 70, ""0"": 76, ""12"": 38, ""17"": 78, ""14"": 86, ""11"": 80, ""16"": 90, ""19"": 88, ""20"": 84, ""13"": 42, ""18"": 40, ""15"": 82}",17.0,14.746666666666666,3.1177897304296494,"{""0"": 42, ""3"": 82, ""6"": 26, ""8"": 76, ""9"": 28, ""2"": 36, ""4"": 72, ""10"": 30, ""1"": 32, ""5"": 24, ""7"": 70, ""17"": 44, ""16"": 88, ""14"": 90, ""19"": 34, ""12"": 38, ""11"": 80, ""13"": 86, ""20"": 84, ""18"": 74, ""15"": 78}",11.6,18.56,"{""0"": 38, ""1"": 70, ""2"": 90, ""3"": 86, ""4"": 24, ""5"": 28, ""6"": 74, ""7"": 72, ""8"": 36, ""9"": 88, ""10"": 82, ""11"": 34, ""12"": 80, ""13"": 44, ""14"": 30, ""15"": 40, ""16"": 42, ""17"": 84, ""18"": 26, ""19"": 76, ""20"": 78}",17.4,22
autobraid_19.qasm,11.08,0.0469046674668788,"{""0"": 192, ""1"": 188, ""2"": 180, ""3"": 88, ""4"": 96, ""5"": 190, ""6"": 168, ""7"": 68, ""8"": 86, ""9"": 54, ""10"": 56, ""11"": 184, ""12"": 170, ""13"": 160, ""14"": 194, ""15"": 60, ""16"": 166, ""17"": 82, ""18"": 152, ""19"": 94, ""20"": 174, ""21"": 72, ""22"": 172, ""23"": 76, ""24"": 162, ""25"": 52, ""26"": 148, ""27"": 150, ""28"": 186, ""29"": 78, ""30"": 70, ""31"": 84, ""32"": 62, ""33"": 182, ""34"": 66, ""35"": 50, ""36"": 64, ""37"": 74, ""38"": 92, ""39"": 90, ""40"": 80, ""41"": 158, ""42"": 164, ""43"": 176, ""44"": 178, ""45"": 58, ""46"": 154}",9.6,17.6,"{""8"": 52, ""5"": 58, ""1"": 60, ""9"": 54, ""2"": 50, ""3"": 56, ""4"": 62, ""10"": 64, ""6"": 66, ""7"": 68, ""0"": 70, ""40"": 82, ""12"": 166, ""17"": 188, ""19"": 148, ""20"": 80, ""24"": 96, ""29"": 156, ""25"": 194, ""33"": 164, ""34"": 186, ""39"": 174, ""46"": 184, ""37"": 152, ""26"": 84, ""35"": 94, ""30"": 78, ""43"": 158, ""21"": 190, ""38"": 176, ""22"": 182, ""23"": 86, ""36"": 162, ""41"": 178, ""14"": 92, ""11"": 72, ""16"": 150, ""42"": 90, ""13"": 192, ""18"": 76, ""31"": 168, ""28"": 154, ""44"": 170, ""27"": 74, ""45"": 160, ""32"": 172, ""15"": 88}",14.6,12.293333333333331,0.6883814856410027,"{""0"": 190, ""3"": 66, ""6"": 186, ""8"": 94, ""9"": 166, ""2"": 96, ""4"": 172, ""10"": 52, ""1"": 192, ""5"": 60, ""7"": 168, ""36"": 178, ""26"": 84, ""32"": 70, ""45"": 76, ""28"": 90, ""43"": 72, ""39"": 58, ""42"": 188, ""44"": 86, ""40"": 152, ""27"": 92, ""25"": 170, ""12"": 176, ""38"": 164, ""24"": 184, ""22"": 154, ""20"": 82, ""31"": 62, ""34"": 54, ""17"": 56, ""41"": 80, ""11"": 160, ""33"": 156, ""35"": 148, ""37"": 194, ""15"": 162, ""29"": 74, ""23"": 174, ""46"": 180, ""14"": 50, ""19"": 158, ""13"": 150, ""21"": 64, ""30"": 182, ""18"": 68, ""16"": 78}",7.4,18.04,"{""0"": 172, ""1"": 94, ""2"": 160, ""3"": 96, ""4"": 194, ""5"": 54, ""6"": 76, ""7"": 52, ""8"": 188, ""9"": 88, ""10"": 170, ""11"": 70, ""12"": 92, ""13"": 78, ""14"": 184, ""15"": 152, ""16"": 150, ""17"": 164, ""18"": 192, ""19"": 148, ""20"": 186, ""21"": 190, ""22"": 162, ""23"": 80, ""24"": 58, ""25"": 178, ""26"": 74, ""27"": 50, ""28"": 60, ""29"": 176, ""30"": 66, ""31"": 154, ""32"": 62, ""33"": 174, ""34"": 158, ""35"": 168, ""36"": 156, ""37"": 68, ""38"": 182, ""39"": 180, ""40"": 84, ""41"": 56, ""42"": 86, ""43"": 72, ""44"": 64, ""45"": 90, ""46"": 166}",14.8,48
autobraid_5.qasm,20.0,0.1885486863553524,"{""0"": 16, ""1"": 14, ""2"": 32, ""3"": 34, ""4"": 28, ""5"": 30, ""6"": 12, ""7"": 10}",17.0,22.28,"{""5"": 28, ""1"": 30, ""2"": 32, ""3"": 16, ""4"": 12, ""6"": 34, ""7"": 10, ""0"": 14}",19.6,20.4,2.923933088779449,"{""3"": 34, ""6"": 12, ""0"": 32, ""2"": 16, ""4"": 28, ""1"": 30, ""5"": 14, ""7"": 10}",16.0,21.84,"{""0"": 28, ""1"": 10, ""2"": 16, ""3"": 14, ""4"": 30, ""5"": 34, ""6"": 32, ""7"": 12}",19.0,8
jku_suite_4.qasm,19.56,0.3181100629270076,"{""0"": 14, ""1"": 50, ""2"": 20, ""3"": 46, ""4"": 18, ""5"": 24, ""6"": 44, ""7"": 22, ""8"": 40, ""9"": 42, ""10"": 16}",18.2,20.16,"{""8"": 14, ""5"": 20, ""1"": 50, ""9"": 42, ""2"": 22, ""3"": 46, ""4"": 16, ""10"": 24, ""6"": 40, ""7"": 44, ""0"": 18}",19.2,18.186666666666667,4.783048328012228,"{""0"": 42, ""3"": 14, ""6"": 18, ""8"": 40, ""9"": 16, ""2"": 48, ""4"": 44, ""10"": 46, ""1"": 24, ""5"": 50, ""7"": 22}",14.0,20.92,"{""0"": 22, ""1"": 42, ""2"": 44, ""3"": 24, ""4"": 16, ""5"": 20, ""6"": 50, ""7"": 46, ""8"": 48, ""9"": 14, ""10"": 18}",17.4,12
autobraid_28.qasm,11.28,0.0803195297718048,"{""0"": 208, ""1"": 210, ""2"": 198, ""3"": 60, ""4"": 108, ""5"": 200, ""6"": 62, ""7"": 84, ""8"": 96, ""9"": 76, ""10"": 80, ""11"": 82, ""12"": 166, ""13"": 170, ""14"": 58, ""15"": 68, ""16"": 206, ""17"": 182, ""18"": 202, ""19"": 184, ""20"": 186, ""21"": 56, ""22"": 72, ""23"": 176, ""24"": 98, ""25"": 102, ""26"": 178, ""27"": 106, ""28"": 90, ""29"": 168, ""30"": 92, ""31"": 194, ""32"": 172, ""33"": 192, ""34"": 174, ""35"": 100, ""36"": 88, ""37"": 70, ""38"": 64, ""39"": 218, ""40"": 188, ""41"": 180, ""42"": 204, ""43"": 196, ""44"": 74, ""45"": 212, ""46"": 216, ""47"": 78, ""48"": 214, ""49"": 94, ""50"": 104, ""51"": 190, ""52"": 86}",10.0,16.72,"{""5"": 58, ""1"": 60, ""2"": 56, ""3"": 62, ""4"": 64, ""6"": 66, ""0"": 68, ""40"": 190, ""12"": 204, ""17"": 218, ""19"": 102, ""20"": 76, ""24"": 86, ""29"": 92, ""25"": 98, ""33"": 90, ""34"": 74, ""48"": 168, ""39"": 200, ""50"": 212, ""46"": 216, ""37"": 170, ""26"": 202, ""30"": 206, ""35"": 186, ""43"": 174, ""21"": 198, ""47"": 178, ""38"": 214, ""23"": 184, ""22"": 106, ""36"": 180, ""41"": 182, ""14"": 96, ""11"": 196, ""16"": 192, ""42"": 80, ""49"": 104, ""10"": 210, ""13"": 94, ""9"": 72, ""7"": 82, ""51"": 84, ""18"": 188, ""31"": 172, ""28"": 176, ""8"": 88, ""44"": 100, ""27"": 108, ""45"": 208, ""52"": 78, ""32"": 70, ""15"": 166}",16.0,10.946666666666667,1.210667997598648,"{""0"": 192, ""3"": 166, ""6"": 200, ""2"": 86, ""4"": 204, ""1"": 102, ""5"": 64, ""7"": 90, ""36"": 194, ""26"": 170, ""32"": 88, ""50"": 104, ""49"": 58, ""45"": 108, ""28"": 60, ""47"": 106, ""43"": 94, ""39"": 78, ""42"": 62, ""8"": 56, ""44"": 66, ""40"": 168, ""48"": 198, ""27"": 72, ""12"": 174, ""25"": 184, ""24"": 172, ""22"": 98, ""38"": 202, ""20"": 76, ""31"": 196, ""34"": 180, ""41"": 178, ""17"": 216, ""11"": 100, ""33"": 80, ""35"": 182, ""37"": 212, ""10"": 96, ""15"": 208, ""29"": 186, ""23"": 218, ""46"": 82, ""9"": 92, ""14"": 206, ""19"": 190, ""13"": 74, ""21"": 188, ""30"": 214, ""51"": 176, ""18"": 70, ""16"": 84, ""52"": 68}",8.2,18.12,"{""0"": 82, ""1"": 186, ""2"": 96, ""3"": 202, ""4"": 100, ""5"": 168, ""6"": 184, ""7"": 74, ""8"": 194, ""9"": 176, ""10"": 188, ""11"": 180, ""12"": 172, ""13"": 76, ""14"": 62, ""15"": 98, ""16"": 108, ""17"": 60, ""18"": 198, ""19"": 216, ""20"": 190, ""21"": 206, ""22"": 218, ""23"": 68, ""24"": 58, ""25"": 208, ""26"": 84, ""27"": 66, ""28"": 210, ""29"": 196, ""30"": 88, ""31"": 200, ""32"": 92, ""33"": 204, ""34"": 106, ""35"": 80, ""36"": 214, ""37"": 212, ""38"": 94, ""39"": 64, ""40"": 102, ""41"": 86, ""42"": 90, ""43"": 182, ""44"": 174, ""45"": 166, ""46"": 192, ""47"": 170, ""48"": 78, ""49"": 70, ""50"": 104, ""51"": 72, ""52"": 178}",14.0,54
quest_suite_12.qasm,16.24,0.1724756553769111,"{""0"": 14, ""1"": 22, ""2"": 16, ""3"": 24, ""4"": 44, ""5"": 46, ""6"": 42, ""7"": 20, ""8"": 40, ""9"": 48, ""10"": 50}",14.4,17.8,"{""8"": 48, ""5"": 46, ""1"": 22, ""6"": 40, ""2"": 50, ""3"": 42, ""4"": 14, ""10"": 20, ""9"": 16, ""7"": 44, ""0"": 24}",16.6,16.6,2.59435074031353,"{""3"": 20, ""6"": 42, ""8"": 44, ""0"": 16, ""9"": 50, ""4"": 14, ""2"": 18, ""10"": 46, ""1"": 24, ""5"": 48, ""7"": 22}",14.0,20.64,"{""0"": 44, ""1"": 16, ""2"": 48, ""3"": 42, ""4"": 20, ""5"": 50, ""6"": 18, ""7"": 24, ""8"": 14, ""9"": 22, ""10"": 40}",19.8,12
quest_suite_13.qasm,16.64,0.1733653537929058,"{""0"": 24, ""1"": 20, ""2"": 44, ""3"": 42, ""4"": 18, ""5"": 48, ""6"": 14, ""7"": 16, ""8"": 22, ""9"": 46, ""10"": 40}",14.0,19.52,"{""8"": 42, ""5"": 24, ""1"": 50, ""9"": 16, ""2"": 40, ""3"": 18, ""4"": 14, ""10"": 22, ""6"": 46, ""7"": 48, ""0"": 44}",19.0,16.506666666666668,2.5915933549404144,"{""6"": 16, ""8"": 40, ""0"": 50, ""3"": 22, ""9"": 20, ""4"": 44, ""2"": 48, ""10"": 46, ""1"": 42, ""5"": 14, ""7"": 18}",14.6,20.24,"{""0"": 24, ""1"": 20, ""2"": 44, ""3"": 18, ""4"": 46, ""5"": 40, ""6"": 42, ""7"": 22, ""8"": 50, ""9"": 16, ""10"": 14}",18.0,12
jku_suite_99.qasm,20.96,0.1880016446113586,"{""0"": 14, ""1"": 18, ""2"": 36, ""3"": 40, ""4"": 20, ""5"": 34, ""6"": 38, ""7"": 12, ""8"": 42}",20.4,23.92,"{""8"": 14, ""5"": 34, ""1"": 36, ""2"": 42, ""3"": 20, ""4"": 16, ""6"": 38, ""7"": 12, ""0"": 18}",22.6,21.093333333333334,3.3325762040913105,"{""0"": 14, ""3"": 42, ""8"": 12, ""6"": 40, ""2"": 36, ""4"": 34, ""1"": 18, ""5"": 20, ""7"": 16}",20.0,24.48,"{""0"": 36, ""1"": 12, ""2"": 16, ""3"": 34, ""4"": 38, ""5"": 20, ""6"": 14, ""7"": 18, ""8"": 42}",22.0,10
quest_suite_2.qasm,14.64,0.1435158863663673,"{""0"": 20, ""1"": 32, ""2"": 58, ""3"": 66, ""4"": 26, ""5"": 24, ""6"": 56, ""7"": 64, ""8"": 52, ""9"": 18, ""10"": 60, ""11"": 28, ""12"": 22, ""13"": 62, ""14"": 30}",12.2,19.04,"{""12"": 18, ""8"": 52, ""5"": 62, ""14"": 20, ""1"": 30, ""11"": 66, ""6"": 56, ""2"": 28, ""3"": 24, ""10"": 60, ""4"": 26, ""13"": 22, ""9"": 54, ""7"": 32, ""0"": 64}",17.4,15.88,2.164118818938732,"{""0"": 18, ""6"": 62, ""3"": 28, ""8"": 56, ""9"": 52, ""14"": 64, ""12"": 54, ""2"": 26, ""11"": 30, ""4"": 24, ""13"": 66, ""10"": 60, ""1"": 20, ""5"": 22, ""7"": 32}",13.0,19.2,"{""0"": 58, ""1"": 60, ""2"": 66, ""3"": 64, ""4"": 54, ""5"": 24, ""6"": 32, ""7"": 22, ""8"": 56, ""9"": 18, ""10"": 20, ""11"": 52, ""12"": 62, ""13"": 30, ""14"": 26}",18.0,16
qaoa_5.qasm,17.64,0.1849901594221591,"{""0"": 26, ""1"": 16, ""2"": 22, ""3"": 58, ""4"": 52, ""5"": 24, ""6"": 50, ""7"": 46, ""8"": 18, ""9"": 20, ""10"": 28, ""11"": 54, ""12"": 56, ""13"": 48}",16.0,22.52,"{""12"": 26, ""8"": 20, ""5"": 22, ""1"": 56, ""11"": 50, ""6"": 18, ""2"": 24, ""3"": 54, ""4"": 58, ""10"": 46, ""13"": 48, ""9"": 28, ""7"": 52, ""0"": 16}",22.0,17.973333333333333,2.720608178526163,"{""6"": 20, ""8"": 26, ""3"": 48, ""0"": 16, ""9"": 50, ""12"": 18, ""4"": 54, ""11"": 24, ""2"": 22, ""13"": 56, ""10"": 46, ""1"": 28, ""5"": 52, ""7"": 58}",14.0,21.52,"{""0"": 24, ""1"": 56, ""2"": 50, ""3"": 26, ""4"": 52, ""5"": 20, ""6"": 48, ""7"": 54, ""8"": 16, ""9"": 18, ""10"": 22, ""11"": 46, ""12"": 28, ""13"": 58}",18.6,14
jku_suite_35.qasm,27.0,0.79409966096282,"{""0"": 24, ""1"": 22, ""2"": 26, ""3"": 10, ""4"": 12}",26.0,27.08,"{""1"": 22, ""2"": 26, ""3"": 24, ""4"": 12, ""0"": 8}",26.6,27.093333333333334,11.990754999220371,"{""0"": 22, ""3"": 10, ""2"": 26, ""4"": 12, ""1"": 8}",26.0,26.88,"{""0"": 24, ""1"": 22, ""2"": 26, ""3"": 12, ""4"": 8}",26.4,6
vqe_1.qasm,23.64,0.3434800781309605,"{""0"": 12, ""1"": 8, ""2"": 22, ""3"": 10, ""4"": 24, ""5"": 26}",20.8,25.92,"{""5"": 26, ""1"": 24, ""2"": 12, ""3"": 22, ""4"": 8, ""0"": 10}",24.0,25.37333333333333,5.070830896496773,"{""0"": 12, ""3"": 26, ""4"": 10, ""2"": 8, ""1"": 22, ""5"": 24}",22.0,27.24,"{""0"": 10, ""1"": 22, ""2"": 26, ""3"": 8, ""4"": 24, ""5"": 12}",27.0,6
jku_suite_37.qasm,14.0,0.3406740427017212,"{""0"": 58, ""1"": 50, ""2"": 28, ""3"": 48, ""4"": 56, ""5"": 20, ""6"": 22, ""7"": 46, ""8"": 26, ""9"": 54, ""10"": 24, ""11"": 52, ""12"": 18, ""13"": 16}",13.0,17.76,"{""12"": 48, ""8"": 24, ""5"": 46, ""1"": 20, ""9"": 22, ""11"": 16, ""2"": 52, ""3"": 50, ""10"": 26, ""4"": 28, ""13"": 54, ""6"": 58, ""7"": 56, ""0"": 18}",17.0,14.52,5.211463414132595,"{""0"": 28, ""8"": 24, ""6"": 16, ""3"": 46, ""9"": 20, ""12"": 48, ""11"": 26, ""2"": 22, ""4"": 58, ""13"": 52, ""10"": 54, ""1"": 18, ""5"": 50, ""7"": 56}",12.0,17.48,"{""0"": 26, ""1"": 56, ""2"": 52, ""3"": 20, ""4"": 28, ""5"": 16, ""6"": 18, ""7"": 46, ""8"": 58, ""9"": 48, ""10"": 54, ""11"": 24, ""12"": 22, ""13"": 50}",15.0,14
autobraid_26.qasm,27.0,0.2371948719024658,"{""0"": 40, ""1"": 38, ""2"": 18, ""3"": 36, ""4"": 12, ""5"": 14, ""6"": 20, ""7"": 34, ""8"": 42, ""9"": 16}",26.0,29.0,"{""8"": 38, ""5"": 12, ""1"": 34, ""6"": 16, ""2"": 36, ""3"": 18, ""4"": 20, ""9"": 14, ""7"": 42, ""0"": 40}",28.0,26.986666666666668,2.33971456065774,"{""6"": 40, ""8"": 18, ""0"": 42, ""3"": 16, ""9"": 14, ""4"": 34, ""2"": 20, ""1"": 12, ""5"": 38, ""7"": 36}",26.0,29.44,"{""0"": 36, ""1"": 20, ""2"": 40, ""3"": 18, ""4"": 38, ""5"": 42, ""6"": 34, ""7"": 16, ""8"": 14, ""9"": 12}",28.2,10
jku_suite_82.qasm,22.6,0.0264954574406147,"{""0"": 24, ""1"": 22, ""2"": 8, ""3"": 26, ""4"": 10}",21.0,24.72,"{""1"": 22, ""2"": 10, ""3"": 8, ""4"": 26, ""0"": 12}",24.0,24.36,7.331292066723108,"{""0"": 24, ""3"": 26, ""2"": 8, ""4"": 10, ""1"": 22}",21.4,23.52,"{""0"": 12, ""1"": 24, ""2"": 10, ""3"": 26, ""4"": 22}",22.0,6
quest_suite_4.qasm,20.96,0.2134510263800621,"{""0"": 14, ""1"": 30, ""2"": 10, ""3"": 32, ""4"": 34, ""5"": 28, ""6"": 12, ""7"": 16}",17.4,23.68,"{""5"": 30, ""1"": 10, ""2"": 28, ""3"": 14, ""4"": 12, ""6"": 34, ""7"": 32, ""0"": 16}",20.6,21.426666666666662,3.1640321649611,"{""0"": 14, ""6"": 30, ""3"": 12, ""4"": 10, ""2"": 34, ""1"": 32, ""5"": 16, ""7"": 28}",17.6,23.44,"{""0"": 10, ""1"": 12, ""2"": 28, ""3"": 14, ""4"": 34, ""5"": 16, ""6"": 30, ""7"": 32}",20.0,8
grover_8.qasm,25.84,0.0019765608012676,"{""0"": 8, ""1"": 12, ""2"": 22, ""3"": 26, ""4"": 10, ""5"": 24}",25.0,25.76,"{""5"": 10, ""1"": 24, ""2"": 12, ""3"": 8, ""4"": 22, ""0"": 26}",25.0,25.933333333333334,0.0307901464402675,"{""0"": 26, ""3"": 24, ""2"": 12, ""4"": 8, ""1"": 22, ""5"": 10}",25.0,26.4,"{""0"": 22, ""1"": 26, ""2"": 8, ""3"": 24, ""4"": 10, ""5"": 12}",25.2,6
jku_suite_80.qasm,20.28,0.4626496404409408,"{""0"": 40, ""1"": 18, ""2"": 42, ""3"": 36, ""4"": 34, ""5"": 20, ""6"": 16, ""7"": 38, ""8"": 14}",18.0,21.0,"{""8"": 38, ""5"": 12, ""1"": 34, ""2"": 36, ""3"": 18, ""4"": 20, ""6"": 16, ""7"": 42, ""0"": 40}",18.0,20.0,6.863707009702921,"{""0"": 14, ""3"": 42, ""6"": 36, ""8"": 38, ""2"": 34, ""4"": 18, ""1"": 40, ""5"": 12, ""7"": 16}",17.0,22.2,"{""0"": 16, ""1"": 34, ""2"": 12, ""3"": 40, ""4"": 38, ""5"": 42, ""6"": 14, ""7"": 20, ""8"": 36}",20.0,10
jku_suite_16.qasm,32.0,0.0011956244707107,"{""0"": 18, ""1"": 6, ""2"": 16, ""3"": 8}",32.0,32.0,"{""1"": 6, ""2"": 18, ""3"": 8, ""0"": 16}",32.0,32.0,0.0332275964319705,"{""0"": 18, ""3"": 16, ""2"": 8, ""1"": 6}",32.0,32.0,"{""0"": 8, ""1"": 18, ""2"": 16, ""3"": 6}",32.0,4
jku_suite_93.qasm,16.88,0.3050129428505898,"{""0"": 14, ""1"": 18, ""2"": 16, ""3"": 24, ""4"": 40, ""5"": 44, ""6"": 50, ""7"": 48, ""8"": 46, ""9"": 20, ""10"": 22}",14.2,18.32,"{""8"": 48, ""5"": 46, ""1"": 22, ""6"": 40, ""2"": 50, ""3"": 42, ""10"": 20, ""4"": 14, ""9"": 16, ""7"": 44, ""0"": 24}",18.0,17.2,4.584206607192755,"{""0"": 24, ""3"": 42, ""6"": 44, ""8"": 40, ""9"": 14, ""2"": 50, ""4"": 22, ""10"": 20, ""1"": 16, ""5"": 46, ""7"": 18}",15.0,20.56,"{""0"": 24, ""1"": 50, ""2"": 44, ""3"": 42, ""4"": 16, ""5"": 18, ""6"": 40, ""7"": 46, ""8"": 22, ""9"": 20, ""10"": 14}",19.2,12
autobraid_27.qasm,12.2,0.2961959592998028,"{""0"": 144, ""1"": 66, ""2"": 154, ""3"": 184, ""4"": 148, ""5"": 92, ""6"": 158, ""7"": 50, ""8"": 156, ""9"": 58, ""10"": 168, ""11"": 52, ""12"": 90, ""13"": 150, ""14"": 70, ""15"": 172, ""16"": 54, ""17"": 78, ""18"": 80, ""19"": 160, ""20"": 186, ""21"": 48, ""22"": 162, ""23"": 178, ""24"": 76, ""25"": 88, ""26"": 86, ""27"": 182, ""28"": 56, ""29"": 64, ""30"": 180, ""31"": 166, ""32"": 142, ""33"": 84, ""34"": 62, ""35"": 146, ""36"": 152, ""37"": 82, ""38"": 68, ""39"": 72, ""40"": 74, ""41"": 60, ""42"": 174, ""43"": 164, ""44"": 176, ""45"": 170}",12.0,21.72,"{""8"": 48, ""5"": 58, ""1"": 50, ""9"": 54, ""2"": 56, ""3"": 60, ""4"": 52, ""10"": 62, ""6"": 64, ""7"": 66, ""0"": 142, ""40"": 186, ""12"": 184, ""17"": 80, ""19"": 168, ""20"": 162, ""24"": 150, ""29"": 68, ""25"": 148, ""33"": 164, ""34"": 88, ""39"": 72, ""37"": 146, ""26"": 182, ""35"": 86, ""30"": 82, ""43"": 178, ""21"": 174, ""38"": 152, ""22"": 144, ""23"": 76, ""41"": 160, ""36"": 74, ""14"": 156, ""11"": 84, ""16"": 158, ""42"": 78, ""13"": 90, ""18"": 170, ""31"": 70, ""28"": 92, ""44"": 180, ""27"": 154, ""45"": 176, ""32"": 166, ""15"": 172}",19.8,12.333333333333334,4.447419546544552,"{""0"": 72, ""3"": 148, ""6"": 92, ""8"": 80, ""9"": 168, ""2"": 86, ""4"": 52, ""10"": 66, ""1"": 162, ""5"": 78, ""7"": 48, ""36"": 54, ""26"": 150, ""32"": 50, ""45"": 64, ""28"": 62, ""43"": 142, ""39"": 60, ""42"": 174, ""44"": 184, ""40"": 84, ""12"": 172, ""27"": 74, ""25"": 82, ""24"": 180, ""38"": 182, ""22"": 186, ""20"": 154, ""31"": 144, ""34"": 76, ""41"": 170, ""17"": 58, ""11"": 152, ""33"": 164, ""35"": 146, ""37"": 70, ""15"": 176, ""29"": 160, ""23"": 90, ""14"": 88, ""19"": 156, ""13"": 178, ""21"": 166, ""30"": 158, ""18"": 56, ""16"": 68}",10.0,20.52,"{""0"": 158, ""1"": 64, ""2"": 86, ""3"": 162, ""4"": 70, ""5"": 84, ""6"": 142, ""7"": 154, ""8"": 150, ""9"": 60, ""10"": 144, ""11"": 180, ""12"": 76, ""13"": 66, ""14"": 148, ""15"": 178, ""16"": 160, ""17"": 170, ""18"": 168, ""19"": 164, ""20"": 176, ""21"": 48, ""22"": 146, ""23"": 186, ""24"": 68, ""25"": 182, ""26"": 156, ""27"": 92, ""28"": 90, ""29"": 74, ""30"": 62, ""31"": 54, ""32"": 166, ""33"": 78, ""34"": 82, ""35"": 184, ""36"": 72, ""37"": 172, ""38"": 174, ""39"": 56, ""40"": 88, ""41"": 58, ""42"": 80, ""43"": 50, ""44"": 152, ""45"": 52}",17.2,46
jku_suite_54.qasm,27.36,0.0211450859904289,"{""0"": 14, ""1"": 20, ""2"": 46, ""3"": 18, ""4"": 22, ""5"": 24, ""6"": 16, ""7"": 42, ""8"": 44, ""9"": 50, ""10"": 40, ""11"": 48}",26.0,26.8,"{""8"": 20, ""5"": 22, ""1"": 16, ""9"": 46, ""2"": 50, ""3"": 18, ""4"": 44, ""10"": 48, ""6"": 40, ""7"": 24, ""0"": 42, ""11"": 14}",26.0,26.56,0.3978485129773617,"{""0"": 16, ""3"": 18, ""6"": 40, ""8"": 14, ""9"": 50, ""2"": 46, ""4"": 44, ""10"": 42, ""1"": 22, ""5"": 48, ""7"": 20, ""11"": 24}",26.0,27.52,"{""0"": 48, ""1"": 14, ""2"": 16, ""3"": 46, ""4"": 20, ""5"": 44, ""6"": 24, ""7"": 18, ""8"": 22, ""9"": 42, ""10"": 50, ""11"": 40}",26.0,12
jku_suite_53.qasm,22.6,0.1421177007257938,"{""0"": 28, ""1"": 14, ""2"": 16, ""3"": 10, ""4"": 34, ""5"": 30, ""6"": 32, ""7"": 12}",21.0,23.84,"{""5"": 16, ""1"": 28, ""2"": 12, ""3"": 32, ""4"": 10, ""6"": 30, ""7"": 14, ""0"": 34}",21.4,21.986666666666668,4.430655002593994,"{""6"": 16, ""3"": 32, ""0"": 28, ""4"": 14, ""2"": 12, ""1"": 34, ""5"": 10, ""7"": 30}",20.0,23.4,"{""0"": 28, ""1"": 16, ""2"": 12, ""3"": 10, ""4"": 14, ""5"": 30, ""6"": 32, ""7"": 34}",21.6,8
autobraid_47.qasm,16.2,0.2111023016273975,"{""0"": 42, ""1"": 46, ""2"": 24, ""3"": 50, ""4"": 20, ""5"": 40, ""6"": 14, ""7"": 16, ""8"": 18, ""9"": 44, ""10"": 48}",12.8,20.4,"{""8"": 42, ""5"": 20, ""1"": 40, ""6"": 24, ""2"": 14, ""3"": 48, ""10"": 50, ""4"": 16, ""9"": 46, ""7"": 44, ""0"": 22}",17.0,16.066666666666666,3.185246631503105,"{""3"": 18, ""6"": 46, ""8"": 22, ""0"": 20, ""9"": 50, ""2"": 40, ""4"": 24, ""10"": 16, ""1"": 14, ""5"": 48, ""7"": 42}",12.6,19.2,"{""0"": 24, ""1"": 50, ""2"": 20, ""3"": 14, ""4"": 40, ""5"": 22, ""6"": 44, ""7"": 16, ""8"": 18, ""9"": 42, ""10"": 46}",17.4,12
autobraid_30.qasm,10.0,0.1661784060299396,"{""0"": 182, ""1"": 208, ""2"": 192, ""3"": 190, ""4"": 188, ""5"": 68, ""6"": 226, ""7"": 114, ""8"": 196, ""9"": 116, ""10"": 106, ""11"": 62, ""12"": 104, ""13"": 212, ""14"": 200, ""15"": 230, ""16"": 220, ""17"": 214, ""18"": 186, ""19"": 112, ""20"": 96, ""21"": 64, ""22"": 74, ""23"": 198, ""24"": 82, ""25"": 202, ""26"": 228, ""27"": 78, ""28"": 232, ""29"": 92, ""30"": 84, ""31"": 90, ""32"": 70, ""33"": 76, ""34"": 100, ""35"": 194, ""36"": 66, ""37"": 222, ""38"": 210, ""39"": 180, ""40"": 80, ""41"": 184, ""42"": 234, ""43"": 72, ""44"": 178, ""45"": 86, ""46"": 224, ""47"": 206, ""48"": 218, ""49"": 204, ""50"": 60, ""51"": 110, ""52"": 102, ""53"": 88, ""54"": 98, ""55"": 94, ""56"": 216}",8.0,18.4,"{""5"": 62, ""1"": 60, ""2"": 64, ""3"": 66, ""4"": 68, ""6"": 70, ""0"": 72, ""40"": 202, ""12"": 192, ""17"": 206, ""54"": 198, ""19"": 114, ""20"": 188, ""24"": 212, ""29"": 82, ""25"": 116, ""33"": 102, ""34"": 210, ""48"": 96, ""39"": 80, ""50"": 104, ""46"": 178, ""37"": 220, ""26"": 112, ""35"": 218, ""30"": 228, ""43"": 108, ""21"": 74, ""47"": 230, ""38"": 98, ""22"": 200, ""23"": 226, ""36"": 184, ""41"": 234, ""14"": 196, ""11"": 180, ""16"": 204, ""42"": 78, ""49"": 84, ""10"": 76, ""13"": 106, ""9"": 232, ""7"": 224, ""51"": 190, ""18"": 222, ""31"": 94, ""55"": 100, ""53"": 208, ""44"": 214, ""28"": 216, ""8"": 110, ""27"": 86, ""45"": 92, ""52"": 88, ""56"": 182, ""32"": 194, ""15"": 186}",15.8,10.053333333333333,2.5010280162096024,"{""0"": 216, ""3"": 190, ""6"": 222, ""2"": 212, ""4"": 66, ""1"": 206, ""5"": 70, ""7"": 92, ""36"": 184, ""26"": 214, ""32"": 104, ""49"": 76, ""50"": 232, ""45"": 180, ""28"": 204, ""47"": 78, ""39"": 188, ""43"": 234, ""42"": 208, ""8"": 182, ""44"": 210, ""48"": 106, ""40"": 116, ""27"": 200, ""25"": 88, ""12"": 60, ""24"": 94, ""38"": 186, ""22"": 224, ""54"": 226, ""20"": 62, ""31"": 100, ""56"": 80, ""34"": 64, ""41"": 114, ""17"": 108, ""11"": 228, ""33"": 196, ""35"": 194, ""37"": 202, ""10"": 178, ""16"": 86, ""29"": 72, ""23"": 82, ""46"": 110, ""55"": 68, ""9"": 98, ""14"": 218, ""19"": 102, ""13"": 74, ""30"": 84, ""21"": 220, ""51"": 90, ""53"": 96, ""18"": 192, ""15"": 198, ""52"": 112}",8.0,18.76,"{""0"": 202, ""1"": 222, ""2"": 90, ""3"": 194, ""4"": 204, ""5"": 108, ""6"": 186, ""7"": 226, ""8"": 216, ""9"": 196, ""10"": 206, ""11"": 92, ""12"": 82, ""13"": 78, ""14"": 210, ""15"": 214, ""16"": 86, ""17"": 224, ""18"": 106, ""19"": 80, ""20"": 230, ""21"": 228, ""22"": 104, ""23"": 220, ""24"": 112, ""25"": 68, ""26"": 200, ""27"": 60, ""28"": 62, ""29"": 190, ""30"": 114, ""31"": 74, ""32"": 178, ""33"": 66, ""34"": 76, ""35"": 64, ""36"": 180, ""37"": 100, ""38"": 88, ""39"": 218, ""40"": 116, ""41"": 232, ""42"": 182, ""43"": 208, ""44"": 102, ""45"": 98, ""46"": 70, ""47"": 94, ""48"": 84, ""49"": 188, ""50"": 198, ""51"": 212, ""52"": 184, ""53"": 192, ""54"": 234, ""55"": 96, ""56"": 110}",15.4,58
shor_6.qasm,25.6,0.0043790988624095,"{""0"": 50, ""1"": 40, ""2"": 14, ""3"": 22, ""4"": 18, ""5"": 48, ""6"": 42, ""7"": 20, ""8"": 44, ""9"": 24, ""10"": 16, ""11"": 46}",25.0,26.6,"{""8"": 46, ""5"": 18, ""1"": 16, ""9"": 42, ""2"": 20, ""3"": 14, ""4"": 24, ""10"": 44, ""6"": 40, ""7"": 50, ""0"": 22, ""11"": 48}",25.8,25.36,0.5378479771316051,"{""0"": 50, ""3"": 46, ""6"": 14, ""8"": 48, ""9"": 16, ""2"": 18, ""4"": 24, ""10"": 20, ""1"": 40, ""5"": 42, ""7"": 22, ""11"": 44}",25.0,25.84,"{""0"": 14, ""1"": 40, ""2"": 16, ""3"": 20, ""4"": 24, ""5"": 50, ""6"": 44, ""7"": 22, ""8"": 46, ""9"": 18, ""10"": 42, ""11"": 48}",25.0,12
jku_suite_14.qasm,15.72,0.3475126698613167,"{""0"": 14, ""1"": 42, ""2"": 40, ""3"": 18, ""4"": 12, ""5"": 38, ""6"": 36, ""7"": 34, ""8"": 16, ""9"": 20}",14.2,17.4,"{""8"": 36, ""5"": 40, ""1"": 14, ""9"": 20, ""2"": 34, ""3"": 16, ""4"": 12, ""6"": 38, ""7"": 18, ""0"": 42}",16.2,15.826666666666666,5.23957435041666,"{""6"": 38, ""0"": 40, ""3"": 12, ""8"": 14, ""9"": 34, ""2"": 18, ""4"": 20, ""1"": 36, ""5"": 16, ""7"": 42}",13.0,18.0,"{""0"": 18, ""1"": 16, ""2"": 40, ""3"": 34, ""4"": 42, ""5"": 36, ""6"": 12, ""7"": 20, ""8"": 38, ""9"": 14}",15.8,10
jku_suite_43.qasm,20.96,0.4707445591688156,"{""0"": 30, ""1"": 34, ""2"": 28, ""3"": 14, ""4"": 12, ""5"": 32, ""6"": 16, ""7"": 10}",19.0,22.04,"{""5"": 16, ""1"": 28, ""2"": 12, ""3"": 34, ""4"": 10, ""6"": 30, ""7"": 32, ""0"": 14}",20.2,21.17333333333333,7.1215387508273125,"{""0"": 10, ""3"": 28, ""6"": 34, ""2"": 12, ""4"": 32, ""1"": 16, ""5"": 14, ""7"": 30}",18.0,21.04,"{""0"": 34, ""1"": 12, ""2"": 16, ""3"": 32, ""4"": 10, ""5"": 14, ""6"": 30, ""7"": 28}",19.2,8
quarl_suite_3.qasm,26.8,0.0262360826134681,"{""0"": 16, ""1"": 18, ""2"": 36, ""3"": 38, ""4"": 14, ""5"": 20, ""6"": 40, ""7"": 34, ""8"": 42}",26.0,28.2,"{""8"": 34, ""5"": 18, ""1"": 14, ""2"": 42, ""3"": 16, ""4"": 36, ""6"": 12, ""7"": 20, ""0"": 40}",27.0,26.57333333333333,0.7891941405832767,"{""0"": 20, ""8"": 36, ""3"": 42, ""6"": 38, ""2"": 40, ""4"": 18, ""1"": 16, ""5"": 34, ""7"": 14}",26.0,27.96,"{""0"": 12, ""1"": 40, ""2"": 42, ""3"": 18, ""4"": 36, ""5"": 20, ""6"": 16, ""7"": 14, ""8"": 34}",27.0,10
quest_suite_7.qasm,21.64,0.4217584244906902,"{""0"": 30, ""1"": 34, ""2"": 28, ""3"": 16, ""4"": 10, ""5"": 14, ""6"": 12}",19.2,22.36,"{""5"": 16, ""1"": 32, ""2"": 34, ""3"": 12, ""4"": 30, ""6"": 28, ""0"": 10}",20.0,21.186666666666667,6.450699850916863,"{""0"": 16, ""3"": 34, ""6"": 14, ""2"": 28, ""4"": 10, ""1"": 12, ""5"": 30}",19.2,21.6,"{""0"": 30, ""1"": 14, ""2"": 10, ""3"": 34, ""4"": 12, ""5"": 32, ""6"": 16}",20.6,8
jku_suite_52.qasm,17.4,0.2447727032005787,"{""0"": 16, ""1"": 12, ""2"": 20, ""3"": 14, ""4"": 34, ""5"": 40, ""6"": 38, ""7"": 36, ""8"": 42, ""9"": 18}",16.0,20.72,"{""8"": 42, ""5"": 18, ""1"": 40, ""6"": 38, ""2"": 14, ""3"": 20, ""4"": 36, ""9"": 34, ""7"": 12, ""0"": 16}",18.6,18.106666666666666,3.091722257435322,"{""3"": 42, ""8"": 38, ""0"": 36, ""6"": 40, ""9"": 12, ""2"": 34, ""4"": 14, ""1"": 20, ""5"": 18, ""7"": 16}",17.0,19.56,"{""0"": 16, ""1"": 20, ""2"": 34, ""3"": 42, ""4"": 40, ""5"": 38, ""6"": 36, ""7"": 12, ""8"": 18, ""9"": 14}",17.4,10
jku_suite_0.qasm,16.76,0.4432831019163131,"{""0"": 28, ""1"": 52, ""2"": 26, ""3"": 48, ""4"": 16, ""5"": 58, ""6"": 20, ""7"": 46, ""8"": 22, ""9"": 54, ""10"": 50, ""11"": 56, ""12"": 24, ""13"": 18}",15.0,19.64,"{""12"": 58, ""8"": 22, ""5"": 46, ""1"": 28, ""9"": 26, ""11"": 24, ""2"": 50, ""3"": 54, ""4"": 56, ""10"": 16, ""6"": 20, ""7"": 52, ""0"": 48, ""13"": 18}",18.0,16.12,6.652277935296297,"{""0"": 52, ""3"": 48, ""6"": 56, ""8"": 20, ""9"": 58, ""12"": 26, ""2"": 54, ""4"": 22, ""11"": 28, ""10"": 50, ""1"": 16, ""5"": 24, ""7"": 18, ""13"": 46}",14.6,18.2,"{""0"": 50, ""1"": 46, ""2"": 26, ""3"": 54, ""4"": 48, ""5"": 58, ""6"": 56, ""7"": 24, ""8"": 20, ""9"": 28, ""10"": 22, ""11"": 52, ""12"": 16, ""13"": 18}",17.4,14
quarl_suite_17.qasm,15.52,0.1795119017362594,"{""0"": 26, ""1"": 58, ""2"": 50, ""3"": 52, ""4"": 18, ""5"": 48, ""6"": 24, ""7"": 56, ""8"": 46, ""9"": 54, ""10"": 16, ""11"": 20, ""12"": 22}",13.4,19.12,"{""12"": 28, ""8"": 56, ""5"": 48, ""1"": 18, ""9"": 16, ""11"": 24, ""2"": 46, ""3"": 54, ""4"": 52, ""10"": 58, ""6"": 22, ""7"": 20, ""0"": 50}",17.2,14.946666666666667,2.693500153720379,"{""3"": 22, ""0"": 20, ""8"": 26, ""6"": 50, ""9"": 24, ""12"": 58, ""11"": 52, ""2"": 56, ""4"": 54, ""10"": 48, ""1"": 46, ""5"": 28, ""7"": 16}",11.2,18.48,"{""0"": 48, ""1"": 16, ""2"": 26, ""3"": 50, ""4"": 52, ""5"": 58, ""6"": 24, ""7"": 46, ""8"": 28, ""9"": 22, ""10"": 18, ""11"": 56, ""12"": 54}",14.8,14
jku_suite_68.qasm,20.76,0.4148827768862247,"{""0"": 34, ""1"": 36, ""2"": 38, ""3"": 40, ""4"": 12, ""5"": 42, ""6"": 16, ""7"": 18, ""8"": 20}",18.0,21.12,"{""8"": 16, ""5"": 40, ""1"": 12, ""2"": 18, ""3"": 34, ""4"": 36, ""6"": 42, ""7"": 20, ""0"": 38}",20.0,19.946666666666665,6.193208508193493,"{""0"": 12, ""3"": 18, ""6"": 38, ""8"": 42, ""4"": 16, ""2"": 36, ""1"": 34, ""5"": 20, ""7"": 40}",17.0,22.72,"{""0"": 12, ""1"": 34, ""2"": 38, ""3"": 16, ""4"": 42, ""5"": 20, ""6"": 14, ""7"": 18, ""8"": 40}",20.0,10
jku_suite_92.qasm,23.44,0.458662237226963,"{""0"": 12, ""1"": 28, ""2"": 14, ""3"": 30, ""4"": 32, ""5"": 34, ""6"": 10, ""7"": 16}",20.2,26.04,"{""5"": 10, ""1"": 34, ""2"": 14, ""3"": 32, ""4"": 16, ""6"": 28, ""7"": 12, ""0"": 30}",25.0,23.21333333333333,6.990957409143448,"{""0"": 34, ""3"": 30, ""6"": 16, ""2"": 14, ""4"": 10, ""1"": 32, ""5"": 12, ""7"": 28}",20.0,24.56,"{""0"": 16, ""1"": 32, ""2"": 30, ""3"": 34, ""4"": 12, ""5"": 10, ""6"": 14, ""7"": 28}",20.0,8
autobraid_16.qasm,21.28,0.5141420766711235,"{""0"": 46, ""1"": 52, ""2"": 20, ""3"": 26, ""4"": 54, ""5"": 16, ""6"": 56, ""7"": 58, ""8"": 50, ""9"": 24, ""10"": 18, ""11"": 22, ""12"": 48}",19.4,24.28,"{""12"": 26, ""8"": 52, ""5"": 24, ""1"": 46, ""9"": 22, ""11"": 28, ""2"": 58, ""3"": 48, ""10"": 20, ""4"": 50, ""6"": 18, ""7"": 56, ""0"": 54}",22.0,22.14666666666667,7.735548995435238,"{""0"": 58, ""3"": 46, ""6"": 18, ""8"": 22, ""9"": 16, ""12"": 24, ""2"": 54, ""4"": 48, ""11"": 52, ""10"": 28, ""1"": 50, ""5"": 56, ""7"": 20}",20.0,23.92,"{""0"": 28, ""1"": 16, ""2"": 50, ""3"": 20, ""4"": 46, ""5"": 56, ""6"": 22, ""7"": 26, ""8"": 58, ""9"": 18, ""10"": 52, ""11"": 24, ""12"": 54}",23.2,14
autobraid_9.qasm,10.96,0.0522709168493747,"{""0"": 88, ""1"": 226, ""2"": 102, ""3"": 106, ""4"": 60, ""5"": 114, ""6"": 200, ""7"": 74, ""8"": 212, ""9"": 66, ""10"": 190, ""11"": 178, ""12"": 110, ""13"": 90, ""14"": 104, ""15"": 80, ""16"": 220, ""17"": 198, ""18"": 92, ""19"": 72, ""20"": 204, ""21"": 184, ""22"": 214, ""23"": 218, ""24"": 196, ""25"": 188, ""26"": 116, ""27"": 232, ""28"": 228, ""29"": 230, ""30"": 64, ""31"": 96, ""32"": 202, ""33"": 94, ""34"": 86, ""35"": 194, ""36"": 210, ""37"": 76, ""38"": 208, ""39"": 182, ""40"": 216, ""41"": 224, ""42"": 186, ""43"": 78, ""44"": 112, ""45"": 108, ""46"": 68, ""47"": 222, ""48"": 84, ""49"": 62, ""50"": 234, ""51"": 82, ""52"": 98, ""53"": 70, ""54"": 192, ""55"": 100, ""56"": 206}",8.2,16.72,"{""5"": 62, ""1"": 60, ""2"": 64, ""3"": 66, ""4"": 68, ""6"": 70, ""0"": 72, ""40"": 226, ""12"": 104, ""17"": 86, ""54"": 108, ""19"": 192, ""20"": 208, ""24"": 82, ""29"": 228, ""25"": 212, ""33"": 186, ""34"": 234, ""48"": 200, ""39"": 102, ""50"": 84, ""46"": 112, ""37"": 190, ""26"": 180, ""30"": 196, ""35"": 210, ""43"": 90, ""21"": 110, ""47"": 216, ""38"": 76, ""22"": 230, ""23"": 92, ""36"": 182, ""41"": 218, ""14"": 114, ""11"": 98, ""16"": 78, ""42"": 74, ""49"": 184, ""10"": 116, ""13"": 224, ""9"": 222, ""7"": 94, ""51"": 178, ""18"": 214, ""31"": 220, ""55"": 194, ""28"": 198, ""8"": 232, ""44"": 80, ""53"": 88, ""27"": 188, ""45"": 206, ""52"": 204, ""56"": 106, ""32"": 96, ""15"": 202}",15.6,11.226666666666668,0.7663813196122646,"{""0"": 92, ""3"": 78, ""6"": 60, ""2"": 102, ""4"": 206, ""1"": 74, ""5"": 108, ""36"": 198, ""26"": 86, ""32"": 88, ""49"": 200, ""50"": 96, ""45"": 214, ""28"": 106, ""47"": 178, ""43"": 80, ""39"": 232, ""7"": 202, ""42"": 116, ""8"": 234, ""44"": 72, ""40"": 98, ""48"": 112, ""25"": 204, ""27"": 226, ""12"": 70, ""38"": 100, ""22"": 212, ""24"": 208, ""54"": 180, ""20"": 228, ""31"": 68, ""56"": 62, ""34"": 114, ""17"": 210, ""41"": 194, ""11"": 218, ""33"": 196, ""35"": 216, ""37"": 220, ""10"": 82, ""15"": 76, ""29"": 104, ""23"": 192, ""46"": 182, ""55"": 186, ""9"": 188, ""14"": 94, ""19"": 230, ""13"": 90, ""30"": 224, ""21"": 184, ""51"": 66, ""53"": 222, ""18"": 84, ""16"": 190, ""52"": 64}",10.0,18.04,"{""0"": 72, ""1"": 204, ""2"": 186, ""3"": 234, ""4"": 190, ""5"": 68, ""6"": 224, ""7"": 210, ""8"": 232, ""9"": 110, ""10"": 62, ""11"": 180, ""12"": 202, ""13"": 76, ""14"": 86, ""15"": 96, ""16"": 212, ""17"": 102, ""18"": 200, ""19"": 230, ""20"": 60, ""21"": 196, ""22"": 216, ""23"": 70, ""24"": 92, ""25"": 84, ""26"": 82, ""27"": 104, ""28"": 198, ""29"": 214, ""30"": 184, ""31"": 74, ""32"": 112, ""33"": 114, ""34"": 228, ""35"": 64, ""36"": 94, ""37"": 66, ""38"": 206, ""39"": 108, ""40"": 80, ""41"": 98, ""42"": 226, ""43"": 88, ""44"": 100, ""45"": 222, ""46"": 220, ""47"": 106, ""48"": 218, ""49"": 182, ""50"": 116, ""51"": 90, ""52"": 194, ""53"": 208, ""54"": 178, ""55"": 78, ""56"": 192}",16.4,58
autobraid_10.qasm,18.6,0.4282277904450893,"{""0"": 72, ""1"": 26, ""2"": 66, ""3"": 24, ""4"": 20, ""5"": 22, ""6"": 36, ""7"": 70, ""8"": 62, ""9"": 34, ""10"": 64, ""11"": 60, ""12"": 58, ""13"": 30, ""14"": 32, ""15"": 28, ""16"": 74}",18.0,22.28,"{""5"": 26, ""1"": 24, ""2"": 22, ""3"": 20, ""4"": 28, ""6"": 30, ""7"": 58, ""0"": 60, ""12"": 34, ""8"": 36, ""14"": 32, ""11"": 72, ""16"": 66, ""10"": 62, ""13"": 68, ""9"": 64, ""15"": 70}",21.0,20.16,6.278116948902607,"{""0"": 20, ""3"": 72, ""6"": 24, ""2"": 60, ""4"": 36, ""1"": 66, ""5"": 70, ""7"": 58, ""8"": 62, ""9"": 26, ""14"": 28, ""12"": 32, ""11"": 74, ""13"": 30, ""10"": 64, ""15"": 68, ""16"": 22}",17.6,23.48,"{""0"": 72, ""1"": 66, ""2"": 74, ""3"": 68, ""4"": 64, ""5"": 62, ""6"": 22, ""7"": 36, ""8"": 32, ""9"": 60, ""10"": 34, ""11"": 70, ""12"": 58, ""13"": 28, ""14"": 20, ""15"": 26, ""16"": 30}",19.4,18
jku_suite_44.qasm,25.6,0.7429464600980282,"{""0"": 24, ""1"": 26, ""2"": 22, ""3"": 12, ""4"": 10, ""5"": 8}",24.0,25.52,"{""5"": 26, ""1"": 24, ""2"": 12, ""3"": 22, ""4"": 8, ""0"": 10}",24.4,25.01333333333333,11.039585538208485,"{""0"": 12, ""3"": 24, ""2"": 22, ""4"": 10, ""1"": 26, ""5"": 8}",24.0,25.88,"{""0"": 10, ""1"": 26, ""2"": 22, ""3"": 12, ""4"": 24, ""5"": 8}",24.0,6
vqe_6.qasm,25.08,0.532415772229433,"{""0"": 34, ""1"": 12, ""2"": 16, ""3"": 30, ""4"": 14, ""5"": 28, ""6"": 10}",24.0,26.8,"{""5"": 10, ""1"": 30, ""2"": 28, ""3"": 32, ""4"": 12, ""6"": 16, ""0"": 34}",25.0,25.626666666666665,7.9712258987128735,"{""0"": 30, ""6"": 34, ""3"": 14, ""4"": 12, ""2"": 10, ""1"": 16, ""5"": 32}",23.6,26.0,"{""0"": 16, ""1"": 34, ""2"": 10, ""3"": 28, ""4"": 12, ""5"": 14, ""6"": 30}",25.0,8
qft_6.qasm,18.96,0.0021306857466697,"{""0"": 16, ""1"": 28, ""2"": 32, ""3"": 34, ""4"": 14, ""5"": 10, ""6"": 12}",17.0,18.8,"{""5"": 14, ""1"": 16, ""2"": 32, ""3"": 28, ""4"": 34, ""6"": 12, ""0"": 10}",17.0,18.69333333333333,0.0234087072312831,"{""0"": 10, ""3"": 28, ""6"": 12, ""2"": 32, ""4"": 34, ""1"": 16, ""5"": 14}",17.0,20.04,"{""0"": 16, ""1"": 30, ""2"": 28, ""3"": 10, ""4"": 32, ""5"": 14, ""6"": 34}",19.0,8
autobraid_40.qasm,10.8,0.1213844805955886,"{""0"": 170, ""1"": 86, ""2"": 84, ""3"": 146, ""4"": 56, ""5"": 52, ""6"": 152, ""7"": 178, ""8"": 156, ""9"": 174, ""10"": 160, ""11"": 172, ""12"": 64, ""13"": 176, ""14"": 60, ""15"": 76, ""16"": 58, ""17"": 88, ""18"": 164, ""19"": 168, ""20"": 162, ""21"": 148, ""22"": 140, ""23"": 66, ""24"": 48, ""25"": 46, ""26"": 78, ""27"": 80, ""28"": 136, ""29"": 68, ""30"": 138, ""31"": 154, ""32"": 82, ""33"": 142, ""34"": 158, ""35"": 72, ""36"": 54, ""37"": 70, ""38"": 62, ""39"": 50, ""40"": 144, ""41"": 74, ""42"": 166, ""43"": 150}",8.0,18.4,"{""8"": 52, ""5"": 54, ""1"": 56, ""9"": 58, ""2"": 50, ""3"": 48, ""4"": 46, ""10"": 60, ""6"": 62, ""7"": 64, ""0"": 136, ""40"": 164, ""12"": 154, ""17"": 66, ""19"": 152, ""20"": 146, ""24"": 172, ""29"": 168, ""25"": 70, ""33"": 76, ""34"": 74, ""39"": 148, ""37"": 68, ""26"": 138, ""35"": 178, ""30"": 170, ""43"": 158, ""21"": 174, ""38"": 160, ""23"": 176, ""22"": 162, ""41"": 78, ""36"": 80, ""14"": 140, ""11"": 88, ""16"": 144, ""42"": 150, ""13"": 84, ""18"": 82, ""31"": 166, ""28"": 156, ""27"": 142, ""32"": 72, ""15"": 86}",16.2,10.786666666666669,1.7669270001351831,"{""0"": 166, ""3"": 48, ""6"": 160, ""8"": 50, ""9"": 154, ""2"": 64, ""4"": 168, ""10"": 76, ""1"": 62, ""5"": 56, ""7"": 174, ""36"": 84, ""26"": 88, ""32"": 66, ""28"": 170, ""43"": 68, ""39"": 54, ""42"": 178, ""40"": 86, ""25"": 82, ""12"": 144, ""27"": 78, ""38"": 162, ""22"": 152, ""24"": 70, ""20"": 72, ""31"": 60, ""34"": 176, ""17"": 74, ""41"": 148, ""11"": 138, ""33"": 172, ""35"": 140, ""37"": 164, ""15"": 156, ""29"": 80, ""23"": 142, ""14"": 52, ""19"": 58, ""13"": 46, ""21"": 136, ""30"": 150, ""18"": 158, ""16"": 146}",7.4,19.72,"{""0"": 82, ""1"": 74, ""2"": 146, ""3"": 58, ""4"": 54, ""5"": 166, ""6"": 160, ""7"": 162, ""8"": 150, ""9"": 156, ""10"": 172, ""11"": 154, ""12"": 152, ""13"": 56, ""14"": 178, ""15"": 142, ""16"": 138, ""17"": 170, ""18"": 52, ""19"": 78, ""20"": 164, ""21"": 86, ""22"": 50, ""23"": 68, ""24"": 176, ""25"": 64, ""26"": 144, ""27"": 174, ""28"": 148, ""29"": 48, ""30"": 46, ""31"": 88, ""32"": 80, ""33"": 168, ""34"": 66, ""35"": 60, ""36"": 84, ""37"": 76, ""38"": 136, ""39"": 158, ""40"": 70, ""41"": 72, ""42"": 140, ""43"": 62}",16.0,44
autobraid_17.qasm,11.56,0.0391923829913139,"{""0"": 142, ""1"": 148, ""2"": 88, ""3"": 144, ""4"": 50, ""5"": 166, ""6"": 70, ""7"": 58, ""8"": 74, ""9"": 140, ""10"": 152, ""11"": 56, ""12"": 170, ""13"": 84, ""14"": 68, ""15"": 54, ""16"": 86, ""17"": 82, ""18"": 154, ""19"": 136, ""20"": 66, ""21"": 138, ""22"": 156, ""23"": 146, ""24"": 62, ""25"": 172, ""26"": 80, ""27"": 160, ""28"": 164, ""29"": 48, ""30"": 162, ""31"": 64, ""32"": 60, ""33"": 72, ""34"": 178, ""35"": 168, ""36"": 76, ""37"": 150, ""38"": 46, ""39"": 52, ""40"": 78, ""41"": 174, ""42"": 176, ""43"": 158}",10.0,19.04,"{""8"": 52, ""5"": 48, ""1"": 50, ""9"": 46, ""2"": 54, ""3"": 56, ""4"": 58, ""10"": 60, ""6"": 62, ""7"": 64, ""0"": 136, ""40"": 72, ""12"": 156, ""17"": 168, ""19"": 154, ""20"": 82, ""24"": 74, ""29"": 76, ""25"": 84, ""33"": 170, ""34"": 66, ""39"": 146, ""37"": 158, ""26"": 166, ""30"": 68, ""35"": 78, ""43"": 152, ""21"": 178, ""38"": 148, ""23"": 86, ""22"": 174, ""36"": 144, ""41"": 80, ""14"": 164, ""11"": 160, ""16"": 140, ""42"": 70, ""13"": 150, ""18"": 88, ""31"": 138, ""28"": 172, ""27"": 162, ""32"": 176, ""15"": 142}",14.6,13.013333333333334,0.5707723870873451,"{""0"": 50, ""3"": 150, ""6"": 70, ""8"": 62, ""9"": 86, ""2"": 152, ""4"": 74, ""10"": 166, ""1"": 156, ""5"": 176, ""7"": 72, ""36"": 80, ""26"": 64, ""32"": 168, ""28"": 78, ""43"": 66, ""39"": 162, ""42"": 60, ""40"": 138, ""27"": 76, ""12"": 88, ""25"": 56, ""38"": 170, ""24"": 54, ""22"": 52, ""20"": 164, ""31"": 158, ""34"": 148, ""17"": 144, ""41"": 58, ""11"": 174, ""33"": 68, ""35"": 142, ""37"": 160, ""15"": 82, ""29"": 84, ""23"": 48, ""14"": 154, ""19"": 178, ""13"": 140, ""30"": 46, ""21"": 172, ""18"": 146, ""16"": 136}",10.0,19.76,"{""0"": 56, ""1"": 146, ""2"": 78, ""3"": 144, ""4"": 164, ""5"": 72, ""6"": 86, ""7"": 166, ""8"": 168, ""9"": 76, ""10"": 178, ""11"": 64, ""12"": 66, ""13"": 48, ""14"": 156, ""15"": 136, ""16"": 82, ""17"": 170, ""18"": 172, ""19"": 50, ""20"": 150, ""21"": 162, ""22"": 148, ""23"": 140, ""24"": 46, ""25"": 80, ""26"": 60, ""27"": 70, ""28"": 74, ""29"": 62, ""30"": 54, ""31"": 84, ""32"": 176, ""33"": 58, ""34"": 142, ""35"": 154, ""36"": 138, ""37"": 88, ""38"": 52, ""39"": 152, ""40"": 160, ""41"": 174, ""42"": 158, ""43"": 68}",18.6,44
quest_suite_15.qasm,25.0,0.5916408590972424,"{""0"": 28, ""1"": 16, ""2"": 14, ""3"": 32, ""4"": 12, ""5"": 10, ""6"": 30}",24.2,26.08,"{""5"": 32, ""1"": 34, ""2"": 16, ""3"": 14, ""4"": 30, ""6"": 28, ""0"": 10}",24.0,25.30666666666667,8.769831724464893,"{""0"": 10, ""3"": 32, ""6"": 28, ""2"": 14, ""4"": 30, ""1"": 34, ""5"": 12}",24.0,26.4,"{""0"": 14, ""1"": 12, ""2"": 10, ""3"": 30, ""4"": 34, ""5"": 16, ""6"": 28}",25.6,8
jku_suite_18.qasm,22.8,0.4656757719814777,"{""0"": 34, ""1"": 36, ""2"": 42, ""3"": 18, ""4"": 20, ""5"": 12, ""6"": 16, ""7"": 40, ""8"": 38, ""9"": 14}",21.0,23.04,"{""8"": 42, ""5"": 16, ""1"": 40, ""2"": 18, ""3"": 14, ""4"": 12, ""6"": 38, ""7"": 34, ""0"": 20, ""9"": 36}",22.4,21.85333333333333,6.758103534579277,"{""0"": 18, ""3"": 12, ""6"": 34, ""8"": 40, ""2"": 38, ""4"": 36, ""1"": 20, ""5"": 16, ""7"": 42, ""9"": 14}",20.0,24.16,"{""0"": 38, ""1"": 42, ""2"": 14, ""3"": 40, ""4"": 12, ""5"": 20, ""6"": 36, ""7"": 16, ""8"": 18, ""9"": 34}",23.0,10
jku_suite_29.qasm,21.4,0.0777329638600349,"{""0"": 38, ""1"": 12, ""2"": 14, ""3"": 36, ""4"": 20, ""5"": 16, ""6"": 18, ""7"": 34, ""8"": 42}",21.0,24.8,"{""8"": 42, ""5"": 34, ""1"": 20, ""2"": 16, ""3"": 14, ""4"": 18, ""6"": 36, ""7"": 38, ""0"": 12}",24.0,21.773333333333333,2.1010870337486267,"{""3"": 20, ""8"": 12, ""0"": 16, ""6"": 38, ""2"": 42, ""4"": 34, ""1"": 40, ""5"": 14, ""7"": 18}",21.0,25.68,"{""0"": 34, ""1"": 38, ""2"": 36, ""3"": 42, ""4"": 12, ""5"": 40, ""6"": 14, ""7"": 18, ""8"": 20}",24.0,10
quarl_suite_6.qasm,26.6,0.5708073362708092,"{""0"": 10, ""1"": 30, ""2"": 16, ""3"": 34, ""4"": 14, ""5"": 32, ""6"": 12}",26.0,25.0,"{""5"": 12, ""1"": 10, ""2"": 34, ""3"": 14, ""4"": 30, ""6"": 16, ""0"": 28}",24.0,25.106666666666666,8.473836544901133,"{""3"": 10, ""6"": 14, ""0"": 30, ""2"": 12, ""4"": 28, ""1"": 34, ""5"": 16}",23.0,27.44,"{""0"": 32, ""1"": 16, ""2"": 12, ""3"": 28, ""4"": 34, ""5"": 14, ""6"": 30}",26.0,8
jku_suite_20.qasm,23.92,0.0588046938180923,"{""0"": 34, ""1"": 32, ""2"": 10, ""3"": 30, ""4"": 28, ""5"": 12, ""6"": 14}",21.0,24.4,"{""5"": 10, ""1"": 28, ""2"": 14, ""3"": 30, ""4"": 32, ""6"": 12, ""0"": 16}",23.0,23.186666666666667,0.8566728197038174,"{""6"": 16, ""3"": 28, ""0"": 12, ""4"": 14, ""2"": 32, ""1"": 34, ""5"": 10}",21.0,23.36,"{""0"": 30, ""1"": 14, ""2"": 12, ""3"": 34, ""4"": 28, ""5"": 16, ""6"": 10}",21.4,8
autobraid_42.qasm,12.08,0.0458283275365829,"{""0"": 94, ""1"": 78, ""2"": 198, ""3"": 120, ""4"": 88, ""5"": 82, ""6"": 200, ""7"": 246, ""8"": 234, ""9"": 202, ""10"": 74, ""11"": 236, ""12"": 212, ""13"": 204, ""14"": 102, ""15"": 194, ""16"": 240, ""17"": 114, ""18"": 90, ""19"": 220, ""20"": 112, ""21"": 68, ""22"": 72, ""23"": 98, ""24"": 226, ""25"": 230, ""26"": 190, ""27"": 70, ""28"": 208, ""29"": 244, ""30"": 100, ""31"": 116, ""32"": 192, ""33"": 216, ""34"": 96, ""35"": 206, ""36"": 84, ""37"": 118, ""38"": 218, ""39"": 110, ""40"": 104, ""41"": 238, ""42"": 80, ""43"": 86, ""44"": 228, ""45"": 92, ""46"": 106, ""47"": 196, ""48"": 214, ""49"": 248, ""50"": 108, ""51"": 124, ""52"": 242, ""53"": 76, ""54"": 66, ""55"": 250, ""56"": 122, ""57"": 210, ""58"": 232, ""59"": 222, ""60"": 224}",11.2,16.44,"{""5"": 68, ""1"": 66, ""2"": 64, ""3"": 70, ""4"": 72, ""6"": 74, ""0"": 76, ""40"": 206, ""12"": 220, ""17"": 98, ""59"": 198, ""54"": 78, ""19"": 192, ""20"": 210, ""24"": 90, ""29"": 228, ""25"": 116, ""33"": 232, ""34"": 216, ""48"": 224, ""39"": 106, ""50"": 204, ""46"": 120, ""37"": 190, ""26"": 240, ""30"": 102, ""35"": 88, ""43"": 112, ""21"": 238, ""47"": 104, ""38"": 124, ""22"": 236, ""23"": 244, ""41"": 250, ""36"": 100, ""14"": 122, ""11"": 202, ""16"": 246, ""42"": 118, ""49"": 218, ""10"": 114, ""13"": 212, ""9"": 214, ""7"": 196, ""51"": 208, ""18"": 82, ""31"": 96, ""60"": 242, ""55"": 92, ""53"": 234, ""44"": 200, ""8"": 108, ""28"": 248, ""27"": 194, ""45"": 226, ""52"": 222, ""56"": 86, ""57"": 94, ""58"": 110, ""32"": 80, ""15"": 230}",15.2,12.026666666666667,0.669689703732729,"{""0"": 64, ""3"": 66, ""6"": 242, ""8"": 70, ""2"": 102, ""4"": 226, ""1"": 118, ""5"": 78, ""7"": 74, ""36"": 192, ""26"": 92, ""32"": 204, ""49"": 68, ""50"": 108, ""45"": 90, ""28"": 228, ""47"": 234, ""39"": 190, ""43"": 122, ""42"": 88, ""44"": 216, ""48"": 94, ""40"": 110, ""27"": 232, ""25"": 116, ""12"": 230, ""38"": 218, ""22"": 124, ""24"": 112, ""54"": 224, ""59"": 82, ""20"": 210, ""60"": 214, ""31"": 236, ""56"": 114, ""34"": 220, ""17"": 202, ""41"": 194, ""11"": 208, ""33"": 248, ""35"": 100, ""37"": 72, ""10"": 198, ""58"": 96, ""16"": 86, ""29"": 244, ""23"": 222, ""46"": 238, ""55"": 250, ""9"": 120, ""14"": 98, ""19"": 196, ""13"": 80, ""30"": 240, ""57"": 76, ""21"": 212, ""51"": 246, ""53"": 104, ""18"": 106, ""15"": 206, ""52"": 84}",9.2,18.04,"{""0"": 88, ""1"": 114, ""2"": 106, ""3"": 200, ""4"": 122, ""5"": 64, ""6"": 82, ""7"": 98, ""8"": 210, ""9"": 206, ""10"": 224, ""11"": 244, ""12"": 242, ""13"": 202, ""14"": 208, ""15"": 230, ""16"": 112, ""17"": 78, ""18"": 196, ""19"": 70, ""20"": 234, ""21"": 124, ""22"": 110, ""23"": 226, ""24"": 84, ""25"": 102, ""26"": 100, ""27"": 74, ""28"": 92, ""29"": 72, ""30"": 220, ""31"": 228, ""32"": 116, ""33"": 190, ""34"": 68, ""35"": 194, ""36"": 246, ""37"": 240, ""38"": 94, ""39"": 214, ""40"": 66, ""41"": 236, ""42"": 90, ""43"": 80, ""44"": 108, ""45"": 104, ""46"": 86, ""47"": 76, ""48"": 218, ""49"": 250, ""50"": 198, ""51"": 248, ""52"": 204, ""53"": 222, ""54"": 192, ""55"": 120, ""56"": 212, ""57"": 238, ""58"": 216, ""59"": 118, ""60"": 96}",14.0,62
jku_suite_81.qasm,21.0,0.4942356161773205,"{""0"": 16, ""1"": 28, ""2"": 34, ""3"": 12, ""4"": 14, ""5"": 32, ""6"": 30, ""7"": 10}",19.0,23.36,"{""5"": 10, ""1"": 14, ""2"": 30, ""3"": 16, ""4"": 12, ""6"": 34, ""7"": 32, ""0"": 28}",20.0,20.586666666666662,7.467184837907553,"{""3"": 32, ""6"": 14, ""0"": 12, ""4"": 10, ""2"": 30, ""1"": 34, ""5"": 28, ""7"": 16}",17.2,22.84,"{""0"": 28, ""1"": 34, ""2"": 32, ""3"": 30, ""4"": 10, ""5"": 14, ""6"": 16, ""7"": 12}",21.2,8
autobraid_22.qasm,13.24,0.0496271185576915,"{""0"": 212, ""1"": 216, ""2"": 102, ""3"": 196, ""4"": 184, ""5"": 58, ""6"": 96, ""7"": 108, ""8"": 210, ""9"": 88, ""10"": 94, ""11"": 200, ""12"": 166, ""13"": 172, ""14"": 214, ""15"": 208, ""16"": 106, ""17"": 178, ""18"": 86, ""19"": 66, ""20"": 100, ""21"": 74, ""22"": 56, ""23"": 204, ""24"": 90, ""25"": 174, ""26"": 104, ""27"": 80, ""28"": 68, ""29"": 76, ""30"": 82, ""31"": 202, ""32"": 170, ""33"": 78, ""34"": 176, ""35"": 60, ""36"": 194, ""37"": 168, ""38"": 218, ""39"": 98, ""40"": 188, ""41"": 92, ""42"": 180, ""43"": 198, ""44"": 70, ""45"": 64, ""46"": 84, ""47"": 192, ""48"": 182, ""49"": 206, ""50"": 72, ""51"": 190, ""52"": 186}",12.0,18.76,"{""5"": 56, ""1"": 62, ""2"": 58, ""3"": 60, ""4"": 64, ""6"": 66, ""0"": 68, ""40"": 218, ""12"": 166, ""17"": 178, ""19"": 82, ""20"": 76, ""24"": 84, ""29"": 106, ""25"": 72, ""33"": 168, ""34"": 104, ""48"": 170, ""39"": 180, ""50"": 186, ""46"": 190, ""37"": 92, ""26"": 90, ""35"": 216, ""30"": 198, ""43"": 70, ""21"": 208, ""47"": 100, ""38"": 96, ""23"": 108, ""22"": 80, ""41"": 188, ""36"": 184, ""14"": 192, ""11"": 74, ""16"": 174, ""42"": 98, ""49"": 176, ""10"": 212, ""13"": 210, ""9"": 214, ""7"": 196, ""51"": 204, ""18"": 86, ""31"": 88, ""28"": 78, ""8"": 206, ""44"": 94, ""27"": 202, ""45"": 102, ""52"": 182, ""32"": 172, ""15"": 194}",16.4,11.853333333333332,0.7323433198034763,"{""0"": 66, ""3"": 86, ""6"": 98, ""2"": 72, ""4"": 194, ""1"": 88, ""5"": 190, ""36"": 208, ""26"": 104, ""32"": 168, ""49"": 176, ""50"": 90, ""45"": 58, ""28"": 62, ""47"": 84, ""43"": 182, ""39"": 106, ""7"": 78, ""42"": 198, ""8"": 216, ""44"": 68, ""48"": 210, ""40"": 76, ""25"": 102, ""27"": 172, ""12"": 202, ""38"": 206, ""22"": 74, ""24"": 170, ""20"": 204, ""31"": 186, ""34"": 214, ""17"": 100, ""41"": 70, ""11"": 80, ""33"": 82, ""35"": 174, ""37"": 192, ""10"": 96, ""15"": 92, ""29"": 94, ""23"": 178, ""46"": 196, ""9"": 184, ""14"": 56, ""19"": 212, ""13"": 64, ""30"": 166, ""21"": 188, ""51"": 200, ""18"": 60, ""16"": 180, ""52"": 218}",9.8,18.92,"{""0"": 178, ""1"": 60, ""2"": 100, ""3"": 212, ""4"": 66, ""5"": 64, ""6"": 206, ""7"": 88, ""8"": 184, ""9"": 210, ""10"": 62, ""11"": 84, ""12"": 78, ""13"": 208, ""14"": 102, ""15"": 182, ""16"": 200, ""17"": 94, ""18"": 70, ""19"": 196, ""20"": 168, ""21"": 74, ""22"": 80, ""23"": 96, ""24"": 58, ""25"": 180, ""26"": 90, ""27"": 194, ""28"": 56, ""29"": 72, ""30"": 186, ""31"": 106, ""32"": 108, ""33"": 82, ""34"": 218, ""35"": 104, ""36"": 192, ""37"": 204, ""38"": 92, ""39"": 98, ""40"": 188, ""41"": 170, ""42"": 68, ""43"": 202, ""44"": 216, ""45"": 190, ""46"": 172, ""47"": 176, ""48"": 174, ""49"": 166, ""50"": 76, ""51"": 198, ""52"": 214}",17.4,54
jku_suite_85.qasm,19.2,0.410979637503624,"{""0"": 12, ""1"": 36, ""2"": 42, ""3"": 34, ""4"": 40, ""5"": 18, ""6"": 38, ""7"": 16, ""8"": 14, ""9"": 20}",16.0,22.44,"{""8"": 40, ""5"": 36, ""1"": 12, ""6"": 42, ""2"": 38, ""3"": 20, ""4"": 34, ""9"": 18, ""7"": 16, ""0"": 14}",21.2,18.4,5.840339090675116,"{""0"": 20, ""8"": 18, ""6"": 38, ""3"": 42, ""9"": 12, ""4"": 36, ""2"": 34, ""1"": 40, ""5"": 14, ""7"": 16}",16.0,21.4,"{""0"": 34, ""1"": 36, ""2"": 20, ""3"": 16, ""4"": 40, ""5"": 42, ""6"": 14, ""7"": 18, ""8"": 12, ""9"": 38}",19.2,10
qaoa_3.qasm,13.24,0.1188735753297805,"{""0"": 88, ""1"": 44, ""2"": 78, ""3"": 28, ""4"": 26, ""5"": 84, ""6"": 74, ""7"": 86, ""8"": 24, ""9"": 32, ""10"": 38, ""11"": 42, ""12"": 80, ""13"": 82, ""14"": 40, ""15"": 34, ""16"": 70, ""17"": 90, ""18"": 72, ""19"": 30, ""20"": 76}",11.8,17.08,"{""8"": 30, ""5"": 32, ""1"": 34, ""9"": 36, ""2"": 28, ""3"": 26, ""4"": 24, ""10"": 72, ""6"": 74, ""7"": 70, ""0"": 76, ""12"": 44, ""17"": 40, ""14"": 82, ""11"": 88, ""16"": 90, ""19"": 38, ""20"": 42, ""13"": 80, ""18"": 84, ""15"": 86}",16.0,13.28,1.7767808325588703,"{""0"": 24, ""3"": 32, ""6"": 26, ""8"": 42, ""9"": 30, ""2"": 28, ""4"": 88, ""10"": 80, ""1"": 82, ""5"": 86, ""7"": 70, ""17"": 78, ""14"": 76, ""19"": 36, ""12"": 40, ""11"": 72, ""13"": 74, ""15"": 34, ""20"": 84, ""18"": 44, ""16"": 38}",9.4,18.72,"{""0"": 28, ""1"": 26, ""2"": 82, ""3"": 40, ""4"": 42, ""5"": 78, ""6"": 76, ""7"": 70, ""8"": 80, ""9"": 32, ""10"": 24, ""11"": 34, ""12"": 30, ""13"": 38, ""14"": 86, ""15"": 36, ""16"": 90, ""17"": 72, ""18"": 44, ""19"": 88, ""20"": 74}",17.2,22
autobraid_4.qasm,9.52,0.1371206484735012,"{""0"": 136, ""1"": 48, ""2"": 82, ""3"": 138, ""4"": 158, ""5"": 146, ""6"": 142, ""7"": 148, ""8"": 176, ""9"": 62, ""10"": 170, ""11"": 78, ""12"": 144, ""13"": 150, ""14"": 80, ""15"": 50, ""16"": 168, ""17"": 86, ""18"": 166, ""19"": 52, ""20"": 74, ""21"": 66, ""22"": 56, ""23"": 162, ""24"": 88, ""25"": 178, ""26"": 70, ""27"": 140, ""28"": 160, ""29"": 84, ""30"": 68, ""31"": 156, ""32"": 72, ""33"": 58, ""34"": 172, ""35"": 164, ""36"": 174, ""37"": 54, ""38"": 60, ""39"": 152, ""40"": 64, ""41"": 154, ""42"": 76}",9.0,18.48,"{""8"": 52, ""5"": 48, ""1"": 46, ""9"": 50, ""2"": 54, ""3"": 56, ""4"": 58, ""10"": 60, ""6"": 62, ""7"": 64, ""0"": 66, ""40"": 160, ""12"": 140, ""17"": 176, ""19"": 152, ""20"": 74, ""24"": 174, ""29"": 168, ""25"": 78, ""33"": 86, ""34"": 84, ""39"": 172, ""37"": 164, ""26"": 156, ""35"": 148, ""30"": 136, ""21"": 144, ""38"": 146, ""23"": 76, ""22"": 178, ""36"": 80, ""41"": 170, ""14"": 158, ""11"": 154, ""16"": 70, ""42"": 162, ""13"": 150, ""18"": 142, ""31"": 138, ""28"": 166, ""27"": 72, ""32"": 68, ""15"": 82}",16.6,10.653333333333334,2.0306926146149635,"{""0"": 80, ""3"": 158, ""6"": 144, ""8"": 68, ""9"": 84, ""2"": 50, ""4"": 154, ""10"": 138, ""1"": 70, ""5"": 150, ""7"": 170, ""36"": 168, ""26"": 164, ""32"": 72, ""28"": 48, ""39"": 174, ""42"": 78, ""40"": 160, ""12"": 140, ""25"": 60, ""27"": 176, ""22"": 146, ""24"": 54, ""38"": 62, ""20"": 76, ""31"": 172, ""34"": 162, ""17"": 64, ""41"": 74, ""11"": 66, ""33"": 136, ""35"": 166, ""37"": 152, ""15"": 142, ""29"": 88, ""23"": 156, ""14"": 178, ""19"": 148, ""13"": 56, ""21"": 86, ""30"": 46, ""18"": 52, ""16"": 58}",8.0,18.6,"{""0"": 54, ""1"": 86, ""2"": 88, ""3"": 158, ""4"": 156, ""5"": 152, ""6"": 76, ""7"": 144, ""8"": 56, ""9"": 48, ""10"": 150, ""11"": 80, ""12"": 62, ""13"": 168, ""14"": 60, ""15"": 68, ""16"": 72, ""17"": 50, ""18"": 176, ""19"": 74, ""20"": 52, ""21"": 172, ""22"": 170, ""23"": 66, ""24"": 78, ""25"": 178, ""26"": 142, ""27"": 166, ""28"": 46, ""29"": 82, ""30"": 174, ""31"": 146, ""32"": 162, ""33"": 148, ""34"": 70, ""35"": 164, ""36"": 154, ""37"": 136, ""38"": 140, ""39"": 64, ""40"": 84, ""41"": 138, ""42"": 58}",17.4,44
grover_6.qasm,24.08,0.0034466579556465,"{""0"": 24, ""1"": 8, ""2"": 26, ""3"": 22, ""4"": 10, ""5"": 12}",24.0,24.88,"{""5"": 12, ""1"": 22, ""2"": 26, ""3"": 10, ""4"": 8, ""0"": 24}",24.0,24.14666666666667,0.0431125573813915,"{""0"": 26, ""3"": 12, ""2"": 8, ""4"": 10, ""1"": 22, ""5"": 24}",24.0,25.36,"{""0"": 10, ""1"": 22, ""2"": 26, ""3"": 24, ""4"": 8, ""5"": 12}",25.0,6
autobraid_3.qasm,18.76,0.2982385084033012,"{""0"": 34, ""1"": 16, ""2"": 20, ""3"": 36, ""4"": 42, ""5"": 18, ""6"": 14, ""7"": 40, ""8"": 38}",16.0,20.32,"{""8"": 14, ""5"": 38, ""1"": 40, ""2"": 16, ""3"": 42, ""4"": 36, ""6"": 34, ""7"": 12, ""0"": 20}",19.0,18.52,4.3790610283613205,"{""0"": 36, ""3"": 38, ""6"": 34, ""8"": 12, ""2"": 42, ""4"": 18, ""1"": 16, ""5"": 20, ""7"": 40}",15.2,20.76,"{""0"": 36, ""1"": 18, ""2"": 12, ""3"": 14, ""4"": 42, ""5"": 34, ""6"": 20, ""7"": 40, ""8"": 38}",17.6,10
autobraid_0.qasm,12.28,0.0453499779105186,"{""0"": 84, ""1"": 222, ""2"": 100, ""3"": 216, ""4"": 118, ""5"": 78, ""6"": 250, ""7"": 88, ""8"": 220, ""9"": 92, ""10"": 242, ""11"": 64, ""12"": 116, ""13"": 74, ""14"": 232, ""15"": 112, ""16"": 124, ""17"": 122, ""18"": 228, ""19"": 236, ""20"": 90, ""21"": 86, ""22"": 68, ""23"": 234, ""24"": 194, ""25"": 238, ""26"": 72, ""27"": 212, ""28"": 104, ""29"": 82, ""30"": 196, ""31"": 96, ""32"": 204, ""33"": 110, ""34"": 202, ""35"": 192, ""36"": 246, ""37"": 106, ""38"": 190, ""39"": 98, ""40"": 114, ""41"": 218, ""42"": 80, ""43"": 240, ""44"": 108, ""45"": 66, ""46"": 226, ""47"": 224, ""48"": 120, ""49"": 198, ""50"": 248, ""51"": 210, ""52"": 70, ""53"": 230, ""54"": 76, ""55"": 200, ""56"": 244, ""57"": 214, ""58"": 208, ""59"": 94, ""60"": 206}",10.0,18.04,"{""5"": 68, ""1"": 64, ""2"": 66, ""3"": 70, ""4"": 72, ""6"": 74, ""0"": 76, ""40"": 118, ""12"": 122, ""17"": 202, ""59"": 84, ""54"": 214, ""19"": 120, ""20"": 98, ""24"": 100, ""29"": 86, ""25"": 204, ""33"": 216, ""34"": 78, ""48"": 194, ""39"": 92, ""50"": 110, ""46"": 246, ""37"": 240, ""26"": 232, ""30"": 96, ""35"": 226, ""43"": 248, ""21"": 94, ""47"": 236, ""38"": 104, ""22"": 102, ""23"": 222, ""36"": 210, ""41"": 108, ""14"": 190, ""11"": 80, ""16"": 230, ""42"": 198, ""49"": 112, ""10"": 212, ""13"": 192, ""9"": 220, ""7"": 200, ""51"": 242, ""18"": 234, ""31"": 218, ""60"": 228, ""55"": 106, ""53"": 82, ""44"": 224, ""8"": 208, ""28"": 88, ""27"": 114, ""45"": 90, ""52"": 116, ""56"": 238, ""57"": 206, ""58"": 196, ""32"": 244, ""15"": 250}",15.2,11.973333333333333,0.6694176346063614,"{""0"": 214, ""3"": 84, ""6"": 238, ""2"": 106, ""4"": 198, ""1"": 108, ""5"": 120, ""36"": 64, ""26"": 116, ""32"": 226, ""50"": 72, ""49"": 244, ""45"": 206, ""28"": 240, ""47"": 104, ""43"": 220, ""39"": 216, ""7"": 66, ""42"": 230, ""8"": 232, ""44"": 248, ""40"": 218, ""48"": 80, ""25"": 102, ""12"": 234, ""27"": 94, ""38"": 88, ""22"": 110, ""24"": 212, ""54"": 222, ""59"": 228, ""20"": 194, ""60"": 92, ""31"": 98, ""56"": 246, ""34"": 70, ""17"": 122, ""41"": 236, ""11"": 210, ""33"": 90, ""35"": 200, ""37"": 74, ""10"": 114, ""58"": 202, ""15"": 118, ""29"": 86, ""23"": 192, ""46"": 82, ""55"": 78, ""9"": 112, ""14"": 100, ""19"": 208, ""13"": 68, ""30"": 76, ""21"": 242, ""57"": 96, ""51"": 190, ""53"": 224, ""18"": 124, ""16"": 196, ""52"": 250}",9.2,17.8,"{""0"": 92, ""1"": 108, ""2"": 196, ""3"": 84, ""4"": 110, ""5"": 122, ""6"": 214, ""7"": 86, ""8"": 218, ""9"": 198, ""10"": 118, ""11"": 208, ""12"": 210, ""13"": 236, ""14"": 74, ""15"": 246, ""16"": 98, ""17"": 104, ""18"": 190, ""19"": 80, ""20"": 226, ""21"": 116, ""22"": 192, ""23"": 90, ""24"": 88, ""25"": 66, ""26"": 76, ""27"": 72, ""28"": 70, ""29"": 112, ""30"": 228, ""31"": 202, ""32"": 212, ""33"": 234, ""34"": 78, ""35"": 230, ""36"": 94, ""37"": 120, ""38"": 96, ""39"": 82, ""40"": 204, ""41"": 248, ""42"": 64, ""43"": 68, ""44"": 224, ""45"": 238, ""46"": 220, ""47"": 206, ""48"": 106, ""49"": 240, ""50"": 232, ""51"": 102, ""52"": 244, ""53"": 250, ""54"": 200, ""55"": 242, ""56"": 222, ""57"": 114, ""58"": 124, ""59"": 216, ""60"": 100}",15.2,62
qaoa_9.qasm,14.56,0.148719236254692,"{""0"": 66, ""1"": 34, ""2"": 32, ""3"": 26, ""4"": 28, ""5"": 64, ""6"": 70, ""7"": 68, ""8"": 36, ""9"": 80, ""10"": 30, ""11"": 72, ""12"": 40, ""13"": 78, ""14"": 38, ""15"": 74, ""16"": 82, ""17"": 76, ""18"": 24}",12.6,20.4,"{""8"": 22, ""5"": 28, ""1"": 30, ""2"": 26, ""3"": 24, ""4"": 32, ""6"": 34, ""7"": 72, ""0"": 68, ""12"": 36, ""17"": 78, ""14"": 40, ""11"": 64, ""16"": 80, ""10"": 74, ""13"": 76, ""9"": 38, ""18"": 66, ""15"": 70}",17.6,13.64,2.180881943553686,"{""0"": 72, ""3"": 22, ""6"": 64, ""8"": 28, ""2"": 70, ""4"": 24, ""1"": 34, ""5"": 74, ""7"": 80, ""17"": 82, ""9"": 40, ""14"": 36, ""12"": 78, ""11"": 66, ""13"": 38, ""10"": 26, ""16"": 32, ""18"": 30, ""15"": 68}",11.8,18.8,"{""0"": 72, ""1"": 70, ""2"": 78, ""3"": 80, ""4"": 26, ""5"": 30, ""6"": 64, ""7"": 22, ""8"": 32, ""9"": 36, ""10"": 40, ""11"": 24, ""12"": 68, ""13"": 66, ""14"": 82, ""15"": 28, ""16"": 38, ""17"": 34, ""18"": 76}",17.2,20
jku_suite_41.qasm,18.8,0.4397517435252666,"{""0"": 30, ""1"": 10, ""2"": 16, ""3"": 32, ""4"": 14, ""5"": 12, ""6"": 34, ""7"": 28}",17.4,20.88,"{""5"": 16, ""1"": 28, ""2"": 12, ""3"": 32, ""4"": 10, ""6"": 30, ""7"": 14, ""0"": 34}",19.0,19.386666666666667,6.546333756297827,"{""0"": 12, ""3"": 30, ""6"": 34, ""4"": 14, ""2"": 16, ""1"": 32, ""5"": 10, ""7"": 28}",16.0,20.4,"{""0"": 30, ""1"": 14, ""2"": 10, ""3"": 32, ""4"": 12, ""5"": 34, ""6"": 28, ""7"": 16}",18.6,8
jku_suite_40.qasm,20.24,0.5034342683851719,"{""0"": 16, ""1"": 14, ""2"": 28, ""3"": 32, ""4"": 34, ""5"": 10, ""6"": 30, ""7"": 12}",19.2,21.8,"{""5"": 34, ""1"": 16, ""2"": 32, ""3"": 28, ""4"": 30, ""6"": 14, ""7"": 12, ""0"": 10}",20.0,20.69333333333333,7.515686791390181,"{""0"": 28, ""6"": 14, ""3"": 30, ""4"": 10, ""2"": 16, ""1"": 32, ""5"": 12, ""7"": 34}",17.0,19.96,"{""0"": 28, ""1"": 32, ""2"": 34, ""3"": 14, ""4"": 10, ""5"": 12, ""6"": 16, ""7"": 30}",19.0,8
jku_suite_64.qasm,20.24,0.4334702759981155,"{""0"": 18, ""1"": 42, ""2"": 20, ""3"": 12, ""4"": 36, ""5"": 16, ""6"": 14, ""7"": 38, ""8"": 34, ""9"": 40}",19.0,22.36,"{""8"": 42, ""5"": 18, ""1"": 40, ""9"": 34, ""2"": 14, ""3"": 20, ""4"": 36, ""6"": 38, ""7"": 12, ""0"": 16}",20.0,20.53333333333333,6.755695503205061,"{""0"": 38, ""3"": 42, ""6"": 20, ""8"": 16, ""2"": 34, ""4"": 14, ""1"": 18, ""5"": 36, ""7"": 40, ""9"": 12}",19.0,24.44,"{""0"": 36, ""1"": 42, ""2"": 20, ""3"": 12, ""4"": 40, ""5"": 18, ""6"": 14, ""7"": 16, ""8"": 34, ""9"": 38}",19.0,10
jku_suite_21.qasm,17.48,0.319469490647316,"{""0"": 44, ""1"": 46, ""2"": 16, ""3"": 42, ""4"": 18, ""5"": 50, ""6"": 40, ""7"": 20, ""8"": 22, ""9"": 24, ""10"": 14}",16.0,19.88,"{""8"": 42, ""5"": 20, ""1"": 40, ""9"": 46, ""2"": 14, ""3"": 48, ""10"": 50, ""4"": 16, ""6"": 24, ""7"": 44, ""0"": 22}",17.0,17.746666666666666,4.756572224199772,"{""0"": 48, ""6"": 24, ""3"": 50, ""8"": 16, ""9"": 14, ""4"": 20, ""2"": 46, ""10"": 22, ""1"": 44, ""5"": 42, ""7"": 40}",16.0,21.8,"{""0"": 22, ""1"": 40, ""2"": 18, ""3"": 20, ""4"": 24, ""5"": 50, ""6"": 16, ""7"": 44, ""8"": 42, ""9"": 48, ""10"": 46}",19.4,12
quarl_suite_21.qasm,21.04,0.3922874055802822,"{""0"": 50, ""1"": 26, ""2"": 18, ""3"": 22, ""4"": 54, ""5"": 20, ""6"": 52, ""7"": 46, ""8"": 48, ""9"": 28, ""10"": 56, ""11"": 24, ""12"": 16, ""13"": 58}",19.4,25.52,"{""12"": 20, ""8"": 56, ""5"": 22, ""1"": 24, ""9"": 48, ""11"": 16, ""2"": 18, ""3"": 46, ""4"": 50, ""10"": 26, ""6"": 28, ""7"": 58, ""0"": 52, ""13"": 54}",25.0,21.426666666666662,5.796759579330683,"{""6"": 56, ""8"": 52, ""3"": 28, ""0"": 48, ""9"": 26, ""12"": 20, ""4"": 46, ""11"": 54, ""2"": 22, ""13"": 24, ""10"": 16, ""1"": 58, ""5"": 18, ""7"": 50}",19.0,25.28,"{""0"": 52, ""1"": 18, ""2"": 48, ""3"": 26, ""4"": 28, ""5"": 50, ""6"": 16, ""7"": 22, ""8"": 56, ""9"": 24, ""10"": 58, ""11"": 20, ""12"": 54, ""13"": 46}",23.4,14
quest_suite_14.qasm,19.8,0.2576565191149711,"{""0"": 40, ""1"": 16, ""2"": 12, ""3"": 18, ""4"": 34, ""5"": 38, ""6"": 42, ""7"": 20, ""8"": 14, ""9"": 36}",16.0,21.88,"{""8"": 36, ""5"": 40, ""1"": 14, ""9"": 20, ""2"": 34, ""3"": 16, ""4"": 12, ""6"": 38, ""7"": 18, ""0"": 42}",20.6,20.186666666666667,3.4794212765991688,"{""0"": 40, ""6"": 20, ""3"": 18, ""8"": 34, ""9"": 36, ""2"": 12, ""4"": 14, ""1"": 38, ""5"": 16, ""7"": 42}",16.0,24.48,"{""0"": 42, ""1"": 14, ""2"": 36, ""3"": 18, ""4"": 34, ""5"": 12, ""6"": 38, ""7"": 40, ""8"": 16, ""9"": 20}",23.8,10
jku_suite_8.qasm,27.92,0.6160088822245597,"{""0"": 22, ""1"": 26, ""2"": 8, ""3"": 12, ""4"": 10, ""5"": 24}",26.6,26.04,"{""5"": 12, ""1"": 22, ""2"": 26, ""3"": 10, ""4"": 8, ""0"": 24}",24.2,26.586666666666662,9.007395181804895,"{""0"": 24, ""3"": 8, ""4"": 10, ""2"": 26, ""1"": 22, ""5"": 12}",24.0,27.0,"{""0"": 10, ""1"": 24, ""2"": 22, ""3"": 26, ""4"": 12, ""5"": 8}",24.0,6
jku_suite_24.qasm,15.28,0.2200775325298309,"{""0"": 32, ""1"": 34, ""2"": 36, ""3"": 58, ""4"": 64, ""5"": 66, ""6"": 68, ""7"": 22, ""8"": 28, ""9"": 72, ""10"": 30, ""11"": 62, ""12"": 74, ""13"": 20, ""14"": 26, ""15"": 70, ""16"": 24, ""17"": 60}",11.8,17.96,"{""12"": 70, ""8"": 58, ""5"": 62, ""1"": 20, ""9"": 68, ""11"": 24, ""14"": 28, ""2"": 66, ""3"": 60, ""4"": 34, ""10"": 30, ""13"": 72, ""6"": 64, ""7"": 32, ""0"": 22, ""16"": 26, ""17"": 36, ""15"": 74}",16.8,15.0,3.280823230743408,"{""0"": 74, ""3"": 26, ""6"": 58, ""2"": 72, ""4"": 34, ""1"": 70, ""5"": 28, ""7"": 22, ""17"": 30, ""8"": 66, ""9"": 64, ""14"": 60, ""12"": 62, ""11"": 36, ""13"": 24, ""10"": 20, ""16"": 32, ""15"": 68}",12.0,17.0,"{""0"": 32, ""1"": 62, ""2"": 72, ""3"": 26, ""4"": 66, ""5"": 22, ""6"": 58, ""7"": 60, ""8"": 20, ""9"": 36, ""10"": 70, ""11"": 34, ""12"": 24, ""13"": 30, ""14"": 64, ""15"": 68, ""16"": 28, ""17"": 74}",15.6,18
qft_5.qasm,7.4,0.066187784820795,"{""0"": 96, ""1"": 86, ""2"": 26, ""3"": 42, ""4"": 92, ""5"": 76, ""6"": 94, ""7"": 82, ""8"": 30, ""9"": 78, ""10"": 90, ""11"": 40, ""12"": 48, ""13"": 28, ""14"": 80, ""15"": 84, ""16"": 88, ""17"": 32, ""18"": 44, ""19"": 46, ""20"": 98, ""21"": 36, ""22"": 38, ""23"": 34}",7.0,7.4,"{""5"": 28, ""1"": 32, ""2"": 30, ""3"": 26, ""4"": 34, ""6"": 76, ""0"": 36, ""12"": 90, ""22"": 86, ""17"": 84, ""23"": 92, ""18"": 88, ""14"": 48, ""8"": 94, ""11"": 80, ""16"": 42, ""19"": 44, ""20"": 96, ""10"": 46, ""13"": 78, ""9"": 40, ""7"": 82, ""21"": 38, ""15"": 98}",7.0,7.213333333333333,0.7153566181659698,"{""0"": 26, ""3"": 94, ""6"": 42, ""2"": 30, ""4"": 86, ""1"": 88, ""5"": 82, ""8"": 78, ""17"": 44, ""16"": 80, ""9"": 32, ""14"": 76, ""19"": 92, ""12"": 46, ""11"": 28, ""13"": 40, ""22"": 36, ""10"": 34, ""21"": 38, ""18"": 98, ""20"": 96, ""23"": 90, ""15"": 84, ""7"": 48}",7.0,7.44,"{""0"": 92, ""1"": 86, ""2"": 42, ""3"": 46, ""4"": 76, ""5"": 88, ""6"": 34, ""7"": 96, ""8"": 90, ""9"": 38, ""10"": 30, ""11"": 28, ""12"": 26, ""13"": 32, ""14"": 84, ""15"": 48, ""16"": 44, ""17"": 40, ""18"": 36, ""19"": 94, ""20"": 78, ""21"": 82, ""22"": 80, ""23"": 98}",7.0,24
jku_suite_75.qasm,23.44,0.5334870480000973,"{""0"": 10, ""1"": 12, ""2"": 26, ""3"": 8, ""4"": 22}",20.8,23.76,"{""1"": 22, ""2"": 24, ""3"": 12, ""4"": 26, ""0"": 8}",21.0,21.89333333333333,7.977637466043234,"{""0"": 22, ""3"": 10, ""2"": 12, ""4"": 26, ""1"": 24}",20.0,24.64,"{""0"": 24, ""1"": 8, ""2"": 10, ""3"": 26, ""4"": 12}",22.0,6
autobraid_29.qasm,10.76,0.1600889906287193,"{""0"": 72, ""1"": 178, ""2"": 74, ""3"": 190, ""4"": 56, ""5"": 92, ""6"": 168, ""7"": 200, ""8"": 166, ""9"": 170, ""10"": 96, ""11"": 98, ""12"": 158, ""13"": 68, ""14"": 82, ""15"": 62, ""16"": 84, ""17"": 80, ""18"": 180, ""19"": 156, ""20"": 188, ""21"": 86, ""22"": 176, ""23"": 88, ""24"": 64, ""25"": 90, ""26"": 184, ""27"": 186, ""28"": 172, ""29"": 164, ""30"": 174, ""31"": 202, ""32"": 160, ""33"": 66, ""34"": 52, ""35"": 76, ""36"": 78, ""37"": 196, ""38"": 162, ""39"": 192, ""40"": 70, ""41"": 182, ""42"": 58, ""43"": 198, ""44"": 54, ""45"": 94, ""46"": 154, ""47"": 194, ""48"": 100, ""49"": 60}",10.0,18.08,"{""12"": 64, ""8"": 54, ""5"": 52, ""1"": 56, ""9"": 58, ""11"": 66, ""14"": 60, ""2"": 62, ""3"": 68, ""4"": 70, ""10"": 72, ""13"": 74, ""6"": 76, ""7"": 154, ""0"": 158, ""40"": 156, ""17"": 92, ""19"": 188, ""20"": 198, ""24"": 162, ""29"": 186, ""25"": 78, ""33"": 192, ""34"": 170, ""48"": 88, ""39"": 160, ""46"": 86, ""37"": 184, ""26"": 190, ""30"": 202, ""35"": 80, ""43"": 90, ""21"": 200, ""47"": 196, ""38"": 172, ""22"": 98, ""23"": 94, ""41"": 82, ""36"": 178, ""16"": 96, ""42"": 100, ""49"": 176, ""18"": 166, ""31"": 168, ""28"": 84, ""44"": 174, ""27"": 164, ""45"": 180, ""32"": 182, ""15"": 194}",17.6,9.72,2.372985150665045,"{""0"": 76, ""3"": 88, ""6"": 68, ""8"": 156, ""9"": 170, ""14"": 194, ""12"": 90, ""2"": 158, ""4"": 94, ""11"": 172, ""13"": 174, ""10"": 166, ""1"": 74, ""5"": 58, ""7"": 84, ""36"": 70, ""26"": 154, ""32"": 188, ""49"": 162, ""45"": 164, ""28"": 54, ""47"": 198, ""39"": 196, ""43"": 98, ""42"": 192, ""44"": 182, ""40"": 82, ""48"": 86, ""25"": 60, ""27"": 52, ""38"": 62, ""24"": 200, ""22"": 66, ""20"": 72, ""31"": 190, ""34"": 160, ""41"": 92, ""17"": 100, ""33"": 176, ""35"": 56, ""37"": 186, ""16"": 168, ""29"": 64, ""23"": 202, ""46"": 78, ""19"": 184, ""30"": 180, ""21"": 96, ""18"": 80, ""15"": 178}",8.0,18.8,"{""0"": 154, ""1"": 58, ""2"": 56, ""3"": 90, ""4"": 66, ""5"": 98, ""6"": 72, ""7"": 184, ""8"": 96, ""9"": 82, ""10"": 174, ""11"": 78, ""12"": 162, ""13"": 182, ""14"": 202, ""15"": 170, ""16"": 180, ""17"": 198, ""18"": 68, ""19"": 94, ""20"": 158, ""21"": 186, ""22"": 164, ""23"": 196, ""24"": 84, ""25"": 200, ""26"": 168, ""27"": 86, ""28"": 70, ""29"": 88, ""30"": 188, ""31"": 176, ""32"": 178, ""33"": 54, ""34"": 192, ""35"": 190, ""36"": 172, ""37"": 76, ""38"": 194, ""39"": 92, ""40"": 80, ""41"": 62, ""42"": 52, ""43"": 60, ""44"": 156, ""45"": 160, ""46"": 100, ""47"": 74, ""48"": 64, ""49"": 166}",16.8,50
qft_1.qasm,6.84,0.0721960440278053,"{""0"": 30, ""1"": 48, ""2"": 56, ""3"": 54, ""4"": 44, ""5"": 114, ""6"": 90, ""7"": 112, ""8"": 98, ""9"": 100, ""10"": 50, ""11"": 88, ""12"": 42, ""13"": 102, ""14"": 94, ""15"": 106, ""16"": 96, ""17"": 46, ""18"": 40, ""19"": 110, ""20"": 52, ""21"": 108, ""22"": 32, ""23"": 36, ""24"": 34, ""25"": 92, ""26"": 104}",6.0,7.04,"{""5"": 36, ""1"": 32, ""2"": 34, ""3"": 30, ""4"": 38, ""6"": 40, ""0"": 42, ""12"": 110, ""17"": 94, ""19"": 102, ""20"": 54, ""24"": 88, ""25"": 56, ""26"": 96, ""21"": 44, ""22"": 90, ""23"": 50, ""14"": 108, ""11"": 48, ""16"": 46, ""10"": 52, ""13"": 104, ""9"": 100, ""7"": 112, ""18"": 92, ""8"": 114, ""15"": 98}",7.0,7.12,1.7221244499087334,"{""0"": 100, ""3"": 44, ""6"": 40, ""2"": 104, ""4"": 90, ""1"": 114, ""5"": 42, ""26"": 108, ""7"": 46, ""8"": 56, ""25"": 48, ""12"": 98, ""22"": 52, ""24"": 54, ""20"": 94, ""17"": 34, ""11"": 102, ""10"": 96, ""15"": 110, ""23"": 106, ""9"": 92, ""14"": 36, ""19"": 30, ""13"": 50, ""21"": 88, ""18"": 38, ""16"": 32}",7.0,7.6,"{""0"": 102, ""1"": 88, ""2"": 52, ""3"": 96, ""4"": 38, ""5"": 90, ""6"": 110, ""7"": 30, ""8"": 54, ""9"": 114, ""10"": 46, ""11"": 104, ""12"": 36, ""13"": 92, ""14"": 48, ""15"": 32, ""16"": 94, ""17"": 56, ""18"": 40, ""19"": 44, ""20"": 112, ""21"": 100, ""22"": 106, ""23"": 98, ""24"": 34, ""25"": 108, ""26"": 42}",7.0,28
quest_suite_17.qasm,32.0,0.0013425052165985,"{""0"": 18, ""1"": 8, ""2"": 6, ""3"": 16}",32.0,32.0,"{""1"": 18, ""2"": 16, ""3"": 8, ""0"": 6}",32.0,32.0,0.0205507650971412,"{""0"": 8, ""3"": 18, ""2"": 16, ""1"": 6}",32.0,32.0,"{""0"": 18, ""1"": 16, ""2"": 8, ""3"": 6}",32.0,4
shor_8.qasm,25.28,0.0264218270778656,"{""0"": 40, ""1"": 46, ""2"": 20, ""3"": 42, ""4"": 44, ""5"": 50, ""6"": 16, ""7"": 24, ""8"": 22, ""9"": 18, ""10"": 48, ""11"": 14}",25.0,26.0,"{""8"": 22, ""5"": 46, ""1"": 44, ""9"": 14, ""2"": 40, ""3"": 50, ""4"": 16, ""10"": 20, ""6"": 24, ""7"": 18, ""0"": 48, ""11"": 42}",25.0,25.6,0.1973518282175064,"{""0"": 24, ""3"": 48, ""6"": 18, ""8"": 50, ""9"": 42, ""2"": 22, ""4"": 20, ""10"": 14, ""1"": 46, ""5"": 40, ""7"": 16, ""11"": 44}",25.0,26.48,"{""0"": 16, ""1"": 44, ""2"": 40, ""3"": 18, ""4"": 22, ""5"": 50, ""6"": 46, ""7"": 14, ""8"": 42, ""9"": 24, ""10"": 20, ""11"": 48}",26.0,12
quarl_suite_10.qasm,21.6,0.3793165817856788,"{""0"": 32, ""1"": 24, ""2"": 22, ""3"": 26, ""4"": 62, ""5"": 58, ""6"": 66, ""7"": 30, ""8"": 64, ""9"": 56, ""10"": 52, ""11"": 28, ""12"": 20, ""13"": 18, ""14"": 60, ""15"": 54}",21.0,26.88,"{""12"": 18, ""8"": 64, ""5"": 66, ""1"": 28, ""9"": 56, ""11"": 52, ""14"": 24, ""2"": 54, ""3"": 60, ""4"": 32, ""10"": 22, ""13"": 58, ""6"": 30, ""7"": 26, ""0"": 20, ""15"": 62}",24.8,21.37333333333333,5.635979380458593,"{""0"": 28, ""3"": 24, ""6"": 26, ""8"": 32, ""9"": 22, ""14"": 52, ""12"": 58, ""2"": 64, ""4"": 18, ""11"": 20, ""13"": 60, ""10"": 62, ""1"": 30, ""5"": 54, ""7"": 66, ""15"": 56}",19.0,24.04,"{""0"": 22, ""1"": 18, ""2"": 32, ""3"": 62, ""4"": 28, ""5"": 52, ""6"": 30, ""7"": 64, ""8"": 66, ""9"": 56, ""10"": 58, ""11"": 60, ""12"": 54, ""13"": 26, ""14"": 20, ""15"": 24}",21.0,16
jku_suite_39.qasm,15.28,0.2250173360109329,"{""0"": 24, ""1"": 26, ""2"": 52, ""3"": 18, ""4"": 32, ""5"": 22, ""6"": 66, ""7"": 58, ""8"": 30, ""9"": 54, ""10"": 60, ""11"": 56, ""12"": 28, ""13"": 20, ""14"": 62}",12.2,18.28,"{""12"": 64, ""8"": 52, ""5"": 56, ""1"": 18, ""9"": 62, ""11"": 22, ""14"": 26, ""2"": 60, ""3"": 54, ""4"": 32, ""10"": 28, ""13"": 66, ""6"": 58, ""7"": 30, ""0"": 20}",16.2,14.546666666666669,3.3554183058440685,"{""6"": 30, ""8"": 56, ""3"": 26, ""0"": 28, ""9"": 24, ""14"": 66, ""12"": 22, ""11"": 20, ""4"": 54, ""2"": 60, ""13"": 52, ""10"": 64, ""1"": 32, ""5"": 62, ""7"": 18}",12.0,19.44,"{""0"": 64, ""1"": 52, ""2"": 32, ""3"": 54, ""4"": 30, ""5"": 24, ""6"": 58, ""7"": 60, ""8"": 56, ""9"": 62, ""10"": 20, ""11"": 18, ""12"": 66, ""13"": 22, ""14"": 28}",17.6,16
jku_suite_65.qasm,13.0,0.2900520838797092,"{""0"": 24, ""1"": 40, ""2"": 44, ""3"": 16, ""4"": 48, ""5"": 14, ""6"": 18, ""7"": 22, ""8"": 42, ""9"": 46, ""10"": 20}",12.0,15.36,"{""8"": 44, ""5"": 50, ""1"": 48, ""9"": 24, ""2"": 46, ""3"": 16, ""10"": 42, ""4"": 20, ""6"": 18, ""7"": 40, ""0"": 14}",13.0,14.173333333333334,4.381547953933477,"{""0"": 46, ""6"": 18, ""8"": 50, ""3"": 42, ""9"": 22, ""2"": 24, ""4"": 48, ""10"": 44, ""1"": 16, ""5"": 14, ""7"": 20}",11.6,15.64,"{""0"": 50, ""1"": 24, ""2"": 18, ""3"": 46, ""4"": 14, ""5"": 48, ""6"": 42, ""7"": 44, ""8"": 22, ""9"": 20, ""10"": 16}",13.6,12
jku_suite_89.qasm,30.12,0.0016393959522247,"{""0"": 6, ""1"": 18, ""2"": 16}",30.0,30.64,"{""2"": 8, ""0"": 18, ""1"": 16}",30.0,30.106666666666666,0.0321621336042881,"{""0"": 18, ""2"": 16, ""1"": 6}",30.0,29.92,"{""0"": 8, ""1"": 6, ""2"": 16}",29.4,4
jku_suite_98.qasm,16.96,0.3897623509168625,"{""0"": 46, ""1"": 48, ""2"": 56, ""3"": 16, ""4"": 18, ""5"": 58, ""6"": 52, ""7"": 26, ""8"": 22, ""9"": 54, ""10"": 24, ""11"": 28, ""12"": 20}",16.0,19.64,"{""12"": 16, ""8"": 52, ""5"": 54, ""1"": 50, ""9"": 22, ""11"": 26, ""2"": 56, ""3"": 20, ""10"": 58, ""4"": 48, ""6"": 24, ""7"": 28, ""0"": 46}",17.2,17.386666666666667,7.181317999958992,"{""0"": 54, ""8"": 48, ""3"": 50, ""6"": 58, ""9"": 52, ""12"": 46, ""2"": 28, ""11"": 16, ""4"": 20, ""10"": 26, ""1"": 56, ""5"": 22, ""7"": 24}",16.0,19.68,"{""0"": 16, ""1"": 24, ""2"": 58, ""3"": 20, ""4"": 18, ""5"": 28, ""6"": 22, ""7"": 56, ""8"": 50, ""9"": 54, ""10"": 48, ""11"": 52, ""12"": 26}",18.0,14
quest_suite_22.qasm,19.08,0.1578569136559963,"{""0"": 20, ""1"": 42, ""2"": 18, ""3"": 50, ""4"": 46, ""5"": 14, ""6"": 44, ""7"": 40, ""8"": 24, ""9"": 22, ""10"": 48, ""11"": 16}",17.4,21.56,"{""8"": 42, ""5"": 48, ""1"": 14, ""9"": 44, ""2"": 50, ""3"": 18, ""4"": 46, ""10"": 16, ""6"": 22, ""7"": 40, ""0"": 24, ""11"": 20}",21.0,18.96,2.3283029049634933,"{""0"": 40, ""3"": 20, ""6"": 46, ""8"": 14, ""9"": 18, ""2"": 50, ""4"": 44, ""10"": 24, ""1"": 48, ""5"": 16, ""7"": 42, ""11"": 22}",16.0,20.64,"{""0"": 50, ""1"": 48, ""2"": 42, ""3"": 14, ""4"": 22, ""5"": 18, ""6"": 24, ""7"": 46, ""8"": 40, ""9"": 44, ""10"": 20, ""11"": 16}",19.6,12
quest_suite_9.qasm,19.28,0.1373652040958404,"{""0"": 22, ""1"": 16, ""2"": 18, ""3"": 50, ""4"": 24, ""5"": 48, ""6"": 56, ""7"": 46, ""8"": 58, ""9"": 52, ""10"": 54, ""11"": 20, ""12"": 28, ""13"": 26}",16.6,19.36,"{""12"": 54, ""8"": 24, ""5"": 20, ""1"": 50, ""11"": 56, ""6"": 26, ""2"": 46, ""3"": 58, ""10"": 16, ""4"": 18, ""13"": 52, ""9"": 48, ""7"": 22, ""0"": 28}",16.8,16.986666666666668,2.0450040511786938,"{""0"": 48, ""8"": 26, ""3"": 22, ""6"": 28, ""9"": 56, ""12"": 52, ""4"": 58, ""11"": 20, ""2"": 18, ""13"": 50, ""10"": 54, ""1"": 24, ""5"": 46, ""7"": 16}",14.4,22.28,"{""0"": 46, ""1"": 52, ""2"": 54, ""3"": 20, ""4"": 26, ""5"": 16, ""6"": 56, ""7"": 18, ""8"": 22, ""9"": 50, ""10"": 58, ""11"": 24, ""12"": 48, ""13"": 28}",21.2,14
quest_suite_5.qasm,20.12,0.3510311186313629,"{""0"": 16, ""1"": 28, ""2"": 12, ""3"": 14, ""4"": 34, ""5"": 30, ""6"": 10}",18.0,22.0,"{""5"": 30, ""1"": 10, ""2"": 14, ""3"": 34, ""4"": 12, ""6"": 28, ""0"": 16}",18.2,20.266666666666666,5.297903336584568,"{""0"": 28, ""3"": 10, ""6"": 14, ""2"": 30, ""4"": 12, ""1"": 16, ""5"": 34}",17.0,21.56,"{""0"": 16, ""1"": 28, ""2"": 12, ""3"": 14, ""4"": 32, ""5"": 34, ""6"": 10}",19.0,8
quest_suite_24.qasm,30.76,0.001662690192461,"{""0"": 26, ""1"": 12, ""2"": 10, ""3"": 24, ""4"": 22}",30.0,30.4,"{""1"": 22, ""2"": 24, ""3"": 12, ""4"": 26, ""0"": 8}",30.0,30.53333333333333,0.0203031599521636,"{""0"": 26, ""3"": 22, ""2"": 8, ""4"": 24, ""1"": 12}",30.0,30.8,"{""0"": 22, ""1"": 8, ""2"": 24, ""3"": 10, ""4"": 12}",30.0,6
autobraid_38.qasm,12.28,0.1061073161661625,"{""0"": 36, ""1"": 34, ""2"": 112, ""3"": 90, ""4"": 94, ""5"": 114, ""6"": 98, ""7"": 102, ""8"": 110, ""9"": 54, ""10"": 38, ""11"": 48, ""12"": 100, ""13"": 106, ""14"": 44, ""15"": 40, ""16"": 92, ""17"": 32, ""18"": 56, ""19"": 104, ""20"": 50, ""21"": 96, ""22"": 42, ""23"": 46, ""24"": 108, ""25"": 52, ""26"": 88, ""27"": 30}",10.0,17.96,"{""5"": 32, ""1"": 30, ""2"": 34, ""3"": 36, ""4"": 38, ""6"": 40, ""7"": 42, ""0"": 44, ""12"": 56, ""17"": 50, ""19"": 54, ""20"": 90, ""24"": 104, ""25"": 106, ""26"": 100, ""21"": 52, ""23"": 92, ""22"": 88, ""14"": 108, ""11"": 98, ""16"": 96, ""10"": 112, ""13"": 110, ""9"": 46, ""18"": 94, ""8"": 102, ""27"": 48, ""15"": 114}",16.4,12.893333333333333,1.5987189523875711,"{""0"": 40, ""3"": 102, ""6"": 54, ""2"": 38, ""4"": 36, ""1"": 52, ""5"": 48, ""26"": 100, ""7"": 106, ""8"": 92, ""25"": 98, ""12"": 30, ""27"": 110, ""22"": 32, ""24"": 104, ""20"": 96, ""17"": 108, ""11"": 112, ""10"": 42, ""15"": 34, ""23"": 114, ""9"": 88, ""14"": 44, ""19"": 50, ""13"": 46, ""21"": 94, ""18"": 90, ""16"": 56}",9.8,18.84,"{""0"": 102, ""1"": 46, ""2"": 54, ""3"": 98, ""4"": 92, ""5"": 100, ""6"": 50, ""7"": 96, ""8"": 36, ""9"": 110, ""10"": 48, ""11"": 52, ""12"": 106, ""13"": 34, ""14"": 32, ""15"": 56, ""16"": 42, ""17"": 112, ""18"": 94, ""19"": 114, ""20"": 90, ""21"": 30, ""22"": 104, ""23"": 44, ""24"": 38, ""25"": 108, ""26"": 88, ""27"": 40}",16.6,28
jku_suite_33.qasm,14.48,0.4410424202680588,"{""0"": 30, ""1"": 56, ""2"": 60, ""3"": 64, ""4"": 18, ""5"": 20, ""6"": 62, ""7"": 26, ""8"": 58, ""9"": 66, ""10"": 52, ""11"": 28, ""12"": 24, ""13"": 32, ""14"": 22}",11.0,17.16,"{""12"": 64, ""8"": 52, ""5"": 56, ""1"": 18, ""14"": 26, ""11"": 22, ""6"": 58, ""2"": 60, ""3"": 54, ""4"": 32, ""10"": 28, ""13"": 66, ""9"": 62, ""7"": 30, ""0"": 20}",15.0,14.0,7.277398444712162,"{""0"": 60, ""8"": 32, ""3"": 56, ""6"": 62, ""9"": 64, ""14"": 58, ""12"": 22, ""2"": 54, ""4"": 18, ""11"": 20, ""13"": 24, ""10"": 30, ""1"": 28, ""5"": 66, ""7"": 26}",11.0,15.76,"{""0"": 22, ""1"": 24, ""2"": 32, ""3"": 66, ""4"": 60, ""5"": 26, ""6"": 62, ""7"": 18, ""8"": 64, ""9"": 28, ""10"": 58, ""11"": 20, ""12"": 54, ""13"": 52, ""14"": 56}",13.8,16
vqe_0.qasm,24.2,0.2129403822124004,"{""0"": 14, ""1"": 28, ""2"": 16, ""3"": 32, ""4"": 12, ""5"": 30, ""6"": 10}",24.0,26.2,"{""5"": 30, ""1"": 16, ""2"": 34, ""3"": 12, ""4"": 10, ""6"": 28, ""0"": 32}",25.0,25.28,2.843630835413933,"{""0"": 12, ""6"": 32, ""3"": 14, ""4"": 34, ""2"": 10, ""1"": 30, ""5"": 16}",24.0,26.24,"{""0"": 14, ""1"": 34, ""2"": 12, ""3"": 10, ""4"": 32, ""5"": 28, ""6"": 16}",25.2,8
autobraid_8.qasm,21.96,0.4940403245389461,"{""0"": 22, ""1"": 20, ""2"": 24, ""3"": 56, ""4"": 52, ""5"": 54, ""6"": 26, ""7"": 16, ""8"": 58, ""9"": 46, ""10"": 18, ""11"": 50, ""12"": 48}",20.6,26.92,"{""12"": 16, ""8"": 52, ""5"": 54, ""1"": 50, ""9"": 22, ""11"": 26, ""2"": 56, ""3"": 20, ""4"": 48, ""10"": 58, ""6"": 24, ""7"": 28, ""0"": 46}",26.6,22.386666666666667,9.370267190039158,"{""0"": 46, ""3"": 54, ""6"": 52, ""8"": 20, ""9"": 28, ""12"": 58, ""2"": 50, ""4"": 26, ""11"": 56, ""10"": 16, ""1"": 18, ""5"": 24, ""7"": 22}",21.0,25.16,"{""0"": 52, ""1"": 24, ""2"": 54, ""3"": 56, ""4"": 16, ""5"": 46, ""6"": 26, ""7"": 22, ""8"": 18, ""9"": 58, ""10"": 20, ""11"": 50, ""12"": 48}",24.0,14
quest_suite_0.qasm,26.52,0.2508319869637489,"{""0"": 26, ""1"": 22, ""2"": 10, ""3"": 24, ""4"": 8, ""5"": 12}",24.0,25.6,"{""5"": 10, ""1"": 26, ""2"": 8, ""3"": 24, ""4"": 22, ""0"": 12}",23.0,24.76,4.016036842018366,"{""0"": 12, ""3"": 10, ""4"": 8, ""2"": 22, ""1"": 24, ""5"": 26}",21.6,25.72,"{""0"": 26, ""1"": 10, ""2"": 24, ""3"": 22, ""4"": 8, ""5"": 12}",23.2,6
jku_suite_79.qasm,18.52,0.3569112315773964,"{""0"": 48, ""1"": 22, ""2"": 44, ""3"": 14, ""4"": 50, ""5"": 40, ""6"": 16, ""7"": 42, ""8"": 46, ""9"": 24, ""10"": 18, ""11"": 20}",17.0,24.04,"{""8"": 48, ""5"": 20, ""1"": 24, ""9"": 22, ""2"": 46, ""3"": 42, ""4"": 50, ""10"": 14, ""6"": 44, ""7"": 18, ""0"": 16, ""11"": 40}",19.2,19.44,5.658999051898718,"{""0"": 14, ""3"": 42, ""6"": 46, ""8"": 20, ""9"": 50, ""2"": 16, ""4"": 24, ""10"": 44, ""1"": 40, ""5"": 22, ""7"": 48, ""11"": 18}",15.2,21.64,"{""0"": 20, ""1"": 40, ""2"": 44, ""3"": 18, ""4"": 16, ""5"": 46, ""6"": 50, ""7"": 48, ""8"": 14, ""9"": 42, ""10"": 24, ""11"": 22}",20.4,12
quest_suite_20.qasm,25.12,0.4725485987961292,"{""0"": 28, ""1"": 14, ""2"": 12, ""3"": 32, ""4"": 34, ""5"": 30, ""6"": 10, ""7"": 16}",24.0,25.04,"{""5"": 10, ""1"": 34, ""2"": 14, ""3"": 32, ""4"": 16, ""6"": 28, ""7"": 12, ""0"": 30}",23.0,24.64,7.80226743966341,"{""3"": 34, ""0"": 30, ""6"": 32, ""4"": 12, ""2"": 16, ""1"": 14, ""5"": 10, ""7"": 28}",23.0,25.48,"{""0"": 16, ""1"": 12, ""2"": 10, ""3"": 32, ""4"": 28, ""5"": 34, ""6"": 14, ""7"": 30}",25.0,8
quest_suite_19.qasm,18.68,0.2003581747412681,"{""0"": 22, ""1"": 20, ""2"": 48, ""3"": 16, ""4"": 40, ""5"": 18, ""6"": 42, ""7"": 46, ""8"": 44, ""9"": 50, ""10"": 24, ""11"": 14}",15.2,19.6,"{""8"": 20, ""5"": 48, ""1"": 24, ""9"": 50, ""2"": 22, ""3"": 18, ""4"": 44, ""10"": 16, ""6"": 42, ""7"": 14, ""0"": 40, ""11"": 46}",18.0,19.37333333333333,3.6025779992341995,"{""6"": 50, ""8"": 22, ""0"": 16, ""3"": 18, ""9"": 40, ""2"": 14, ""4"": 20, ""11"": 46, ""10"": 42, ""1"": 44, ""5"": 48, ""7"": 24}",14.2,21.88,"{""0"": 50, ""1"": 48, ""2"": 20, ""3"": 44, ""4"": 42, ""5"": 40, ""6"": 18, ""7"": 24, ""8"": 46, ""9"": 22, ""10"": 14, ""11"": 16}",20.2,12
shor_4.qasm,25.64,0.0209358975291252,"{""0"": 14, ""1"": 18, ""2"": 46, ""3"": 50, ""4"": 24, ""5"": 48, ""6"": 20, ""7"": 44, ""8"": 22, ""9"": 16, ""10"": 40, ""11"": 42}",25.0,26.88,"{""8"": 18, ""5"": 22, ""1"": 20, ""11"": 24, ""6"": 16, ""2"": 46, ""3"": 44, ""4"": 42, ""10"": 50, ""9"": 40, ""7"": 48, ""0"": 14}",25.0,25.426666666666662,0.3320755288004875,"{""0"": 14, ""3"": 18, ""8"": 16, ""6"": 22, ""9"": 50, ""11"": 42, ""4"": 24, ""2"": 46, ""10"": 40, ""1"": 48, ""5"": 44, ""7"": 20}",25.0,26.48,"{""0"": 14, ""1"": 48, ""2"": 18, ""3"": 50, ""4"": 42, ""5"": 20, ""6"": 44, ""7"": 16, ""8"": 40, ""9"": 46, ""10"": 24, ""11"": 22}",25.0,12
autobraid_33.qasm,10.08,0.1504677966237068,"{""0"": 102, ""1"": 76, ""2"": 70, ""3"": 80, ""4"": 56, ""5"": 62, ""6"": 168, ""7"": 186, ""8"": 202, ""9"": 64, ""10"": 82, ""11"": 94, ""12"": 204, ""13"": 90, ""14"": 192, ""15"": 58, ""16"": 190, ""17"": 54, ""18"": 84, ""19"": 96, ""20"": 68, ""21"": 198, ""22"": 200, ""23"": 160, ""24"": 194, ""25"": 170, ""26"": 86, ""27"": 176, ""28"": 210, ""29"": 98, ""30"": 100, ""31"": 208, ""32"": 206, ""33"": 104, ""34"": 162, ""35"": 182, ""36"": 178, ""37"": 180, ""38"": 166, ""39"": 60, ""40"": 74, ""41"": 92, ""42"": 88, ""43"": 184, ""44"": 188, ""45"": 78, ""46"": 164, ""47"": 172, ""48"": 72, ""49"": 66, ""50"": 196}",9.0,18.08,"{""5"": 54, ""1"": 58, ""2"": 56, ""3"": 60, ""4"": 62, ""6"": 64, ""7"": 66, ""0"": 68, ""40"": 170, ""12"": 96, ""17"": 86, ""19"": 74, ""20"": 172, ""24"": 80, ""29"": 160, ""25"": 180, ""33"": 82, ""34"": 178, ""48"": 98, ""39"": 192, ""50"": 198, ""46"": 196, ""37"": 164, ""26"": 104, ""35"": 184, ""30"": 202, ""43"": 162, ""21"": 102, ""47"": 204, ""38"": 88, ""23"": 70, ""22"": 188, ""36"": 168, ""41"": 100, ""14"": 174, ""11"": 182, ""16"": 208, ""42"": 194, ""49"": 206, ""10"": 94, ""13"": 186, ""9"": 76, ""18"": 90, ""31"": 200, ""28"": 190, ""8"": 72, ""44"": 84, ""27"": 176, ""45"": 92, ""32"": 78, ""15"": 210}",13.8,9.733333333333333,2.59156833216548,"{""0"": 54, ""3"": 206, ""6"": 78, ""2"": 88, ""4"": 210, ""1"": 178, ""5"": 180, ""7"": 68, ""36"": 170, ""26"": 60, ""32"": 56, ""49"": 194, ""50"": 182, ""45"": 176, ""28"": 196, ""47"": 76, ""39"": 70, ""43"": 204, ""42"": 104, ""8"": 58, ""44"": 200, ""48"": 96, ""40"": 184, ""25"": 66, ""12"": 172, ""27"": 188, ""22"": 208, ""38"": 64, ""24"": 72, ""20"": 86, ""31"": 102, ""34"": 92, ""41"": 164, ""17"": 190, ""11"": 160, ""33"": 192, ""35"": 82, ""37"": 174, ""10"": 186, ""15"": 198, ""29"": 84, ""23"": 90, ""46"": 74, ""9"": 100, ""14"": 62, ""19"": 168, ""13"": 98, ""21"": 202, ""30"": 94, ""18"": 80, ""16"": 166}",7.0,17.96,"{""0"": 96, ""1"": 78, ""2"": 102, ""3"": 74, ""4"": 164, ""5"": 84, ""6"": 76, ""7"": 204, ""8"": 202, ""9"": 68, ""10"": 182, ""11"": 54, ""12"": 174, ""13"": 168, ""14"": 92, ""15"": 56, ""16"": 186, ""17"": 100, ""18"": 60, ""19"": 200, ""20"": 94, ""21"": 90, ""22"": 70, ""23"": 198, ""24"": 80, ""25"": 188, ""26"": 160, ""27"": 172, ""28"": 66, ""29"": 86, ""30"": 210, ""31"": 208, ""32"": 180, ""33"": 194, ""34"": 98, ""35"": 88, ""36"": 104, ""37"": 72, ""38"": 206, ""39"": 190, ""40"": 170, ""41"": 62, ""42"": 176, ""43"": 58, ""44"": 166, ""45"": 64, ""46"": 196, ""47"": 184, ""48"": 178, ""49"": 162, ""50"": 82}",15.8,52
jku_suite_48.qasm,32.0,0.6216538332402706,"{""0"": 16, ""1"": 8, ""2"": 6, ""3"": 18}",32.0,32.0,"{""1"": 6, ""2"": 8, ""3"": 18, ""0"": 16}",32.0,32.0,10.544245176017284,"{""0"": 8, ""3"": 6, ""2"": 16, ""1"": 18}",32.0,32.0,"{""0"": 6, ""1"": 8, ""2"": 16, ""3"": 18}",32.0,4
vqe_2.qasm,31.12,0.000735368579626,"{""0"": 12, ""1"": 34, ""2"": 14, ""3"": 32, ""4"": 16, ""5"": 28, ""6"": 10}",31.0,31.32,"{""5"": 14, ""1"": 10, ""2"": 16, ""3"": 12, ""4"": 28, ""6"": 30, ""0"": 34}",31.0,31.066666666666663,0.020014327019453,"{""0"": 34, ""6"": 30, ""3"": 12, ""2"": 16, ""4"": 28, ""1"": 10, ""5"": 14}",31.0,31.72,"{""0"": 32, ""1"": 12, ""2"": 10, ""3"": 16, ""4"": 34, ""5"": 28, ""6"": 14}",31.0,8
jku_suite_69.qasm,20.16,0.4792795717716217,"{""0"": 12, ""1"": 18, ""2"": 34, ""3"": 38, ""4"": 42, ""5"": 14, ""6"": 36, ""7"": 40, ""8"": 16, ""9"": 20}",18.0,20.88,"{""8"": 36, ""5"": 40, ""1"": 18, ""6"": 38, ""2"": 14, ""3"": 16, ""4"": 20, ""9"": 34, ""7"": 42, ""0"": 12}",20.4,20.14666666666667,7.345434352755547,"{""0"": 34, ""3"": 18, ""6"": 20, ""8"": 36, ""2"": 14, ""4"": 38, ""1"": 42, ""5"": 12, ""7"": 40, ""9"": 16}",17.0,22.32,"{""0"": 36, ""1"": 12, ""2"": 42, ""3"": 20, ""4"": 16, ""5"": 38, ""6"": 34, ""7"": 14, ""8"": 18, ""9"": 40}",20.0,10
autobraid_24.qasm,13.0,0.294785238802433,"{""0"": 36, ""1"": 108, ""2"": 112, ""3"": 114, ""4"": 48, ""5"": 60, ""6"": 38, ""7"": 124, ""8"": 134, ""9"": 122, ""10"": 130, ""11"": 110, ""12"": 126, ""13"": 58, ""14"": 118, ""15"": 138, ""16"": 50, ""17"": 62, ""18"": 116, ""19"": 54, ""20"": 56, ""21"": 44, ""22"": 120, ""23"": 136, ""24"": 68, ""25"": 66, ""26"": 132, ""27"": 40, ""28"": 46, ""29"": 106, ""30"": 128, ""31"": 42, ""32"": 52}",11.0,18.44,"{""12"": 36, ""8"": 38, ""5"": 42, ""1"": 46, ""9"": 40, ""2"": 44, ""3"": 48, ""4"": 50, ""10"": 52, ""6"": 106, ""7"": 108, ""0"": 54, ""17"": 56, ""19"": 62, ""20"": 112, ""24"": 132, ""29"": 122, ""25"": 66, ""26"": 110, ""30"": 134, ""21"": 124, ""22"": 114, ""23"": 116, ""14"": 68, ""11"": 60, ""16"": 120, ""13"": 138, ""18"": 136, ""31"": 130, ""28"": 64, ""27"": 118, ""32"": 58, ""15"": 126}",16.0,12.8,4.9644454419612885,"{""0"": 42, ""3"": 130, ""6"": 120, ""8"": 56, ""2"": 126, ""4"": 50, ""1"": 52, ""5"": 108, ""7"": 38, ""26"": 36, ""32"": 128, ""28"": 66, ""12"": 118, ""25"": 132, ""27"": 124, ""22"": 40, ""24"": 112, ""20"": 110, ""31"": 58, ""17"": 54, ""11"": 60, ""10"": 106, ""15"": 114, ""29"": 44, ""23"": 46, ""9"": 136, ""14"": 122, ""19"": 68, ""13"": 48, ""30"": 134, ""21"": 64, ""18"": 62, ""16"": 116}",11.4,19.92,"{""0"": 42, ""1"": 38, ""2"": 112, ""3"": 40, ""4"": 136, ""5"": 114, ""6"": 120, ""7"": 138, ""8"": 50, ""9"": 66, ""10"": 48, ""11"": 52, ""12"": 130, ""13"": 124, ""14"": 116, ""15"": 128, ""16"": 44, ""17"": 122, ""18"": 108, ""19"": 68, ""20"": 106, ""21"": 46, ""22"": 134, ""23"": 62, ""24"": 132, ""25"": 56, ""26"": 58, ""27"": 54, ""28"": 118, ""29"": 64, ""30"": 36, ""31"": 60, ""32"": 126}",17.4,34
vqe_9.qasm,26.44,0.0947019092738628,"{""0"": 32, ""1"": 34, ""2"": 14, ""3"": 28, ""4"": 12, ""5"": 10, ""6"": 30}",26.0,27.8,"{""5"": 12, ""1"": 16, ""2"": 10, ""3"": 34, ""4"": 32, ""6"": 30, ""0"": 14}",27.0,26.346666666666668,1.2051866725087166,"{""0"": 12, ""3"": 30, ""6"": 14, ""2"": 34, ""4"": 16, ""1"": 10, ""5"": 32}",25.0,27.52,"{""0"": 16, ""1"": 34, ""2"": 28, ""3"": 14, ""4"": 30, ""5"": 32, ""6"": 10}",26.0,8
jku_suite_76.qasm,20.64,0.5456789210438728,"{""0"": 40, ""1"": 16, ""2"": 38, ""3"": 36, ""4"": 12, ""5"": 42, ""6"": 18, ""7"": 34, ""8"": 14}",19.0,24.52,"{""8"": 14, ""5"": 34, ""1"": 36, ""2"": 12, ""3"": 42, ""4"": 20, ""6"": 40, ""7"": 38, ""0"": 16}",23.0,22.56,9.135920561850073,"{""0"": 12, ""3"": 38, ""8"": 42, ""6"": 36, ""4"": 40, ""2"": 16, ""1"": 34, ""5"": 14, ""7"": 20}",20.0,23.08,"{""0"": 12, ""1"": 16, ""2"": 42, ""3"": 14, ""4"": 18, ""5"": 38, ""6"": 36, ""7"": 40, ""8"": 20}",20.0,10
jku_suite_10.qasm,21.16,0.2912836335599422,"{""0"": 12, ""1"": 32, ""2"": 16, ""3"": 34, ""4"": 30, ""5"": 10, ""6"": 14, ""7"": 28}",18.4,21.32,"{""5"": 12, ""1"": 30, ""2"": 34, ""3"": 16, ""4"": 10, ""6"": 32, ""0"": 28, ""7"": 14}",19.0,22.0,4.874265819787979,"{""0"": 32, ""3"": 10, ""6"": 12, ""2"": 28, ""4"": 30, ""1"": 14, ""5"": 34, ""7"": 16}",18.0,23.84,"{""0"": 34, ""1"": 10, ""2"": 12, ""3"": 32, ""4"": 30, ""5"": 14, ""6"": 16, ""7"": 28}",22.8,8
quest_suite_23.qasm,17.92,0.2411993734538555,"{""0"": 34, ""1"": 12, ""2"": 10, ""3"": 14, ""4"": 28, ""5"": 30, ""6"": 32}",16.2,19.6,"{""5"": 30, ""1"": 16, ""2"": 32, ""3"": 34, ""4"": 12, ""6"": 28, ""0"": 10}",16.0,17.44,4.129783321171999,"{""6"": 34, ""3"": 12, ""0"": 32, ""2"": 10, ""4"": 30, ""1"": 28, ""5"": 16}",15.2,19.48,"{""0"": 14, ""1"": 12, ""2"": 32, ""3"": 10, ""4"": 30, ""5"": 34, ""6"": 16}",17.0,8
jku_suite_61.qasm,17.2,0.4308794565498829,"{""0"": 14, ""1"": 12, ""2"": 28, ""3"": 34, ""4"": 10, ""5"": 16, ""6"": 30, ""7"": 32}",16.0,19.92,"{""5"": 28, ""1"": 10, ""2"": 30, ""3"": 16, ""4"": 32, ""6"": 34, ""7"": 14, ""0"": 12}",18.4,17.85333333333333,7.120028778910637,"{""3"": 28, ""6"": 34, ""0"": 32, ""4"": 14, ""2"": 30, ""1"": 10, ""5"": 16, ""7"": 12}",16.0,19.2,"{""0"": 34, ""1"": 28, ""2"": 32, ""3"": 30, ""4"": 14, ""5"": 10, ""6"": 16, ""7"": 12}",17.6,8
jku_suite_78.qasm,19.04,0.3614657521247864,"{""0"": 20, ""1"": 18, ""2"": 42, ""3"": 38, ""4"": 40, ""5"": 36, ""6"": 34, ""7"": 16, ""8"": 12, ""9"": 14}",17.0,19.96,"{""8"": 18, ""5"": 16, ""1"": 42, ""6"": 12, ""2"": 36, ""3"": 34, ""4"": 14, ""9"": 38, ""7"": 20, ""0"": 40}",17.0,18.093333333333334,5.530943766236305,"{""0"": 12, ""8"": 36, ""3"": 18, ""6"": 42, ""9"": 16, ""4"": 34, ""2"": 20, ""1"": 38, ""5"": 40, ""7"": 14}",16.0,19.72,"{""0"": 14, ""1"": 16, ""2"": 42, ""3"": 38, ""4"": 40, ""5"": 20, ""6"": 36, ""7"": 12, ""8"": 18, ""9"": 34}",18.8,10
jku_suite_49.qasm,22.44,0.5345591932535172,"{""0"": 16, ""1"": 34, ""2"": 28, ""3"": 12, ""4"": 14, ""5"": 30, ""6"": 32}",21.0,22.4,"{""5"": 16, ""1"": 32, ""2"": 34, ""3"": 12, ""4"": 30, ""6"": 28, ""0"": 10}",21.0,21.706666666666667,8.284531205892563,"{""3"": 16, ""6"": 30, ""0"": 10, ""2"": 34, ""4"": 12, ""1"": 28, ""5"": 32}",20.2,22.24,"{""0"": 14, ""1"": 28, ""2"": 12, ""3"": 30, ""4"": 34, ""5"": 10, ""6"": 32}",19.0,8
shor_9.qasm,25.6,0.0141403585672378,"{""0"": 16, ""1"": 18, ""2"": 24, ""3"": 50, ""4"": 44, ""5"": 14, ""6"": 46, ""7"": 48, ""8"": 40, ""9"": 42, ""10"": 22, ""11"": 20}",25.0,27.32,"{""8"": 44, ""5"": 40, ""1"": 48, ""9"": 50, ""2"": 22, ""3"": 46, ""4"": 24, ""10"": 14, ""6"": 18, ""7"": 42, ""0"": 16, ""11"": 20}",25.8,25.626666666666665,0.2146640755236148,"{""0"": 20, ""3"": 48, ""6"": 24, ""8"": 18, ""9"": 40, ""2"": 14, ""4"": 46, ""10"": 44, ""1"": 42, ""5"": 50, ""7"": 16, ""11"": 22}",25.0,26.24,"{""0"": 42, ""1"": 18, ""2"": 22, ""3"": 50, ""4"": 20, ""5"": 40, ""6"": 44, ""7"": 16, ""8"": 46, ""9"": 14, ""10"": 48, ""11"": 24}",25.0,12
qaoa_6.qasm,18.32,0.3381408967077732,"{""0"": 16, ""1"": 42, ""2"": 22, ""3"": 20, ""4"": 48, ""5"": 50, ""6"": 18, ""7"": 40, ""8"": 24, ""9"": 14, ""10"": 46}",16.6,22.76,"{""8"": 40, ""5"": 18, ""9"": 44, ""1"": 14, ""2"": 46, ""3"": 48, ""10"": 22, ""4"": 50, ""6"": 20, ""7"": 42, ""0"": 24}",20.4,20.14666666666667,6.08516338840127,"{""6"": 18, ""8"": 24, ""3"": 20, ""0"": 48, ""9"": 16, ""2"": 46, ""4"": 14, ""10"": 50, ""1"": 40, ""5"": 22, ""7"": 44}",17.2,22.24,"{""0"": 50, ""1"": 46, ""2"": 22, ""3"": 44, ""4"": 24, ""5"": 14, ""6"": 18, ""7"": 48, ""8"": 42, ""9"": 20, ""10"": 40}",19.0,12
quarl_suite_2.qasm,25.44,0.2927755460143089,"{""0"": 12, ""1"": 36, ""2"": 20, ""3"": 14, ""4"": 40, ""5"": 34, ""6"": 38, ""7"": 18, ""8"": 16, ""9"": 42}",24.2,27.48,"{""8"": 34, ""5"": 16, ""1"": 20, ""9"": 18, ""2"": 14, ""3"": 40, ""4"": 38, ""6"": 36, ""7"": 12, ""0"": 42}",25.6,25.386666666666667,6.484434444457293,"{""6"": 18, ""8"": 20, ""0"": 34, ""3"": 12, ""9"": 38, ""2"": 40, ""4"": 16, ""1"": 14, ""5"": 36, ""7"": 42}",25.0,27.84,"{""0"": 20, ""1"": 14, ""2"": 12, ""3"": 42, ""4"": 18, ""5"": 38, ""6"": 34, ""7"": 40, ""8"": 36, ""9"": 16}",26.4,10
jku_suite_17.qasm,32.0,0.0010954149067401,"{""0"": 18, ""1"": 8, ""2"": 6, ""3"": 16}",32.0,32.0,"{""1"": 18, ""2"": 16, ""3"": 8, ""0"": 6}",32.0,32.0,0.0355411805212497,"{""0"": 8, ""3"": 18, ""2"": 16, ""1"": 6}",32.0,32.0,"{""0"": 18, ""1"": 8, ""2"": 6, ""3"": 16}",32.0,4
jku_suite_12.qasm,21.36,0.3887317076325416,"{""0"": 22, ""1"": 26, ""2"": 8, ""3"": 12, ""4"": 10, ""5"": 24}",19.0,22.8,"{""5"": 10, ""1"": 24, ""2"": 12, ""3"": 8, ""4"": 22, ""0"": 26}",21.2,22.346666666666668,6.115336544811726,"{""3"": 12, ""0"": 8, ""2"": 22, ""4"": 26, ""1"": 10, ""5"": 24}",20.0,22.56,"{""0"": 10, ""1"": 8, ""2"": 12, ""3"": 22, ""4"": 24, ""5"": 26}",21.6,6
jku_suite_73.qasm,15.04,0.3644774816930294,"{""0"": 18, ""1"": 22, ""2"": 42, ""3"": 44, ""4"": 20, ""5"": 24, ""6"": 50, ""7"": 14, ""8"": 16, ""9"": 40, ""10"": 48}",14.0,18.08,"{""8"": 44, ""5"": 24, ""1"": 40, ""6"": 14, ""2"": 16, ""3"": 18, ""4"": 50, ""10"": 48, ""9"": 42, ""7"": 46, ""0"": 22}",15.2,16.84,6.6886604167521,"{""6"": 16, ""8"": 48, ""3"": 14, ""0"": 42, ""9"": 24, ""2"": 40, ""4"": 18, ""10"": 44, ""1"": 22, ""5"": 20, ""7"": 50}",14.0,17.04,"{""0"": 46, ""1"": 14, ""2"": 16, ""3"": 44, ""4"": 42, ""5"": 20, ""6"": 40, ""7"": 50, ""8"": 24, ""9"": 18, ""10"": 48}",13.4,12
vqe_7.qasm,25.8,0.4087158001959324,"{""0"": 8, ""1"": 26, ""2"": 22, ""3"": 12, ""4"": 10, ""5"": 24}",24.0,26.08,"{""5"": 22, ""1"": 8, ""2"": 10, ""3"": 26, ""4"": 12, ""0"": 24}",25.0,25.30666666666667,6.420262433588505,"{""0"": 26, ""3"": 10, ""2"": 12, ""4"": 24, ""1"": 22, ""5"": 8}",23.0,26.4,"{""0"": 12, ""1"": 10, ""2"": 24, ""3"": 8, ""4"": 22, ""5"": 26}",25.0,6
autobraid_25.qasm,9.08,0.1124897792935371,"{""0"": 100, ""1"": 98, ""2"": 162, ""3"": 184, ""4"": 192, ""5"": 174, ""6"": 176, ""7"": 86, ""8"": 88, ""9"": 180, ""10"": 170, ""11"": 70, ""12"": 66, ""13"": 102, ""14"": 172, ""15"": 204, ""16"": 188, ""17"": 84, ""18"": 190, ""19"": 60, ""20"": 210, ""21"": 200, ""22"": 166, ""23"": 76, ""24"": 64, ""25"": 206, ""26"": 56, ""27"": 90, ""28"": 82, ""29"": 92, ""30"": 58, ""31"": 198, ""32"": 196, ""33"": 202, ""34"": 182, ""35"": 96, ""36"": 94, ""37"": 178, ""38"": 62, ""39"": 104, ""40"": 168, ""41"": 160, ""42"": 72, ""43"": 78, ""44"": 186, ""45"": 194, ""46"": 208, ""47"": 74, ""48"": 68, ""49"": 80, ""50"": 164}",8.0,18.6,"{""5"": 54, ""1"": 58, ""2"": 56, ""3"": 60, ""4"": 62, ""6"": 64, ""0"": 66, ""40"": 176, ""12"": 100, ""17"": 190, ""19"": 74, ""20"": 204, ""24"": 206, ""29"": 72, ""25"": 70, ""33"": 202, ""34"": 68, ""48"": 86, ""39"": 210, ""50"": 94, ""46"": 198, ""37"": 170, ""26"": 76, ""35"": 90, ""30"": 102, ""43"": 104, ""21"": 98, ""47"": 178, ""38"": 92, ""23"": 164, ""22"": 180, ""41"": 174, ""36"": 168, ""14"": 82, ""11"": 96, ""16"": 186, ""42"": 162, ""49"": 88, ""10"": 172, ""13"": 192, ""9"": 166, ""7"": 182, ""18"": 160, ""31"": 80, ""28"": 84, ""8"": 200, ""44"": 196, ""27"": 194, ""45"": 78, ""32"": 188, ""15"": 184}",16.6,10.053333333333333,1.8529703579843044,"{""0"": 192, ""3"": 206, ""6"": 66, ""2"": 86, ""4"": 188, ""1"": 82, ""5"": 98, ""36"": 70, ""26"": 196, ""32"": 178, ""50"": 104, ""49"": 60, ""45"": 176, ""28"": 166, ""47"": 174, ""43"": 168, ""39"": 84, ""7"": 160, ""42"": 94, ""8"": 74, ""44"": 80, ""40"": 208, ""48"": 164, ""12"": 202, ""25"": 76, ""27"": 54, ""38"": 96, ""22"": 64, ""24"": 100, ""20"": 162, ""31"": 186, ""34"": 58, ""41"": 184, ""17"": 194, ""11"": 172, ""33"": 190, ""35"": 88, ""37"": 68, ""10"": 102, ""15"": 180, ""29"": 78, ""23"": 90, ""46"": 56, ""9"": 210, ""14"": 92, ""19"": 170, ""13"": 204, ""30"": 200, ""21"": 72, ""18"": 62, ""16"": 198}",7.8,17.88,"{""0"": 68, ""1"": 194, ""2"": 184, ""3"": 174, ""4"": 62, ""5"": 208, ""6"": 172, ""7"": 100, ""8"": 186, ""9"": 166, ""10"": 160, ""11"": 56, ""12"": 192, ""13"": 66, ""14"": 190, ""15"": 94, ""16"": 54, ""17"": 78, ""18"": 90, ""19"": 104, ""20"": 60, ""21"": 188, ""22"": 84, ""23"": 210, ""24"": 180, ""25"": 176, ""26"": 200, ""27"": 202, ""28"": 58, ""29"": 198, ""30"": 88, ""31"": 178, ""32"": 86, ""33"": 70, ""34"": 196, ""35"": 164, ""36"": 168, ""37"": 64, ""38"": 98, ""39"": 74, ""40"": 92, ""41"": 76, ""42"": 96, ""43"": 80, ""44"": 206, ""45"": 72, ""46"": 204, ""47"": 162, ""48"": 170, ""49"": 102, ""50"": 82}",16.6,52
jku_suite_95.qasm,19.6,0.4926518768072128,"{""0"": 12, ""1"": 14, ""2"": 28, ""3"": 32, ""4"": 16, ""5"": 30, ""6"": 34, ""7"": 10}",18.4,23.88,"{""5"": 16, ""1"": 10, ""2"": 28, ""3"": 12, ""4"": 30, ""6"": 34, ""7"": 32, ""0"": 14}",23.0,18.89333333333333,6.1029615662992,"{""0"": 16, ""3"": 14, ""6"": 28, ""2"": 32, ""4"": 10, ""1"": 12, ""5"": 30, ""7"": 34}",17.0,21.56,"{""0"": 30, ""1"": 34, ""2"": 14, ""3"": 12, ""4"": 16, ""5"": 10, ""6"": 32, ""7"": 28}",20.0,8
jku_suite_3.qasm,18.64,0.3023547954857349,"{""0"": 54, ""1"": 66, ""2"": 32, ""3"": 64, ""4"": 28, ""5"": 62, ""6"": 52, ""7"": 22, ""8"": 24, ""9"": 56, ""10"": 18, ""11"": 20, ""12"": 26, ""13"": 58, ""14"": 60, ""15"": 30}",18.0,19.16,"{""12"": 20, ""8"": 28, ""5"": 56, ""1"": 32, ""9"": 60, ""11"": 64, ""14"": 66, ""2"": 62, ""3"": 18, ""4"": 58, ""10"": 24, ""13"": 30, ""6"": 22, ""7"": 54, ""0"": 26, ""15"": 52}",18.2,18.773333333333333,6.535684045404196,"{""0"": 60, ""3"": 54, ""6"": 30, ""8"": 18, ""9"": 28, ""14"": 58, ""12"": 24, ""2"": 56, ""4"": 32, ""11"": 66, ""13"": 22, ""10"": 64, ""1"": 52, ""5"": 62, ""7"": 26, ""15"": 20}",18.0,20.24,"{""0"": 32, ""1"": 24, ""2"": 54, ""3"": 26, ""4"": 66, ""5"": 20, ""6"": 30, ""7"": 60, ""8"": 58, ""9"": 22, ""10"": 56, ""11"": 62, ""12"": 52, ""13"": 28, ""14"": 64, ""15"": 18}",18.6,16
autobraid_41.qasm,14.76,0.1604394845664501,"{""0"": 76, ""1"": 28, ""2"": 64, ""3"": 32, ""4"": 82, ""5"": 38, ""6"": 40, ""7"": 68, ""8"": 70, ""9"": 80, ""10"": 78, ""11"": 30, ""12"": 24, ""13"": 66, ""14"": 22, ""15"": 26, ""16"": 36, ""17"": 34, ""18"": 72, ""19"": 74}",12.6,21.8,"{""12"": 64, ""8"": 74, ""5"": 66, ""1"": 68, ""9"": 24, ""11"": 32, ""2"": 26, ""3"": 28, ""4"": 70, ""10"": 34, ""6"": 22, ""7"": 76, ""0"": 30, ""17"": 78, ""14"": 36, ""16"": 38, ""19"": 80, ""13"": 72, ""18"": 82, ""15"": 40}",18.8,14.986666666666666,2.5684705935418606,"{""0"": 72, ""3"": 34, ""6"": 22, ""8"": 40, ""9"": 28, ""14"": 78, ""12"": 76, ""2"": 30, ""4"": 24, ""11"": 66, ""13"": 74, ""10"": 70, ""1"": 26, ""5"": 68, ""7"": 80, ""17"": 64, ""19"": 32, ""16"": 38, ""18"": 82, ""15"": 36}",12.8,20.8,"{""0"": 28, ""1"": 34, ""2"": 82, ""3"": 32, ""4"": 72, ""5"": 78, ""6"": 74, ""7"": 24, ""8"": 26, ""9"": 30, ""10"": 66, ""11"": 22, ""12"": 38, ""13"": 70, ""14"": 68, ""15"": 76, ""16"": 36, ""17"": 40, ""18"": 64, ""19"": 80}",19.8,20
quarl_suite_16.qasm,24.56,0.4780234582722187,"{""0"": 16, ""1"": 12, ""2"": 14, ""3"": 34, ""4"": 10, ""5"": 30, ""6"": 32, ""7"": 28}",22.0,25.4,"{""5"": 12, ""1"": 30, ""2"": 34, ""3"": 32, ""4"": 10, ""6"": 28, ""7"": 16, ""0"": 14}",24.0,25.026666666666667,8.017825175076723,"{""0"": 16, ""6"": 34, ""3"": 14, ""4"": 10, ""2"": 32, ""1"": 12, ""5"": 30, ""7"": 28}",22.0,26.04,"{""0"": 14, ""1"": 12, ""2"": 10, ""3"": 30, ""4"": 34, ""5"": 32, ""6"": 28, ""7"": 16}",24.2,8
jku_suite_25.qasm,25.0,0.0197217248380184,"{""0"": 8, ""1"": 10, ""2"": 22, ""3"": 24, ""4"": 12}",24.0,26.4,"{""1"": 22, ""2"": 26, ""3"": 10, ""4"": 8, ""0"": 24}",23.4,24.01333333333333,0.5307706743478775,"{""0"": 26, ""3"": 10, ""2"": 12, ""4"": 22, ""1"": 8}",23.0,24.4,"{""0"": 10, ""1"": 8, ""2"": 12, ""3"": 24, ""4"": 22}",23.2,6
autobraid_36.qasm,19.72,0.4276022352278232,"{""0"": 20, ""1"": 18, ""2"": 42, ""3"": 36, ""4"": 34, ""5"": 40, ""6"": 38, ""7"": 14, ""8"": 12}",18.4,22.52,"{""8"": 14, ""5"": 18, ""1"": 38, ""2"": 40, ""3"": 16, ""4"": 36, ""6"": 42, ""7"": 12, ""0"": 34}",21.4,20.25333333333333,7.411230109632015,"{""3"": 42, ""8"": 16, ""6"": 40, ""0"": 34, ""2"": 12, ""4"": 18, ""1"": 20, ""5"": 14, ""7"": 38}",18.0,21.44,"{""0"": 38, ""1"": 16, ""2"": 14, ""3"": 42, ""4"": 40, ""5"": 12, ""6"": 20, ""7"": 34, ""8"": 18}",20.6,10
jku_suite_2.qasm,26.04,0.0108416624367237,"{""0"": 24, ""1"": 8, ""2"": 26, ""3"": 22, ""4"": 10}",25.6,28.04,"{""1"": 22, ""2"": 26, ""3"": 10, ""4"": 8, ""0"": 24}",26.0,26.133333333333333,0.5192242413759232,"{""0"": 10, ""3"": 8, ""4"": 24, ""2"": 12, ""1"": 22}",26.0,26.76,"{""0"": 8, ""1"": 26, ""2"": 22, ""3"": 24, ""4"": 12}",25.4,6
quest_suite_16.qasm,20.76,0.28418780118227,"{""0"": 12, ""1"": 36, ""2"": 42, ""3"": 38, ""4"": 20, ""5"": 14, ""6"": 16, ""7"": 34, ""8"": 40, ""9"": 18}",18.0,22.24,"{""8"": 42, ""5"": 36, ""1"": 34, ""6"": 12, ""2"": 18, ""3"": 14, ""4"": 20, ""9"": 40, ""7"": 16, ""0"": 38}",19.6,19.773333333333333,4.769447900354862,"{""0"": 16, ""8"": 42, ""3"": 40, ""6"": 18, ""9"": 20, ""2"": 12, ""4"": 34, ""1"": 38, ""5"": 36, ""7"": 14}",17.0,23.8,"{""0"": 18, ""1"": 42, ""2"": 38, ""3"": 36, ""4"": 12, ""5"": 16, ""6"": 34, ""7"": 20, ""8"": 14, ""9"": 40}",20.4,10
jku_suite_63.qasm,14.6,0.2127230353653431,"{""0"": 18, ""1"": 50, ""2"": 44, ""3"": 22, ""4"": 46, ""5"": 16, ""6"": 20, ""7"": 40, ""8"": 24, ""9"": 42, ""10"": 14, ""11"": 48}",13.0,17.12,"{""8"": 48, ""5"": 46, ""1"": 22, ""9"": 16, ""2"": 50, ""3"": 42, ""4"": 14, ""10"": 20, ""6"": 40, ""7"": 44, ""0"": 24, ""11"": 18}",16.8,13.893333333333333,3.908922005444765,"{""0"": 20, ""3"": 44, ""6"": 46, ""8"": 14, ""9"": 24, ""2"": 16, ""4"": 18, ""10"": 22, ""1"": 40, ""5"": 48, ""7"": 50, ""11"": 42}",10.0,17.2,"{""0"": 48, ""1"": 46, ""2"": 40, ""3"": 50, ""4"": 44, ""5"": 42, ""6"": 22, ""7"": 14, ""8"": 24, ""9"": 16, ""10"": 18, ""11"": 20}",14.4,12
jku_suite_11.qasm,19.76,0.2421267181634903,"{""0"": 36, ""1"": 16, ""2"": 42, ""3"": 20, ""4"": 12, ""5"": 18, ""6"": 34, ""7"": 14, ""8"": 38, ""9"": 40}",18.0,22.36,"{""8"": 36, ""5"": 40, ""1"": 14, ""9"": 20, ""2"": 34, ""3"": 16, ""4"": 12, ""6"": 38, ""7"": 18, ""0"": 42}",21.8,18.32,3.935707677155733,"{""0"": 20, ""6"": 42, ""8"": 40, ""3"": 34, ""9"": 16, ""2"": 12, ""4"": 38, ""1"": 18, ""5"": 36, ""7"": 14}",15.0,19.24,"{""0"": 34, ""1"": 36, ""2"": 16, ""3"": 20, ""4"": 14, ""5"": 40, ""6"": 18, ""7"": 12, ""8"": 42, ""9"": 38}",17.8,10
jku_suite_62.qasm,14.2,0.3557681359350681,"{""0"": 18, ""1"": 56, ""2"": 24, ""3"": 16, ""4"": 28, ""5"": 48, ""6"": 20, ""7"": 54, ""8"": 58, ""9"": 52, ""10"": 22, ""11"": 50, ""12"": 46, ""13"": 26}",12.0,17.96,"{""12"": 26, ""8"": 58, ""5"": 20, ""1"": 18, ""11"": 24, ""6"": 28, ""2"": 46, ""3"": 16, ""4"": 48, ""10"": 54, ""13"": 52, ""9"": 56, ""7"": 22, ""0"": 50}",16.8,14.706666666666669,5.454866658896208,"{""3"": 28, ""8"": 26, ""0"": 56, ""6"": 22, ""9"": 50, ""12"": 16, ""2"": 58, ""4"": 24, ""11"": 46, ""13"": 52, ""10"": 18, ""1"": 54, ""5"": 48, ""7"": 20}",13.0,18.04,"{""0"": 22, ""1"": 24, ""2"": 56, ""3"": 18, ""4"": 52, ""5"": 20, ""6"": 48, ""7"": 58, ""8"": 54, ""9"": 26, ""10"": 50, ""11"": 46, ""12"": 16, ""13"": 28}",17.0,14
autobraid_34.qasm,10.04,0.1399720355868339,"{""0"": 60, ""1"": 86, ""2"": 148, ""3"": 58, ""4"": 158, ""5"": 178, ""6"": 164, ""7"": 168, ""8"": 78, ""9"": 76, ""10"": 172, ""11"": 180, ""12"": 154, ""13"": 182, ""14"": 90, ""15"": 166, ""16"": 146, ""17"": 50, ""18"": 184, ""19"": 54, ""20"": 92, ""21"": 88, ""22"": 72, ""23"": 82, ""24"": 74, ""25"": 152, ""26"": 186, ""27"": 68, ""28"": 48, ""29"": 64, ""30"": 80, ""31"": 84, ""32"": 144, ""33"": 150, ""34"": 174, ""35"": 142, ""36"": 162, ""37"": 160, ""38"": 170, ""39"": 56, ""40"": 156, ""41"": 70, ""42"": 176, ""43"": 62, ""44"": 52, ""45"": 66}",9.0,16.92,"{""8"": 54, ""5"": 48, ""1"": 52, ""9"": 50, ""2"": 58, ""3"": 56, ""4"": 60, ""10"": 62, ""6"": 64, ""7"": 66, ""0"": 142, ""40"": 80, ""12"": 82, ""17"": 144, ""19"": 92, ""20"": 72, ""24"": 152, ""29"": 180, ""25"": 168, ""33"": 86, ""34"": 172, ""39"": 160, ""37"": 70, ""26"": 186, ""35"": 154, ""30"": 178, ""43"": 162, ""21"": 164, ""38"": 76, ""22"": 146, ""23"": 68, ""36"": 158, ""41"": 170, ""14"": 174, ""11"": 148, ""16"": 166, ""42"": 74, ""13"": 176, ""18"": 88, ""31"": 182, ""28"": 84, ""44"": 184, ""27"": 156, ""45"": 78, ""32"": 90, ""15"": 150}",14.0,10.52,2.086430098861456,"{""0"": 88, ""3"": 180, ""6"": 160, ""8"": 186, ""9"": 74, ""2"": 164, ""4"": 62, ""10"": 142, ""1"": 184, ""5"": 146, ""7"": 68, ""36"": 178, ""26"": 150, ""32"": 86, ""45"": 168, ""28"": 90, ""43"": 172, ""39"": 72, ""42"": 154, ""44"": 182, ""40"": 48, ""12"": 56, ""25"": 84, ""27"": 50, ""24"": 60, ""22"": 70, ""38"": 76, ""20"": 162, ""31"": 78, ""34"": 66, ""41"": 64, ""17"": 54, ""11"": 148, ""33"": 92, ""35"": 174, ""37"": 52, ""16"": 176, ""29"": 58, ""23"": 170, ""14"": 144, ""19"": 80, ""13"": 82, ""21"": 166, ""30"": 158, ""18"": 156, ""15"": 152}",9.0,19.84,"{""0"": 74, ""1"": 174, ""2"": 84, ""3"": 164, ""4"": 144, ""5"": 146, ""6"": 180, ""7"": 150, ""8"": 60, ""9"": 186, ""10"": 162, ""11"": 78, ""12"": 64, ""13"": 70, ""14"": 92, ""15"": 50, ""16"": 168, ""17"": 176, ""18"": 142, ""19"": 56, ""20"": 66, ""21"": 54, ""22"": 86, ""23"": 166, ""24"": 160, ""25"": 158, ""26"": 148, ""27"": 72, ""28"": 172, ""29"": 80, ""30"": 68, ""31"": 88, ""32"": 184, ""33"": 48, ""34"": 52, ""35"": 62, ""36"": 154, ""37"": 182, ""38"": 156, ""39"": 170, ""40"": 58, ""41"": 76, ""42"": 90, ""43"": 152, ""44"": 178, ""45"": 82}",17.6,46
qft_7.qasm,13.64,0.008439665287733,"{""0"": 18, ""1"": 34, ""2"": 16, ""3"": 14, ""4"": 40, ""5"": 20, ""6"": 38, ""7"": 42, ""8"": 12, ""9"": 36}",12.2,13.8,"{""8"": 34, ""5"": 20, ""1"": 40, ""2"": 14, ""3"": 38, ""4"": 18, ""6"": 36, ""7"": 12, ""0"": 42, ""9"": 16}",13.2,13.506666666666666,0.0715753175318241,"{""0"": 36, ""3"": 40, ""6"": 20, ""8"": 38, ""2"": 42, ""4"": 12, ""1"": 18, ""5"": 14, ""7"": 34, ""9"": 16}",12.0,14.08,"{""0"": 16, ""1"": 12, ""2"": 42, ""3"": 34, ""4"": 20, ""5"": 40, ""6"": 18, ""7"": 14, ""8"": 38, ""9"": 36}",13.2,10
jku_suite_26.qasm,17.76,0.3743858657777309,"{""0"": 20, ""1"": 42, ""2"": 40, ""3"": 14, ""4"": 16, ""5"": 38, ""6"": 34, ""7"": 18, ""8"": 12}",17.0,20.4,"{""8"": 42, ""5"": 16, ""1"": 40, ""2"": 18, ""3"": 14, ""4"": 12, ""6"": 38, ""7"": 34, ""0"": 20}",19.8,17.746666666666666,6.164442989975214,"{""0"": 40, ""8"": 42, ""3"": 34, ""6"": 20, ""4"": 18, ""2"": 14, ""1"": 12, ""5"": 16, ""7"": 38}",16.0,21.64,"{""0"": 12, ""1"": 42, ""2"": 20, ""3"": 34, ""4"": 38, ""5"": 14, ""6"": 40, ""7"": 36, ""8"": 16}",19.2,10
jku_suite_84.qasm,17.08,0.3839015975594521,"{""0"": 16, ""1"": 20, ""2"": 40, ""3"": 18, ""4"": 38, ""5"": 34, ""6"": 36, ""7"": 42, ""8"": 12, ""9"": 14}",16.4,18.2,"{""8"": 36, ""5"": 40, ""1"": 14, ""6"": 38, ""2"": 34, ""3"": 16, ""4"": 12, ""9"": 20, ""7"": 18, ""0"": 42}",16.2,17.946666666666665,5.976829640567303,"{""0"": 14, ""3"": 12, ""8"": 42, ""6"": 18, ""9"": 16, ""2"": 40, ""4"": 36, ""1"": 34, ""5"": 20, ""7"": 38}",16.0,18.96,"{""0"": 38, ""1"": 40, ""2"": 20, ""3"": 36, ""4"": 12, ""5"": 16, ""6"": 42, ""7"": 14, ""8"": 34, ""9"": 18}",18.0,10
jku_suite_6.qasm,22.92,0.6375953540205955,"{""0"": 36, ""1"": 12, ""2"": 16, ""3"": 42, ""4"": 34, ""5"": 20, ""6"": 40, ""7"": 14, ""8"": 38}",21.8,23.32,"{""8"": 36, ""5"": 38, ""1"": 16, ""2"": 42, ""3"": 18, ""4"": 20, ""6"": 40, ""7"": 14, ""0"": 34}",22.8,21.586666666666662,9.55154398456216,"{""0"": 38, ""8"": 18, ""6"": 40, ""3"": 20, ""2"": 36, ""4"": 16, ""1"": 34, ""5"": 42, ""7"": 14}",20.0,23.96,"{""0"": 14, ""1"": 16, ""2"": 18, ""3"": 12, ""4"": 20, ""5"": 36, ""6"": 42, ""7"": 38, ""8"": 40}",22.6,10
jku_suite_1.qasm,22.96,0.5566637709736824,"{""0"": 8, ""1"": 22, ""2"": 10, ""3"": 12, ""4"": 26, ""5"": 24}",21.8,21.92,"{""1"": 12, ""2"": 8, ""3"": 10, ""4"": 26, ""0"": 22, ""5"": 24}",21.4,22.85333333333333,8.349617026746273,"{""0"": 8, ""3"": 24, ""2"": 12, ""4"": 26, ""1"": 22, ""5"": 10}",21.6,23.52,"{""0"": 22, ""1"": 10, ""2"": 26, ""3"": 8, ""4"": 12, ""5"": 24}",22.6,6
jku_suite_59.qasm,27.36,0.7887079574167728,"{""0"": 22, ""1"": 10, ""2"": 12, ""3"": 24, ""4"": 26}",26.0,27.84,"{""1"": 22, ""2"": 24, ""3"": 12, ""4"": 26, ""0"": 8}",26.0,27.30666666666667,11.916160583496094,"{""0"": 8, ""3"": 26, ""2"": 22, ""4"": 12, ""1"": 24}",26.0,27.72,"{""0"": 10, ""1"": 22, ""2"": 12, ""3"": 8, ""4"": 26}",26.0,6
qft_2.qasm,9.64,0.0106546729803085,"{""0"": 56, ""1"": 24, ""2"": 50, ""3"": 26, ""4"": 54, ""5"": 22, ""6"": 20, ""7"": 18, ""8"": 58, ""9"": 16, ""10"": 46, ""11"": 52, ""12"": 28}",8.0,9.8,"{""12"": 48, ""8"": 20, ""5"": 18, ""1"": 52, ""11"": 16, ""6"": 54, ""2"": 58, ""3"": 22, ""10"": 46, ""4"": 26, ""9"": 28, ""7"": 50, ""0"": 24}",9.0,10.066666666666666,0.116919320076704,"{""0"": 24, ""6"": 48, ""8"": 54, ""3"": 22, ""9"": 52, ""12"": 20, ""11"": 16, ""4"": 58, ""2"": 46, ""10"": 18, ""1"": 28, ""5"": 56, ""7"": 26}",10.0,11.12,"{""0"": 28, ""1"": 54, ""2"": 52, ""3"": 56, ""4"": 50, ""5"": 22, ""6"": 20, ""7"": 26, ""8"": 58, ""9"": 18, ""10"": 24, ""11"": 16, ""12"": 48}",10.0,14
autobraid_6.qasm,11.08,0.0973041251301765,"{""0"": 56, ""1"": 86, ""2"": 98, ""3"": 166, ""4"": 82, ""5"": 174, ""6"": 108, ""7"": 186, ""8"": 184, ""9"": 214, ""10"": 176, ""11"": 194, ""12"": 88, ""13"": 216, ""14"": 96, ""15"": 58, ""16"": 72, ""17"": 168, ""18"": 74, ""19"": 198, ""20"": 218, ""21"": 90, ""22"": 62, ""23"": 206, ""24"": 106, ""25"": 208, ""26"": 192, ""27"": 196, ""28"": 70, ""29"": 170, ""30"": 80, ""31"": 94, ""32"": 104, ""33"": 66, ""34"": 76, ""35"": 188, ""36"": 102, ""37"": 68, ""38"": 84, ""39"": 180, ""40"": 64, ""41"": 78, ""42"": 182, ""43"": 92, ""44"": 204, ""45"": 202, ""46"": 172, ""47"": 190, ""48"": 210, ""49"": 200, ""50"": 212, ""51"": 100, ""52"": 178, ""53"": 60}",9.8,17.24,"{""5"": 56, ""1"": 62, ""2"": 58, ""3"": 60, ""4"": 64, ""6"": 66, ""0"": 68, ""40"": 88, ""12"": 180, ""17"": 82, ""19"": 94, ""20"": 100, ""24"": 104, ""29"": 84, ""25"": 182, ""33"": 172, ""34"": 200, ""48"": 106, ""39"": 204, ""50"": 178, ""46"": 194, ""37"": 192, ""26"": 96, ""30"": 92, ""35"": 98, ""43"": 184, ""21"": 206, ""47"": 216, ""38"": 80, ""22"": 72, ""23"": 86, ""36"": 202, ""41"": 102, ""14"": 212, ""11"": 78, ""16"": 108, ""42"": 218, ""49"": 70, ""10"": 76, ""13"": 90, ""9"": 174, ""7"": 170, ""51"": 190, ""18"": 74, ""31"": 188, ""53"": 210, ""8"": 208, ""44"": 198, ""28"": 186, ""27"": 214, ""45"": 166, ""52"": 196, ""32"": 168, ""15"": 176}",16.2,11.173333333333334,1.4776398688554764,"{""0"": 68, ""3"": 208, ""6"": 206, ""2"": 188, ""4"": 192, ""1"": 218, ""5"": 56, ""7"": 200, ""36"": 166, ""26"": 178, ""32"": 76, ""49"": 182, ""50"": 60, ""45"": 212, ""28"": 58, ""47"": 70, ""39"": 66, ""43"": 96, ""42"": 168, ""8"": 210, ""44"": 172, ""40"": 104, ""48"": 90, ""12"": 74, ""27"": 184, ""25"": 80, ""22"": 190, ""38"": 216, ""24"": 92, ""20"": 82, ""31"": 86, ""34"": 62, ""17"": 64, ""41"": 174, ""11"": 78, ""33"": 214, ""35"": 180, ""37"": 202, ""10"": 94, ""16"": 72, ""29"": 176, ""23"": 186, ""46"": 170, ""9"": 108, ""14"": 204, ""19"": 106, ""13"": 102, ""30"": 194, ""21"": 88, ""51"": 84, ""53"": 100, ""18"": 196, ""15"": 98, ""52"": 198}",9.0,18.84,"{""0"": 88, ""1"": 184, ""2"": 100, ""3"": 106, ""4"": 192, ""5"": 210, ""6"": 80, ""7"": 186, ""8"": 182, ""9"": 98, ""10"": 180, ""11"": 82, ""12"": 86, ""13"": 202, ""14"": 216, ""15"": 58, ""16"": 62, ""17"": 64, ""18"": 218, ""19"": 104, ""20"": 166, ""21"": 170, ""22"": 172, ""23"": 66, ""24"": 56, ""25"": 96, ""26"": 76, ""27"": 188, ""28"": 174, ""29"": 206, ""30"": 214, ""31"": 68, ""32"": 108, ""33"": 94, ""34"": 204, ""35"": 176, ""36"": 212, ""37"": 102, ""38"": 168, ""39"": 208, ""40"": 70, ""41"": 92, ""42"": 196, ""43"": 178, ""44"": 198, ""45"": 200, ""46"": 72, ""47"": 78, ""48"": 90, ""49"": 84, ""50"": 194, ""51"": 74, ""52"": 190, ""53"": 60}",16.2,54
jku_suite_90.qasm,18.84,0.33504528850317,"{""0"": 16, ""1"": 38, ""2"": 14, ""3"": 40, ""4"": 34, ""5"": 12, ""6"": 36, ""7"": 20, ""8"": 42}",17.2,18.8,"{""8"": 16, ""5"": 18, ""1"": 38, ""2"": 40, ""3"": 12, ""4"": 36, ""6"": 20, ""7"": 14, ""0"": 42}",18.0,17.626666666666665,5.135797996073961,"{""3"": 12, ""0"": 18, ""6"": 42, ""8"": 16, ""4"": 14, ""2"": 20, ""1"": 40, ""5"": 36, ""7"": 38}",16.0,18.96,"{""0"": 18, ""1"": 12, ""2"": 34, ""3"": 36, ""4"": 40, ""5"": 42, ""6"": 38, ""7"": 16, ""8"": 20}",17.0,10
vqe_5.qasm,19.48,0.3817337200045586,"{""0"": 14, ""1"": 30, ""2"": 10, ""3"": 12, ""4"": 16, ""5"": 34, ""6"": 28}",17.4,23.16,"{""5"": 28, ""1"": 30, ""2"": 34, ""3"": 16, ""4"": 10, ""6"": 12, ""0"": 14}",21.4,20.68,5.809159629046917,"{""0"": 10, ""3"": 14, ""6"": 30, ""2"": 28, ""4"": 34, ""1"": 32, ""5"": 16}",18.4,21.08,"{""0"": 28, ""1"": 16, ""2"": 10, ""3"": 32, ""4"": 34, ""5"": 12, ""6"": 30}",19.0,8
jku_suite_42.qasm,15.28,0.2929491780698299,"{""0"": 24, ""1"": 42, ""2"": 44, ""3"": 48, ""4"": 50, ""5"": 18, ""6"": 14, ""7"": 20, ""8"": 46, ""9"": 16, ""10"": 40}",13.6,18.44,"{""8"": 14, ""5"": 20, ""1"": 50, ""9"": 42, ""2"": 22, ""3"": 46, ""4"": 16, ""10"": 24, ""6"": 40, ""7"": 44, ""0"": 18}",14.6,16.266666666666666,4.451513204723597,"{""0"": 42, ""8"": 14, ""6"": 16, ""3"": 24, ""9"": 46, ""4"": 44, ""2"": 50, ""10"": 48, ""1"": 22, ""5"": 20, ""7"": 40}",13.6,18.56,"{""0"": 42, ""1"": 14, ""2"": 20, ""3"": 40, ""4"": 48, ""5"": 16, ""6"": 18, ""7"": 46, ""8"": 24, ""9"": 50, ""10"": 44}",16.6,12
jku_suite_30.qasm,17.48,0.2570021867752075,"{""0"": 34, ""1"": 20, ""2"": 42, ""3"": 12, ""4"": 14, ""5"": 40, ""6"": 38, ""7"": 36, ""8"": 16, ""9"": 18}",14.0,18.04,"{""8"": 38, ""5"": 12, ""9"": 14, ""1"": 34, ""2"": 36, ""3"": 18, ""4"": 20, ""6"": 16, ""7"": 42, ""0"": 40}",16.0,17.36,3.881028447300196,"{""0"": 20, ""3"": 18, ""8"": 40, ""6"": 16, ""9"": 12, ""4"": 36, ""2"": 38, ""1"": 14, ""5"": 34, ""7"": 42}",14.6,19.48,"{""0"": 34, ""1"": 14, ""2"": 38, ""3"": 36, ""4"": 16, ""5"": 40, ""6"": 18, ""7"": 20, ""8"": 42, ""9"": 12}",17.0,10
shor_0.qasm,25.2,0.0067924201488494,"{""0"": 24, ""1"": 18, ""2"": 40, ""3"": 22, ""4"": 14, ""5"": 42, ""6"": 20, ""7"": 44, ""8"": 50, ""9"": 48, ""10"": 16, ""11"": 46}",25.0,27.8,"{""8"": 44, ""5"": 40, ""1"": 48, ""9"": 50, ""2"": 22, ""3"": 46, ""4"": 24, ""10"": 14, ""6"": 18, ""7"": 42, ""0"": 16, ""11"": 20}",27.0,25.746666666666663,0.328147329390049,"{""0"": 22, ""3"": 50, ""6"": 48, ""8"": 44, ""9"": 18, ""2"": 24, ""4"": 16, ""10"": 40, ""1"": 46, ""5"": 14, ""7"": 20, ""11"": 42}",25.0,27.0,"{""0"": 42, ""1"": 48, ""2"": 16, ""3"": 46, ""4"": 40, ""5"": 20, ""6"": 44, ""7"": 50, ""8"": 14, ""9"": 22, ""10"": 24, ""11"": 18}",26.0,12
quarl_suite_1.qasm,18.12,0.3539495177567005,"{""0"": 54, ""1"": 22, ""2"": 52, ""3"": 24, ""4"": 46, ""5"": 56, ""6"": 28, ""7"": 58, ""8"": 48, ""9"": 18, ""10"": 16, ""11"": 20, ""12"": 50}",16.6,20.44,"{""12"": 58, ""8"": 22, ""5"": 46, ""1"": 28, ""9"": 26, ""11"": 24, ""2"": 50, ""3"": 54, ""4"": 56, ""10"": 16, ""6"": 20, ""7"": 52, ""0"": 48}",19.4,18.12,5.288387224078178,"{""0"": 54, ""3"": 16, ""6"": 28, ""8"": 20, ""9"": 18, ""12"": 48, ""2"": 50, ""4"": 46, ""11"": 24, ""10"": 22, ""1"": 52, ""5"": 56, ""7"": 58}",15.0,21.68,"{""0"": 16, ""1"": 22, ""2"": 46, ""3"": 52, ""4"": 48, ""5"": 18, ""6"": 54, ""7"": 58, ""8"": 20, ""9"": 56, ""10"": 28, ""11"": 24, ""12"": 50}",18.2,14
jku_suite_70.qasm,22.84,0.7323447920382022,"{""0"": 32, ""1"": 16, ""2"": 14, ""3"": 10, ""4"": 34, ""5"": 28, ""6"": 30}",21.0,25.2,"{""5"": 10, ""1"": 14, ""2"": 30, ""3"": 16, ""4"": 12, ""6"": 34, ""0"": 28}",22.4,23.6,10.987777628004553,"{""0"": 32, ""3"": 14, ""6"": 12, ""2"": 10, ""4"": 30, ""1"": 28, ""5"": 16}",22.0,25.12,"{""0"": 28, ""1"": 10, ""2"": 16, ""3"": 14, ""4"": 34, ""5"": 30, ""6"": 32}",23.0,8
grover_5.qasm,25.16,0.0025701858103275,"{""0"": 26, ""1"": 24, ""2"": 8, ""3"": 10, ""4"": 12, ""5"": 22}",24.2,25.96,"{""5"": 26, ""1"": 24, ""2"": 8, ""3"": 12, ""4"": 22, ""0"": 10}",25.6,25.30666666666667,0.0697971358895301,"{""0"": 26, ""3"": 10, ""4"": 12, ""2"": 8, ""1"": 24, ""5"": 22}",24.0,26.04,"{""0"": 24, ""1"": 10, ""2"": 12, ""3"": 8, ""4"": 26, ""5"": 22}",25.8,6
grover_0.qasm,21.8,0.0050322093069553,"{""0"": 12, ""1"": 26, ""2"": 10, ""3"": 22, ""4"": 8, ""5"": 24}",21.0,23.28,"{""5"": 26, ""1"": 24, ""2"": 8, ""3"": 12, ""4"": 22, ""0"": 10}",22.4,22.133333333333333,0.0567324385046958,"{""0"": 10, ""3"": 22, ""2"": 12, ""4"": 8, ""1"": 24, ""5"": 26}",21.0,23.6,"{""0"": 22, ""1"": 10, ""2"": 12, ""3"": 26, ""4"": 8, ""5"": 24}",22.8,6
jku_suite_19.qasm,18.88,0.3442036122083663,"{""0"": 24, ""1"": 40, ""2"": 44, ""3"": 16, ""4"": 14, ""5"": 42, ""6"": 50, ""7"": 46, ""8"": 18, ""9"": 48, ""10"": 20, ""11"": 22}",16.0,20.16,"{""8"": 42, ""5"": 24, ""1"": 50, ""9"": 16, ""2"": 40, ""3"": 18, ""4"": 14, ""10"": 22, ""6"": 46, ""7"": 48, ""0"": 44, ""11"": 20}",18.4,18.013333333333332,5.139838840812445,"{""0"": 20, ""3"": 44, ""6"": 22, ""8"": 42, ""9"": 50, ""2"": 18, ""4"": 46, ""10"": 16, ""1"": 48, ""5"": 24, ""7"": 40, ""11"": 14}",15.0,20.52,"{""0"": 48, ""1"": 40, ""2"": 18, ""3"": 46, ""4"": 50, ""5"": 14, ""6"": 44, ""7"": 16, ""8"": 24, ""9"": 20, ""10"": 42, ""11"": 22}",16.4,12
quarl_suite_4.qasm,25.0,0.3099725730717182,"{""0"": 8, ""1"": 22, ""2"": 26, ""3"": 12, ""4"": 24, ""5"": 10}",22.0,25.0,"{""5"": 10, ""1"": 26, ""2"": 8, ""3"": 24, ""4"": 22, ""0"": 12}",21.0,24.066666666666663,4.667293418198824,"{""0"": 8, ""3"": 26, ""4"": 10, ""2"": 12, ""1"": 24, ""5"": 22}",20.0,23.8,"{""0"": 8, ""1"": 12, ""2"": 10, ""3"": 26, ""4"": 24, ""5"": 22}",21.0,6
autobraid_2.qasm,12.48,0.1745131574571132,"{""0"": 54, ""1"": 30, ""2"": 18, ""3"": 56, ""4"": 24, ""5"": 32, ""6"": 64, ""7"": 58, ""8"": 22, ""9"": 60, ""10"": 66, ""11"": 20, ""12"": 26, ""13"": 28, ""14"": 62}",9.2,18.68,"{""12"": 18, ""8"": 64, ""5"": 66, ""14"": 24, ""1"": 28, ""11"": 52, ""6"": 30, ""2"": 54, ""3"": 60, ""4"": 32, ""10"": 22, ""13"": 58, ""9"": 56, ""7"": 26, ""0"": 20}",16.4,14.133333333333333,2.618047669529915,"{""0"": 54, ""8"": 22, ""3"": 60, ""6"": 32, ""9"": 62, ""14"": 66, ""12"": 26, ""2"": 18, ""11"": 52, ""4"": 20, ""13"": 28, ""10"": 30, ""1"": 56, ""5"": 24, ""7"": 64}",11.6,20.24,"{""0"": 64, ""1"": 26, ""2"": 28, ""3"": 22, ""4"": 60, ""5"": 32, ""6"": 54, ""7"": 18, ""8"": 20, ""9"": 62, ""10"": 66, ""11"": 30, ""12"": 56, ""13"": 24, ""14"": 52}",16.6,16
jku_suite_13.qasm,16.96,0.2981498584151268,"{""0"": 36, ""1"": 40, ""2"": 20, ""3"": 12, ""4"": 34, ""5"": 18, ""6"": 14, ""7"": 16, ""8"": 38, ""9"": 42}",15.0,20.16,"{""8"": 38, ""5"": 12, ""9"": 14, ""1"": 34, ""2"": 36, ""3"": 18, ""4"": 20, ""6"": 16, ""7"": 42, ""0"": 40}",15.0,17.12,4.481143429875374,"{""0"": 14, ""3"": 40, ""6"": 18, ""8"": 36, ""2"": 34, ""4"": 42, ""1"": 38, ""5"": 12, ""7"": 20, ""9"": 16}",14.0,21.16,"{""0"": 40, ""1"": 36, ""2"": 34, ""3"": 42, ""4"": 20, ""5"": 12, ""6"": 18, ""7"": 38, ""8"": 16, ""9"": 14}",16.0,10
shor_2.qasm,26.4,0.0322992570698261,"{""0"": 16, ""1"": 24, ""2"": 46, ""3"": 44, ""4"": 42, ""5"": 48, ""6"": 20, ""7"": 22, ""8"": 18, ""9"": 14, ""10"": 40, ""11"": 50}",25.0,27.0,"{""8"": 18, ""5"": 44, ""1"": 22, ""9"": 20, ""11"": 48, ""2"": 50, ""3"": 14, ""10"": 40, ""4"": 42, ""6"": 46, ""7"": 16, ""0"": 24}",25.0,25.73333333333333,0.4158630184829235,"{""0"": 48, ""3"": 18, ""6"": 46, ""8"": 20, ""9"": 50, ""2"": 14, ""4"": 16, ""10"": 24, ""1"": 40, ""5"": 44, ""7"": 42, ""11"": 22}",25.0,25.24,"{""0"": 20, ""1"": 22, ""2"": 50, ""3"": 18, ""4"": 40, ""5"": 44, ""6"": 48, ""7"": 24, ""8"": 42, ""9"": 46, ""10"": 14, ""11"": 16}",25.0,12
autobraid_37.qasm,16.4,0.2260010279715061,"{""0"": 64, ""1"": 66, ""2"": 74, ""3"": 36, ""4"": 38, ""5"": 70, ""6"": 30, ""7"": 32, ""8"": 28, ""9"": 78, ""10"": 40, ""11"": 68, ""12"": 24, ""13"": 80, ""14"": 82, ""15"": 72, ""16"": 34, ""17"": 22, ""18"": 26, ""19"": 76}",14.0,22.44,"{""8"": 26, ""5"": 28, ""1"": 30, ""9"": 24, ""2"": 32, ""3"": 34, ""4"": 36, ""10"": 68, ""6"": 22, ""7"": 64, ""0"": 66, ""12"": 40, ""17"": 74, ""14"": 38, ""11"": 82, ""16"": 70, ""19"": 78, ""13"": 72, ""18"": 76, ""15"": 80}",21.8,16.32,3.3368867076933384,"{""0"": 80, ""3"": 24, ""6"": 78, ""8"": 30, ""9"": 74, ""2"": 28, ""4"": 64, ""10"": 22, ""1"": 70, ""5"": 82, ""7"": 26, ""17"": 34, ""14"": 68, ""19"": 66, ""12"": 38, ""11"": 36, ""13"": 72, ""15"": 76, ""18"": 32, ""16"": 40}",13.4,21.72,"{""0"": 32, ""1"": 82, ""2"": 80, ""3"": 70, ""4"": 72, ""5"": 26, ""6"": 22, ""7"": 36, ""8"": 40, ""9"": 68, ""10"": 28, ""11"": 76, ""12"": 78, ""13"": 24, ""14"": 34, ""15"": 30, ""16"": 64, ""17"": 66, ""18"": 38, ""19"": 74}",20.6,20
quarl_suite_22.qasm,14.52,0.2035200454294681,"{""0"": 58, ""1"": 52, ""2"": 60, ""3"": 20, ""4"": 22, ""5"": 64, ""6"": 24, ""7"": 26, ""8"": 28, ""9"": 54, ""10"": 62, ""11"": 56, ""12"": 66, ""13"": 18, ""14"": 32}",12.6,18.56,"{""12"": 32, ""8"": 22, ""5"": 52, ""1"": 54, ""14"": 60, ""11"": 66, ""9"": 24, ""2"": 20, ""3"": 30, ""4"": 62, ""10"": 64, ""13"": 26, ""6"": 28, ""7"": 18, ""0"": 56}",17.8,14.733333333333333,3.0657499358057976,"{""0"": 24, ""8"": 66, ""3"": 54, ""6"": 18, ""9"": 52, ""14"": 30, ""12"": 22, ""2"": 20, ""4"": 62, ""11"": 56, ""13"": 32, ""10"": 26, ""1"": 28, ""5"": 60, ""7"": 64}",12.6,21.24,"{""0"": 66, ""1"": 60, ""2"": 20, ""3"": 54, ""4"": 52, ""5"": 18, ""6"": 30, ""7"": 62, ""8"": 64, ""9"": 58, ""10"": 24, ""11"": 56, ""12"": 26, ""13"": 32, ""14"": 28}",19.4,16
autobraid_32.qasm,23.32,0.3463164135813713,"{""0"": 30, ""1"": 12, ""2"": 28, ""3"": 10, ""4"": 14, ""5"": 34, ""6"": 32, ""7"": 16}",21.0,23.68,"{""5"": 30, ""1"": 10, ""2"": 14, ""3"": 34, ""4"": 12, ""6"": 28, ""7"": 32, ""0"": 16}",21.0,24.093333333333334,5.233289536088705,"{""6"": 14, ""3"": 32, ""0"": 28, ""2"": 10, ""4"": 16, ""1"": 34, ""5"": 12, ""7"": 30}",22.0,24.8,"{""0"": 34, ""1"": 12, ""2"": 32, ""3"": 30, ""4"": 16, ""5"": 28, ""6"": 10, ""7"": 14}",22.0,8
jku_suite_66.qasm,23.4,0.2898868575692176,"{""0"": 30, ""1"": 14, ""2"": 16, ""3"": 28, ""4"": 12, ""5"": 10, ""6"": 34}",22.0,25.8,"{""5"": 34, ""1"": 12, ""2"": 32, ""3"": 14, ""4"": 30, ""6"": 16, ""0"": 28}",25.0,24.65333333333333,11.248511735349894,"{""0"": 12, ""3"": 10, ""6"": 16, ""2"": 34, ""4"": 30, ""1"": 32, ""5"": 28}",22.0,25.96,"{""0"": 14, ""1"": 30, ""2"": 10, ""3"": 12, ""4"": 34, ""5"": 32, ""6"": 16}",24.8,8
qft_3.qasm,7.0,0.0622053794562816,"{""0"": 94, ""1"": 40, ""2"": 42, ""3"": 98, ""4"": 90, ""5"": 52, ""6"": 32, ""7"": 96, ""8"": 100, ""9"": 108, ""10"": 50, ""11"": 56, ""12"": 36, ""13"": 44, ""14"": 54, ""15"": 38, ""16"": 48, ""17"": 46, ""18"": 88, ""19"": 92, ""20"": 34, ""21"": 104, ""22"": 114, ""23"": 106, ""24"": 30, ""25"": 110, ""26"": 112, ""27"": 102}",7.0,7.6,"{""5"": 30, ""1"": 32, ""2"": 34, ""3"": 36, ""4"": 38, ""6"": 40, ""7"": 88, ""0"": 42, ""12"": 46, ""17"": 100, ""19"": 102, ""20"": 112, ""24"": 44, ""25"": 98, ""26"": 92, ""21"": 114, ""23"": 104, ""22"": 50, ""14"": 96, ""11"": 90, ""16"": 52, ""10"": 94, ""13"": 106, ""9"": 54, ""18"": 108, ""8"": 48, ""27"": 56, ""15"": 110}",7.0,7.053333333333334,1.63250283151865,"{""0"": 106, ""3"": 88, ""6"": 38, ""2"": 98, ""4"": 30, ""1"": 46, ""5"": 42, ""7"": 114, ""26"": 40, ""8"": 96, ""25"": 102, ""27"": 94, ""12"": 36, ""24"": 34, ""22"": 110, ""20"": 100, ""17"": 32, ""11"": 44, ""10"": 52, ""15"": 92, ""23"": 90, ""9"": 104, ""14"": 48, ""19"": 54, ""13"": 108, ""21"": 50, ""18"": 56, ""16"": 112}",7.0,7.2,"{""0"": 48, ""1"": 112, ""2"": 110, ""3"": 42, ""4"": 92, ""5"": 34, ""6"": 90, ""7"": 46, ""8"": 40, ""9"": 114, ""10"": 52, ""11"": 100, ""12"": 36, ""13"": 50, ""14"": 54, ""15"": 88, ""16"": 102, ""17"": 94, ""18"": 108, ""19"": 56, ""20"": 32, ""21"": 44, ""22"": 30, ""23"": 96, ""24"": 38, ""25"": 98, ""26"": 104, ""27"": 106}",6.0,28
quest_suite_18.qasm,32.0,0.479063569009304,"{""0"": 18, ""1"": 16, ""2"": 8, ""3"": 6}",32.0,32.0,"{""1"": 8, ""2"": 18, ""3"": 16, ""0"": 6}",32.0,32.0,7.277480091899633,"{""0"": 6, ""3"": 8, ""2"": 16, ""1"": 18}",32.0,32.0,"{""0"": 18, ""1"": 6, ""2"": 16, ""3"": 8}",32.0,4
shor_5.qasm,25.2,0.0147716574370861,"{""0"": 18, ""1"": 22, ""2"": 46, ""3"": 14, ""4"": 42, ""5"": 48, ""6"": 40, ""7"": 20, ""8"": 44, ""9"": 24, ""10"": 16, ""11"": 50}",25.0,25.52,"{""8"": 14, ""5"": 20, ""1"": 50, ""9"": 42, ""2"": 22, ""3"": 46, ""4"": 16, ""10"": 24, ""6"": 40, ""7"": 44, ""0"": 18, ""11"": 48}",25.0,25.28,0.2367473393678665,"{""0"": 48, ""3"": 42, ""6"": 22, ""8"": 14, ""9"": 50, ""2"": 44, ""4"": 24, ""10"": 40, ""1"": 20, ""5"": 16, ""7"": 18, ""11"": 46}",25.0,25.4,"{""0"": 16, ""1"": 24, ""2"": 42, ""3"": 18, ""4"": 46, ""5"": 44, ""6"": 40, ""7"": 50, ""8"": 20, ""9"": 48, ""10"": 14, ""11"": 22}",25.0,12
quarl_suite_12.qasm,19.8,0.2429306201636791,"{""0"": 38, ""1"": 20, ""2"": 42, ""3"": 40, ""4"": 14, ""5"": 16, ""6"": 34, ""7"": 36, ""8"": 12, ""9"": 18}",18.0,23.92,"{""8"": 20, ""5"": 36, ""1"": 40, ""6"": 18, ""2"": 42, ""3"": 38, ""4"": 14, ""9"": 34, ""7"": 16, ""0"": 12}",22.0,20.786666666666665,3.675590466707945,"{""3"": 12, ""8"": 40, ""0"": 38, ""6"": 42, ""9"": 36, ""4"": 18, ""2"": 34, ""1"": 14, ""5"": 20, ""7"": 16}",18.0,23.44,"{""0"": 18, ""1"": 36, ""2"": 40, ""3"": 38, ""4"": 14, ""5"": 34, ""6"": 12, ""7"": 42, ""8"": 20, ""9"": 16}",22.0,10
grover_4.qasm,25.24,0.0041771903634071,"{""0"": 24, ""1"": 8, ""2"": 12, ""3"": 26, ""4"": 22, ""5"": 10}",24.0,26.08,"{""5"": 26, ""1"": 12, ""2"": 8, ""3"": 24, ""4"": 10, ""0"": 22}",25.6,25.49333333333333,0.0718247778713703,"{""0"": 22, ""3"": 26, ""4"": 24, ""2"": 12, ""1"": 8, ""5"": 10}",24.0,25.72,"{""0"": 26, ""1"": 8, ""2"": 10, ""3"": 24, ""4"": 12, ""5"": 22}",24.6,6
jku_suite_74.qasm,18.88,0.4791141599416733,"{""0"": 38, ""1"": 34, ""2"": 16, ""3"": 18, ""4"": 14, ""5"": 40, ""6"": 12, ""7"": 20, ""8"": 42}",16.6,22.08,"{""8"": 38, ""5"": 18, ""1"": 12, ""2"": 42, ""3"": 20, ""4"": 34, ""6"": 36, ""7"": 14, ""0"": 40}",19.8,18.746666666666663,7.034098539501429,"{""0"": 20, ""6"": 34, ""3"": 38, ""8"": 42, ""4"": 12, ""2"": 14, ""1"": 18, ""5"": 36, ""7"": 40}",16.0,20.16,"{""0"": 36, ""1"": 34, ""2"": 40, ""3"": 20, ""4"": 42, ""5"": 18, ""6"": 16, ""7"": 14, ""8"": 12}",19.0,10
jku_suite_88.qasm,19.28,0.3605144619941711,"{""0"": 12, ""1"": 34, ""2"": 14, ""3"": 36, ""4"": 38, ""5"": 16, ""6"": 18, ""7"": 20, ""8"": 42}",17.8,19.48,"{""8"": 36, ""5"": 38, ""1"": 16, ""2"": 42, ""3"": 18, ""4"": 20, ""6"": 40, ""7"": 14, ""0"": 34}",19.0,18.41333333333333,5.435086693614721,"{""3"": 34, ""8"": 36, ""6"": 42, ""0"": 18, ""2"": 40, ""4"": 14, ""1"": 12, ""5"": 16, ""7"": 20}",16.0,20.52,"{""0"": 38, ""1"": 20, ""2"": 36, ""3"": 14, ""4"": 16, ""5"": 34, ""6"": 12, ""7"": 42, ""8"": 40}",17.4,10
shor_3.qasm,25.0,0.0086357772350311,"{""0"": 22, ""1"": 20, ""2"": 42, ""3"": 46, ""4"": 48, ""5"": 18, ""6"": 24, ""7"": 14, ""8"": 50, ""9"": 16, ""10"": 40, ""11"": 44}",25.0,25.6,"{""8"": 48, ""5"": 46, ""1"": 22, ""9"": 16, ""2"": 50, ""3"": 42, ""4"": 14, ""10"": 20, ""6"": 40, ""7"": 44, ""0"": 24, ""11"": 18}",25.0,25.16,0.290797870606184,"{""0"": 20, ""3"": 48, ""6"": 14, ""8"": 22, ""9"": 46, ""2"": 44, ""4"": 42, ""10"": 24, ""1"": 18, ""5"": 16, ""7"": 40, ""11"": 50}",25.0,26.16,"{""0"": 14, ""1"": 16, ""2"": 42, ""3"": 46, ""4"": 40, ""5"": 22, ""6"": 50, ""7"": 20, ""8"": 24, ""9"": 18, ""10"": 44, ""11"": 48}",25.0,12
autobraid_15.qasm,9.88,0.0920929484069347,"{""0"": 192, ""1"": 88, ""2"": 90, ""3"": 196, ""4"": 202, ""5"": 56, ""6"": 84, ""7"": 206, ""8"": 86, ""9"": 94, ""10"": 58, ""11"": 66, ""12"": 204, ""13"": 80, ""14"": 102, ""15"": 210, ""16"": 172, ""17"": 190, ""18"": 98, ""19"": 188, ""20"": 72, ""21"": 96, ""22"": 92, ""23"": 208, ""24"": 106, ""25"": 212, ""26"": 168, ""27"": 60, ""28"": 184, ""29"": 68, ""30"": 214, ""31"": 82, ""32"": 186, ""33"": 170, ""34"": 70, ""35"": 104, ""36"": 108, ""37"": 76, ""38"": 62, ""39"": 216, ""40"": 100, ""41"": 200, ""42"": 74, ""43"": 176, ""44"": 166, ""45"": 198, ""46"": 178, ""47"": 174, ""48"": 64, ""49"": 218, ""50"": 180, ""51"": 182, ""52"": 194}",9.0,17.0,"{""5"": 62, ""1"": 56, ""2"": 58, ""3"": 60, ""4"": 64, ""6"": 66, ""0"": 68, ""40"": 184, ""12"": 186, ""17"": 94, ""19"": 172, ""20"": 182, ""24"": 170, ""29"": 192, ""25"": 202, ""33"": 216, ""34"": 104, ""48"": 198, ""39"": 76, ""50"": 100, ""46"": 190, ""37"": 88, ""26"": 218, ""35"": 96, ""30"": 82, ""43"": 214, ""21"": 212, ""47"": 86, ""38"": 74, ""22"": 102, ""23"": 204, ""41"": 80, ""36"": 180, ""14"": 78, ""11"": 210, ""16"": 72, ""42"": 206, ""49"": 108, ""10"": 106, ""13"": 200, ""9"": 92, ""7"": 168, ""51"": 176, ""18"": 194, ""31"": 90, ""28"": 178, ""8"": 98, ""44"": 196, ""27"": 166, ""45"": 188, ""52"": 208, ""32"": 84, ""15"": 70}",16.0,10.28,1.3854803256690502,"{""0"": 92, ""3"": 188, ""6"": 94, ""2"": 204, ""4"": 172, ""1"": 200, ""5"": 98, ""36"": 216, ""26"": 84, ""32"": 68, ""49"": 70, ""50"": 194, ""45"": 96, ""28"": 64, ""47"": 56, ""43"": 198, ""39"": 78, ""7"": 166, ""42"": 212, ""8"": 180, ""44"": 86, ""48"": 72, ""40"": 190, ""12"": 106, ""25"": 168, ""27"": 206, ""22"": 76, ""24"": 60, ""38"": 90, ""20"": 58, ""31"": 208, ""34"": 102, ""17"": 192, ""41"": 62, ""11"": 174, ""33"": 100, ""35"": 80, ""37"": 214, ""10"": 186, ""16"": 66, ""29"": 210, ""23"": 88, ""46"": 170, ""9"": 104, ""14"": 108, ""19"": 182, ""13"": 178, ""21"": 218, ""30"": 74, ""51"": 196, ""18"": 176, ""15"": 184, ""52"": 202}",7.4,18.2,"{""0"": 186, ""1"": 82, ""2"": 96, ""3"": 98, ""4"": 200, ""5"": 194, ""6"": 192, ""7"": 172, ""8"": 204, ""9"": 108, ""10"": 214, ""11"": 176, ""12"": 70, ""13"": 170, ""14"": 72, ""15"": 64, ""16"": 196, ""17"": 188, ""18"": 66, ""19"": 206, ""20"": 166, ""21"": 178, ""22"": 92, ""23"": 60, ""24"": 86, ""25"": 182, ""26"": 74, ""27"": 58, ""28"": 218, ""29"": 88, ""30"": 216, ""31"": 80, ""32"": 106, ""33"": 174, ""34"": 184, ""35"": 190, ""36"": 78, ""37"": 102, ""38"": 76, ""39"": 84, ""40"": 202, ""41"": 208, ""42"": 68, ""43"": 100, ""44"": 168, ""45"": 198, ""46"": 212, ""47"": 90, ""48"": 62, ""49"": 210, ""50"": 104, ""51"": 56, ""52"": 94}",15.8,54
grover_2.qasm,24.32,0.0032142281532287,"{""0"": 24, ""1"": 26, ""2"": 10, ""3"": 12, ""4"": 22, ""5"": 8}",23.0,25.68,"{""5"": 26, ""1"": 24, ""2"": 8, ""3"": 12, ""4"": 22, ""0"": 10}",24.6,24.933333333333334,0.0436111874878406,"{""0"": 8, ""3"": 12, ""2"": 10, ""4"": 22, ""1"": 26, ""5"": 24}",23.2,25.08,"{""0"": 24, ""1"": 10, ""2"": 8, ""3"": 12, ""4"": 22, ""5"": 26}",24.2,6
qft_4.qasm,16.0,0.006138626486063,"{""0"": 48, ""1"": 24, ""2"": 22, ""3"": 26, ""4"": 54, ""5"": 46, ""6"": 56, ""7"": 52, ""8"": 18, ""9"": 50, ""10"": 58, ""11"": 16, ""12"": 20}",16.0,16.68,"{""12"": 16, ""8"": 22, ""5"": 28, ""1"": 20, ""9"": 56, ""11"": 26, ""2"": 18, ""3"": 58, ""4"": 52, ""10"": 46, ""6"": 24, ""7"": 48, ""0"": 50}",16.0,16.14666666666667,0.1435011513531208,"{""0"": 22, ""3"": 26, ""6"": 56, ""8"": 58, ""9"": 28, ""12"": 54, ""11"": 20, ""2"": 48, ""4"": 50, ""10"": 16, ""1"": 24, ""5"": 46, ""7"": 52}",16.0,16.8,"{""0"": 48, ""1"": 22, ""2"": 54, ""3"": 28, ""4"": 46, ""5"": 58, ""6"": 26, ""7"": 18, ""8"": 16, ""9"": 52, ""10"": 24, ""11"": 56, ""12"": 20}",16.0,14
qaoa_7.qasm,11.72,0.1776440382003784,"{""0"": 104, ""1"": 88, ""2"": 106, ""3"": 108, ""4"": 48, ""5"": 50, ""6"": 56, ""7"": 44, ""8"": 96, ""9"": 46, ""10"": 92, ""11"": 112, ""12"": 100, ""13"": 114, ""14"": 54, ""15"": 30, ""16"": 90, ""17"": 102, ""18"": 36, ""19"": 40, ""20"": 110, ""21"": 98, ""22"": 32, ""23"": 34, ""24"": 94, ""25"": 52, ""26"": 38}",10.4,19.16,"{""5"": 30, ""1"": 32, ""2"": 34, ""3"": 36, ""4"": 38, ""6"": 40, ""7"": 42, ""0"": 44, ""12"": 46, ""17"": 94, ""19"": 108, ""20"": 88, ""24"": 96, ""25"": 52, ""26"": 54, ""21"": 112, ""23"": 98, ""22"": 106, ""14"": 110, ""11"": 100, ""16"": 102, ""10"": 48, ""13"": 114, ""9"": 104, ""18"": 92, ""8"": 56, ""15"": 50}",17.0,13.266666666666667,2.683400020003319,"{""0"": 44, ""3"": 98, ""6"": 48, ""2"": 90, ""4"": 92, ""1"": 102, ""5"": 34, ""26"": 42, ""7"": 30, ""8"": 40, ""25"": 54, ""12"": 96, ""22"": 36, ""24"": 32, ""20"": 52, ""17"": 88, ""11"": 50, ""10"": 100, ""16"": 94, ""23"": 110, ""9"": 108, ""14"": 104, ""19"": 106, ""13"": 46, ""21"": 38, ""18"": 112, ""15"": 114}",10.2,20.68,"{""0"": 94, ""1"": 32, ""2"": 52, ""3"": 106, ""4"": 110, ""5"": 112, ""6"": 108, ""7"": 100, ""8"": 42, ""9"": 98, ""10"": 114, ""11"": 56, ""12"": 88, ""13"": 54, ""14"": 38, ""15"": 104, ""16"": 50, ""17"": 46, ""18"": 102, ""19"": 48, ""20"": 96, ""21"": 92, ""22"": 34, ""23"": 44, ""24"": 90, ""25"": 40, ""26"": 30}",19.6,28
autobraid_14.qasm,17.68,0.3503063626587391,"{""0"": 74, ""1"": 66, ""2"": 68, ""3"": 60, ""4"": 72, ""5"": 62, ""6"": 64, ""7"": 20, ""8"": 30, ""9"": 24, ""10"": 26, ""11"": 32, ""12"": 34, ""13"": 28, ""14"": 36, ""15"": 22, ""16"": 58}",16.0,22.92,"{""12"": 22, ""8"": 30, ""5"": 62, ""1"": 34, ""9"": 66, ""11"": 70, ""14"": 72, ""2"": 68, ""3"": 20, ""4"": 64, ""10"": 26, ""13"": 32, ""6"": 24, ""7"": 60, ""0"": 28, ""16"": 58, ""15"": 36}",20.2,17.92,5.273784901946783,"{""0"": 26, ""3"": 28, ""6"": 72, ""2"": 62, ""4"": 32, ""1"": 24, ""5"": 74, ""7"": 68, ""8"": 60, ""9"": 66, ""14"": 64, ""12"": 36, ""11"": 58, ""13"": 22, ""10"": 20, ""15"": 70, ""16"": 30}",15.2,22.96,"{""0"": 68, ""1"": 32, ""2"": 62, ""3"": 64, ""4"": 66, ""5"": 70, ""6"": 22, ""7"": 36, ""8"": 26, ""9"": 60, ""10"": 74, ""11"": 20, ""12"": 28, ""13"": 72, ""14"": 24, ""15"": 34, ""16"": 30}",19.2,18
autobraid_31.qasm,10.72,0.1071827501058578,"{""0"": 60, ""1"": 176, ""2"": 164, ""3"": 180, ""4"": 56, ""5"": 64, ""6"": 86, ""7"": 192, ""8"": 78, ""9"": 94, ""10"": 58, ""11"": 184, ""12"": 158, ""13"": 96, ""14"": 178, ""15"": 168, ""16"": 74, ""17"": 194, ""18"": 154, ""19"": 70, ""20"": 50, ""21"": 54, ""22"": 92, ""23"": 90, ""24"": 66, ""25"": 166, ""26"": 172, ""27"": 72, ""28"": 150, ""29"": 190, ""30"": 160, ""31"": 152, ""32"": 170, ""33"": 148, ""34"": 188, ""35"": 186, ""36"": 76, ""37"": 82, ""38"": 52, ""39"": 62, ""40"": 182, ""41"": 156, ""42"": 88, ""43"": 80, ""44"": 84, ""45"": 162, ""46"": 68, ""47"": 174}",8.6,19.08,"{""8"": 52, ""5"": 58, ""1"": 60, ""9"": 54, ""2"": 50, ""3"": 56, ""4"": 62, ""10"": 64, ""6"": 66, ""7"": 68, ""0"": 70, ""40"": 80, ""12"": 92, ""17"": 84, ""19"": 188, ""20"": 184, ""24"": 76, ""29"": 82, ""25"": 168, ""33"": 192, ""34"": 164, ""39"": 150, ""46"": 156, ""37"": 182, ""26"": 174, ""30"": 86, ""35"": 194, ""43"": 152, ""21"": 166, ""47"": 172, ""38"": 154, ""22"": 160, ""23"": 178, ""36"": 94, ""41"": 74, ""14"": 162, ""11"": 180, ""16"": 78, ""42"": 186, ""13"": 72, ""18"": 158, ""31"": 170, ""28"": 148, ""44"": 176, ""27"": 90, ""45"": 96, ""32"": 88, ""15"": 190}",15.8,10.64,1.624491784721613,"{""0"": 54, ""3"": 58, ""6"": 78, ""8"": 162, ""9"": 52, ""12"": 74, ""2"": 166, ""4"": 168, ""10"": 96, ""1"": 64, ""5"": 90, ""7"": 164, ""36"": 180, ""26"": 76, ""32"": 68, ""45"": 174, ""28"": 178, ""47"": 60, ""43"": 70, ""39"": 94, ""42"": 86, ""44"": 56, ""40"": 82, ""27"": 80, ""25"": 150, ""38"": 192, ""24"": 194, ""22"": 188, ""20"": 182, ""31"": 148, ""34"": 88, ""17"": 84, ""41"": 152, ""11"": 154, ""33"": 50, ""35"": 170, ""37"": 160, ""16"": 186, ""29"": 172, ""23"": 62, ""46"": 184, ""14"": 158, ""19"": 190, ""13"": 72, ""30"": 66, ""21"": 92, ""18"": 176, ""15"": 156}",8.2,16.92,"{""0"": 76, ""1"": 62, ""2"": 148, ""3"": 160, ""4"": 82, ""5"": 176, ""6"": 184, ""7"": 52, ""8"": 172, ""9"": 54, ""10"": 154, ""11"": 94, ""12"": 156, ""13"": 80, ""14"": 194, ""15"": 90, ""16"": 158, ""17"": 174, ""18"": 86, ""19"": 188, ""20"": 152, ""21"": 178, ""22"": 192, ""23"": 64, ""24"": 96, ""25"": 186, ""26"": 78, ""27"": 170, ""28"": 56, ""29"": 68, ""30"": 180, ""31"": 50, ""32"": 164, ""33"": 168, ""34"": 60, ""35"": 84, ""36"": 58, ""37"": 92, ""38"": 190, ""39"": 74, ""40"": 166, ""41"": 66, ""42"": 88, ""43"": 70, ""44"": 72, ""45"": 150, ""46"": 182, ""47"": 162}",16.0,48
jku_suite_94.qasm,16.48,0.4579870276153087,"{""0"": 16, ""1"": 24, ""2"": 42, ""3"": 14, ""4"": 20, ""5"": 22, ""6"": 40, ""7"": 18, ""8"": 50, ""9"": 46, ""10"": 44, ""11"": 48}",15.0,18.64,"{""8"": 44, ""5"": 50, ""1"": 48, ""9"": 24, ""2"": 46, ""3"": 16, ""4"": 20, ""10"": 42, ""6"": 18, ""7"": 40, ""0"": 14, ""11"": 22}",17.0,16.733333333333334,6.648808125406504,"{""0"": 48, ""3"": 40, ""6"": 18, ""8"": 46, ""9"": 42, ""2"": 22, ""4"": 44, ""10"": 16, ""1"": 50, ""5"": 24, ""7"": 14, ""11"": 20}",14.6,20.72,"{""0"": 18, ""1"": 42, ""2"": 50, ""3"": 22, ""4"": 20, ""5"": 16, ""6"": 46, ""7"": 24, ""8"": 40, ""9"": 48, ""10"": 14, ""11"": 44}",19.0,12
vqe_8.qasm,27.6,0.0494360983371734,"{""0"": 38, ""1"": 36, ""2"": 16, ""3"": 40, ""4"": 18, ""5"": 42, ""6"": 20, ""7"": 34, ""8"": 12}",27.0,29.4,"{""8"": 42, ""5"": 16, ""1"": 38, ""2"": 18, ""3"": 36, ""4"": 34, ""6"": 40, ""7"": 20, ""0"": 14}",29.0,27.466666666666665,0.5698723942041397,"{""0"": 34, ""6"": 38, ""3"": 36, ""8"": 14, ""4"": 18, ""2"": 40, ""1"": 20, ""5"": 16, ""7"": 42}",27.0,29.0,"{""0"": 34, ""1"": 20, ""2"": 18, ""3"": 12, ""4"": 40, ""5"": 38, ""6"": 16, ""7"": 36, ""8"": 42}",28.0,10
jku_suite_51.qasm,21.0,0.3484894424676895,"{""0"": 10, ""1"": 30, ""2"": 14, ""3"": 12, ""4"": 34, ""5"": 28, ""6"": 32}",19.0,22.08,"{""5"": 30, ""1"": 34, ""2"": 10, ""3"": 16, ""4"": 12, ""6"": 28, ""0"": 32}",19.0,20.933333333333334,2.6826943829655647,"{""0"": 16, ""3"": 14, ""6"": 30, ""2"": 12, ""4"": 10, ""1"": 32, ""5"": 34}",19.0,22.28,"{""0"": 30, ""1"": 28, ""2"": 14, ""3"": 16, ""4"": 32, ""5"": 12, ""6"": 10}",20.2,8
quarl_suite_8.qasm,21.48,0.3945059619843959,"{""0"": 24, ""1"": 46, ""2"": 50, ""3"": 18, ""4"": 48, ""5"": 40, ""6"": 20, ""7"": 42, ""8"": 14, ""9"": 44, ""10"": 22}",19.4,23.08,"{""8"": 42, ""5"": 48, ""1"": 14, ""6"": 22, ""2"": 50, ""3"": 18, ""10"": 16, ""4"": 46, ""9"": 44, ""7"": 40, ""0"": 24}",21.2,21.64,5.992080107331276,"{""0"": 24, ""6"": 44, ""3"": 48, ""8"": 18, ""9"": 40, ""4"": 46, ""2"": 50, ""10"": 22, ""1"": 14, ""5"": 42, ""7"": 16}",20.0,22.8,"{""0"": 24, ""1"": 14, ""2"": 48, ""3"": 20, ""4"": 22, ""5"": 44, ""6"": 40, ""7"": 46, ""8"": 42, ""9"": 18, ""10"": 50}",21.2,12
quarl_suite_15.qasm,24.32,0.3626557342708111,"{""0"": 10, ""1"": 22, ""2"": 8, ""3"": 24, ""4"": 12, ""5"": 26}",22.0,26.08,"{""5"": 10, ""1"": 24, ""2"": 12, ""3"": 8, ""4"": 22, ""0"": 26}",23.0,24.32,5.404067173600197,"{""3"": 24, ""0"": 10, ""2"": 12, ""4"": 8, ""1"": 26, ""5"": 22}",22.0,25.08,"{""0"": 26, ""1"": 10, ""2"": 12, ""3"": 24, ""4"": 22, ""5"": 8}",23.0,6
qaoa_4.qasm,13.0,0.1253219231963157,"{""0"": 80, ""1"": 44, ""2"": 88, ""3"": 28, ""4"": 90, ""5"": 42, ""6"": 32, ""7"": 38, ""8"": 94, ""9"": 78, ""10"": 92, ""11"": 30, ""12"": 76, ""13"": 96, ""14"": 98, ""15"": 34, ""16"": 36, ""17"": 46, ""18"": 26, ""19"": 40, ""20"": 82, ""21"": 86, ""22"": 84, ""23"": 48}",10.0,19.28,"{""5"": 32, ""1"": 30, ""2"": 28, ""3"": 26, ""4"": 34, ""6"": 36, ""7"": 78, ""0"": 38, ""12"": 48, ""23"": 92, ""17"": 80, ""22"": 88, ""18"": 42, ""14"": 90, ""8"": 86, ""11"": 94, ""16"": 84, ""19"": 76, ""20"": 40, ""10"": 82, ""13"": 44, ""9"": 46, ""21"": 98, ""15"": 96}",16.6,13.386666666666668,1.870004590600729,"{""0"": 48, ""3"": 88, ""6"": 46, ""2"": 34, ""4"": 32, ""1"": 30, ""5"": 36, ""8"": 26, ""17"": 28, ""9"": 96, ""14"": 78, ""19"": 86, ""12"": 80, ""11"": 98, ""13"": 76, ""22"": 90, ""10"": 42, ""21"": 38, ""15"": 92, ""18"": 82, ""20"": 94, ""23"": 84, ""16"": 44, ""7"": 40}",10.2,20.4,"{""0"": 88, ""1"": 82, ""2"": 26, ""3"": 84, ""4"": 90, ""5"": 42, ""6"": 48, ""7"": 44, ""8"": 32, ""9"": 92, ""10"": 86, ""11"": 28, ""12"": 38, ""13"": 76, ""14"": 30, ""15"": 40, ""16"": 34, ""17"": 46, ""18"": 36, ""19"": 94, ""20"": 96, ""21"": 80, ""22"": 78, ""23"": 98}",18.8,24
quest_suite_21.qasm,18.36,0.2768949545919895,"{""0"": 16, ""1"": 14, ""2"": 38, ""3"": 18, ""4"": 20, ""5"": 12, ""6"": 34, ""7"": 42, ""8"": 36}",16.2,20.64,"{""8"": 38, ""5"": 18, ""1"": 12, ""2"": 42, ""3"": 20, ""4"": 34, ""6"": 36, ""7"": 14, ""0"": 40}",20.0,18.2,4.149555899202824,"{""3"": 12, ""8"": 42, ""0"": 38, ""6"": 40, ""4"": 34, ""2"": 14, ""1"": 18, ""5"": 20, ""7"": 36}",14.2,20.56,"{""0"": 14, ""1"": 34, ""2"": 42, ""3"": 20, ""4"": 18, ""5"": 40, ""6"": 38, ""7"": 36, ""8"": 16}",19.6,10
jku_suite_45.qasm,17.32,0.4613474056124687,"{""0"": 18, ""1"": 24, ""2"": 44, ""3"": 40, ""4"": 42, ""5"": 22, ""6"": 20, ""7"": 48, ""8"": 14, ""9"": 46, ""10"": 50, ""11"": 16}",15.6,18.84,"{""8"": 20, ""5"": 44, ""1"": 48, ""9"": 42, ""2"": 46, ""3"": 22, ""4"": 16, ""10"": 18, ""6"": 24, ""7"": 14, ""0"": 50, ""11"": 40}",18.0,17.08,7.574941843748093,"{""0"": 20, ""3"": 14, ""6"": 46, ""8"": 18, ""9"": 44, ""2"": 40, ""4"": 42, ""10"": 48, ""1"": 50, ""5"": 24, ""7"": 22, ""11"": 16}",14.0,19.96,"{""0"": 22, ""1"": 48, ""2"": 16, ""3"": 44, ""4"": 14, ""5"": 24, ""6"": 20, ""7"": 40, ""8"": 42, ""9"": 46, ""10"": 50, ""11"": 18}",17.4,12
autobraid_7.qasm,11.72,0.0412075601518154,"{""0"": 92, ""1"": 54, ""2"": 78, ""3"": 208, ""4"": 182, ""5"": 56, ""6"": 82, ""7"": 204, ""8"": 84, ""9"": 64, ""10"": 76, ""11"": 102, ""12"": 58, ""13"": 68, ""14"": 168, ""15"": 174, ""16"": 210, ""17"": 164, ""18"": 200, ""19"": 180, ""20"": 80, ""21"": 62, ""22"": 202, ""23"": 74, ""24"": 166, ""25"": 194, ""26"": 72, ""27"": 190, ""28"": 86, ""29"": 66, ""30"": 184, ""31"": 104, ""32"": 188, ""33"": 88, ""34"": 162, ""35"": 186, ""36"": 196, ""37"": 94, ""38"": 198, ""39"": 170, ""40"": 70, ""41"": 176, ""42"": 96, ""43"": 60, ""44"": 98, ""45"": 178, ""46"": 90, ""47"": 100, ""48"": 192, ""49"": 206, ""50"": 160, ""51"": 172}",10.4,18.6,"{""5"": 54, ""1"": 58, ""2"": 56, ""3"": 60, ""4"": 62, ""6"": 64, ""7"": 66, ""0"": 68, ""40"": 186, ""12"": 90, ""17"": 98, ""19"": 92, ""20"": 194, ""24"": 80, ""29"": 166, ""25"": 162, ""33"": 206, ""34"": 94, ""48"": 198, ""39"": 84, ""50"": 78, ""46"": 96, ""37"": 164, ""26"": 208, ""30"": 202, ""35"": 180, ""43"": 102, ""21"": 210, ""47"": 182, ""38"": 72, ""23"": 178, ""22"": 168, ""36"": 174, ""41"": 82, ""14"": 176, ""11"": 70, ""16"": 88, ""42"": 192, ""49"": 190, ""10"": 200, ""13"": 100, ""9"": 74, ""51"": 104, ""18"": 160, ""31"": 172, ""28"": 86, ""44"": 196, ""8"": 204, ""27"": 188, ""45"": 76, ""32"": 170, ""15"": 184}",16.8,12.6,0.6172460317611694,"{""0"": 82, ""3"": 92, ""6"": 102, ""2"": 94, ""4"": 164, ""1"": 84, ""5"": 192, ""36"": 68, ""26"": 90, ""32"": 198, ""49"": 172, ""50"": 60, ""45"": 56, ""28"": 62, ""47"": 178, ""43"": 166, ""39"": 168, ""7"": 80, ""42"": 170, ""8"": 200, ""44"": 66, ""48"": 100, ""40"": 76, ""27"": 184, ""25"": 174, ""12"": 72, ""38"": 96, ""24"": 88, ""22"": 186, ""20"": 180, ""31"": 182, ""34"": 204, ""17"": 70, ""41"": 58, ""11"": 86, ""33"": 74, ""35"": 162, ""37"": 208, ""10"": 196, ""16"": 210, ""29"": 64, ""23"": 188, ""46"": 202, ""9"": 206, ""14"": 160, ""19"": 78, ""13"": 98, ""21"": 54, ""30"": 176, ""51"": 104, ""18"": 194, ""15"": 190}",9.4,18.4,"{""0"": 176, ""1"": 78, ""2"": 202, ""3"": 190, ""4"": 66, ""5"": 100, ""6"": 86, ""7"": 70, ""8"": 60, ""9"": 172, ""10"": 68, ""11"": 96, ""12"": 178, ""13"": 184, ""14"": 88, ""15"": 170, ""16"": 162, ""17"": 164, ""18"": 192, ""19"": 166, ""20"": 168, ""21"": 80, ""22"": 92, ""23"": 182, ""24"": 208, ""25"": 198, ""26"": 98, ""27"": 186, ""28"": 84, ""29"": 54, ""30"": 58, ""31"": 62, ""32"": 82, ""33"": 188, ""34"": 72, ""35"": 76, ""36"": 104, ""37"": 102, ""38"": 160, ""39"": 64, ""40"": 210, ""41"": 196, ""42"": 204, ""43"": 56, ""44"": 74, ""45"": 90, ""46"": 174, ""47"": 206, ""48"": 200, ""49"": 94, ""50"": 180, ""51"": 194}",15.6,52
qaoa_1.qasm,21.88,0.4713981516659259,"{""0"": 12, ""1"": 14, ""2"": 34, ""3"": 18, ""4"": 16, ""5"": 40, ""6"": 36, ""7"": 20, ""8"": 42}",19.0,23.96,"{""8"": 42, ""5"": 36, ""1"": 38, ""2"": 12, ""3"": 20, ""4"": 40, ""6"": 34, ""7"": 14, ""0"": 18}",23.0,23.12,6.930030982941389,"{""0"": 34, ""3"": 18, ""6"": 14, ""8"": 20, ""2"": 12, ""4"": 36, ""1"": 38, ""5"": 40, ""7"": 42}",19.0,23.32,"{""0"": 38, ""1"": 18, ""2"": 40, ""3"": 20, ""4"": 42, ""5"": 36, ""6"": 12, ""7"": 16, ""8"": 34}",22.0,10
quest_suite_8.qasm,29.16,0.6820361368358135,"{""0"": 8, ""1"": 16, ""2"": 6}",27.0,28.92,"{""2"": 16, ""0"": 18, ""1"": 8}",27.2,28.973333333333333,10.054368004202844,"{""2"": 16, ""0"": 18, ""1"": 8}",26.8,28.68,"{""0"": 8, ""1"": 18, ""2"": 6}",26.6,4
jku_suite_5.qasm,17.16,0.3329165369272232,"{""0"": 34, ""1"": 18, ""2"": 14, ""3"": 38, ""4"": 12, ""5"": 20, ""6"": 16, ""7"": 42, ""8"": 40}",13.8,21.4,"{""8"": 36, ""5"": 40, ""1"": 14, ""2"": 34, ""3"": 16, ""4"": 12, ""6"": 38, ""7"": 18, ""0"": 42}",20.2,17.64,4.854982998222113,"{""3"": 18, ""8"": 20, ""0"": 34, ""6"": 38, ""4"": 12, ""2"": 14, ""1"": 40, ""5"": 36, ""7"": 42}",14.2,18.52,"{""0"": 18, ""1"": 36, ""2"": 20, ""3"": 38, ""4"": 42, ""5"": 16, ""6"": 12, ""7"": 14, ""8"": 34}",16.6,10
jku_suite_55.qasm,19.24,0.4020357929170132,"{""0"": 20, ""1"": 16, ""2"": 18, ""3"": 14, ""4"": 42, ""5"": 40, ""6"": 36, ""7"": 38, ""8"": 12, ""9"": 34}",15.6,21.76,"{""8"": 16, ""5"": 12, ""1"": 18, ""9"": 40, ""2"": 20, ""3"": 42, ""4"": 36, ""6"": 38, ""7"": 14, ""0"": 34}",20.0,19.52,5.923834256827831,"{""3"": 34, ""8"": 12, ""6"": 38, ""0"": 42, ""9"": 36, ""2"": 16, ""4"": 18, ""1"": 14, ""5"": 40, ""7"": 20}",17.2,21.4,"{""0"": 20, ""1"": 12, ""2"": 14, ""3"": 38, ""4"": 42, ""5"": 18, ""6"": 16, ""7"": 34, ""8"": 36, ""9"": 40}",19.4,10
jku_suite_86.qasm,32.0,0.0016030699014663,"{""0"": 6, ""1"": 16, ""2"": 8, ""3"": 18}",32.0,32.0,"{""1"": 6, ""2"": 18, ""3"": 8, ""0"": 16}",32.0,32.0,0.0211745761334896,"{""0"": 8, ""3"": 16, ""2"": 6, ""1"": 18}",32.0,32.0,"{""0"": 6, ""1"": 8, ""2"": 16, ""3"": 18}",32.0,4
quest_suite_10.qasm,14.8,0.2174459919333458,"{""0"": 18, ""1"": 22, ""2"": 46, ""3"": 14, ""4"": 42, ""5"": 20, ""6"": 24, ""7"": 40, ""8"": 44, ""9"": 50, ""10"": 16}",13.0,18.4,"{""8"": 44, ""5"": 42, ""1"": 40, ""9"": 20, ""2"": 16, ""3"": 14, ""4"": 24, ""10"": 48, ""6"": 50, ""7"": 46, ""0"": 22}",16.4,16.346666666666668,3.188020650297404,"{""3"": 50, ""6"": 16, ""8"": 46, ""0"": 20, ""9"": 40, ""4"": 24, ""2"": 44, ""10"": 22, ""1"": 14, ""5"": 18, ""7"": 48}",12.6,19.88,"{""0"": 50, ""1"": 48, ""2"": 42, ""3"": 44, ""4"": 18, ""5"": 14, ""6"": 16, ""7"": 20, ""8"": 40, ""9"": 46, ""10"": 24}",18.2,12
quest_suite_1.qasm,32.0,0.4116561636328697,"{""0"": 8, ""1"": 6, ""2"": 16, ""3"": 18}",32.0,32.0,"{""1"": 8, ""2"": 18, ""3"": 16, ""0"": 6}",32.0,32.0,6.024173427373171,"{""0"": 8, ""3"": 16, ""2"": 6, ""1"": 18}",32.0,32.0,"{""0"": 6, ""1"": 8, ""2"": 18, ""3"": 16}",32.0,4
quarl_suite_5.qasm,18.88,0.3194738805294037,"{""0"": 48, ""1"": 54, ""2"": 52, ""3"": 58, ""4"": 26, ""5"": 28, ""6"": 24, ""7"": 56, ""8"": 22, ""9"": 46, ""10"": 16, ""11"": 20, ""12"": 18}",17.2,22.92,"{""12"": 28, ""8"": 56, ""5"": 48, ""1"": 18, ""9"": 16, ""11"": 24, ""2"": 46, ""3"": 54, ""4"": 52, ""10"": 58, ""6"": 22, ""7"": 20, ""0"": 50}",18.4,17.573333333333334,4.788796558976173,"{""6"": 20, ""0"": 54, ""3"": 48, ""8"": 28, ""9"": 52, ""12"": 58, ""4"": 22, ""11"": 50, ""2"": 24, ""10"": 56, ""1"": 18, ""5"": 46, ""7"": 16}",14.4,21.6,"{""0"": 54, ""1"": 46, ""2"": 20, ""3"": 58, ""4"": 16, ""5"": 26, ""6"": 24, ""7"": 56, ""8"": 18, ""9"": 52, ""10"": 22, ""11"": 28, ""12"": 50}",19.2,14
jku_suite_22.qasm,18.0,0.4322530679404736,"{""0"": 52, ""1"": 22, ""2"": 18, ""3"": 16, ""4"": 56, ""5"": 24, ""6"": 26, ""7"": 28, ""8"": 54, ""9"": 50, ""10"": 48, ""11"": 20, ""12"": 58}",16.0,18.52,"{""12"": 54, ""8"": 46, ""5"": 20, ""1"": 28, ""9"": 52, ""11"": 48, ""2"": 22, ""3"": 58, ""4"": 56, ""10"": 24, ""6"": 26, ""7"": 50, ""0"": 16}",18.0,16.253333333333334,6.390920903533697,"{""3"": 26, ""8"": 52, ""6"": 58, ""0"": 20, ""9"": 50, ""12"": 24, ""2"": 28, ""4"": 16, ""11"": 56, ""10"": 48, ""1"": 46, ""5"": 54, ""7"": 22}",13.6,17.96,"{""0"": 46, ""1"": 20, ""2"": 58, ""3"": 28, ""4"": 52, ""5"": 50, ""6"": 18, ""7"": 26, ""8"": 24, ""9"": 54, ""10"": 48, ""11"": 22, ""12"": 56}",17.0,14
autobraid_12.qasm,18.04,0.5320084854960442,"{""0"": 52, ""1"": 68, ""2"": 148, ""3"": 140, ""4"": 138, ""5"": 128, ""6"": 124, ""7"": 120, ""8"": 154, ""9"": 126, ""10"": 50, ""11"": 118, ""12"": 144, ""13"": 150, ""14"": 130, ""15"": 48, ""16"": 60, ""17"": 72, ""18"": 42, ""19"": 132, ""20"": 40, ""21"": 44, ""22"": 46, ""23"": 56, ""24"": 152, ""25"": 142, ""26"": 136, ""27"": 70, ""28"": 66, ""29"": 146, ""30"": 76, ""31"": 62, ""32"": 64, ""33"": 134, ""34"": 122, ""35"": 58, ""36"": 54, ""37"": 74}",17.4,20.48,"{""8"": 44, ""5"": 42, ""1"": 48, ""9"": 40, ""2"": 50, ""3"": 46, ""4"": 52, ""10"": 54, ""6"": 56, ""7"": 118, ""0"": 58, ""12"": 124, ""17"": 60, ""19"": 142, ""20"": 146, ""24"": 76, ""29"": 62, ""25"": 138, ""33"": 148, ""34"": 128, ""37"": 66, ""26"": 68, ""35"": 130, ""30"": 72, ""21"": 134, ""22"": 64, ""23"": 144, ""36"": 150, ""14"": 70, ""11"": 126, ""16"": 132, ""13"": 152, ""18"": 140, ""31"": 122, ""28"": 154, ""27"": 74, ""32"": 136, ""15"": 120}",19.0,17.733333333333334,7.556364264339209,"{""0"": 66, ""3"": 144, ""6"": 74, ""8"": 44, ""9"": 68, ""2"": 50, ""4"": 138, ""10"": 132, ""1"": 48, ""5"": 72, ""7"": 148, ""36"": 140, ""26"": 128, ""32"": 54, ""28"": 42, ""25"": 40, ""12"": 52, ""27"": 124, ""24"": 56, ""22"": 154, ""20"": 118, ""31"": 146, ""34"": 152, ""17"": 150, ""11"": 70, ""33"": 62, ""35"": 142, ""37"": 122, ""15"": 134, ""29"": 126, ""23"": 130, ""14"": 136, ""19"": 64, ""13"": 58, ""21"": 76, ""30"": 46, ""18"": 120, ""16"": 60}",17.0,24.16,"{""0"": 48, ""1"": 46, ""2"": 64, ""3"": 54, ""4"": 70, ""5"": 118, ""6"": 44, ""7"": 144, ""8"": 138, ""9"": 50, ""10"": 68, ""11"": 60, ""12"": 130, ""13"": 136, ""14"": 128, ""15"": 146, ""16"": 142, ""17"": 40, ""18"": 76, ""19"": 56, ""20"": 52, ""21"": 132, ""22"": 126, ""23"": 58, ""24"": 134, ""25"": 120, ""26"": 150, ""27"": 124, ""28"": 66, ""29"": 74, ""30"": 72, ""31"": 154, ""32"": 42, ""33"": 148, ""34"": 152, ""35"": 122, ""36"": 62, ""37"": 140}",22.8,38
jku_suite_23.qasm,29.2,0.0019144989550113,"{""0"": 24, ""1"": 8, ""2"": 22, ""3"": 10, ""4"": 26}",28.0,29.24,"{""1"": 22, ""2"": 24, ""3"": 26, ""4"": 8, ""0"": 10}",29.0,28.89333333333333,0.0718808658421039,"{""0"": 10, ""3"": 22, ""2"": 24, ""4"": 8, ""1"": 26}",28.0,28.72,"{""0"": 22, ""1"": 10, ""2"": 26, ""3"": 8, ""4"": 12}",28.0,6
quarl_suite_23.qasm,18.24,0.166744627803564,"{""0"": 14, ""1"": 20, ""2"": 18, ""3"": 40, ""4"": 42, ""5"": 22, ""6"": 50, ""7"": 48, ""8"": 44, ""9"": 16, ""10"": 46, ""11"": 24}",16.2,18.84,"{""8"": 42, ""5"": 24, ""1"": 50, ""9"": 16, ""2"": 40, ""3"": 18, ""4"": 14, ""10"": 22, ""6"": 46, ""7"": 48, ""0"": 44, ""11"": 20}",15.6,17.506666666666668,2.465346224606037,"{""0"": 44, ""3"": 22, ""6"": 50, ""8"": 16, ""9"": 20, ""2"": 40, ""4"": 14, ""10"": 42, ""1"": 18, ""5"": 46, ""7"": 48, ""11"": 24}",14.4,21.68,"{""0"": 14, ""1"": 48, ""2"": 50, ""3"": 20, ""4"": 46, ""5"": 24, ""6"": 16, ""7"": 22, ""8"": 42, ""9"": 44, ""10"": 18, ""11"": 40}",19.6,12
vqe_4.qasm,26.0,0.4566859781742096,"{""0"": 16, ""1"": 34, ""2"": 10, ""3"": 12, ""4"": 32, ""5"": 28, ""6"": 30, ""7"": 14}",24.0,27.8,"{""5"": 10, ""1"": 34, ""2"": 14, ""3"": 32, ""4"": 16, ""6"": 28, ""7"": 12, ""0"": 30}",27.0,26.65333333333333,6.791310656815767,"{""0"": 10, ""3"": 34, ""6"": 30, ""2"": 32, ""4"": 16, ""1"": 12, ""5"": 14, ""7"": 28}",24.8,27.92,"{""0"": 30, ""1"": 10, ""2"": 32, ""3"": 28, ""4"": 12, ""5"": 34, ""6"": 16, ""7"": 14}",24.0,8
quarl_suite_20.qasm,15.92,0.2353274017572403,"{""0"": 58, ""1"": 22, ""2"": 28, ""3"": 18, ""4"": 24, ""5"": 66, ""6"": 54, ""7"": 20, ""8"": 64, ""9"": 62, ""10"": 30, ""11"": 56, ""12"": 52, ""13"": 60, ""14"": 32}",13.0,19.76,"{""12"": 20, ""8"": 28, ""5"": 56, ""1"": 32, ""9"": 60, ""14"": 66, ""11"": 64, ""2"": 62, ""3"": 18, ""10"": 24, ""4"": 58, ""13"": 30, ""6"": 22, ""7"": 54, ""0"": 26}",18.6,16.64,3.4941562190651894,"{""3"": 28, ""6"": 62, ""0"": 58, ""8"": 20, ""9"": 56, ""14"": 22, ""12"": 30, ""2"": 26, ""4"": 54, ""11"": 64, ""13"": 60, ""10"": 24, ""1"": 66, ""5"": 18, ""7"": 32}",14.4,21.16,"{""0"": 58, ""1"": 66, ""2"": 20, ""3"": 22, ""4"": 52, ""5"": 54, ""6"": 32, ""7"": 30, ""8"": 28, ""9"": 60, ""10"": 56, ""11"": 62, ""12"": 64, ""13"": 24, ""14"": 18}",18.2,16
quarl_suite_7.qasm,24.72,0.513306001573801,"{""0"": 64, ""1"": 54, ""2"": 26, ""3"": 58, ""4"": 32, ""5"": 52, ""6"": 24, ""7"": 60, ""8"": 20, ""9"": 28, ""10"": 66, ""11"": 30, ""12"": 18, ""13"": 62, ""14"": 56, ""15"": 22}",24.0,26.08,"{""12"": 18, ""8"": 52, ""5"": 62, ""1"": 30, ""9"": 54, ""11"": 66, ""14"": 20, ""2"": 28, ""3"": 24, ""4"": 26, ""10"": 60, ""13"": 22, ""6"": 56, ""7"": 32, ""0"": 64, ""15"": 58}",25.0,24.453333333333333,6.705358162522316,"{""0"": 24, ""3"": 18, ""6"": 52, ""8"": 28, ""9"": 60, ""14"": 56, ""12"": 26, ""2"": 20, ""4"": 30, ""11"": 58, ""13"": 62, ""10"": 32, ""1"": 64, ""5"": 66, ""7"": 22, ""15"": 54}",24.0,25.96,"{""0"": 26, ""1"": 66, ""2"": 52, ""3"": 18, ""4"": 64, ""5"": 28, ""6"": 30, ""7"": 24, ""8"": 56, ""9"": 58, ""10"": 22, ""11"": 54, ""12"": 20, ""13"": 32, ""14"": 62, ""15"": 60}",25.0,16
qaoa_2.qasm,23.48,0.5036268204450607,"{""0"": 10, ""1"": 34, ""2"": 14, ""3"": 28, ""4"": 30, ""5"": 16, ""6"": 12}",22.0,25.4,"{""5"": 14, ""1"": 10, ""2"": 34, ""3"": 32, ""4"": 28, ""6"": 16, ""0"": 30}",23.0,24.14666666666667,7.478994343429804,"{""6"": 12, ""3"": 14, ""0"": 32, ""4"": 30, ""2"": 28, ""1"": 34, ""5"": 16}",22.0,23.76,"{""0"": 14, ""1"": 10, ""2"": 34, ""3"": 16, ""4"": 12, ""5"": 28, ""6"": 32}",22.0,8
jku_suite_72.qasm,19.12,0.4484294399619102,"{""0"": 38, ""1"": 12, ""2"": 40, ""3"": 42, ""4"": 16, ""5"": 20, ""6"": 36, ""7"": 18, ""8"": 34}",17.8,21.08,"{""8"": 36, ""5"": 40, ""1"": 18, ""2"": 14, ""3"": 16, ""4"": 20, ""6"": 38, ""7"": 42, ""0"": 12}",19.0,19.0,6.696221169084311,"{""0"": 18, ""6"": 16, ""3"": 34, ""8"": 20, ""4"": 42, ""2"": 38, ""1"": 12, ""5"": 40, ""7"": 36}",17.0,21.88,"{""0"": 38, ""1"": 12, ""2"": 36, ""3"": 18, ""4"": 42, ""5"": 16, ""6"": 34, ""7"": 40, ""8"": 14}",20.0,10
autobraid_13.qasm,14.96,0.3120372787117958,"{""0"": 64, ""1"": 104, ""2"": 42, ""3"": 102, ""4"": 126, ""5"": 38, ""6"": 40, ""7"": 130, ""8"": 62, ""9"": 114, ""10"": 56, ""11"": 54, ""12"": 124, ""13"": 106, ""14"": 128, ""15"": 110, ""16"": 116, ""17"": 100, ""18"": 44, ""19"": 112, ""20"": 60, ""21"": 118, ""22"": 50, ""23"": 34, ""24"": 46, ""25"": 36, ""26"": 120, ""27"": 108, ""28"": 122, ""29"": 52, ""30"": 58}",13.0,17.84,"{""5"": 36, ""1"": 34, ""2"": 38, ""3"": 40, ""4"": 42, ""6"": 44, ""7"": 46, ""0"": 48, ""12"": 130, ""17"": 100, ""19"": 124, ""20"": 62, ""24"": 106, ""29"": 108, ""25"": 102, ""26"": 128, ""30"": 56, ""21"": 122, ""22"": 126, ""23"": 54, ""14"": 112, ""11"": 52, ""16"": 114, ""10"": 60, ""13"": 116, ""9"": 110, ""18"": 58, ""28"": 104, ""8"": 118, ""27"": 50, ""15"": 120}",17.0,13.853333333333332,4.644919581711292,"{""0"": 108, ""3"": 56, ""6"": 124, ""2"": 54, ""4"": 34, ""1"": 64, ""5"": 104, ""7"": 40, ""26"": 50, ""28"": 118, ""8"": 106, ""25"": 120, ""12"": 100, ""27"": 42, ""22"": 110, ""24"": 58, ""20"": 48, ""17"": 46, ""11"": 44, ""10"": 52, ""15"": 60, ""29"": 128, ""23"": 38, ""9"": 122, ""14"": 36, ""19"": 62, ""13"": 126, ""21"": 112, ""30"": 114, ""18"": 130, ""16"": 116}",11.0,20.2,"{""0"": 126, ""1"": 48, ""2"": 120, ""3"": 106, ""4"": 100, ""5"": 122, ""6"": 58, ""7"": 38, ""8"": 46, ""9"": 108, ""10"": 52, ""11"": 60, ""12"": 54, ""13"": 112, ""14"": 44, ""15"": 34, ""16"": 118, ""17"": 62, ""18"": 64, ""19"": 42, ""20"": 116, ""21"": 110, ""22"": 114, ""23"": 36, ""24"": 128, ""25"": 56, ""26"": 130, ""27"": 40, ""28"": 102, ""29"": 124, ""30"": 50}",17.8,32
quarl_suite_0.qasm,24.56,0.5275587245821953,"{""0"": 26, ""1"": 12, ""2"": 24, ""3"": 8, ""4"": 22}",22.0,24.28,"{""1"": 22, ""2"": 10, ""3"": 12, ""4"": 26, ""0"": 8}",23.0,24.506666666666668,7.813494272530079,"{""0"": 24, ""3"": 26, ""4"": 12, ""2"": 22, ""1"": 8}",22.8,25.0,"{""0"": 22, ""1"": 24, ""2"": 12, ""3"": 10, ""4"": 26}",23.0,6
grover_9.qasm,22.64,0.0043124556541442,"{""0"": 24, ""1"": 26, ""2"": 8, ""3"": 22, ""4"": 10, ""5"": 12}",22.0,23.56,"{""1"": 12, ""2"": 8, ""3"": 10, ""4"": 26, ""0"": 22, ""5"": 24}",22.0,22.8,0.1311702318489551,"{""0"": 8, ""3"": 10, ""2"": 24, ""4"": 26, ""1"": 12, ""5"": 22}",22.0,23.88,"{""0"": 24, ""1"": 26, ""2"": 8, ""3"": 10, ""4"": 12, ""5"": 22}",22.8,6
quarl_suite_18.qasm,22.72,0.4592909358441829,"{""0"": 42, ""1"": 20, ""2"": 14, ""3"": 18, ""4"": 40, ""5"": 12, ""6"": 16, ""7"": 38, ""8"": 36}",19.6,24.48,"{""8"": 34, ""5"": 42, ""1"": 40, ""2"": 18, ""3"": 12, ""4"": 16, ""6"": 20, ""7"": 14, ""0"": 36}",23.0,21.28,6.899236135184765,"{""0"": 16, ""3"": 40, ""6"": 18, ""8"": 34, ""2"": 14, ""4"": 20, ""1"": 42, ""5"": 12, ""7"": 38}",20.0,22.48,"{""0"": 34, ""1"": 38, ""2"": 14, ""3"": 12, ""4"": 18, ""5"": 42, ""6"": 16, ""7"": 36, ""8"": 20}",21.0,10
quest_suite_6.qasm,24.12,0.3082422152161598,"{""0"": 26, ""1"": 24, ""2"": 10, ""3"": 12, ""4"": 8, ""5"": 22}",21.6,24.6,"{""5"": 24, ""1"": 10, ""2"": 12, ""3"": 8, ""4"": 22, ""0"": 26}",22.8,24.41333333333333,4.624079316854477,"{""0"": 8, ""3"": 22, ""2"": 24, ""4"": 26, ""1"": 10, ""5"": 12}",21.4,24.52,"{""0"": 24, ""1"": 22, ""2"": 8, ""3"": 26, ""4"": 12, ""5"": 10}",22.2,6
autobraid_48.qasm,11.6,0.0946023061871528,"{""0"": 168, ""1"": 180, ""2"": 52, ""3"": 58, ""4"": 188, ""5"": 100, ""6"": 182, ""7"": 176, ""8"": 54, ""9"": 186, ""10"": 178, ""11"": 88, ""12"": 154, ""13"": 198, ""14"": 184, ""15"": 172, ""16"": 92, ""17"": 68, ""18"": 56, ""19"": 70, ""20"": 170, ""21"": 96, ""22"": 62, ""23"": 192, ""24"": 160, ""25"": 80, ""26"": 86, ""27"": 66, ""28"": 84, ""29"": 82, ""30"": 196, ""31"": 72, ""32"": 64, ""33"": 202, ""34"": 158, ""35"": 190, ""36"": 194, ""37"": 74, ""38"": 162, ""39"": 98, ""40"": 76, ""41"": 156, ""42"": 174, ""43"": 94, ""44"": 78, ""45"": 166, ""46"": 164, ""47"": 200, ""48"": 90, ""49"": 60}",9.8,18.08,"{""12"": 52, ""8"": 54, ""5"": 58, ""1"": 62, ""9"": 56, ""2"": 60, ""3"": 64, ""4"": 66, ""10"": 68, ""6"": 70, ""7"": 72, ""0"": 74, ""40"": 198, ""17"": 176, ""19"": 90, ""20"": 196, ""24"": 76, ""29"": 172, ""25"": 86, ""33"": 190, ""34"": 170, ""48"": 82, ""39"": 156, ""46"": 78, ""37"": 182, ""26"": 98, ""30"": 80, ""35"": 94, ""43"": 184, ""21"": 174, ""47"": 158, ""38"": 96, ""23"": 188, ""22"": 194, ""41"": 100, ""36"": 200, ""14"": 164, ""11"": 180, ""16"": 84, ""42"": 88, ""49"": 192, ""13"": 160, ""18"": 202, ""31"": 178, ""28"": 186, ""44"": 162, ""27"": 154, ""45"": 168, ""32"": 92, ""15"": 166}",14.6,11.893333333333333,1.4042771942913532,"{""0"": 182, ""3"": 86, ""6"": 176, ""2"": 74, ""4"": 194, ""1"": 56, ""5"": 160, ""7"": 100, ""36"": 202, ""26"": 78, ""32"": 68, ""49"": 54, ""45"": 164, ""28"": 196, ""47"": 52, ""39"": 174, ""43"": 168, ""42"": 94, ""8"": 158, ""44"": 184, ""48"": 180, ""40"": 82, ""25"": 186, ""12"": 98, ""27"": 170, ""38"": 172, ""24"": 188, ""22"": 80, ""20"": 88, ""31"": 198, ""34"": 166, ""41"": 70, ""17"": 76, ""11"": 64, ""33"": 154, ""35"": 178, ""37"": 96, ""10"": 58, ""15"": 192, ""29"": 200, ""23"": 66, ""46"": 92, ""9"": 62, ""14"": 162, ""19"": 84, ""13"": 156, ""21"": 90, ""30"": 60, ""18"": 72, ""16"": 190}",9.8,18.72,"{""0"": 80, ""1"": 76, ""2"": 174, ""3"": 66, ""4"": 68, ""5"": 198, ""6"": 52, ""7"": 100, ""8"": 170, ""9"": 190, ""10"": 72, ""11"": 172, ""12"": 194, ""13"": 162, ""14"": 96, ""15"": 176, ""16"": 156, ""17"": 88, ""18"": 86, ""19"": 54, ""20"": 184, ""21"": 84, ""22"": 70, ""23"": 60, ""24"": 94, ""25"": 196, ""26"": 186, ""27"": 164, ""28"": 58, ""29"": 182, ""30"": 154, ""31"": 200, ""32"": 74, ""33"": 168, ""34"": 180, ""35"": 192, ""36"": 90, ""37"": 158, ""38"": 178, ""39"": 98, ""40"": 160, ""41"": 82, ""42"": 56, ""43"": 202, ""44"": 62, ""45"": 188, ""46"": 78, ""47"": 92, ""48"": 166, ""49"": 64}",16.6,50
quarl_suite_14.qasm,19.12,0.2346010468900203,"{""0"": 16, ""1"": 34, ""2"": 18, ""3"": 20, ""4"": 14, ""5"": 36, ""6"": 40, ""7"": 38, ""8"": 42, ""9"": 12}",17.0,23.36,"{""8"": 42, ""5"": 36, ""9"": 40, ""1"": 34, ""2"": 18, ""3"": 14, ""4"": 20, ""6"": 12, ""7"": 16, ""0"": 38}",19.0,20.826666666666668,3.4890042431652546,"{""0"": 14, ""6"": 16, ""3"": 34, ""8"": 36, ""9"": 20, ""4"": 42, ""2"": 12, ""1"": 18, ""5"": 40, ""7"": 38}",16.4,22.72,"{""0"": 20, ""1"": 38, ""2"": 12, ""3"": 14, ""4"": 18, ""5"": 16, ""6"": 40, ""7"": 34, ""8"": 36, ""9"": 42}",20.6,10
jku_suite_36.qasm,17.12,0.3916091494262218,"{""0"": 40, ""1"": 20, ""2"": 18, ""3"": 44, ""4"": 48, ""5"": 46, ""6"": 14, ""7"": 50, ""8"": 22, ""9"": 16, ""10"": 24}",16.0,18.8,"{""8"": 20, ""5"": 44, ""1"": 48, ""9"": 42, ""2"": 46, ""3"": 22, ""4"": 16, ""10"": 18, ""6"": 24, ""7"": 14, ""0"": 50}",18.0,16.746666666666666,5.805345565080643,"{""0"": 48, ""3"": 22, ""8"": 14, ""6"": 50, ""9"": 16, ""4"": 46, ""2"": 24, ""10"": 40, ""1"": 44, ""5"": 20, ""7"": 42}",16.0,20.28,"{""0"": 22, ""1"": 20, ""2"": 42, ""3"": 44, ""4"": 48, ""5"": 46, ""6"": 18, ""7"": 14, ""8"": 24, ""9"": 50, ""10"": 40}",20.0,12
qft_0.qasm,9.2,0.0522783160209655,"{""0"": 34, ""1"": 32, ""2"": 72, ""3"": 70, ""4"": 24, ""5"": 76, ""6"": 86, ""7"": 88, ""8"": 84, ""9"": 42, ""10"": 90, ""11"": 78, ""12"": 26, ""13"": 44, ""14"": 28, ""15"": 82, ""16"": 38, ""17"": 36, ""18"": 74, ""19"": 40, ""20"": 30}",9.0,9.2,"{""8"": 30, ""5"": 26, ""1"": 28, ""9"": 24, ""2"": 34, ""3"": 32, ""4"": 36, ""10"": 38, ""6"": 70, ""7"": 40, ""0"": 72, ""12"": 88, ""17"": 74, ""14"": 86, ""11"": 80, ""16"": 76, ""19"": 90, ""20"": 82, ""13"": 42, ""18"": 44, ""15"": 78}",9.0,9.346666666666666,0.7217104285955429,"{""0"": 90, ""3"": 36, ""6"": 28, ""8"": 40, ""9"": 74, ""2"": 30, ""4"": 34, ""10"": 70, ""1"": 88, ""5"": 44, ""7"": 78, ""17"": 24, ""14"": 84, ""19"": 80, ""12"": 72, ""11"": 26, ""13"": 32, ""15"": 86, ""20"": 82, ""18"": 76, ""16"": 38}",8.0,9.84,"{""0"": 84, ""1"": 90, ""2"": 36, ""3"": 40, ""4"": 74, ""5"": 82, ""6"": 38, ""7"": 88, ""8"": 72, ""9"": 78, ""10"": 28, ""11"": 42, ""12"": 70, ""13"": 86, ""14"": 80, ""15"": 76, ""16"": 24, ""17"": 32, ""18"": 44, ""19"": 30, ""20"": 26}",9.0,22
autobraid_21.qasm,10.56,0.1278401844203472,"{""0"": 192, ""1"": 88, ""2"": 178, ""3"": 168, ""4"": 172, ""5"": 164, ""6"": 208, ""7"": 82, ""8"": 194, ""9"": 62, ""10"": 180, ""11"": 96, ""12"": 166, ""13"": 58, ""14"": 204, ""15"": 98, ""16"": 66, ""17"": 72, ""18"": 210, ""19"": 174, ""20"": 100, ""21"": 200, ""22"": 198, ""23"": 182, ""24"": 80, ""25"": 176, ""26"": 206, ""27"": 102, ""28"": 60, ""29"": 170, ""30"": 92, ""31"": 74, ""32"": 162, ""33"": 70, ""34"": 188, ""35"": 68, ""36"": 104, ""37"": 86, ""38"": 202, ""39"": 184, ""40"": 56, ""41"": 160, ""42"": 76, ""43"": 196, ""44"": 78, ""45"": 90, ""46"": 94, ""47"": 64, ""48"": 84, ""49"": 54, ""50"": 186, ""51"": 190}",8.6,17.2,"{""5"": 58, ""1"": 54, ""2"": 56, ""3"": 60, ""4"": 62, ""6"": 64, ""0"": 66, ""40"": 208, ""12"": 68, ""17"": 100, ""19"": 200, ""20"": 180, ""24"": 164, ""29"": 96, ""25"": 186, ""33"": 168, ""34"": 102, ""48"": 192, ""39"": 84, ""50"": 104, ""46"": 74, ""37"": 188, ""26"": 88, ""35"": 206, ""30"": 80, ""43"": 170, ""21"": 92, ""47"": 82, ""38"": 162, ""23"": 90, ""22"": 72, ""41"": 70, ""36"": 190, ""14"": 76, ""11"": 78, ""16"": 202, ""42"": 194, ""49"": 176, ""10"": 198, ""13"": 98, ""9"": 94, ""7"": 86, ""51"": 174, ""18"": 178, ""31"": 184, ""28"": 210, ""44"": 204, ""8"": 166, ""27"": 196, ""45"": 182, ""32"": 160, ""15"": 172}",14.2,10.0,1.8913812227547169,"{""0"": 58, ""3"": 74, ""6"": 94, ""8"": 56, ""9"": 102, ""14"": 186, ""12"": 188, ""2"": 90, ""4"": 100, ""11"": 176, ""13"": 178, ""10"": 54, ""1"": 60, ""5"": 86, ""7"": 170, ""36"": 98, ""26"": 78, ""32"": 208, ""50"": 70, ""49"": 180, ""45"": 62, ""28"": 194, ""47"": 182, ""39"": 82, ""43"": 66, ""42"": 206, ""44"": 202, ""40"": 104, ""48"": 184, ""25"": 172, ""27"": 92, ""22"": 168, ""38"": 68, ""24"": 160, ""20"": 88, ""31"": 198, ""34"": 76, ""41"": 72, ""17"": 190, ""33"": 162, ""35"": 196, ""37"": 64, ""16"": 204, ""29"": 200, ""23"": 210, ""46"": 166, ""19"": 192, ""30"": 80, ""21"": 84, ""51"": 96, ""18"": 164, ""15"": 174}",8.0,19.28,"{""0"": 94, ""1"": 168, ""2"": 88, ""3"": 174, ""4"": 204, ""5"": 102, ""6"": 164, ""7"": 68, ""8"": 172, ""9"": 202, ""10"": 76, ""11"": 176, ""12"": 74, ""13"": 186, ""14"": 92, ""15"": 86, ""16"": 178, ""17"": 100, ""18"": 196, ""19"": 198, ""20"": 182, ""21"": 64, ""22"": 210, ""23"": 194, ""24"": 188, ""25"": 70, ""26"": 166, ""27"": 190, ""28"": 200, ""29"": 98, ""30"": 84, ""31"": 162, ""32"": 60, ""33"": 208, ""34"": 62, ""35"": 192, ""36"": 66, ""37"": 170, ""38"": 56, ""39"": 184, ""40"": 160, ""41"": 90, ""42"": 180, ""43"": 96, ""44"": 78, ""45"": 82, ""46"": 206, ""47"": 80, ""48"": 54, ""49"": 104, ""50"": 58, ""51"": 72}",16.2,52
jku_suite_15.qasm,17.48,0.2877985149621963,"{""0"": 14, ""1"": 42, ""2"": 16, ""3"": 38, ""4"": 20, ""5"": 40, ""6"": 18, ""7"": 36, ""8"": 12, ""9"": 34}",13.8,20.4,"{""8"": 38, ""5"": 12, ""1"": 34, ""9"": 14, ""2"": 36, ""3"": 18, ""4"": 20, ""6"": 16, ""7"": 42, ""0"": 40}",19.0,18.14666666666667,4.327338080853224,"{""3"": 38, ""6"": 16, ""0"": 40, ""8"": 34, ""9"": 12, ""2"": 36, ""4"": 18, ""1"": 42, ""5"": 14, ""7"": 20}",13.0,20.72,"{""0"": 34, ""1"": 38, ""2"": 18, ""3"": 12, ""4"": 36, ""5"": 20, ""6"": 40, ""7"": 14, ""8"": 16, ""9"": 42}",19.0,10
jku_suite_47.qasm,18.16,0.3722817696630954,"{""0"": 16, ""1"": 18, ""2"": 46, ""3"": 40, ""4"": 20, ""5"": 42, ""6"": 48, ""7"": 22, ""8"": 44, ""9"": 50, ""10"": 14, ""11"": 24}",15.0,17.72,"{""8"": 22, ""5"": 16, ""1"": 50, ""9"": 14, ""2"": 46, ""3"": 24, ""4"": 48, ""10"": 20, ""6"": 44, ""7"": 40, ""0"": 42, ""11"": 18}",15.0,16.186666666666667,5.597867026925087,"{""0"": 24, ""3"": 40, ""6"": 16, ""8"": 50, ""9"": 20, ""2"": 14, ""4"": 42, ""10"": 22, ""1"": 46, ""5"": 48, ""7"": 44, ""11"": 18}",13.0,17.52,"{""0"": 40, ""1"": 44, ""2"": 42, ""3"": 50, ""4"": 22, ""5"": 14, ""6"": 46, ""7"": 20, ""8"": 16, ""9"": 48, ""10"": 18, ""11"": 24}",14.4,12
jku_suite_96.qasm,22.76,0.283308807015419,"{""0"": 34, ""1"": 28, ""2"": 32, ""3"": 12, ""4"": 10, ""5"": 30, ""6"": 14, ""7"": 16}",22.4,24.36,"{""5"": 16, ""1"": 28, ""2"": 12, ""3"": 32, ""4"": 10, ""6"": 30, ""7"": 14, ""0"": 34}",24.0,23.453333333333333,5.799434404820204,"{""0"": 16, ""6"": 32, ""3"": 28, ""2"": 14, ""4"": 30, ""1"": 12, ""5"": 10, ""7"": 34}",22.6,25.72,"{""0"": 14, ""1"": 16, ""2"": 34, ""3"": 32, ""4"": 30, ""5"": 12, ""6"": 28, ""7"": 10}",25.0,8
qft_8.qasm,9.48,0.0219472557306289,"{""0"": 38, ""1"": 36, ""2"": 70, ""3"": 72, ""4"": 76, ""5"": 64, ""6"": 26, ""7"": 22, ""8"": 82, ""9"": 24, ""10"": 34, ""11"": 30, ""12"": 66, ""13"": 28, ""14"": 68, ""15"": 32, ""16"": 78, ""17"": 80, ""18"": 74, ""19"": 40}",9.0,9.72,"{""1"": 24, ""2"": 22, ""3"": 26, ""4"": 28, ""0"": 30, ""12"": 76, ""17"": 72, ""5"": 68, ""8"": 34, ""14"": 70, ""9"": 82, ""11"": 40, ""16"": 38, ""19"": 66, ""10"": 32, ""13"": 74, ""6"": 36, ""7"": 64, ""18"": 78, ""15"": 80}",9.0,9.2,0.626787468791008,"{""0"": 64, ""3"": 68, ""6"": 82, ""8"": 32, ""9"": 70, ""14"": 80, ""12"": 66, ""2"": 30, ""4"": 78, ""11"": 22, ""13"": 76, ""10"": 38, ""1"": 26, ""5"": 24, ""7"": 28, ""17"": 34, ""19"": 40, ""16"": 36, ""18"": 72, ""15"": 74}",9.0,9.92,"{""0"": 36, ""1"": 78, ""2"": 66, ""3"": 38, ""4"": 64, ""5"": 34, ""6"": 76, ""7"": 72, ""8"": 32, ""9"": 70, ""10"": 74, ""11"": 82, ""12"": 28, ""13"": 40, ""14"": 30, ""15"": 26, ""16"": 68, ""17"": 80, ""18"": 24, ""19"": 22}",9.2,20
jku_suite_38.qasm,17.88,0.2959174320101738,"{""0"": 44, ""1"": 48, ""2"": 24, ""3"": 20, ""4"": 40, ""5"": 42, ""6"": 50, ""7"": 22, ""8"": 18, ""9"": 46, ""10"": 16, ""11"": 14}",15.6,17.4,"{""8"": 14, ""5"": 20, ""1"": 50, ""9"": 42, ""2"": 22, ""3"": 46, ""4"": 16, ""10"": 24, ""6"": 40, ""7"": 44, ""0"": 18, ""11"": 48}",16.4,17.186666666666667,4.423859611153603,"{""0"": 44, ""3"": 48, ""6"": 42, ""8"": 46, ""9"": 24, ""2"": 14, ""4"": 40, ""10"": 20, ""1"": 50, ""5"": 18, ""7"": 16, ""11"": 22}",13.0,20.04,"{""0"": 46, ""1"": 40, ""2"": 50, ""3"": 44, ""4"": 48, ""5"": 24, ""6"": 14, ""7"": 18, ""8"": 42, ""9"": 16, ""10"": 20, ""11"": 22}",18.0,12
autobraid_43.qasm,11.68,0.0913666911423206,"{""0"": 84, ""1"": 72, ""2"": 82, ""3"": 166, ""4"": 174, ""5"": 62, ""6"": 78, ""7"": 182, ""8"": 154, ""9"": 68, ""10"": 90, ""11"": 150, ""12"": 180, ""13"": 60, ""14"": 176, ""15"": 178, ""16"": 168, ""17"": 162, ""18"": 74, ""19"": 70, ""20"": 86, ""21"": 92, ""22"": 172, ""23"": 146, ""24"": 142, ""25"": 76, ""26"": 158, ""27"": 56, ""28"": 156, ""29"": 186, ""30"": 80, ""31"": 88, ""32"": 170, ""33"": 64, ""34"": 52, ""35"": 50, ""36"": 48, ""37"": 66, ""38"": 160, ""39"": 184, ""40"": 144, ""41"": 164, ""42"": 148, ""43"": 152, ""44"": 58, ""45"": 54}",9.0,16.76,"{""8"": 54, ""5"": 48, ""1"": 58, ""9"": 50, ""2"": 52, ""3"": 56, ""4"": 60, ""10"": 62, ""6"": 64, ""7"": 66, ""0"": 68, ""40"": 78, ""12"": 170, ""17"": 154, ""19"": 176, ""20"": 80, ""24"": 166, ""29"": 74, ""25"": 172, ""33"": 92, ""34"": 164, ""39"": 182, ""37"": 82, ""26"": 158, ""30"": 144, ""35"": 178, ""43"": 88, ""21"": 86, ""38"": 152, ""23"": 84, ""22"": 162, ""41"": 156, ""36"": 76, ""14"": 150, ""11"": 186, ""16"": 148, ""42"": 180, ""13"": 146, ""18"": 70, ""31"": 90, ""28"": 184, ""44"": 174, ""27"": 142, ""45"": 72, ""32"": 160, ""15"": 168}",14.8,11.84,1.3496782407164574,"{""0"": 176, ""3"": 84, ""6"": 72, ""8"": 146, ""9"": 156, ""2"": 76, ""4"": 168, ""10"": 60, ""1"": 54, ""5"": 160, ""7"": 154, ""36"": 158, ""26"": 82, ""32"": 92, ""45"": 78, ""28"": 170, ""39"": 182, ""43"": 144, ""42"": 152, ""44"": 56, ""40"": 184, ""27"": 62, ""25"": 178, ""12"": 142, ""38"": 86, ""24"": 180, ""22"": 90, ""20"": 80, ""31"": 48, ""34"": 164, ""41"": 70, ""17"": 162, ""11"": 50, ""33"": 66, ""35"": 166, ""37"": 148, ""16"": 74, ""29"": 186, ""23"": 68, ""14"": 58, ""19"": 174, ""13"": 150, ""30"": 52, ""21"": 88, ""18"": 64, ""15"": 172}",9.6,19.2,"{""0"": 84, ""1"": 164, ""2"": 156, ""3"": 50, ""4"": 146, ""5"": 176, ""6"": 70, ""7"": 184, ""8"": 186, ""9"": 80, ""10"": 72, ""11"": 58, ""12"": 60, ""13"": 148, ""14"": 76, ""15"": 182, ""16"": 64, ""17"": 144, ""18"": 54, ""19"": 52, ""20"": 90, ""21"": 160, ""22"": 178, ""23"": 66, ""24"": 86, ""25"": 150, ""26"": 56, ""27"": 180, ""28"": 174, ""29"": 74, ""30"": 170, ""31"": 62, ""32"": 172, ""33"": 142, ""34"": 158, ""35"": 162, ""36"": 92, ""37"": 154, ""38"": 88, ""39"": 48, ""40"": 166, ""41"": 82, ""42"": 78, ""43"": 152, ""44"": 68, ""45"": 168}",15.4,46
jku_suite_58.qasm,19.92,0.4499759584665298,"{""0"": 10, ""1"": 34, ""2"": 14, ""3"": 16, ""4"": 12, ""5"": 28, ""6"": 30, ""7"": 32}",17.0,21.8,"{""5"": 10, ""1"": 30, ""2"": 16, ""3"": 34, ""4"": 12, ""6"": 32, ""7"": 28, ""0"": 14}",19.0,19.89333333333333,6.754312299191952,"{""0"": 34, ""3"": 28, ""6"": 12, ""2"": 30, ""4"": 16, ""1"": 10, ""5"": 32, ""7"": 14}",16.4,21.2,"{""0"": 32, ""1"": 34, ""2"": 28, ""3"": 12, ""4"": 16, ""5"": 14, ""6"": 30, ""7"": 10}",18.8,8
qft_9.qasm,14.0,0.0077521957457065,"{""0"": 18, ""1"": 42, ""2"": 24, ""3"": 40, ""4"": 22, ""5"": 50, ""6"": 16, ""7"": 46, ""8"": 44, ""9"": 48, ""10"": 20, ""11"": 14}",14.0,14.0,"{""8"": 42, ""5"": 48, ""1"": 14, ""9"": 44, ""2"": 50, ""3"": 18, ""4"": 46, ""10"": 16, ""6"": 22, ""7"": 40, ""0"": 24, ""11"": 20}",14.0,13.8,0.0558110773563385,"{""0"": 18, ""3"": 20, ""6"": 22, ""8"": 14, ""9"": 24, ""2"": 50, ""4"": 42, ""10"": 48, ""1"": 40, ""5"": 44, ""7"": 16, ""11"": 46}",13.0,14.68,"{""0"": 46, ""1"": 44, ""2"": 22, ""3"": 40, ""4"": 14, ""5"": 50, ""6"": 20, ""7"": 48, ""8"": 18, ""9"": 24, ""10"": 42, ""11"": 16}",14.0,12
jku_suite_50.qasm,18.68,0.4316428117454052,"{""0"": 46, ""1"": 50, ""2"": 18, ""3"": 20, ""4"": 24, ""5"": 14, ""6"": 16, ""7"": 48, ""8"": 42, ""9"": 44, ""10"": 22}",16.0,20.92,"{""8"": 20, ""5"": 48, ""1"": 24, ""6"": 42, ""2"": 22, ""3"": 18, ""10"": 16, ""4"": 44, ""9"": 50, ""7"": 14, ""0"": 40}",20.8,19.986666666666668,6.50139781832695,"{""6"": 42, ""8"": 40, ""0"": 18, ""3"": 50, ""9"": 20, ""2"": 22, ""4"": 14, ""10"": 24, ""1"": 48, ""5"": 44, ""7"": 16}",18.0,23.72,"{""0"": 40, ""1"": 16, ""2"": 44, ""3"": 24, ""4"": 14, ""5"": 20, ""6"": 48, ""7"": 18, ""8"": 42, ""9"": 46, ""10"": 22}",20.8,12
jku_suite_46.qasm,13.76,0.4013526640832424,"{""0"": 56, ""1"": 52, ""2"": 48, ""3"": 22, ""4"": 46, ""5"": 20, ""6"": 16, ""7"": 18, ""8"": 54, ""9"": 50, ""10"": 26, ""11"": 24, ""12"": 28, ""13"": 58}",12.4,18.0,"{""12"": 20, ""8"": 56, ""5"": 22, ""1"": 24, ""9"": 48, ""11"": 16, ""2"": 18, ""3"": 46, ""4"": 50, ""10"": 26, ""6"": 28, ""7"": 58, ""0"": 52, ""13"": 54}",16.0,15.44,6.316601146012545,"{""0"": 52, ""3"": 24, ""6"": 48, ""8"": 56, ""9"": 58, ""12"": 22, ""2"": 16, ""11"": 26, ""4"": 46, ""13"": 28, ""10"": 20, ""1"": 54, ""5"": 50, ""7"": 18}",13.0,16.68,"{""0"": 56, ""1"": 20, ""2"": 18, ""3"": 48, ""4"": 52, ""5"": 26, ""6"": 54, ""7"": 16, ""8"": 58, ""9"": 28, ""10"": 46, ""11"": 22, ""12"": 50, ""13"": 24}",14.6,14
quarl_suite_24.qasm,19.84,0.2108566157519817,"{""0"": 28, ""1"": 12, ""2"": 10, ""3"": 32, ""4"": 30, ""5"": 34, ""6"": 16, ""7"": 14}",18.0,22.16,"{""5"": 28, ""1"": 32, ""2"": 12, ""3"": 16, ""4"": 30, ""6"": 10, ""7"": 34, ""0"": 14}",19.0,20.28,3.186088014394045,"{""0"": 34, ""3"": 28, ""6"": 30, ""2"": 16, ""4"": 14, ""1"": 32, ""5"": 12, ""7"": 10}",17.0,23.64,"{""0"": 10, ""1"": 34, ""2"": 32, ""3"": 16, ""4"": 30, ""5"": 28, ""6"": 12, ""7"": 14}",21.0,8
autobraid_45.qasm,10.48,0.0722272560000419,"{""0"": 236, ""1"": 222, ""2"": 228, ""3"": 188, ""4"": 232, ""5"": 74, ""6"": 82, ""7"": 96, ""8"": 184, ""9"": 220, ""10"": 212, ""11"": 86, ""12"": 100, ""13"": 226, ""14"": 68, ""15"": 200, ""16"": 106, ""17"": 204, ""18"": 206, ""19"": 110, ""20"": 210, ""21"": 72, ""22"": 80, ""23"": 216, ""24"": 104, ""25"": 94, ""26"": 202, ""27"": 214, ""28"": 102, ""29"": 118, ""30"": 84, ""31"": 192, ""32"": 234, ""33"": 194, ""34"": 196, ""35"": 90, ""36"": 198, ""37"": 208, ""38"": 92, ""39"": 76, ""40"": 108, ""41"": 224, ""42"": 78, ""43"": 66, ""44"": 62, ""45"": 116, ""46"": 218, ""47"": 230, ""48"": 186, ""49"": 112, ""50"": 120, ""51"": 64, ""52"": 240, ""53"": 242, ""54"": 88, ""55"": 190, ""56"": 114, ""57"": 70, ""58"": 238}",8.0,18.48,"{""8"": 64, ""5"": 68, ""1"": 66, ""2"": 70, ""3"": 62, ""4"": 72, ""6"": 74, ""7"": 76, ""0"": 78, ""40"": 202, ""12"": 120, ""17"": 242, ""54"": 106, ""19"": 118, ""20"": 212, ""24"": 184, ""29"": 86, ""25"": 230, ""33"": 196, ""34"": 216, ""48"": 224, ""39"": 218, ""50"": 190, ""46"": 104, ""37"": 80, ""26"": 204, ""35"": 114, ""30"": 188, ""43"": 206, ""21"": 210, ""47"": 94, ""38"": 220, ""22"": 236, ""23"": 116, ""41"": 98, ""36"": 90, ""14"": 102, ""11"": 84, ""16"": 112, ""42"": 92, ""49"": 232, ""10"": 192, ""13"": 200, ""9"": 238, ""51"": 226, ""18"": 108, ""31"": 88, ""55"": 194, ""53"": 228, ""28"": 100, ""44"": 198, ""27"": 214, ""45"": 222, ""52"": 110, ""56"": 234, ""58"": 96, ""57"": 82, ""32"": 240, ""15"": 208}",16.4,10.653333333333334,1.080580547451973,"{""0"": 208, ""3"": 232, ""6"": 106, ""8"": 66, ""2"": 112, ""4"": 68, ""1"": 196, ""5"": 88, ""7"": 204, ""36"": 218, ""26"": 76, ""32"": 94, ""49"": 226, ""50"": 70, ""45"": 78, ""28"": 190, ""47"": 96, ""39"": 194, ""43"": 240, ""42"": 62, ""44"": 100, ""40"": 82, ""48"": 228, ""27"": 114, ""12"": 184, ""25"": 98, ""24"": 206, ""38"": 202, ""22"": 72, ""54"": 224, ""20"": 216, ""31"": 64, ""56"": 198, ""34"": 86, ""41"": 242, ""17"": 200, ""11"": 108, ""33"": 222, ""35"": 116, ""37"": 90, ""10"": 238, ""58"": 220, ""16"": 74, ""29"": 210, ""23"": 188, ""46"": 120, ""55"": 102, ""9"": 192, ""14"": 110, ""19"": 212, ""13"": 230, ""30"": 118, ""21"": 186, ""57"": 80, ""51"": 214, ""53"": 236, ""18"": 92, ""15"": 104, ""52"": 234}",9.0,16.76,"{""0"": 224, ""1"": 186, ""2"": 240, ""3"": 98, ""4"": 100, ""5"": 76, ""6"": 90, ""7"": 88, ""8"": 62, ""9"": 92, ""10"": 106, ""11"": 222, ""12"": 70, ""13"": 96, ""14"": 196, ""15"": 198, ""16"": 230, ""17"": 110, ""18"": 216, ""19"": 226, ""20"": 200, ""21"": 66, ""22"": 232, ""23"": 86, ""24"": 206, ""25"": 214, ""26"": 228, ""27"": 114, ""28"": 64, ""29"": 234, ""30"": 238, ""31"": 80, ""32"": 120, ""33"": 68, ""34"": 72, ""35"": 218, ""36"": 192, ""37"": 188, ""38"": 194, ""39"": 102, ""40"": 236, ""41"": 212, ""42"": 112, ""43"": 242, ""44"": 82, ""45"": 108, ""46"": 74, ""47"": 220, ""48"": 116, ""49"": 184, ""50"": 104, ""51"": 204, ""52"": 202, ""53"": 94, ""54"": 118, ""55"": 78, ""56"": 208, ""57"": 84, ""58"": 210}",15.6,60
grover_7.qasm,27.8,0.0035114280879497,"{""0"": 12, ""1"": 24, ""2"": 8, ""3"": 22, ""4"": 26, ""5"": 10}",27.0,28.2,"{""1"": 22, ""2"": 24, ""3"": 26, ""4"": 8, ""0"": 12, ""5"": 10}",27.0,27.4,0.0412064455449581,"{""0"": 26, ""3"": 12, ""2"": 10, ""4"": 8, ""1"": 22, ""5"": 24}",27.0,28.2,"{""0"": 22, ""1"": 26, ""2"": 24, ""3"": 8, ""4"": 10, ""5"": 12}",27.0,6
vqe_3.qasm,28.8,0.0323905766010284,"{""0"": 28, ""1"": 34, ""2"": 10, ""3"": 14, ""4"": 12, ""5"": 30, ""6"": 32, ""7"": 16}",28.0,29.6,"{""5"": 34, ""1"": 12, ""2"": 28, ""3"": 32, ""4"": 14, ""6"": 30, ""7"": 16, ""0"": 10}",29.0,28.933333333333334,0.2719351463019848,"{""0"": 12, ""6"": 14, ""3"": 34, ""2"": 30, ""4"": 28, ""1"": 16, ""5"": 10, ""7"": 32}",28.0,29.4,"{""0"": 16, ""1"": 32, ""2"": 10, ""3"": 28, ""4"": 34, ""5"": 14, ""6"": 30, ""7"": 12}",29.0,8
jku_suite_57.qasm,24.0,0.5229395717382431,"{""0"": 28, ""1"": 12, ""2"": 16, ""3"": 30, ""4"": 14, ""5"": 10, ""6"": 32, ""7"": 34}",22.0,24.24,"{""5"": 28, ""1"": 30, ""2"": 34, ""3"": 16, ""4"": 10, ""6"": 12, ""7"": 32, ""0"": 14}",22.0,23.066666666666663,7.868740566074848,"{""0"": 16, ""3"": 34, ""6"": 28, ""2"": 32, ""4"": 30, ""1"": 12, ""5"": 14, ""7"": 10}",21.0,24.44,"{""0"": 16, ""1"": 28, ""2"": 30, ""3"": 14, ""4"": 32, ""5"": 12, ""6"": 34, ""7"": 10}",23.4,8
quarl_suite_19.qasm,24.64,0.3649932965636253,"{""0"": 38, ""1"": 18, ""2"": 14, ""3"": 34, ""4"": 12, ""5"": 36, ""6"": 16, ""7"": 20, ""8"": 40, ""9"": 42}",22.0,26.92,"{""8"": 38, ""5"": 12, ""1"": 34, ""6"": 16, ""2"": 36, ""3"": 18, ""4"": 20, ""9"": 14, ""7"": 42, ""0"": 40}",26.0,23.986666666666668,5.531177189201117,"{""0"": 14, ""3"": 16, ""8"": 12, ""6"": 42, ""9"": 34, ""4"": 18, ""2"": 20, ""1"": 36, ""5"": 40, ""7"": 38}",21.8,25.96,"{""0"": 40, ""1"": 38, ""2"": 16, ""3"": 12, ""4"": 14, ""5"": 36, ""6"": 20, ""7"": 18, ""8"": 34, ""9"": 42}",25.0,10
shor_1.qasm,25.6,0.0155252531170845,"{""0"": 50, ""1"": 44, ""2"": 48, ""3"": 20, ""4"": 22, ""5"": 46, ""6"": 42, ""7"": 16, ""8"": 24, ""9"": 18, ""10"": 40, ""11"": 14}",25.0,27.0,"{""8"": 14, ""5"": 20, ""1"": 50, ""9"": 42, ""2"": 22, ""3"": 46, ""4"": 16, ""10"": 24, ""6"": 40, ""7"": 44, ""0"": 18, ""11"": 48}",27.0,26.186666666666667,0.1116313897073268,"{""0"": 18, ""3"": 20, ""6"": 44, ""8"": 14, ""9"": 42, ""2"": 50, ""4"": 24, ""10"": 46, ""1"": 48, ""5"": 22, ""7"": 40, ""11"": 16}",25.0,26.08,"{""0"": 44, ""1"": 46, ""2"": 50, ""3"": 42, ""4"": 40, ""5"": 22, ""6"": 24, ""7"": 20, ""8"": 18, ""9"": 16, ""10"": 14, ""11"": 48}",25.0,12
qaoa_8.qasm,16.2,0.2311916679143905,"{""0"": 28, ""1"": 74, ""2"": 70, ""3"": 68, ""4"": 24, ""5"": 32, ""6"": 22, ""7"": 72, ""8"": 26, ""9"": 80, ""10"": 64, ""11"": 40, ""12"": 76, ""13"": 78, ""14"": 66, ""15"": 38, ""16"": 30, ""17"": 82, ""18"": 36}",15.6,19.12,"{""8"": 24, ""5"": 30, ""1"": 26, ""2"": 22, ""3"": 32, ""4"": 28, ""6"": 68, ""7"": 64, ""0"": 34, ""12"": 36, ""17"": 38, ""14"": 66, ""11"": 76, ""16"": 40, ""10"": 74, ""13"": 70, ""9"": 78, ""18"": 82, ""15"": 72}",17.2,15.6,3.4957998171448708,"{""0"": 80, ""3"": 76, ""6"": 26, ""8"": 74, ""2"": 22, ""4"": 40, ""1"": 24, ""5"": 38, ""7"": 64, ""17"": 34, ""9"": 28, ""14"": 68, ""12"": 36, ""11"": 30, ""13"": 32, ""10"": 66, ""16"": 82, ""18"": 78, ""15"": 70}",12.6,21.08,"{""0"": 82, ""1"": 34, ""2"": 22, ""3"": 80, ""4"": 30, ""5"": 40, ""6"": 72, ""7"": 68, ""8"": 26, ""9"": 28, ""10"": 70, ""11"": 32, ""12"": 76, ""13"": 78, ""14"": 36, ""15"": 74, ""16"": 38, ""17"": 64, ""18"": 66}",20.0,20
jku_suite_60.qasm,21.4,0.3810702554881572,"{""0"": 24, ""1"": 20, ""2"": 46, ""3"": 14, ""4"": 22, ""5"": 48, ""6"": 40, ""7"": 16, ""8"": 42, ""9"": 18, ""10"": 50}",20.0,21.64,"{""8"": 46, ""5"": 50, ""1"": 20, ""6"": 16, ""2"": 42, ""3"": 44, ""4"": 14, ""10"": 24, ""9"": 18, ""7"": 22, ""0"": 48}",20.8,20.2,5.802750583738089,"{""0"": 40, ""3"": 22, ""6"": 48, ""8"": 16, ""9"": 24, ""2"": 44, ""4"": 20, ""10"": 14, ""1"": 18, ""5"": 42, ""7"": 50}",17.2,21.8,"{""0"": 42, ""1"": 22, ""2"": 50, ""3"": 20, ""4"": 48, ""5"": 44, ""6"": 46, ""7"": 18, ""8"": 16, ""9"": 14, ""10"": 40}",19.0,12
grover_1.qasm,26.8,0.003068920224905,"{""0"": 10, ""1"": 8, ""2"": 22, ""3"": 24, ""4"": 12, ""5"": 26}",26.0,27.44,"{""5"": 12, ""1"": 22, ""2"": 26, ""3"": 10, ""4"": 8, ""0"": 24}",27.0,26.813333333333333,0.024306446313858,"{""0"": 8, ""3"": 10, ""4"": 26, ""2"": 24, ""1"": 22, ""5"": 12}",26.0,27.36,"{""0"": 8, ""1"": 24, ""2"": 22, ""3"": 10, ""4"": 12, ""5"": 26}",26.0,6
quarl_suite_9.qasm,20.2,0.2302710518240928,"{""0"": 46, ""1"": 58, ""2"": 16, ""3"": 22, ""4"": 48, ""5"": 18, ""6"": 50, ""7"": 26, ""8"": 20, ""9"": 56, ""10"": 28, ""11"": 52, ""12"": 54, ""13"": 24}",19.0,22.04,"{""12"": 28, ""8"": 56, ""5"": 48, ""1"": 18, ""9"": 16, ""11"": 24, ""2"": 46, ""3"": 54, ""4"": 52, ""10"": 58, ""13"": 26, ""6"": 22, ""7"": 20, ""0"": 50}",21.4,19.266666666666666,3.4620642326772213,"{""3"": 52, ""8"": 50, ""6"": 58, ""0"": 46, ""9"": 56, ""12"": 26, ""2"": 18, ""11"": 28, ""4"": 20, ""13"": 16, ""10"": 22, ""1"": 24, ""5"": 48, ""7"": 54}",15.6,22.64,"{""0"": 48, ""1"": 28, ""2"": 46, ""3"": 58, ""4"": 50, ""5"": 16, ""6"": 52, ""7"": 24, ""8"": 18, ""9"": 56, ""10"": 26, ""11"": 22, ""12"": 54, ""13"": 20}",19.4,14
jku_suite_71.qasm,15.24,0.2741534061729908,"{""0"": 42, ""1"": 46, ""2"": 50, ""3"": 22, ""4"": 14, ""5"": 20, ""6"": 18, ""7"": 44, ""8"": 40, ""9"": 24, ""10"": 16, ""11"": 48}",13.0,17.8,"{""8"": 46, ""5"": 16, ""1"": 18, ""9"": 44, ""2"": 24, ""3"": 48, ""4"": 50, ""10"": 20, ""6"": 40, ""7"": 22, ""0"": 14, ""11"": 42}",16.6,15.493333333333334,4.150948658585548,"{""0"": 50, ""3"": 16, ""6"": 22, ""8"": 48, ""9"": 42, ""2"": 46, ""4"": 14, ""10"": 24, ""1"": 40, ""5"": 18, ""7"": 44, ""11"": 20}",13.0,16.8,"{""0"": 16, ""1"": 44, ""2"": 46, ""3"": 48, ""4"": 40, ""5"": 42, ""6"": 24, ""7"": 20, ""8"": 22, ""9"": 18, ""10"": 14, ""11"": 50}",14.4,12
autobraid_44.qasm,15.16,0.1605102464556694,"{""0"": 36, ""1"": 42, ""2"": 24, ""3"": 84, ""4"": 34, ""5"": 30, ""6"": 28, ""7"": 78, ""8"": 38, ""9"": 32, ""10"": 44, ""11"": 76, ""12"": 80, ""13"": 86, ""14"": 88, ""15"": 74, ""16"": 72, ""17"": 70, ""18"": 40, ""19"": 90, ""20"": 26, ""21"": 82}",13.0,19.32,"{""8"": 30, ""5"": 26, ""1"": 28, ""9"": 24, ""2"": 34, ""3"": 32, ""4"": 36, ""10"": 38, ""6"": 70, ""7"": 40, ""0"": 72, ""12"": 76, ""17"": 82, ""18"": 88, ""14"": 80, ""11"": 44, ""16"": 84, ""19"": 74, ""20"": 90, ""13"": 42, ""21"": 78, ""15"": 86}",19.0,14.693333333333332,2.4246545620262623,"{""0"": 82, ""3"": 74, ""6"": 72, ""8"": 44, ""9"": 78, ""2"": 70, ""4"": 76, ""10"": 80, ""1"": 38, ""5"": 28, ""7"": 24, ""17"": 86, ""16"": 84, ""14"": 40, ""19"": 26, ""12"": 42, ""11"": 90, ""13"": 32, ""21"": 30, ""20"": 36, ""18"": 34, ""15"": 88}",12.0,20.92,"{""0"": 76, ""1"": 40, ""2"": 70, ""3"": 30, ""4"": 74, ""5"": 32, ""6"": 36, ""7"": 90, ""8"": 82, ""9"": 42, ""10"": 24, ""11"": 26, ""12"": 84, ""13"": 44, ""14"": 38, ""15"": 34, ""16"": 88, ""17"": 72, ""18"": 28, ""19"": 78, ""20"": 80, ""21"": 86}",18.6,22
jku_suite_9.qasm,15.08,0.1826003119349479,"{""0"": 46, ""1"": 42, ""2"": 18, ""3"": 24, ""4"": 20, ""5"": 22, ""6"": 16, ""7"": 50, ""8"": 40, ""9"": 48, ""10"": 44, ""11"": 14}",13.6,17.08,"{""8"": 48, ""5"": 46, ""1"": 22, ""9"": 16, ""2"": 50, ""3"": 42, ""4"": 14, ""10"": 20, ""6"": 40, ""7"": 44, ""0"": 24, ""11"": 18}",16.0,15.906666666666666,2.758383527398109,"{""6"": 24, ""8"": 42, ""0"": 40, ""3"": 20, ""9"": 44, ""11"": 50, ""2"": 48, ""4"": 22, ""10"": 14, ""1"": 16, ""5"": 46, ""7"": 18}",12.8,17.96,"{""0"": 16, ""1"": 44, ""2"": 20, ""3"": 42, ""4"": 48, ""5"": 46, ""6"": 22, ""7"": 40, ""8"": 18, ""9"": 50, ""10"": 14, ""11"": 24}",16.0,12
autobraid_1.qasm,20.48,0.5750247187912464,"{""0"": 52, ""1"": 94, ""2"": 88, ""3"": 104, ""4"": 90, ""5"": 102, ""6"": 32, ""7"": 106, ""8"": 54, ""9"": 48, ""10"": 92, ""11"": 108, ""12"": 56, ""13"": 114, ""14"": 36, ""15"": 50, ""16"": 40, ""17"": 44, ""18"": 112, ""19"": 46, ""20"": 38, ""21"": 100, ""22"": 98, ""23"": 110, ""24"": 30, ""25"": 42, ""26"": 96, ""27"": 34}",20.0,21.92,"{""5"": 30, ""1"": 32, ""2"": 34, ""3"": 36, ""4"": 38, ""6"": 40, ""7"": 42, ""0"": 44, ""12"": 108, ""17"": 88, ""19"": 92, ""20"": 46, ""24"": 52, ""25"": 50, ""26"": 94, ""21"": 54, ""22"": 48, ""23"": 102, ""14"": 96, ""11"": 90, ""16"": 104, ""10"": 98, ""13"": 114, ""9"": 112, ""18"": 100, ""8"": 56, ""27"": 106, ""15"": 110}",21.4,20.24,7.759697422385216,"{""0"": 102, ""3"": 52, ""6"": 112, ""2"": 96, ""4"": 106, ""1"": 92, ""5"": 42, ""7"": 54, ""26"": 104, ""8"": 40, ""25"": 114, ""27"": 110, ""12"": 32, ""22"": 88, ""24"": 98, ""20"": 46, ""17"": 100, ""11"": 108, ""10"": 30, ""16"": 56, ""23"": 50, ""9"": 34, ""14"": 48, ""19"": 36, ""13"": 90, ""21"": 94, ""18"": 38, ""15"": 44}",20.0,26.24,"{""0"": 92, ""1"": 38, ""2"": 44, ""3"": 40, ""4"": 96, ""5"": 56, ""6"": 32, ""7"": 102, ""8"": 34, ""9"": 110, ""10"": 54, ""11"": 48, ""12"": 30, ""13"": 106, ""14"": 90, ""15"": 114, ""16"": 36, ""17"": 108, ""18"": 42, ""19"": 88, ""20"": 104, ""21"": 52, ""22"": 46, ""23"": 100, ""24"": 98, ""25"": 94, ""26"": 50, ""27"": 112}",24.4,28
quest_suite_11.qasm,19.56,0.2059108920395374,"{""0"": 40, ""1"": 42, ""2"": 20, ""3"": 34, ""4"": 36, ""5"": 16, ""6"": 18, ""7"": 38, ""8"": 12, ""9"": 14}",17.0,21.8,"{""8"": 38, ""5"": 12, ""1"": 34, ""6"": 16, ""2"": 36, ""3"": 18, ""4"": 20, ""9"": 14, ""7"": 42, ""0"": 40}",19.8,19.64,3.121690671890974,"{""6"": 40, ""8"": 14, ""0"": 38, ""3"": 12, ""9"": 16, ""2"": 18, ""4"": 34, ""1"": 20, ""5"": 36, ""7"": 42}",16.0,21.68,"{""0"": 20, ""1"": 12, ""2"": 14, ""3"": 36, ""4"": 38, ""5"": 34, ""6"": 16, ""7"": 42, ""8"": 18, ""9"": 40}",19.0,10
jku_suite_67.qasm,15.84,0.2562391512095928,"{""0"": 24, ""1"": 42, ""2"": 46, ""3"": 40, ""4"": 16, ""5"": 20, ""6"": 44, ""7"": 14, ""8"": 22, ""9"": 50, ""10"": 18, ""11"": 48}",13.0,17.8,"{""8"": 44, ""5"": 50, ""1"": 48, ""9"": 24, ""2"": 46, ""3"": 16, ""4"": 20, ""10"": 42, ""6"": 18, ""7"": 40, ""0"": 14, ""11"": 22}",16.4,16.44,3.8667914643883705,"{""0"": 44, ""3"": 50, ""6"": 16, ""8"": 18, ""9"": 42, ""2"": 14, ""4"": 48, ""10"": 22, ""1"": 20, ""5"": 46, ""7"": 24, ""11"": 40}",14.0,17.0,"{""0"": 48, ""1"": 14, ""2"": 18, ""3"": 44, ""4"": 16, ""5"": 42, ""6"": 24, ""7"": 20, ""8"": 22, ""9"": 50, ""10"": 46, ""11"": 40}",15.2,12
jku_suite_91.qasm,22.76,0.5584513165056706,"{""0"": 28, ""1"": 10, ""2"": 14, ""3"": 30, ""4"": 16, ""5"": 12, ""6"": 32}",21.0,23.72,"{""5"": 28, ""1"": 30, ""2"": 34, ""3"": 16, ""4"": 10, ""6"": 12, ""0"": 14}",23.0,22.12,8.447959911078215,"{""0"": 16, ""6"": 14, ""3"": 32, ""4"": 10, ""2"": 30, ""1"": 12, ""5"": 34}",20.0,22.24,"{""0"": 32, ""1"": 30, ""2"": 12, ""3"": 16, ""4"": 10, ""5"": 34, ""6"": 14}",20.0,8
jku_suite_77.qasm,16.96,0.3294008910655975,"{""0"": 14, ""1"": 18, ""2"": 34, ""3"": 16, ""4"": 36, ""5"": 20, ""6"": 12, ""7"": 40, ""8"": 42, ""9"": 38}",14.8,19.68,"{""8"": 42, ""5"": 18, ""1"": 40, ""9"": 34, ""2"": 14, ""3"": 20, ""4"": 36, ""6"": 38, ""7"": 12, ""0"": 16}",18.2,17.16,5.003476101905108,"{""0"": 40, ""6"": 16, ""3"": 38, ""8"": 12, ""9"": 18, ""4"": 42, ""2"": 20, ""1"": 14, ""5"": 34, ""7"": 36}",15.0,19.24,"{""0"": 38, ""1"": 36, ""2"": 16, ""3"": 40, ""4"": 42, ""5"": 12, ""6"": 14, ""7"": 20, ""8"": 18, ""9"": 34}",17.0,10
quest_suite_3.qasm,32.0,0.5513961032032967,"{""0"": 18, ""1"": 6, ""2"": 16, ""3"": 8}",32.0,32.0,"{""1"": 8, ""2"": 18, ""3"": 16, ""0"": 6}",32.0,32.0,8.33109288290143,"{""0"": 8, ""3"": 6, ""2"": 18, ""1"": 16}",32.0,32.0,"{""0"": 6, ""1"": 16, ""2"": 18, ""3"": 8}",32.0,4
shor_7.qasm,25.08,0.0292945124208927,"{""0"": 20, ""1"": 24, ""2"": 18, ""3"": 44, ""4"": 48, ""5"": 14, ""6"": 22, ""7"": 40, ""8"": 16, ""9"": 42, ""10"": 46, ""11"": 50}",25.0,25.72,"{""8"": 48, ""5"": 46, ""1"": 22, ""9"": 16, ""2"": 50, ""3"": 42, ""4"": 14, ""10"": 20, ""6"": 40, ""7"": 44, ""0"": 24, ""11"": 18}",25.0,25.266666666666666,0.2264609113335609,"{""0"": 40, ""3"": 44, ""6"": 42, ""8"": 14, ""9"": 50, ""2"": 22, ""4"": 16, ""10"": 18, ""1"": 24, ""5"": 48, ""7"": 46, ""11"": 20}",25.0,25.6,"{""0"": 18, ""1"": 42, ""2"": 40, ""3"": 50, ""4"": 44, ""5"": 16, ""6"": 48, ""7"": 20, ""8"": 24, ""9"": 14, ""10"": 22, ""11"": 46}",25.0,12
autobraid_46.qasm,11.28,0.0598580494523048,"{""0"": 150, ""1"": 162, ""2"": 80, ""3"": 62, ""4"": 48, ""5"": 46, ""6"": 78, ""7"": 156, ""8"": 50, ""9"": 54, ""10"": 144, ""11"": 42, ""12"": 66, ""13"": 138, ""14"": 44, ""15"": 52, ""16"": 152, ""17"": 70, ""18"": 124, ""19"": 148, ""20"": 142, ""21"": 132, ""22"": 60, ""23"": 136, ""24"": 160, ""25"": 146, ""26"": 56, ""27"": 126, ""28"": 158, ""29"": 68, ""30"": 72, ""31"": 74, ""32"": 154, ""33"": 76, ""34"": 58, ""35"": 130, ""36"": 140, ""37"": 128, ""38"": 64, ""39"": 134}",10.0,18.64,"{""12"": 42, ""8"": 44, ""5"": 48, ""1"": 52, ""9"": 46, ""2"": 50, ""3"": 54, ""4"": 56, ""10"": 58, ""6"": 124, ""7"": 60, ""0"": 62, ""17"": 76, ""19"": 140, ""20"": 156, ""24"": 74, ""29"": 68, ""25"": 150, ""33"": 126, ""34"": 152, ""39"": 136, ""37"": 78, ""26"": 130, ""35"": 66, ""30"": 162, ""21"": 72, ""38"": 142, ""22"": 132, ""23"": 70, ""36"": 138, ""14"": 148, ""11"": 134, ""16"": 154, ""13"": 146, ""18"": 158, ""31"": 144, ""28"": 64, ""27"": 128, ""32"": 80, ""15"": 160}",17.2,12.64,0.9031556658446788,"{""0"": 144, ""3"": 42, ""6"": 66, ""8"": 130, ""9"": 74, ""2"": 152, ""4"": 126, ""10"": 56, ""1"": 162, ""5"": 68, ""7"": 54, ""36"": 138, ""26"": 62, ""32"": 124, ""28"": 48, ""39"": 58, ""27"": 60, ""12"": 134, ""25"": 140, ""24"": 146, ""22"": 136, ""38"": 158, ""20"": 80, ""31"": 142, ""34"": 160, ""17"": 50, ""11"": 128, ""33"": 156, ""35"": 132, ""37"": 46, ""15"": 72, ""29"": 78, ""23"": 52, ""14"": 64, ""19"": 76, ""13"": 70, ""21"": 150, ""30"": 44, ""18"": 154, ""16"": 148}",10.8,18.12,"{""0"": 62, ""1"": 56, ""2"": 128, ""3"": 144, ""4"": 64, ""5"": 42, ""6"": 68, ""7"": 148, ""8"": 72, ""9"": 58, ""10"": 76, ""11"": 52, ""12"": 50, ""13"": 46, ""14"": 80, ""15"": 60, ""16"": 162, ""17"": 78, ""18"": 126, ""19"": 140, ""20"": 66, ""21"": 54, ""22"": 154, ""23"": 136, ""24"": 146, ""25"": 134, ""26"": 124, ""27"": 150, ""28"": 70, ""29"": 132, ""30"": 44, ""31"": 48, ""32"": 158, ""33"": 156, ""34"": 74, ""35"": 138, ""36"": 160, ""37"": 142, ""38"": 152, ""39"": 130}",16.2,40
autobraid_18.qasm,32.0,0.0010702326893806,"{""0"": 6, ""1"": 18, ""2"": 8, ""3"": 16}",32.0,32.0,"{""1"": 8, ""2"": 18, ""3"": 16, ""0"": 6}",32.0,32.0,0.0195745155215263,"{""0"": 18, ""3"": 16, ""2"": 8, ""1"": 6}",32.0,32.0,"{""0"": 8, ""1"": 16, ""2"": 18, ""3"": 6}",32.0,4
jku_suite_31.qasm,19.6,0.3879876762628555,"{""0"": 18, ""1"": 42, ""2"": 20, ""3"": 34, ""4"": 16, ""5"": 36, ""6"": 14, ""7"": 12, ""8"": 38, ""9"": 40}",18.0,21.6,"{""8"": 36, ""5"": 40, ""1"": 14, ""9"": 20, ""2"": 34, ""3"": 16, ""4"": 12, ""6"": 38, ""7"": 18, ""0"": 42}",19.0,20.266666666666666,5.8962423875927925,"{""6"": 34, ""8"": 12, ""3"": 36, ""0"": 18, ""9"": 14, ""2"": 20, ""4"": 40, ""1"": 42, ""5"": 16, ""7"": 38}",18.0,21.96,"{""0"": 14, ""1"": 16, ""2"": 36, ""3"": 12, ""4"": 40, ""5"": 20, ""6"": 38, ""7"": 42, ""8"": 18, ""9"": 34}",20.0,10
jku_suite_34.qasm,32.0,0.0019768968224525,"{""0"": 8, ""1"": 16, ""2"": 18, ""3"": 6}",32.0,32.0,"{""1"": 18, ""2"": 16, ""3"": 8, ""0"": 6}",32.0,32.0,0.0243287794291973,"{""0"": 18, ""3"": 8, ""2"": 16, ""1"": 6}",32.0,32.0,"{""0"": 6, ""1"": 16, ""2"": 8, ""3"": 18}",32.0,4
jku_suite_7.qasm,16.28,0.4208304986357689,"{""0"": 18, ""1"": 58, ""2"": 66, ""3"": 22, ""4"": 28, ""5"": 26, ""6"": 52, ""7"": 20, ""8"": 30, ""9"": 54, ""10"": 60, ""11"": 64, ""12"": 56, ""13"": 24, ""14"": 32}",14.2,19.44,"{""12"": 20, ""8"": 28, ""5"": 56, ""9"": 60, ""1"": 32, ""14"": 66, ""11"": 64, ""2"": 62, ""3"": 18, ""10"": 24, ""4"": 58, ""13"": 30, ""6"": 22, ""7"": 54, ""0"": 26}",18.0,16.2,6.237518437206745,"{""6"": 62, ""3"": 32, ""0"": 54, ""8"": 18, ""9"": 60, ""14"": 22, ""12"": 52, ""4"": 20, ""2"": 24, ""11"": 56, ""13"": 30, ""10"": 64, ""1"": 28, ""5"": 26, ""7"": 66}",12.4,20.32,"{""0"": 54, ""1"": 32, ""2"": 22, ""3"": 20, ""4"": 64, ""5"": 62, ""6"": 28, ""7"": 60, ""8"": 52, ""9"": 66, ""10"": 18, ""11"": 58, ""12"": 26, ""13"": 30, ""14"": 56}",18.8,16
jku_suite_87.qasm,16.32,0.303511507064104,"{""0"": 42, ""1"": 40, ""2"": 20, ""3"": 46, ""4"": 14, ""5"": 50, ""6"": 22, ""7"": 18, ""8"": 44, ""9"": 24, ""10"": 16, ""11"": 48}",15.0,17.68,"{""8"": 46, ""5"": 18, ""1"": 16, ""9"": 42, ""2"": 20, ""3"": 14, ""4"": 24, ""10"": 44, ""6"": 40, ""7"": 50, ""0"": 22, ""11"": 48}",16.4,16.493333333333332,4.214861288666725,"{""0"": 46, ""3"": 44, ""6"": 40, ""8"": 24, ""9"": 14, ""2"": 18, ""4"": 22, ""10"": 20, ""1"": 50, ""5"": 16, ""7"": 48, ""11"": 42}",15.0,18.52,"{""0"": 24, ""1"": 14, ""2"": 40, ""3"": 22, ""4"": 20, ""5"": 18, ""6"": 50, ""7"": 48, ""8"": 16, ""9"": 42, ""10"": 44, ""11"": 46}",17.6,12
jku_suite_32.qasm,22.68,0.4501330398023128,"{""0"": 16, ""1"": 12, ""2"": 18, ""3"": 40, ""4"": 14, ""5"": 38, ""6"": 36, ""7"": 20, ""8"": 34}",20.6,23.52,"{""8"": 34, ""5"": 18, ""1"": 12, ""2"": 42, ""3"": 38, ""4"": 16, ""6"": 14, ""7"": 20, ""0"": 40}",21.4,21.186666666666667,6.890951581299305,"{""3"": 18, ""6"": 40, ""8"": 42, ""0"": 34, ""2"": 38, ""4"": 12, ""1"": 14, ""5"": 20, ""7"": 16}",17.0,23.48,"{""0"": 40, ""1"": 38, ""2"": 18, ""3"": 34, ""4"": 14, ""5"": 36, ""6"": 12, ""7"": 20, ""8"": 16}",20.0,10
autobraid_49.qasm,11.12,0.2029456458985805,"{""0"": 168, ""1"": 70, ""2"": 56, ""3"": 142, ""4"": 58, ""5"": 64, ""6"": 62, ""7"": 130, ""8"": 44, ""9"": 164, ""10"": 134, ""11"": 162, ""12"": 66, ""13"": 76, ""14"": 156, ""15"": 82, ""16"": 144, ""17"": 84, ""18"": 48, ""19"": 68, ""20"": 54, ""21"": 72, ""22"": 78, ""23"": 146, ""24"": 150, ""25"": 170, ""26"": 166, ""27"": 148, ""28"": 136, ""29"": 46, ""30"": 52, ""31"": 140, ""32"": 60, ""33"": 158, ""34"": 152, ""35"": 132, ""36"": 50, ""37"": 138, ""38"": 160, ""39"": 80, ""40"": 154}",9.6,19.36,"{""8"": 48, ""5"": 52, ""1"": 54, ""9"": 56, ""2"": 50, ""3"": 46, ""4"": 44, ""10"": 58, ""6"": 60, ""7"": 62, ""0"": 130, ""40"": 64, ""12"": 82, ""17"": 142, ""19"": 78, ""20"": 150, ""24"": 132, ""29"": 168, ""25"": 158, ""33"": 152, ""34"": 166, ""39"": 72, ""37"": 138, ""26"": 140, ""30"": 80, ""35"": 136, ""21"": 134, ""38"": 74, ""23"": 76, ""22"": 68, ""36"": 146, ""14"": 156, ""11"": 154, ""16"": 164, ""13"": 170, ""18"": 144, ""31"": 66, ""28"": 70, ""27"": 84, ""32"": 160, ""15"": 148}",17.8,11.146666666666668,3.050245679914952,"{""0"": 62, ""3"": 50, ""6"": 52, ""8"": 152, ""9"": 166, ""2"": 134, ""4"": 156, ""10"": 56, ""1"": 76, ""5"": 68, ""7"": 144, ""36"": 142, ""26"": 150, ""32"": 58, ""28"": 140, ""39"": 70, ""40"": 154, ""27"": 130, ""25"": 170, ""12"": 84, ""24"": 44, ""38"": 74, ""22"": 146, ""20"": 54, ""31"": 164, ""34"": 138, ""17"": 78, ""11"": 162, ""33"": 168, ""35"": 132, ""37"": 160, ""15"": 60, ""29"": 64, ""23"": 48, ""14"": 66, ""19"": 148, ""13"": 80, ""30"": 136, ""21"": 82, ""18"": 46, ""16"": 72}",9.0,16.88,"{""0"": 138, ""1"": 166, ""2"": 142, ""3"": 80, ""4"": 168, ""5"": 48, ""6"": 62, ""7"": 152, ""8"": 46, ""9"": 160, ""10"": 146, ""11"": 44, ""12"": 66, ""13"": 136, ""14"": 162, ""15"": 130, ""16"": 76, ""17"": 156, ""18"": 52, ""19"": 84, ""20"": 72, ""21"": 82, ""22"": 134, ""23"": 56, ""24"": 70, ""25"": 68, ""26"": 54, ""27"": 154, ""28"": 74, ""29"": 148, ""30"": 144, ""31"": 150, ""32"": 58, ""33"": 164, ""34"": 64, ""35"": 60, ""36"": 140, ""37"": 158, ""38"": 132, ""39"": 170, ""40"": 78}",13.6,42
grover_3.qasm,22.36,0.0028614595532417,"{""0"": 12, ""1"": 22, ""2"": 26, ""3"": 24, ""4"": 8, ""5"": 10}",21.8,22.6,"{""1"": 22, ""2"": 24, ""3"": 26, ""4"": 8, ""0"": 12, ""5"": 10}",22.2,21.973333333333333,0.0567694045603275,"{""3"": 10, ""0"": 12, ""2"": 8, ""4"": 22, ""1"": 24, ""5"": 26}",21.0,23.44,"{""0"": 12, ""1"": 26, ""2"": 8, ""3"": 22, ""4"": 10, ""5"": 24}",22.0,6
autobraid_11.qasm,10.96,0.0422948993742465,"{""0"": 224, ""1"": 96, ""2"": 188, ""3"": 92, ""4"": 100, ""5"": 70, ""6"": 180, ""7"": 88, ""8"": 74, ""9"": 104, ""10"": 190, ""11"": 86, ""12"": 174, ""13"": 66, ""14"": 98, ""15"": 204, ""16"": 202, ""17"": 78, ""18"": 194, ""19"": 176, ""20"": 226, ""21"": 64, ""22"": 106, ""23"": 192, ""24"": 72, ""25"": 198, ""26"": 216, ""27"": 82, ""28"": 108, ""29"": 206, ""30"": 102, ""31"": 172, ""32"": 212, ""33"": 110, ""34"": 184, ""35"": 94, ""36"": 90, ""37"": 186, ""38"": 76, ""39"": 182, ""40"": 58, ""41"": 222, ""42"": 178, ""43"": 60, ""44"": 214, ""45"": 208, ""46"": 196, ""47"": 62, ""48"": 68, ""49"": 112, ""50"": 210, ""51"": 80, ""52"": 218, ""53"": 220, ""54"": 84, ""55"": 200}",8.4,17.32,"{""12"": 58, ""8"": 68, ""5"": 62, ""1"": 72, ""9"": 66, ""11"": 70, ""14"": 74, ""2"": 64, ""3"": 60, ""4"": 76, ""10"": 78, ""13"": 80, ""6"": 82, ""7"": 174, ""0"": 84, ""40"": 110, ""17"": 90, ""54"": 188, ""19"": 192, ""20"": 186, ""24"": 204, ""29"": 178, ""25"": 176, ""33"": 226, ""34"": 224, ""48"": 200, ""39"": 96, ""50"": 216, ""46"": 92, ""37"": 190, ""26"": 180, ""35"": 202, ""30"": 86, ""43"": 194, ""21"": 172, ""47"": 196, ""38"": 106, ""23"": 218, ""22"": 220, ""36"": 88, ""41"": 184, ""16"": 100, ""42"": 182, ""49"": 210, ""51"": 98, ""18"": 222, ""31"": 212, ""55"": 104, ""28"": 198, ""53"": 102, ""44"": 214, ""27"": 208, ""45"": 206, ""52"": 108, ""32"": 94, ""15"": 112}",12.2,13.08,0.6290344372391701,"{""0"": 66, ""3"": 78, ""6"": 80, ""8"": 76, ""9"": 68, ""14"": 74, ""12"": 178, ""2"": 60, ""4"": 98, ""11"": 212, ""13"": 182, ""10"": 70, ""1"": 174, ""5"": 58, ""7"": 82, ""36"": 88, ""26"": 102, ""32"": 202, ""50"": 106, ""49"": 110, ""45"": 206, ""28"": 226, ""47"": 200, ""43"": 204, ""39"": 90, ""42"": 224, ""44"": 72, ""40"": 172, ""48"": 218, ""27"": 222, ""25"": 210, ""38"": 194, ""24"": 64, ""22"": 84, ""54"": 196, ""20"": 220, ""31"": 108, ""34"": 92, ""41"": 216, ""17"": 96, ""33"": 188, ""35"": 94, ""37"": 198, ""15"": 208, ""29"": 184, ""23"": 176, ""46"": 100, ""55"": 190, ""19"": 180, ""30"": 112, ""21"": 192, ""51"": 62, ""53"": 186, ""18"": 214, ""16"": 86, ""52"": 104}",9.4,16.32,"{""0"": 104, ""1"": 92, ""2"": 226, ""3"": 218, ""4"": 58, ""5"": 224, ""6"": 84, ""7"": 186, ""8"": 76, ""9"": 206, ""10"": 200, ""11"": 70, ""12"": 82, ""13"": 222, ""14"": 220, ""15"": 62, ""16"": 74, ""17"": 210, ""18"": 184, ""19"": 190, ""20"": 78, ""21"": 100, ""22"": 86, ""23"": 80, ""24"": 102, ""25"": 174, ""26"": 68, ""27"": 194, ""28"": 198, ""29"": 88, ""30"": 214, ""31"": 202, ""32"": 98, ""33"": 216, ""34"": 64, ""35"": 172, ""36"": 94, ""37"": 66, ""38"": 178, ""39"": 180, ""40"": 204, ""41"": 212, ""42"": 182, ""43"": 90, ""44"": 106, ""45"": 192, ""46"": 96, ""47"": 108, ""48"": 110, ""49"": 176, ""50"": 112, ""51"": 196, ""52"": 60, ""53"": 72, ""54"": 188, ""55"": 208}",13.4,56
jku_suite_27.qasm,16.28,0.2562201425433159,"{""0"": 18, ""1"": 42, ""2"": 48, ""3"": 40, ""4"": 14, ""5"": 16, ""6"": 44, ""7"": 20, ""8"": 50, ""9"": 46, ""10"": 22}",13.4,17.96,"{""8"": 44, ""5"": 24, ""1"": 40, ""6"": 14, ""2"": 16, ""3"": 18, ""4"": 50, ""10"": 48, ""9"": 42, ""7"": 46, ""0"": 22}",16.0,16.14666666666667,3.878434091806412,"{""0"": 48, ""3"": 14, ""6"": 46, ""8"": 50, ""9"": 20, ""2"": 22, ""4"": 16, ""10"": 24, ""1"": 42, ""5"": 40, ""7"": 18}",12.0,17.64,"{""0"": 14, ""1"": 46, ""2"": 18, ""3"": 50, ""4"": 24, ""5"": 44, ""6"": 16, ""7"": 42, ""8"": 20, ""9"": 40, ""10"": 48}",15.2,12
jku_suite_28.qasm,25.88,0.649863688647747,"{""0"": 8, ""1"": 22, ""2"": 12, ""3"": 10, ""4"": 24, ""5"": 26}",25.2,26.16,"{""5"": 8, ""1"": 10, ""2"": 24, ""3"": 22, ""4"": 12, ""0"": 26}",24.6,25.69333333333333,9.84499004855752,"{""0"": 10, ""3"": 8, ""2"": 26, ""4"": 22, ""1"": 24, ""5"": 12}",24.0,24.96,"{""0"": 8, ""1"": 10, ""2"": 12, ""3"": 22, ""4"": 24, ""5"": 26}",24.2,6
autobraid_39.qasm,10.92,0.0822924450039863,"{""0"": 84, ""1"": 100, ""2"": 80, ""3"": 64, ""4"": 58, ""5"": 212, ""6"": 184, ""7"": 70, ""8"": 76, ""9"": 66, ""10"": 60, ""11"": 192, ""12"": 88, ""13"": 112, ""14"": 216, ""15"": 72, ""16"": 200, ""17"": 176, ""18"": 226, ""19"": 210, ""20"": 206, ""21"": 86, ""22"": 106, ""23"": 188, ""24"": 96, ""25"": 174, ""26"": 198, ""27"": 180, ""28"": 98, ""29"": 190, ""30"": 102, ""31"": 90, ""32"": 74, ""33"": 68, ""34"": 178, ""35"": 182, ""36"": 92, ""37"": 108, ""38"": 220, ""39"": 224, ""40"": 222, ""41"": 104, ""42"": 110, ""43"": 214, ""44"": 196, ""45"": 218, ""46"": 194, ""47"": 62, ""48"": 172, ""49"": 186, ""50"": 208, ""51"": 94, ""52"": 204, ""53"": 202, ""54"": 78, ""55"": 82}",10.0,18.24,"{""5"": 62, ""1"": 58, ""2"": 60, ""3"": 64, ""4"": 66, ""6"": 68, ""7"": 70, ""0"": 72, ""40"": 80, ""12"": 86, ""17"": 92, ""54"": 104, ""19"": 112, ""20"": 102, ""24"": 90, ""29"": 94, ""25"": 96, ""33"": 84, ""34"": 78, ""48"": 204, ""39"": 108, ""50"": 222, ""46"": 106, ""37"": 202, ""26"": 226, ""35"": 210, ""30"": 206, ""43"": 212, ""21"": 178, ""47"": 190, ""38"": 192, ""22"": 196, ""23"": 184, ""36"": 76, ""41"": 88, ""14"": 74, ""11"": 188, ""16"": 186, ""42"": 176, ""49"": 220, ""10"": 224, ""13"": 180, ""9"": 214, ""51"": 216, ""18"": 182, ""31"": 82, ""55"": 174, ""28"": 194, ""44"": 208, ""8"": 100, ""53"": 110, ""27"": 218, ""45"": 98, ""52"": 198, ""32"": 172, ""15"": 200}",16.2,10.6,1.230534344911575,"{""0"": 190, ""3"": 220, ""6"": 214, ""8"": 192, ""9"": 172, ""14"": 78, ""12"": 176, ""2"": 66, ""4"": 86, ""11"": 218, ""13"": 88, ""10"": 194, ""1"": 84, ""5"": 212, ""7"": 110, ""36"": 224, ""26"": 70, ""32"": 186, ""49"": 94, ""50"": 182, ""45"": 106, ""28"": 216, ""47"": 112, ""39"": 100, ""43"": 68, ""42"": 92, ""44"": 198, ""48"": 200, ""40"": 62, ""27"": 184, ""25"": 180, ""22"": 80, ""38"": 210, ""24"": 204, ""54"": 104, ""20"": 206, ""31"": 82, ""34"": 178, ""17"": 174, ""41"": 222, ""33"": 188, ""35"": 226, ""37"": 64, ""15"": 58, ""29"": 208, ""23"": 72, ""46"": 98, ""55"": 96, ""19"": 74, ""21"": 90, ""30"": 108, ""51"": 196, ""53"": 102, ""18"": 202, ""16"": 60, ""52"": 76}",7.6,17.24,"{""0"": 196, ""1"": 80, ""2"": 74, ""3"": 62, ""4"": 218, ""5"": 108, ""6"": 66, ""7"": 194, ""8"": 212, ""9"": 72, ""10"": 204, ""11"": 102, ""12"": 82, ""13"": 86, ""14"": 172, ""15"": 94, ""16"": 178, ""17"": 176, ""18"": 64, ""19"": 58, ""20"": 98, ""21"": 92, ""22"": 202, ""23"": 84, ""24"": 200, ""25"": 78, ""26"": 210, ""27"": 222, ""28"": 88, ""29"": 198, ""30"": 192, ""31"": 216, ""32"": 184, ""33"": 96, ""34"": 68, ""35"": 188, ""36"": 90, ""37"": 214, ""38"": 106, ""39"": 226, ""40"": 104, ""41"": 174, ""42"": 76, ""43"": 208, ""44"": 224, ""45"": 70, ""46"": 206, ""47"": 112, ""48"": 180, ""49"": 220, ""50"": 182, ""51"": 110, ""52"": 60, ""53"": 186, ""54"": 100, ""55"": 190}",13.0,56
autobraid_20.qasm,10.08,0.0998802207410335,"{""0"": 86, ""1"": 84, ""2"": 220, ""3"": 76, ""4"": 206, ""5"": 82, ""6"": 192, ""7"": 178, ""8"": 226, ""9"": 112, ""10"": 230, ""11"": 234, ""12"": 68, ""13"": 194, ""14"": 216, ""15"": 80, ""16"": 208, ""17"": 106, ""18"": 196, ""19"": 98, ""20"": 184, ""21"": 96, ""22"": 222, ""23"": 212, ""24"": 200, ""25"": 224, ""26"": 218, ""27"": 74, ""28"": 72, ""29"": 108, ""30"": 180, ""31"": 104, ""32"": 100, ""33"": 210, ""34"": 64, ""35"": 92, ""36"": 110, ""37"": 114, ""38"": 202, ""39"": 190, ""40"": 186, ""41"": 88, ""42"": 214, ""43"": 90, ""44"": 204, ""45"": 94, ""46"": 232, ""47"": 60, ""48"": 228, ""49"": 78, ""50"": 62, ""51"": 66, ""52"": 188, ""53"": 182, ""54"": 198, ""55"": 70, ""56"": 116}",8.2,19.52,"{""5"": 60, ""1"": 64, ""2"": 62, ""3"": 66, ""4"": 68, ""6"": 70, ""7"": 72, ""0"": 74, ""40"": 204, ""12"": 100, ""17"": 210, ""54"": 80, ""19"": 90, ""20"": 104, ""24"": 194, ""29"": 186, ""25"": 222, ""33"": 216, ""34"": 200, ""48"": 214, ""39"": 206, ""50"": 196, ""46"": 102, ""37"": 234, ""26"": 110, ""35"": 224, ""30"": 96, ""43"": 98, ""21"": 198, ""47"": 106, ""38"": 226, ""23"": 180, ""22"": 114, ""41"": 182, ""36"": 188, ""14"": 212, ""11"": 88, ""16"": 192, ""42"": 202, ""49"": 76, ""10"": 218, ""13"": 208, ""9"": 116, ""51"": 230, ""18"": 84, ""31"": 184, ""55"": 178, ""28"": 190, ""44"": 86, ""8"": 94, ""53"": 232, ""27"": 92, ""45"": 112, ""52"": 228, ""56"": 108, ""32"": 220, ""15"": 78}",16.0,10.106666666666667,1.5121527537703514,"{""0"": 92, ""3"": 68, ""6"": 102, ""2"": 60, ""4"": 106, ""1"": 76, ""5"": 182, ""36"": 104, ""26"": 74, ""32"": 72, ""49"": 198, ""50"": 178, ""45"": 230, ""28"": 222, ""47"": 228, ""43"": 64, ""39"": 66, ""7"": 110, ""42"": 206, ""8"": 188, ""44"": 98, ""48"": 224, ""40"": 78, ""25"": 108, ""12"": 62, ""27"": 80, ""24"": 210, ""22"": 184, ""38"": 196, ""54"": 226, ""20"": 214, ""31"": 180, ""56"": 96, ""34"": 204, ""17"": 232, ""41"": 208, ""11"": 200, ""33"": 212, ""35"": 94, ""37"": 114, ""10"": 216, ""16"": 220, ""29"": 84, ""23"": 82, ""46"": 202, ""55"": 192, ""9"": 100, ""14"": 190, ""19"": 194, ""13"": 112, ""21"": 70, ""30"": 90, ""51"": 88, ""53"": 86, ""18"": 234, ""15"": 116, ""52"": 218}",8.2,17.8,"{""0"": 192, ""1"": 114, ""2"": 206, ""3"": 196, ""4"": 194, ""5"": 82, ""6"": 68, ""7"": 234, ""8"": 78, ""9"": 62, ""10"": 72, ""11"": 184, ""12"": 198, ""13"": 190, ""14"": 186, ""15"": 178, ""16"": 84, ""17"": 188, ""18"": 214, ""19"": 92, ""20"": 76, ""21"": 94, ""22"": 202, ""23"": 200, ""24"": 220, ""25"": 182, ""26"": 88, ""27"": 104, ""28"": 208, ""29"": 108, ""30"": 218, ""31"": 66, ""32"": 116, ""33"": 222, ""34"": 210, ""35"": 204, ""36"": 216, ""37"": 64, ""38"": 228, ""39"": 70, ""40"": 98, ""41"": 110, ""42"": 100, ""43"": 102, ""44"": 86, ""45"": 106, ""46"": 180, ""47"": 96, ""48"": 90, ""49"": 80, ""50"": 212, ""51"": 112, ""52"": 224, ""53"": 230, ""54"": 74, ""55"": 226, ""56"": 60}",15.2,58
jku_suite_83.qasm,15.72,0.3240175038576126,"{""0"": 20, ""1"": 52, ""2"": 58, ""3"": 24, ""4"": 26, ""5"": 22, ""6"": 50, ""7"": 48, ""8"": 54, ""9"": 46, ""10"": 56, ""11"": 28, ""12"": 16, ""13"": 18}",14.6,19.6,"{""12"": 22, ""8"": 28, ""5"": 24, ""1"": 18, ""11"": 16, ""6"": 46, ""2"": 50, ""3"": 26, ""4"": 52, ""10"": 48, ""13"": 56, ""9"": 54, ""7"": 58, ""0"": 20}",17.4,15.946666666666667,4.906337544322014,"{""0"": 58, ""8"": 18, ""6"": 48, ""3"": 24, ""9"": 28, ""12"": 52, ""11"": 54, ""4"": 26, ""2"": 16, ""13"": 20, ""10"": 22, ""1"": 46, ""5"": 56, ""7"": 50}",14.0,17.0,"{""0"": 46, ""1"": 54, ""2"": 24, ""3"": 58, ""4"": 18, ""5"": 16, ""6"": 28, ""7"": 56, ""8"": 50, ""9"": 20, ""10"": 52, ""11"": 48, ""12"": 26, ""13"": 22}",14.6,14
jku_suite_56.qasm,16.44,0.3271274976432323,"{""0"": 24, ""1"": 44, ""2"": 16, ""3"": 40, ""4"": 22, ""5"": 42, ""6"": 48, ""7"": 50, ""8"": 20, ""9"": 14, ""10"": 46}",15.0,17.56,"{""8"": 44, ""5"": 40, ""1"": 48, ""9"": 50, ""2"": 22, ""3"": 46, ""4"": 24, ""10"": 14, ""6"": 18, ""7"": 42, ""0"": 16}",15.0,16.69333333333333,4.91023002192378,"{""0"": 24, ""3"": 46, ""6"": 42, ""8"": 44, ""9"": 22, ""2"": 18, ""4"": 50, ""10"": 40, ""1"": 14, ""5"": 16, ""7"": 48}",14.2,19.92,"{""0"": 44, ""1"": 20, ""2"": 48, ""3"": 14, ""4"": 40, ""5"": 42, ""6"": 46, ""7"": 22, ""8"": 24, ""9"": 16, ""10"": 18}",17.6,12
jku_suite_97.qasm,20.32,0.5567303344607353,"{""0"": 32, ""1"": 28, ""2"": 10, ""3"": 16, ""4"": 34, ""5"": 14, ""6"": 12, ""7"": 30}",19.2,21.12,"{""5"": 12, ""1"": 14, ""2"": 16, ""3"": 10, ""4"": 30, ""6"": 34, ""7"": 32, ""0"": 28}",20.2,20.08,8.35964784026146,"{""0"": 32, ""3"": 14, ""6"": 12, ""2"": 30, ""4"": 16, ""1"": 28, ""5"": 34, ""7"": 10}",17.0,21.48,"{""0"": 16, ""1"": 28, ""2"": 14, ""3"": 30, ""4"": 12, ""5"": 10, ""6"": 34, ""7"": 32}",19.0,8
qaoa_0.qasm,19.28,0.3857156187295913,"{""0"": 42, ""1"": 16, ""2"": 20, ""3"": 50, ""4"": 48, ""5"": 14, ""6"": 40, ""7"": 46, ""8"": 22, ""9"": 24, ""10"": 18}",17.0,22.64,"{""8"": 44, ""5"": 24, ""1"": 40, ""6"": 14, ""2"": 16, ""3"": 18, ""10"": 48, ""4"": 50, ""9"": 42, ""7"": 46, ""0"": 22}",21.0,19.706666666666667,5.768550910055637,"{""0"": 40, ""8"": 48, ""3"": 50, ""6"": 14, ""9"": 24, ""2"": 44, ""4"": 42, ""10"": 22, ""1"": 16, ""5"": 18, ""7"": 46}",17.0,22.12,"{""0"": 46, ""1"": 18, ""2"": 24, ""3"": 16, ""4"": 42, ""5"": 48, ""6"": 50, ""7"": 20, ""8"": 14, ""9"": 44, ""10"": 22}",19.2,12
autobraid_35.qasm,9.6,0.2305058091878891,"{""0"": 100, ""1"": 174, ""2"": 210, ""3"": 170, ""4"": 84, ""5"": 96, ""6"": 204, ""7"": 94, ""8"": 72, ""9"": 58, ""10"": 78, ""11"": 186, ""12"": 56, ""13"": 54, ""14"": 62, ""15"": 70, ""16"": 198, ""17"": 208, ""18"": 180, ""19"": 86, ""20"": 182, ""21"": 206, ""22"": 98, ""23"": 190, ""24"": 102, ""25"": 164, ""26"": 68, ""27"": 202, ""28"": 172, ""29"": 74, ""30"": 200, ""31"": 194, ""32"": 76, ""33"": 168, ""34"": 82, ""35"": 162, ""36"": 64, ""37"": 88, ""38"": 176, ""39"": 160, ""40"": 104, ""41"": 166, ""42"": 196, ""43"": 192, ""44"": 92, ""45"": 66, ""46"": 90, ""47"": 178, ""48"": 188, ""49"": 184, ""50"": 60, ""51"": 80}",8.2,18.32,"{""5"": 58, ""1"": 54, ""2"": 56, ""3"": 60, ""4"": 62, ""6"": 64, ""7"": 66, ""0"": 68, ""40"": 180, ""12"": 174, ""17"": 160, ""19"": 192, ""20"": 70, ""24"": 198, ""29"": 178, ""25"": 204, ""33"": 86, ""34"": 196, ""48"": 190, ""39"": 76, ""50"": 80, ""46"": 186, ""37"": 210, ""26"": 200, ""35"": 182, ""30"": 176, ""43"": 90, ""21"": 82, ""47"": 94, ""38"": 168, ""22"": 166, ""23"": 102, ""41"": 72, ""36"": 104, ""14"": 172, ""11"": 206, ""16"": 74, ""42"": 184, ""49"": 208, ""10"": 84, ""13"": 164, ""9"": 188, ""51"": 96, ""18"": 194, ""31"": 170, ""28"": 98, ""44"": 162, ""8"": 88, ""27"": 202, ""45"": 92, ""32"": 78, ""15"": 100}",17.0,9.586666666666666,3.452508118003607,"{""0"": 92, ""3"": 200, ""6"": 64, ""2"": 170, ""4"": 94, ""1"": 70, ""5"": 184, ""36"": 162, ""26"": 82, ""32"": 90, ""50"": 206, ""49"": 176, ""45"": 204, ""28"": 188, ""47"": 194, ""39"": 102, ""43"": 178, ""7"": 208, ""42"": 160, ""8"": 196, ""44"": 198, ""40"": 74, ""48"": 72, ""12"": 96, ""27"": 60, ""25"": 104, ""22"": 182, ""24"": 68, ""38"": 186, ""20"": 78, ""31"": 174, ""34"": 192, ""41"": 202, ""17"": 164, ""11"": 76, ""33"": 84, ""35"": 166, ""37"": 100, ""10"": 190, ""15"": 62, ""29"": 58, ""23"": 168, ""46"": 210, ""9"": 66, ""14"": 88, ""19"": 54, ""13"": 56, ""30"": 180, ""21"": 172, ""51"": 98, ""18"": 80, ""16"": 86}",8.8,19.64,"{""0"": 174, ""1"": 90, ""2"": 166, ""3"": 64, ""4"": 172, ""5"": 204, ""6"": 170, ""7"": 82, ""8"": 78, ""9"": 176, ""10"": 196, ""11"": 184, ""12"": 74, ""13"": 168, ""14"": 102, ""15"": 94, ""16"": 104, ""17"": 58, ""18"": 66, ""19"": 88, ""20"": 178, ""21"": 210, ""22"": 202, ""23"": 72, ""24"": 84, ""25"": 86, ""26"": 198, ""27"": 80, ""28"": 192, ""29"": 98, ""30"": 62, ""31"": 194, ""32"": 100, ""33"": 162, ""34"": 190, ""35"": 54, ""36"": 188, ""37"": 60, ""38"": 208, ""39"": 160, ""40"": 70, ""41"": 200, ""42"": 68, ""43"": 96, ""44"": 180, ""45"": 206, ""46"": 76, ""47"": 92, ""48"": 186, ""49"": 56, ""50"": 164, ""51"": 182}",16.8,52
